Action ref;Action;Category;Team;Group;Children;Date;comptage;Colonne1;ref action;Eco tCO2e;Eco eau;Eco dechets;
W04;Fermer ses volets quand il fait froid et nuit;Electricité;ROUGES;Rouges maternelles ;radis;19/11/2024;1;0.006501;16.5;0;0;0;
E04;Eteindre les appareils électriques lorsqu'on ne s'en sert pas (Télé, ordinateur...);Electricité;ROUGES;Rouges maternelles ;radis;19/11/2024;1;0.15988;0;1;0;0;
C01;Eteindre les lumières quand on quitte une pièce ou si il fait jour dehors;Electricité;ROUGES;Rouges maternelles ;radis;19/11/2024;1;13.7935;0;0;0;0;
D10;Couper l’eau quand on se savonne les mains;Eau;ROUGES;Rouges maternelles ;radis;19/11/2024;1;0.54243;0;0.21;12.6;0;
W02;Ne pas gaspiller l'eau de son verre;Eau;ROUGES;Rouges maternelles ;radis;19/11/2024;1;0.05;28;0;35;0;
E08;Fermer le robinet quand on se brosse les dents;Eau;ROUGES;Rouges maternelles ;radis;19/11/2024;1;0.000173;0;0;28;0;
D09;Eviter de prendre des bains (préférer la douche rapide);Eau;ROUGES;Rouges maternelles ;radis;19/11/2024;1;0.0623;0;1.75;357;0;
T06;Ne pas tuer les petites bêtes et les remettre dehors (c'est la nourriture de oiseaux);Biodiversité;ROUGES;Rouges maternelles ;radis;19/11/2024;1;1.518;0;0;0;0;
D06;Acheter d’occasion plutôt que neuf;Courses;ROUGES;Rouges maternelles ;radis;19/11/2024;1;0.017374;0;0.183462;0;0.134615385;
E01;Acheter juste ce dont on a besoin;Courses;ROUGES;Rouges maternelles ;radis;19/11/2024;1;0.027408;0;0;0;0.134615385;
E03;Acheter des produits recyclables et utiliser les bacs de tri;Déchets;ROUGES;Rouges maternelles ;radis;19/11/2024;1;0.15988;0;0;0;0;
D02;Tout manger ce qu'il y a dans nos assiettes (cantine, maison);Déchets;ROUGES;Rouges maternelles ;radis;19/11/2024;1;2.453511;0;1.390385;0;1.390384615;
D06;Réduire son temps devant les écrans (Télé, ordinateurs, tablette, jeux vidéos...);Electricité;ROUGES;Rouges maternelles ;fruits;16/12/2024;1;0.017374;0;0.183462;0;0;
W04;Fermer ses volets quand il fait froid et nuit;Electricité;ROUGES;Rouges maternelles ;fruits;16/12/2024;1;0.006501;16.5;0;0;0;
C01;Eteindre les lumières quand on quitte une pièce ou si il fait jour dehors;Electricité;ROUGES;Rouges maternelles ;fruits;16/12/2024;1;13.7935;0;0;0;0;
E04;Eteindre les appareils électriques lorsqu'on ne s'en sert pas (Télé, ordinateur...);Electricité;ROUGES;Rouges maternelles ;fruits;16/12/2024;1;0.15988;0;1;0;0;
D10;Couper l’eau quand on se savonne les mains;Eau;ROUGES;Rouges maternelles ;fruits;16/12/2024;1;0.54243;0;0.21;12.6;0;
E08;Fermer le robinet quand on se brosse les dents;Eau;ROUGES;Rouges maternelles ;fruits;16/12/2024;1;0.000173;0;0;28;0;
E01;Acheter juste ce dont on a besoin;Courses;ROUGES;Rouges maternelles ;fruits;16/12/2024;1;0.027408;0;0;0;0.134615385;
D02;Tout manger ce qu'il y a dans nos assiettes (cantine, maison);Déchets;ROUGES;Rouges maternelles ;fruits;16/12/2024;1;2.453511;0;1.390385;0;1.390384615;
D02;Tout manger ce qu'il y a dans nos assiettes (cantine, maison);Déchets;ROUGES;Rouges maternelles ;poire;31/01/2025;1;2.453511;0;1.390385;0;1.390384615;
W04;Fermer ses volets quand il fait froid et nuit;Electricité;ROUGES;Rouges maternelles ;kiwi;06/02/2025;1;0.006501;16.5;0;0;0;
E04;Eteindre les appareils électriques lorsqu'on ne s'en sert pas (Télé, ordinateur...);Electricité;ROUGES;Rouges maternelles ;kiwi;06/02/2025;1;0.15988;0;1;0;0;
D10;Couper l’eau quand on se savonne les mains;Eau;ROUGES;Rouges maternelles ;kiwi;06/02/2025;1;0.54243;0;0.21;12.6;0;
D02;Tout manger ce qu'il y a dans nos assiettes (cantine, maison);Déchets;ROUGES;Rouges maternelles ;brocolis;07/02/2025;1;2.453511;0;1.390385;0;1.390384615;
D09;Eviter de prendre des bains (préférer la douche rapide);Eau;ROUGES;Rouges maternelles ;brocolis;07/02/2025;1;0.0623;0;1.75;357;0;
W04;Fermer ses volets quand il fait froid et nuit;Electricité;ROUGES;Rouges maternelles ;brocolis;07/02/2025;1;0.006501;16.5;0;0;0;
D11;Ne pas prendre sa voiture si c'est possble : préférer la marche et le vélo (pour les petits trajets), le covoiturage…;Transport;ROUGES;Rouges maternelles ;pomme;02/02/2025;1;0.38;0;0.67;0;0;
C01;Eteindre les lumières quand on quitte une pièce ou si il fait jour dehors;Electricité;ROUGES;Rouges maternelles ;pomme;02/02/2025;1;13.7935;0;0;0;0;
W02;Ne pas gaspiller l'eau de son verre;Eau;ROUGES;Rouges maternelles ;pomme;02/02/2025;1;0.05;28;0;35;0;
E08;Fermer le robinet quand on se brosse les dents;Eau;ROUGES;Rouges maternelles ;pomme;02/02/2025;1;0.000173;0;0;28;0;
W03;Préférer les produits réutilisables plutôt que jetables;Courses;ROUGES;Rouges maternelles ;pomme;02/02/2025;1;0.004964;12.6;0;0;0;
E08;Acheter des fruits ou légumes de saison;Courses;ROUGES;Rouges maternelles ;pomme;02/02/2025;1;0.000173;0;0;0;0;
D02;Tout manger ce qu'il y a dans nos assiettes (cantine, maison);Déchets;ROUGES;Rouges maternelles ;pomme;02/02/2025;1;2.453511;0;1.390385;0;1.390384615;
D11;Ne pas prendre sa voiture si c'est possble : préférer la marche et le vélo (pour les petits trajets), le covoiturage…;Transport;ROUGES;Rouges maternelles ;marron;02/02/2025;1;0.38;0;0.67;0;0;
E04;Eteindre les appareils électriques lorsqu'on ne s'en sert pas (Télé, ordinateur...);Electricité;ROUGES;Rouges maternelles ;marron;02/02/2025;1;0.15988;0;1;0;0;
D09;Eviter de prendre des bains (préférer la douche rapide);Eau;ROUGES;Rouges maternelles ;marron;02/02/2025;1;0.0623;0;1.75;357;0;
D05;Récupérer l'eau de pluie pour arroser;Eau;ROUGES;Rouges maternelles ;marron;02/02/2025;1;0.000239;0;0.134615;35;0;
W04;Fermer ses volets quand il fait froid et nuit;Electricité;ROUGES;Rouges maternelles ;lentilles;07/02/2025;1;0.006501;16.5;0;0;0;
W02;Ne pas gaspiller l'eau de son verre;Eau;ROUGES;Rouges maternelles ;lentilles;07/02/2025;1;0.05;28;0;35;0;
E08;Fermer le robinet quand on se brosse les dents;Eau;ROUGES;Rouges maternelles ;lentilles;07/02/2025;1;0.000173;0;0;28;0;
D06;Acheter d’occasion plutôt que neuf;Courses;ROUGES;Rouges maternelles ;lentilles;07/02/2025;1;0.017374;0;0.183462;0;0.134615385;
E03;Acheter des produits recyclables et utiliser les bacs de tri;Déchets;ROUGES;Rouges maternelles ;lentilles;07/02/2025;1;0.15988;0;0;0;0;
D02;Tout manger ce qu'il y a dans nos assiettes (cantine, maison);Déchets;ROUGES;Rouges maternelles ;lentilles;07/02/2025;1;2.453511;0;1.390385;0;1.390384615;
C01;Eteindre les lumières quand on quitte une pièce ou si il fait jour dehors;Electricité;ROUGES;Rouges maternelles ;raisin;07/02/2025;1;13.7935;0;0;0;0;
E08;Fermer le robinet quand on se brosse les dents;Eau;ROUGES;Rouges maternelles ;raisin;07/02/2025;1;0.000173;0;0;28;0;
T04;Acheter des produits avec moins d'emballages (éviter emballages individuels);Courses;ROUGES;Rouges maternelles ;raisin;07/02/2025;1;0.506;0;0;0;34.86;
W04;Fermer ses volets quand il fait froid et nuit;Electricité;ROUGES;Rouges maternelles ;kaki;07/02/2025;1;0.006501;16.5;0;0;0;
C01;Eteindre les lumières quand on quitte une pièce ou si il fait jour dehors;Electricité;ROUGES;Rouges maternelles ;kaki;07/02/2025;1;13.7935;0;0;0;0;
W03;Préférer les produits réutilisables plutôt que jetables;Courses;ROUGES;Rouges maternelles ;kaki;07/02/2025;1;0.004964;12.6;0;0;0;
D02;Tout manger ce qu'il y a dans nos assiettes (cantine, maison);Déchets;ROUGES;Rouges maternelles ;kaki;07/02/2025;1;2.453511;0;1.390385;0;1.390384615;
C01;Eteindre les lumières quand on quitte une pièce ou si il fait jour dehors;Electricité;ROUGES;Rouges maternelles ;poire;07/02/2025;1;13.7935;0;0;0;0;
D09;Eviter de prendre des bains (préférer la douche rapide);Eau;ROUGES;Rouges maternelles ;poire;07/02/2025;1;0.0623;0;1.75;357;0;
W02;Ne pas gaspiller l'eau de son verre;Eau;ROUGES;Rouges maternelles ;poire;07/02/2025;1;0.05;28;0;35;0;
E01;Acheter juste ce dont on a besoin;Courses;ROUGES;Rouges maternelles ;poire;07/02/2025;1;0.027408;0;0;0;0.134615385;
D11;Ne pas prendre sa voiture si c'est possble : préférer la marche et le vélo (pour les petits trajets), le covoiturage…;Transport;ROUGES;Rouges maternelles ;fruits;07/02/2025;1;0.38;0;0.67;0;0;
D11;Ne pas prendre sa voiture si c'est possble : préférer la marche et le vélo (pour les petits trajets), le covoiturage…;Transport;ROUGES;Rouges maternelles ;petits pois;09/01/2025;1;0.38;0;0.67;0;0;
W04;Fermer ses volets quand il fait froid et nuit;Electricité;ROUGES;Rouges maternelles ;petits pois;09/01/2025;1;0.006501;16.5;0;0;0;
D06;Réduire son temps devant les écrans (Télé, ordinateurs, tablette, jeux vidéos...);Electricité;ROUGES;Rouges maternelles ;petits pois;09/01/2025;1;0.017374;0;0.183462;0;0;
E04;Eteindre les appareils électriques lorsqu'on ne s'en sert pas (Télé, ordinateur...);Electricité;ROUGES;Rouges maternelles ;petits pois;09/01/2025;1;0.15988;0;1;0;0;
C01;Eteindre les lumières quand on quitte une pièce ou si il fait jour dehors;Electricité;ROUGES;Rouges maternelles ;petits pois;09/01/2025;1;13.7935;0;0;0;0;
D05;Récupérer l'eau de pluie pour arroser;Eau;ROUGES;Rouges maternelles ;petits pois;09/01/2025;1;0.000239;0;0.134615;35;0;
D10;Couper l’eau quand on se savonne les mains;Eau;ROUGES;Rouges maternelles ;petits pois;09/01/2025;1;0.54243;0;0.21;12.6;0;
W02;Ne pas gaspiller l'eau de son verre;Eau;ROUGES;Rouges maternelles ;petits pois;09/01/2025;1;0.05;28;0;35;0;
D09;Eviter de prendre des bains (préférer la douche rapide);Eau;ROUGES;Rouges maternelles ;petits pois;09/01/2025;1;0.0623;0;1.75;357;0;
E08;Fermer le robinet quand on se brosse les dents;Eau;ROUGES;Rouges maternelles ;petits pois;09/01/2025;1;0.000173;0;0;28;0;
T06;Ne pas tuer les petites bêtes et les remettre dehors (c'est la nourriture de oiseaux);Biodiversité;ROUGES;Rouges maternelles ;petits pois;09/01/2025;1;1.518;0;0;0;0;
D06;Acheter d’occasion plutôt que neuf;Courses;ROUGES;Rouges maternelles ;petits pois;09/01/2025;1;0.017374;0;0.183462;0;0.134615385;
W03;Préférer les produits réutilisables plutôt que jetables;Courses;ROUGES;Rouges maternelles ;petits pois;09/01/2025;1;0.004964;12.6;0;0;0;
E08;Acheter des fruits ou légumes de saison;Courses;ROUGES;Rouges maternelles ;petits pois;09/01/2025;1;0.000173;0;0;0;0;
E03;Acheter des produits recyclables et utiliser les bacs de tri;Déchets;ROUGES;Rouges maternelles ;petits pois;09/01/2025;1;0.15988;0;0;0;0;=
E08;Ramasser les papiers et les déchets par terre pour les mettre à la poubelle;Déchets;ROUGES;Rouges maternelles ;petits pois;09/01/2025;1;0.000173;0;0;0;0.1;
D02;Tout manger ce qu'il y a dans nos assiettes (cantine, maison);Déchets;ROUGES;Rouges maternelles ;petits pois;09/01/2025;1;2.453511;0;1.390385;0;1.390384615;
D11;Ne pas prendre sa voiture si c'est possble : préférer la marche et le vélo (pour les petits trajets), le covoiturage…;Transport;ROUGES;Rouges maternelles ;poire;10/01/2025;1;0.38;0;0.67;0;0;
W04;Fermer ses volets quand il fait froid et nuit;Electricité;ROUGES;Rouges maternelles ;poire;10/01/2025;1;0.006501;16.5;0;0;0;
D06;Réduire son temps devant les écrans (Télé, ordinateurs, tablette, jeux vidéos...);Electricité;ROUGES;Rouges maternelles ;poire;10/01/2025;1;0.017374;0;0.183462;0;0;
E04;Eteindre les appareils électriques lorsqu'on ne s'en sert pas (Télé, ordinateur...);Electricité;ROUGES;Rouges maternelles ;poire;10/01/2025;1;0.15988;0;1;0;0;
D10;Couper l’eau quand on se savonne les mains;Eau;ROUGES;Rouges maternelles ;poire;10/01/2025;1;0.54243;0;0.21;12.6;0;
D09;Eviter de prendre des bains (préférer la douche rapide);Eau;ROUGES;Rouges maternelles ;poire;10/01/2025;1;0.0623;0;1.75;357;0;
E08;Fermer le robinet quand on se brosse les dents;Eau;ROUGES;Rouges maternelles ;poire;10/01/2025;1;0.000173;0;0;28;0;
T06;Ne pas tuer les petites bêtes et les remettre dehors (c'est la nourriture de oiseaux);Biodiversité;ROUGES;Rouges maternelles ;poire;10/01/2025;1;1.518;0;0;0;0;
D06;Acheter d’occasion plutôt que neuf;Courses;ROUGES;Rouges maternelles ;poire;10/01/2025;1;0.017374;0;0.183462;0;0.134615385;
W03;Préférer les produits réutilisables plutôt que jetables;Courses;ROUGES;Rouges maternelles ;poire;10/01/2025;1;0.004964;12.6;0;0;0;
E01;Acheter juste ce dont on a besoin;Courses;ROUGES;Rouges maternelles ;poire;10/01/2025;1;0.027408;0;0;0;0.134615385;
E08;Acheter des fruits ou légumes de saison;Courses;ROUGES;Rouges maternelles ;poire;10/01/2025;1;0.000173;0;0;0;0;
E08;Ramasser les papiers et les déchets par terre pour les mettre à la poubelle;Déchets;ROUGES;Rouges maternelles ;poire;10/01/2025;1;0.000173;0;0;0;0.1;
D02;Tout manger ce qu'il y a dans nos assiettes (cantine, maison);Déchets;ROUGES;Rouges maternelles ;poire;10/01/2025;1;2.453511;0;1.390385;0;1.390384615;
D11;Ne pas prendre sa voiture si c'est possble : préférer la marche et le vélo (pour les petits trajets), le covoiturage…;Transport;ROUGES;Rouges maternelles ;fruits;13/01/2025;1;0.38;0;0.67;0;0;
E04;Eteindre les appareils électriques lorsqu'on ne s'en sert pas (Télé, ordinateur...);Electricité;ROUGES;Rouges maternelles ;fruits;13/01/2025;1;0.15988;0;1;0;0;
D10;Couper l’eau quand on se savonne les mains;Eau;ROUGES;Rouges maternelles ;fruits;13/01/2025;1;0.54243;0;0.21;12.6;0;
D09;Eviter de prendre des bains (préférer la douche rapide);Eau;ROUGES;Rouges maternelles ;fruits;13/01/2025;1;0.0623;0;1.75;357;0;
D06;Acheter d’occasion plutôt que neuf;Courses;ROUGES;Rouges maternelles ;fruits;13/01/2025;1;0.017374;0;0.183462;0;0.134615385;
E01;Acheter juste ce dont on a besoin;Courses;ROUGES;Rouges maternelles ;fruits;13/01/2025;1;0.027408;0;0;0;0.134615385;
E03;Acheter des produits recyclables et utiliser les bacs de tri;Déchets;ROUGES;Rouges maternelles ;fruits;13/01/2025;1;0.15988;0;0;0;0;
D11;Ne pas prendre sa voiture si c'est possble : préférer la marche et le vélo (pour les petits trajets), le covoiturage…;Transport;ROUGES;Rouges maternelles ;radis;04/02/2025;1;0.38;0;0.67;0;0;
D06;Réduire son temps devant les écrans (Télé, ordinateurs, tablette, jeux vidéos...);Electricité;ROUGES;Rouges maternelles ;radis;04/02/2025;1;0.017374;0;0.183462;0;0;
C01;Eteindre les lumières quand on quitte une pièce ou si il fait jour dehors;Electricité;ROUGES;Rouges maternelles ;radis;04/02/2025;1;13.7935;0;0;0;0;
D09;Eviter de prendre des bains (préférer la douche rapide);Eau;ROUGES;Rouges maternelles ;radis;04/02/2025;1;0.0623;0;1.75;357;0;
T06;Ne pas tuer les petites bêtes et les remettre dehors (c'est la nourriture de oiseaux);Biodiversité;ROUGES;Rouges maternelles ;radis;04/02/2025;1;1.518;0;0;0;0;
W03;Préférer les produits réutilisables plutôt que jetables;Courses;ROUGES;Rouges maternelles ;radis;04/02/2025;1;0.004964;12.6;0;0;0;
E08;Acheter des fruits ou légumes de saison;Courses;ROUGES;Rouges maternelles ;radis;04/02/2025;1;0.000173;0;0;0;0;
D02;Tout manger ce qu'il y a dans nos assiettes (cantine, maison);Déchets;ROUGES;Rouges maternelles ;radis;04/02/2025;1;2.453511;0;1.390385;0;1.390384615;
D11;Ne pas prendre sa voiture si c'est possble : préférer la marche et le vélo (pour les petits trajets), le covoiturage…;Transport;ROUGES;Rouges maternelles ;clémentine;05/02/2025;1;0.38;0;0.67;0;0;
W04;Fermer ses volets quand il fait froid et nuit;Electricité;ROUGES;Rouges maternelles ;clémentine;05/02/2025;1;0.006501;16.5;0;0;0;
E04;Eteindre les appareils électriques lorsqu'on ne s'en sert pas (Télé, ordinateur...);Electricité;ROUGES;Rouges maternelles ;clémentine;05/02/2025;1;0.15988;0;1;0;0;
D10;Couper l’eau quand on se savonne les mains;Eau;ROUGES;Rouges maternelles ;clémentine;05/02/2025;1;0.54243;0;0.21;12.6;0;
W02;Ne pas gaspiller l'eau de son verre;Eau;ROUGES;Rouges maternelles ;clémentine;05/02/2025;1;0.05;28;0;35;0;
E08;Fermer le robinet quand on se brosse les dents;Eau;ROUGES;Rouges maternelles ;clémentine;05/02/2025;1;0.000173;0;0;28;0;
T04;Acheter des produits avec moins d'emballages (éviter emballages individuels);Courses;ROUGES;Rouges maternelles ;clémentine;05/02/2025;1;0.506;0;0;0;34.86;
W03;Préférer les produits réutilisables plutôt que jetables;Courses;ROUGES;Rouges maternelles ;clémentine;05/02/2025;1;0.004964;12.6;0;0;0;
E08;Acheter des fruits ou légumes de saison;Courses;ROUGES;Rouges maternelles ;clémentine;05/02/2025;1;0.000173;0;0;0;0;
E08;Ramasser les papiers et les déchets par terre pour les mettre à la poubelle;Déchets;ROUGES;Rouges maternelles ;clémentine;05/02/2025;1;0.000173;0;0;0;0.1;
D10;Couper l’eau quand on se savonne les mains;Eau;ROUGES;Rouges maternelles ;pastèque;05/02/2025;1;0.54243;0;0.21;12.6;0;
E08;Fermer le robinet quand on se brosse les dents;Eau;ROUGES;Rouges maternelles ;pastèque;05/02/2025;1;0.000173;0;0;28;0;
C01;Eteindre les lumières quand on quitte une pièce ou si il fait jour dehors;Electricité;ROUGES;Rouges maternelles ;pastèque;05/02/2025;1;13.7935;0;0;0;0;
D06;Réduire son temps devant les écrans (Télé, ordinateurs, tablette, jeux vidéos...);Electricité;ROUGES;Rouges maternelles ;kiwi;06/02/2025;1;0.017374;0;0.183462;0;0;
C01;Eteindre les lumières quand on quitte une pièce ou si il fait jour dehors;Electricité;ROUGES;Rouges maternelles ;kiwi;06/02/2025;1;13.7935;0;0;0;0;
W02;Ne pas gaspiller l'eau de son verre;Eau;ROUGES;Rouges maternelles ;kiwi;06/02/2025;1;0.05;28;0;35;0;
W04;Fermer ses volets quand il fait froid et nuit;Electricité;ROUGES;Rouges maternelles ;fruits;13/01/2025;1;0.006501;16.5;0;0;0;
C01;Eteindre les lumières quand on quitte une pièce ou si il fait jour dehors;Electricité;ROUGES;Rouges maternelles ;fruits;13/01/2025;1;13.7935;0;0;0;0;
E08;Fermer le robinet quand on se brosse les dents;Eau;ROUGES;Rouges maternelles ;fruits;13/01/2025;1;0.000173;0;0;28;0;
T04;Acheter des produits avec moins d'emballages (éviter emballages individuels);Courses;ROUGES;Rouges maternelles ;fruits;13/01/2025;1;0.506;0;0;0;34.86;
W03;Préférer les produits réutilisables plutôt que jetables;Courses;ROUGES;Rouges maternelles ;fruits;13/01/2025;1;0.004964;12.6;0;0;0;
E08;Acheter des fruits ou légumes de saison;Courses;ROUGES;Rouges maternelles ;fruits;13/01/2025;1;0.000173;0;0;0;0;
D02;Tout manger ce qu'il y a dans nos assiettes (cantine, maison);Déchets;ROUGES;Rouges maternelles ;fruits;13/01/2025;1;2.453511;0;1.390385;0;1.390384615;
D11;Ne pas prendre sa voiture si c'est possble : préférer la marche et le vélo (pour les petits trajets), le covoiturage…;Transport;ROUGES;Rouges maternelles ;clémentine;13/01/2025;1;0.38;0;0.67;0;0;
E03;Acheter des produits recyclables et utiliser les bacs de tri;Déchets;ROUGES;Rouges maternelles ;clémentine;13/01/2025;1;0.15988;0;0;0;0;
E08;Ramasser les papiers et les déchets par terre pour les mettre à la poubelle;Déchets;ROUGES;Rouges maternelles ;clémentine;13/01/2025;1;0.000173;0;0;0;0.1;
D02;Tout manger ce qu'il y a dans nos assiettes (cantine, maison);Déchets;ROUGES;Rouges maternelles ;clémentine;13/01/2025;1;2.453511;0;1.390385;0;1.390384615;
T06;Ne pas tuer les petites bêtes et les remettre dehors (c'est la nourriture de oiseaux);Biodiversité;ROUGES;Rouges maternelles ;clémentine;13/01/2025;1;1.518;0;0;0;0;
T04;Acheter des produits avec moins d'emballages (éviter emballages individuels);Courses;ROUGES;Rouges maternelles ;clémentine;13/01/2025;1;0.506;0;0;0;34.86;
D06;Acheter d’occasion plutôt que neuf;Courses;ROUGES;Rouges maternelles ;clémentine;13/01/2025;1;0.017374;0;0.183462;0;0.134615385;
W03;Préférer les produits réutilisables plutôt que jetables;Courses;ROUGES;Rouges maternelles ;clémentine;13/01/2025;1;0.004964;12.6;0;0;0;
W04;Fermer ses volets quand il fait froid et nuit;Electricité;ROUGES;Rouges maternelles ;clémentine;13/01/2025;1;0.006501;16.5;0;0;0;
D06;Réduire son temps devant les écrans (Télé, ordinateurs, tablette, jeux vidéos...);Electricité;ROUGES;Rouges maternelles ;clémentine;13/01/2025;1;0.017374;0;0.183462;0;0;
E04;Eteindre les appareils électriques lorsqu'on ne s'en sert pas (Télé, ordinateur...);Electricité;ROUGES;Rouges maternelles ;clémentine;13/01/2025;1;0.15988;0;1;0;0;
C01;Eteindre les lumières quand on quitte une pièce ou si il fait jour dehors;Electricité;ROUGES;Rouges maternelles ;clémentine;13/01/2025;1;13.7935;0;0;0;0;
D10;Couper l’eau quand on se savonne les mains;Eau;ROUGES;Rouges maternelles ;clémentine;13/01/2025;1;0.54243;0;0.21;12.6;0;
W02;Ne pas gaspiller l'eau de son verre;Eau;ROUGES;Rouges maternelles ;clémentine;13/01/2025;1;0.05;28;0;35;0;
D09;Eviter de prendre des bains (préférer la douche rapide);Eau;ROUGES;Rouges maternelles ;clémentine;13/01/2025;1;0.0623;0;1.75;357;0;
E08;Fermer le robinet quand on se brosse les dents;Eau;ROUGES;Rouges maternelles ;clémentine;13/01/2025;1;0.000173;0;0;28;0;
D05;Récupérer l'eau de pluie pour arroser;Eau;ROUGES;Rouges maternelles ;clémentine;13/01/2025;1;0.000239;0;0.134615;35;0;
E01;Acheter juste ce dont on a besoin;Courses;ROUGES;Rouges maternelles ;clémentine;13/01/2025;1;0.027408;0;0;0;0.134615385;
E08;Acheter des fruits ou légumes de saison;Courses;ROUGES;Rouges maternelles ;clémentine;13/01/2025;1;0.000173;0;0;0;0;
W04;Fermer ses volets quand il fait froid et nuit;Electricité;ROUGES;Rouges maternelles ;lentilles;16/01/2025;1;0.006501;16.5;0;0;0;
D06;Réduire son temps devant les écrans (Télé, ordinateurs, tablette, jeux vidéos...);Electricité;ROUGES;Rouges maternelles ;lentilles;16/01/2025;1;0.017374;0;0.183462;0;0;
C01;Eteindre les lumières quand on quitte une pièce ou si il fait jour dehors;Electricité;ROUGES;Rouges maternelles ;lentilles;16/01/2025;1;13.7935;0;0;0;0;
D09;Eviter de prendre des bains (préférer la douche rapide);Eau;ROUGES;Rouges maternelles ;lentilles;16/01/2025;1;0.0623;0;1.75;357;0;
E08;Fermer le robinet quand on se brosse les dents;Eau;ROUGES;Rouges maternelles ;lentilles;16/01/2025;1;0.000173;0;0;28;0;
D06;Acheter d’occasion plutôt que neuf;Courses;ROUGES;Rouges maternelles ;lentilles;16/01/2025;1;0.017374;0;0.183462;0;0.134615385;
E08;Acheter des fruits ou légumes de saison;Courses;ROUGES;Rouges maternelles ;lentilles;16/01/2025;1;0.000173;0;0;0;0;
E03;Acheter des produits recyclables et utiliser les bacs de tri;Déchets;ROUGES;Rouges maternelles ;lentilles;16/01/2025;1;0.15988;0;0;0;0;
W04;Fermer ses volets quand il fait froid et nuit;Electricité;ROUGES;Rouges maternelles ;marron;26/01/2025;1;0.006501;16.5;0;0;0;
D10;Couper l’eau quand on se savonne les mains;Eau;ROUGES;Rouges maternelles ;marron;26/01/2025;1;0.54243;0;0.21;12.6;0;
E01;Acheter juste ce dont on a besoin;Courses;ROUGES;Rouges maternelles ;brocolis;07/02/2025;1;0.027408;0;0;0;0.134615385;
E08;Fermer le robinet quand on se brosse les dents;Eau;ROUGES;Rouges maternelles ;brocolis;07/02/2025;1;0.000173;0;0;28;0;
E01;Acheter juste ce dont on a besoin;Courses;ROUGES;Rouges maternelles ;marron;26/01/2025;1;0.027408;0;0;0;0.134615385;
E03;Acheter des produits recyclables et utiliser les bacs de tri;Déchets;ROUGES;Rouges maternelles ;marron;26/01/2025;1;0.15988;0;0;0;0;
W02;Ne pas gaspiller l'eau de son verre;Eau;ROUGES;Rouges maternelles ;brocolis;07/02/2025;1;0.05;28;0;35;0;
E08;Ramasser les papiers et les déchets par terre pour les mettre à la poubelle;Déchets;ROUGES;Rouges maternelles ;marron;26/01/2025;1;0.000173;0;0;0;0.1;
D11;Ne pas prendre sa voiture si c'est possble : préférer la marche et le vélo (pour les petits trajets), le covoiturage…;Transport;ROUGES;Rouges maternelles ;châtaigne;27/01/2025;1;0.38;0;0.67;0;0;
D06;Réduire son temps devant les écrans (Télé, ordinateurs, tablette, jeux vidéos...);Electricité;ROUGES;Rouges maternelles ;châtaigne;27/01/2025;1;0.017374;0;0.183462;0;0;
C01;Eteindre les lumières quand on quitte une pièce ou si il fait jour dehors;Electricité;ROUGES;Rouges maternelles ;châtaigne;27/01/2025;1;13.7935;0;0;0;0;
D10;Couper l’eau quand on se savonne les mains;Eau;ROUGES;Rouges maternelles ;châtaigne;27/01/2025;1;0.54243;0;0.21;12.6;0;
D09;Eviter de prendre des bains (préférer la douche rapide);Eau;ROUGES;Rouges maternelles ;châtaigne;27/01/2025;1;0.0623;0;1.75;357;0;
T06;Ne pas tuer les petites bêtes et les remettre dehors (c'est la nourriture de oiseaux);Biodiversité;ROUGES;Rouges maternelles ;châtaigne;27/01/2025;1;1.518;0;0;0;0;
D06;Acheter d’occasion plutôt que neuf;Courses;ROUGES;Rouges maternelles ;châtaigne;27/01/2025;1;0.017374;0;0.183462;0;0.134615385;
E01;Acheter juste ce dont on a besoin;Courses;ROUGES;Rouges maternelles ;châtaigne;27/01/2025;1;0.027408;0;0;0;0.134615385;
E03;Acheter des produits recyclables et utiliser les bacs de tri;Déchets;ROUGES;Rouges maternelles ;châtaigne;27/01/2025;1;0.15988;0;0;0;0;
D02;Tout manger ce qu'il y a dans nos assiettes (cantine, maison);Déchets;ROUGES;Rouges maternelles ;châtaigne;27/01/2025;1;2.453511;0;1.390385;0;1.390384615;
D06;Réduire son temps devant les écrans (Télé, ordinateurs, tablette, jeux vidéos...);Electricité;ROUGES;Rouges maternelles ;fruits;27/01/2025;1;0.017374;0;0.183462;0;0;
C01;Eteindre les lumières quand on quitte une pièce ou si il fait jour dehors;Electricité;ROUGES;Rouges maternelles ;fruits;27/01/2025;1;13.7935;0;0;0;0;
W02;Ne pas gaspiller l'eau de son verre;Eau;ROUGES;Rouges maternelles ;fruits;27/01/2025;1;0.05;28;0;35;0;
E08;Fermer le robinet quand on se brosse les dents;Eau;ROUGES;Rouges maternelles ;fruits;27/01/2025;1;0.000173;0;0;28;0;
D06;Acheter d’occasion plutôt que neuf;Courses;ROUGES;Rouges maternelles ;fruits;27/01/2025;1;0.017374;0;0.183462;0;0.134615385;
E01;Acheter juste ce dont on a besoin;Courses;ROUGES;Rouges maternelles ;fruits;27/01/2025;1;0.027408;0;0;0;0.134615385;
E03;Acheter des produits recyclables et utiliser les bacs de tri;Déchets;ROUGES;Rouges maternelles ;fruits;27/01/2025;1;0.15988;0;0;0;0;
D02;Tout manger ce qu'il y a dans nos assiettes (cantine, maison);Déchets;ROUGES;Rouges maternelles ;fruits;27/01/2025;1;2.453511;0;1.390385;0;1.390384615;
W04;Fermer ses volets quand il fait froid et nuit;Electricité;ROUGES;Rouges maternelles ;pomme;27/01/2025;1;0.006501;16.5;0;0;0;
D10;Couper l’eau quand on se savonne les mains;Eau;ROUGES;Rouges maternelles ;pomme;27/01/2025;1;0.54243;0;0.21;12.6;0;
D09;Eviter de prendre des bains (préférer la douche rapide);Eau;ROUGES;Rouges maternelles ;pomme;27/01/2025;1;0.0623;0;1.75;357;0;
T06;Ne pas tuer les petites bêtes et les remettre dehors (c'est la nourriture de oiseaux);Biodiversité;ROUGES;Rouges maternelles ;pomme;27/01/2025;1;1.518;0;0;0;0;
W04;Fermer ses volets quand il fait froid et nuit;Electricité;ROUGES;Rouges maternelles ;radis;04/02/2025;1;0.006501;16.5;0;0;0;
E04;Eteindre les appareils électriques lorsqu'on ne s'en sert pas (Télé, ordinateur...);Electricité;ROUGES;Rouges maternelles ;radis;04/02/2025;1;0.15988;0;1;0;0;
D10;Couper l’eau quand on se savonne les mains;Eau;ROUGES;Rouges maternelles ;radis;04/02/2025;1;0.54243;0;0.21;12.6;0;
E08;Fermer le robinet quand on se brosse les dents;Eau;ROUGES;Rouges maternelles ;radis;04/02/2025;1;0.000173;0;0;28;0;
D06;Acheter d’occasion plutôt que neuf;Courses;ROUGES;Rouges maternelles ;radis;04/02/2025;1;0.017374;0;0.183462;0;0.134615385;
E01;Acheter juste ce dont on a besoin;Courses;ROUGES;Rouges maternelles ;radis;04/02/2025;1;0.027408;0;0;0;0.134615385;
E08;Ramasser les papiers et les déchets par terre pour les mettre à la poubelle;Déchets;ROUGES;Rouges maternelles ;radis;04/02/2025;1;0.000173;0;0;0;0.1;
E03;Acheter des produits recyclables et utiliser les bacs de tri;Déchets;ROUGES;Rouges maternelles ;radis;04/02/2025;1;0.15988;0;0;0;0;
D06;Réduire son temps devant les écrans (Télé, ordinateurs, tablette, jeux vidéos...);Electricité;ROUGES;Rouges maternelles ;clémentine;05/02/2025;1;0.017374;0;0.183462;0;0;
C01;Eteindre les lumières quand on quitte une pièce ou si il fait jour dehors;Electricité;ROUGES;Rouges maternelles ;clémentine;05/02/2025;1;13.7935;0;0;0;0;
D05;Récupérer l'eau de pluie pour arroser;Eau;ROUGES;Rouges maternelles ;clémentine;05/02/2025;1;0.000239;0;0.134615;35;0;
D09;Eviter de prendre des bains (préférer la douche rapide);Eau;ROUGES;Rouges maternelles ;clémentine;05/02/2025;1;0.0623;0;1.75;357;0;
T06;Ne pas tuer les petites bêtes et les remettre dehors (c'est la nourriture de oiseaux);Biodiversité;ROUGES;Rouges maternelles ;clémentine;05/02/2025;1;1.518;0;0;0;0;
D06;Acheter d’occasion plutôt que neuf;Courses;ROUGES;Rouges maternelles ;clémentine;05/02/2025;1;0.017374;0;0.183462;0;0.134615385;
E01;Acheter juste ce dont on a besoin;Courses;ROUGES;Rouges maternelles ;clémentine;05/02/2025;1;0.027408;0;0;0;0.134615385;
E03;Acheter des produits recyclables et utiliser les bacs de tri;Déchets;ROUGES;Rouges maternelles ;clémentine;05/02/2025;1;0.15988;0;0;0;0;
D02;Tout manger ce qu'il y a dans nos assiettes (cantine, maison);Déchets;ROUGES;Rouges maternelles ;clémentine;05/02/2025;1;2.453511;0;1.390385;0;1.390384615;
D06;Réduire son temps devant les écrans (Télé, ordinateurs, tablette, jeux vidéos...);Electricité;ROUGES;Rouges maternelles ;lentilles;07/02/2025;1;0.017374;0;0.183462;0;0;
D09;Eviter de prendre des bains (préférer la douche rapide);Eau;ROUGES;Rouges maternelles ;lentilles;07/02/2025;1;0.0623;0;1.75;357;0;
T04;Acheter des produits avec moins d'emballages (éviter emballages individuels);Courses;ROUGES;Rouges maternelles ;lentilles;07/02/2025;1;0.506;0;0;0;34.86;
E08;Acheter des fruits ou légumes de saison;Courses;ROUGES;Rouges maternelles ;lentilles;07/02/2025;1;0.000173;0;0;0;0;
E08;Ramasser les papiers et les déchets par terre pour les mettre à la poubelle;Déchets;ROUGES;Rouges maternelles ;lentilles;07/02/2025;1;0.000173;0;0;0;0.1;
W04;Fermer ses volets quand il fait froid et nuit;Electricité;ROUGES;Rouges maternelles ;raisin;07/02/2025;1;0.006501;16.5;0;0;0;
D10;Couper l’eau quand on se savonne les mains;Eau;ROUGES;Rouges maternelles ;raisin;07/02/2025;1;0.54243;0;0.21;12.6;0;
D09;Eviter de prendre des bains (préférer la douche rapide);Eau;ROUGES;Rouges maternelles ;raisin;07/02/2025;1;0.0623;0;1.75;357;0;
D11;Ne pas prendre sa voiture si c'est possble : préférer la marche et le vélo (pour les petits trajets), le covoiturage…;Transport;ROUGES;Rouges maternelles ;poire;17/01/2025;1;0.38;0;0.67;0;0;
W04;Fermer ses volets quand il fait froid et nuit;Electricité;ROUGES;Rouges maternelles ;poire;17/01/2025;1;0.006501;16.5;0;0;0;
D06;Réduire son temps devant les écrans (Télé, ordinateurs, tablette, jeux vidéos...);Electricité;ROUGES;Rouges maternelles ;poire;17/01/2025;1;0.017374;0;0.183462;0;0;
E04;Eteindre les appareils électriques lorsqu'on ne s'en sert pas (Télé, ordinateur...);Electricité;ROUGES;Rouges maternelles ;poire;17/01/2025;1;0.15988;0;1;0;0;
D10;Couper l’eau quand on se savonne les mains;Eau;ROUGES;Rouges maternelles ;poire;17/01/2025;1;0.54243;0;0.21;12.6;0;
D09;Eviter de prendre des bains (préférer la douche rapide);Eau;ROUGES;Rouges maternelles ;poire;17/01/2025;1;0.0623;0;1.75;357;0;
E08;Fermer le robinet quand on se brosse les dents;Eau;ROUGES;Rouges maternelles ;poire;17/01/2025;1;0.000173;0;0;28;0;
T06;Ne pas tuer les petites bêtes et les remettre dehors (c'est la nourriture de oiseaux);Biodiversité;ROUGES;Rouges maternelles ;poire;17/01/2025;1;1.518;0;0;0;0;
T04;Acheter des produits avec moins d'emballages (éviter emballages individuels);Courses;ROUGES;Rouges maternelles ;poire;17/01/2025;1;0.506;0;0;0;34.86;
D06;Acheter d’occasion plutôt que neuf;Courses;ROUGES;Rouges maternelles ;poire;17/01/2025;1;0.017374;0;0.183462;0;0.134615385;
W03;Préférer les produits réutilisables plutôt que jetables;Courses;ROUGES;Rouges maternelles ;poire;17/01/2025;1;0.004964;12.6;0;0;0;
E08;Acheter des fruits ou légumes de saison;Courses;ROUGES;Rouges maternelles ;poire;17/01/2025;1;0.000173;0;0;0;0;
E08;Ramasser les papiers et les déchets par terre pour les mettre à la poubelle;Déchets;ROUGES;Rouges maternelles ;poire;17/01/2025;1;0.000173;0;0;0;0.1;
D02;Tout manger ce qu'il y a dans nos assiettes (cantine, maison);Déchets;ROUGES;Rouges maternelles ;poire;17/01/2025;1;2.453511;0;1.390385;0;1.390384615;
W04;Fermer ses volets quand il fait froid et nuit;Electricité;ROUGES;Rouges maternelles ;carotte;17/01/2025;1;0.006501;16.5;0;0;0;
D06;Réduire son temps devant les écrans (Télé, ordinateurs, tablette, jeux vidéos...);Electricité;ROUGES;Rouges maternelles ;carotte;17/01/2025;1;0.017374;0;0.183462;0;0;
E04;Eteindre les appareils électriques lorsqu'on ne s'en sert pas (Télé, ordinateur...);Electricité;ROUGES;Rouges maternelles ;carotte;17/01/2025;1;0.15988;0;1;0;0;
C01;Eteindre les lumières quand on quitte une pièce ou si il fait jour dehors;Electricité;ROUGES;Rouges maternelles ;carotte;17/01/2025;1;13.7935;0;0;0;0;
D10;Couper l’eau quand on se savonne les mains;Eau;ROUGES;Rouges maternelles ;carotte;17/01/2025;1;0.54243;0;0.21;12.6;0;
E08;Fermer le robinet quand on se brosse les dents;Eau;ROUGES;Rouges maternelles ;carotte;17/01/2025;1;0.000173;0;0;28;0;
T04;Acheter des produits avec moins d'emballages (éviter emballages individuels);Courses;ROUGES;Rouges maternelles ;carotte;17/01/2025;1;0.506;0;0;0;34.86;
D06;Acheter d’occasion plutôt que neuf;Courses;ROUGES;Rouges maternelles ;carotte;17/01/2025;1;0.017374;0;0.183462;0;0.134615385;
W03;Préférer les produits réutilisables plutôt que jetables;Courses;ROUGES;Rouges maternelles ;carotte;17/01/2025;1;0.004964;12.6;0;0;0;
E01;Acheter juste ce dont on a besoin;Courses;ROUGES;Rouges maternelles ;carotte;17/01/2025;1;0.027408;0;0;0;0.134615385;
E08;Acheter des fruits ou légumes de saison;Courses;ROUGES;Rouges maternelles ;carotte;17/01/2025;1;0.000173;0;0;0;0;
E03;Acheter des produits recyclables et utiliser les bacs de tri;Déchets;ROUGES;Rouges maternelles ;carotte;17/01/2025;1;0.15988;0;0;0;0;
E08;Ramasser les papiers et les déchets par terre pour les mettre à la poubelle;Déchets;ROUGES;Rouges maternelles ;carotte;17/01/2025;1;0.000173;0;0;0;0.1;
D02;Tout manger ce qu'il y a dans nos assiettes (cantine, maison);Déchets;ROUGES;Rouges maternelles ;carotte;17/01/2025;1;2.453511;0;1.390385;0;1.390384615;
D11;Ne pas prendre sa voiture si c'est possble : préférer la marche et le vélo (pour les petits trajets), le covoiturage…;Transport;ROUGES;Rouges maternelles ;petits pois;17/01/2025;1;0.38;0;0.67;0;0;
W04;Fermer ses volets quand il fait froid et nuit;Electricité;ROUGES;Rouges maternelles ;petits pois;17/01/2025;1;0.006501;16.5;0;0;0;
D06;Réduire son temps devant les écrans (Télé, ordinateurs, tablette, jeux vidéos...);Electricité;ROUGES;Rouges maternelles ;petits pois;17/01/2025;1;0.017374;0;0.183462;0;0;
E04;Eteindre les appareils électriques lorsqu'on ne s'en sert pas (Télé, ordinateur...);Electricité;ROUGES;Rouges maternelles ;petits pois;17/01/2025;1;0.15988;0;1;0;0;
C01;Eteindre les lumières quand on quitte une pièce ou si il fait jour dehors;Electricité;ROUGES;Rouges maternelles ;petits pois;17/01/2025;1;13.7935;0;0;0;0;
D05;Récupérer l'eau de pluie pour arroser;Eau;ROUGES;Rouges maternelles ;petits pois;17/01/2025;1;0.000239;0;0.134615;35;0;
D10;Couper l’eau quand on se savonne les mains;Eau;ROUGES;Rouges maternelles ;petits pois;17/01/2025;1;0.54243;0;0.21;12.6;0;
W02;Ne pas gaspiller l'eau de son verre;Eau;ROUGES;Rouges maternelles ;petits pois;17/01/2025;1;0.05;28;0;35;0;
E08;Fermer le robinet quand on se brosse les dents;Eau;ROUGES;Rouges maternelles ;petits pois;17/01/2025;1;0.000173;0;0;28;0;
T06;Ne pas tuer les petites bêtes et les remettre dehors (c'est la nourriture de oiseaux);Biodiversité;ROUGES;Rouges maternelles ;petits pois;17/01/2025;1;1.518;0;0;0;0;
T04;Acheter des produits avec moins d'emballages (éviter emballages individuels);Courses;ROUGES;Rouges maternelles ;petits pois;17/01/2025;1;0.506;0;0;0;34.86;
D06;Acheter d’occasion plutôt que neuf;Courses;ROUGES;Rouges maternelles ;petits pois;17/01/2025;1;0.017374;0;0.183462;0;0.134615385;
E01;Acheter juste ce dont on a besoin;Courses;ROUGES;Rouges maternelles ;petits pois;17/01/2025;1;0.027408;0;0;0;0.134615385;
W03;Préférer les produits réutilisables plutôt que jetables;Courses;ROUGES;Rouges maternelles ;petits pois;17/01/2025;1;0.004964;12.6;0;0;0;
E08;Acheter des fruits ou légumes de saison;Courses;ROUGES;Rouges maternelles ;petits pois;17/01/2025;1;0.000173;0;0;0;0;
E03;Acheter des produits recyclables et utiliser les bacs de tri;Déchets;ROUGES;Rouges maternelles ;petits pois;17/01/2025;1;0.15988;0;0;0;0;
E08;Ramasser les papiers et les déchets par terre pour les mettre à la poubelle;Déchets;ROUGES;Rouges maternelles ;petits pois;17/01/2025;1;0.000173;0;0;0;0.1;
D02;Tout manger ce qu'il y a dans nos assiettes (cantine, maison);Déchets;ROUGES;Rouges maternelles ;petits pois;17/01/2025;1;2.453511;0;1.390385;0;1.390384615;
D11;Ne pas prendre sa voiture si c'est possble : préférer la marche et le vélo (pour les petits trajets), le covoiturage…;Transport;ROUGES;Rouges maternelles ;châtaigne;19/01/2025;1;0.38;0;0.67;0;0;
E04;Eteindre les appareils électriques lorsqu'on ne s'en sert pas (Télé, ordinateur...);Electricité;ROUGES;Rouges maternelles ;châtaigne;19/01/2025;1;0.15988;0;1;0;0;
D10;Couper l’eau quand on se savonne les mains;Eau;ROUGES;Rouges maternelles ;châtaigne;19/01/2025;1;0.54243;0;0.21;12.6;0;
D09;Eviter de prendre des bains (préférer la douche rapide);Eau;ROUGES;Rouges maternelles ;châtaigne;19/01/2025;1;0.0623;0;1.75;357;0;
T06;Ne pas tuer les petites bêtes et les remettre dehors (c'est la nourriture de oiseaux);Biodiversité;ROUGES;Rouges maternelles ;châtaigne;19/01/2025;1;1.518;0;0;0;0;
D06;Acheter d’occasion plutôt que neuf;Courses;ROUGES;Rouges maternelles ;châtaigne;19/01/2025;1;0.017374;0;0.183462;0;0.134615385;
E01;Acheter juste ce dont on a besoin;Courses;ROUGES;Rouges maternelles ;châtaigne;19/01/2025;1;0.027408;0;0;0;0.134615385;
D11;Ne pas prendre sa voiture si c'est possble : préférer la marche et le vélo (pour les petits trajets), le covoiturage…;Transport;ROUGES;Rouges maternelles ;marron;26/01/2025;1;0.38;0;0.67;0;0;
D02;Tout manger ce qu'il y a dans nos assiettes (cantine, maison);Déchets;ROUGES;Rouges maternelles ;raisin;07/02/2025;1;2.453511;0;1.390385;0;1.390384615;
E04;Eteindre les appareils électriques lorsqu'on ne s'en sert pas (Télé, ordinateur...);Electricité;ROUGES;Rouges maternelles ;kaki;07/02/2025;1;0.15988;0;1;0;0;
D05;Récupérer l'eau de pluie pour arroser;Eau;ROUGES;Rouges maternelles ;marron;26/01/2025;1;0.000239;0;0.134615;35;0;
W02;Ne pas gaspiller l'eau de son verre;Eau;ROUGES;Rouges maternelles ;marron;26/01/2025;1;0.05;28;0;35;0;
D09;Eviter de prendre des bains (préférer la douche rapide);Eau;ROUGES;Rouges maternelles ;marron;26/01/2025;1;0.0623;0;1.75;357;0;
T06;Ne pas tuer les petites bêtes et les remettre dehors (c'est la nourriture de oiseaux);Biodiversité;ROUGES;Rouges maternelles ;marron;26/01/2025;1;1.518;0;0;0;0;
T04;Acheter des produits avec moins d'emballages (éviter emballages individuels);Courses;ROUGES;Rouges maternelles ;marron;26/01/2025;1;0.506;0;0;0;34.86;
D06;Acheter d’occasion plutôt que neuf;Courses;ROUGES;Rouges maternelles ;marron;26/01/2025;1;0.017374;0;0.183462;0;0.134615385;
W03;Préférer les produits réutilisables plutôt que jetables;Courses;ROUGES;Rouges maternelles ;marron;26/01/2025;1;0.004964;12.6;0;0;0;
W04;Fermer ses volets quand il fait froid et nuit;Electricité;ROUGES;Rouges maternelles ;châtaigne;27/01/2025;1;0.006501;16.5;0;0;0;
E04;Eteindre les appareils électriques lorsqu'on ne s'en sert pas (Télé, ordinateur...);Electricité;ROUGES;Rouges maternelles ;châtaigne;27/01/2025;1;0.15988;0;1;0;0;
D05;Récupérer l'eau de pluie pour arroser;Eau;ROUGES;Rouges maternelles ;châtaigne;27/01/2025;1;0.000239;0;0.134615;35;0;
W02;Ne pas gaspiller l'eau de son verre;Eau;ROUGES;Rouges maternelles ;châtaigne;27/01/2025;1;0.05;28;0;35;0;
E08;Fermer le robinet quand on se brosse les dents;Eau;ROUGES;Rouges maternelles ;châtaigne;27/01/2025;1;0.000173;0;0;28;0;
T04;Acheter des produits avec moins d'emballages (éviter emballages individuels);Courses;ROUGES;Rouges maternelles ;châtaigne;27/01/2025;1;0.506;0;0;0;34.86;
W03;Préférer les produits réutilisables plutôt que jetables;Courses;ROUGES;Rouges maternelles ;châtaigne;27/01/2025;1;0.004964;12.6;0;0;0;
E08;Acheter des fruits ou légumes de saison;Courses;ROUGES;Rouges maternelles ;châtaigne;27/01/2025;1;0.000173;0;0;0;0;
E08;Ramasser les papiers et les déchets par terre pour les mettre à la poubelle;Déchets;ROUGES;Rouges maternelles ;châtaigne;27/01/2025;1;0.000173;0;0;0;0.1;
W04;Fermer ses volets quand il fait froid et nuit;Electricité;ROUGES;Rouges maternelles ;fruits;27/01/2025;1;0.006501;16.5;0;0;0;
E04;Eteindre les appareils électriques lorsqu'on ne s'en sert pas (Télé, ordinateur...);Electricité;ROUGES;Rouges maternelles ;fruits;27/01/2025;1;0.15988;0;1;0;0;
D10;Couper l’eau quand on se savonne les mains;Eau;ROUGES;Rouges maternelles ;fruits;27/01/2025;1;0.54243;0;0.21;12.6;0;
D09;Eviter de prendre des bains (préférer la douche rapide);Eau;ROUGES;Rouges maternelles ;fruits;27/01/2025;1;0.0623;0;1.75;357;0;
T04;Acheter des produits avec moins d'emballages (éviter emballages individuels);Courses;ROUGES;Rouges maternelles ;fruits;27/01/2025;1;0.506;0;0;0;34.86;
W03;Préférer les produits réutilisables plutôt que jetables;Courses;ROUGES;Rouges maternelles ;fruits;27/01/2025;1;0.004964;12.6;0;0;0;
E08;Acheter des fruits ou légumes de saison;Courses;ROUGES;Rouges maternelles ;fruits;27/01/2025;1;0.000173;0;0;0;0;
E08;Ramasser les papiers et les déchets par terre pour les mettre à la poubelle;Déchets;ROUGES;Rouges maternelles ;fruits;27/01/2025;1;0.000173;0;0;0;0.1;
E08;Acheter des fruits ou légumes de saison;Courses;ROUGES;Rouges maternelles ;kaki;07/02/2025;1;0.000173;0;0;0;0;
T04;Acheter des produits avec moins d'emballages (éviter emballages individuels);Courses;ROUGES;Rouges maternelles ;kaki;07/02/2025;1;0.506;0;0;0;34.86;
D11;Ne pas prendre sa voiture si c'est possble : préférer la marche et le vélo (pour les petits trajets), le covoiturage…;Transport;ROUGES;Rouges maternelles ;pomme;27/01/2025;1;0.38;0;0.67;0;0;
W04;Fermer ses volets quand il fait froid et nuit;Electricité;ROUGES;Rouges maternelles ;poire;07/02/2025;1;0.006501;16.5;0;0;0;
C01;Eteindre les lumières quand on quitte une pièce ou si il fait jour dehors;Electricité;ROUGES;Rouges maternelles ;pomme;27/01/2025;1;13.7935;0;0;0;0;
W02;Ne pas gaspiller l'eau de son verre;Eau;ROUGES;Rouges maternelles ;pomme;27/01/2025;1;0.05;28;0;35;0;
D10;Couper l’eau quand on se savonne les mains;Eau;ROUGES;Rouges maternelles ;poire;07/02/2025;1;0.54243;0;0.21;12.6;0;
E08;Fermer le robinet quand on se brosse les dents;Eau;ROUGES;Rouges maternelles ;poire;07/02/2025;1;0.000173;0;0;28;0;
E08;Fermer le robinet quand on se brosse les dents;Eau;ROUGES;Rouges maternelles ;pomme;27/01/2025;1;0.000173;0;0;28;0;
E08;Acheter des fruits ou légumes de saison;Courses;ROUGES;Rouges maternelles ;poire;07/02/2025;1;0.000173;0;0;0;0;
D02;Tout manger ce qu'il y a dans nos assiettes (cantine, maison);Déchets;ROUGES;Rouges maternelles ;poire;07/02/2025;1;2.453511;0;1.390385;0;1.390384615;
C01;Eteindre les lumières quand on quitte une pièce ou si il fait jour dehors;Electricité;ROUGES;Rouges maternelles ;radis;02/03/2025;1;13.7935;0;0;0;0;
W02;Ne pas gaspiller l'eau de son verre;Eau;ROUGES;Rouges maternelles ;radis;02/03/2025;1;0.05;28;0;35;0;
E08;Fermer le robinet quand on se brosse les dents;Eau;ROUGES;Rouges maternelles ;radis;02/03/2025;1;0.000173;0;0;28;0;
T04;Acheter des produits avec moins d'emballages (éviter emballages individuels);Courses;ROUGES;Rouges maternelles ;radis;02/03/2025;1;0.506;0;0;0;34.86;
W03;Préférer les produits réutilisables plutôt que jetables;Courses;ROUGES;Rouges maternelles ;radis;02/03/2025;1;0.004964;12.6;0;0;0;
E08;Acheter des fruits ou légumes de saison;Courses;ROUGES;Rouges maternelles ;radis;02/03/2025;1;0.000173;0;0;0;0;
E08;Ramasser les papiers et les déchets par terre pour les mettre à la poubelle;Déchets;ROUGES;Rouges maternelles ;radis;02/03/2025;1;0.000173;0;0;0;0.1;
W04;Fermer ses volets quand il fait froid et nuit;Electricité;ROUGES;Rouges maternelles ;châtaigne;19/01/2025;1;0.006501;16.5;0;0;0;
C01;Eteindre les lumières quand on quitte une pièce ou si il fait jour dehors;Electricité;ROUGES;Rouges maternelles ;châtaigne;19/01/2025;1;13.7935;0;0;0;0;
W02;Ne pas gaspiller l'eau de son verre;Eau;ROUGES;Rouges maternelles ;châtaigne;19/01/2025;1;0.05;28;0;35;0;
E08;Fermer le robinet quand on se brosse les dents;Eau;ROUGES;Rouges maternelles ;châtaigne;19/01/2025;1;0.000173;0;0;28;0;
T04;Acheter des produits avec moins d'emballages (éviter emballages individuels);Courses;ROUGES;Rouges maternelles ;châtaigne;19/01/2025;1;0.506;0;0;0;34.86;
W03;Préférer les produits réutilisables plutôt que jetables;Courses;ROUGES;Rouges maternelles ;châtaigne;19/01/2025;1;0.004964;12.6;0;0;0;
E08;Acheter des fruits ou légumes de saison;Courses;ROUGES;Rouges maternelles ;châtaigne;19/01/2025;1;0.000173;0;0;0;0;
E03;Acheter des produits recyclables et utiliser les bacs de tri;Déchets;ROUGES;Rouges maternelles ;châtaigne;19/01/2025;1;0.15988;0;0;0;0;
E08;Ramasser les papiers et les déchets par terre pour les mettre à la poubelle;Déchets;ROUGES;Rouges maternelles ;châtaigne;19/01/2025;1;0.000173;0;0;0;0.1;
D11;Ne pas prendre sa voiture si c'est possble : préférer la marche et le vélo (pour les petits trajets), le covoiturage…;Transport;ROUGES;Rouges maternelles ;pomme;19/01/2025;1;0.38;0;0.67;0;0;
W04;Fermer ses volets quand il fait froid et nuit;Electricité;ROUGES;Rouges maternelles ;pomme;19/01/2025;1;0.006501;16.5;0;0;0;
D11;Ne pas prendre sa voiture si c'est possble : préférer la marche et le vélo (pour les petits trajets), le covoiturage…;Transport;ROUGES;Rouges maternelles ;kaki;19/01/2025;1;0.38;0;0.67;0;0;
D10;Couper l’eau quand on se savonne les mains;Eau;ROUGES;Rouges maternelles ;pomme;19/01/2025;1;0.54243;0;0.21;12.6;0;
W04;Fermer ses volets quand il fait froid et nuit;Electricité;ROUGES;Rouges maternelles ;kaki;19/01/2025;1;0.006501;16.5;0;0;0;
W02;Ne pas gaspiller l'eau de son verre;Eau;ROUGES;Rouges maternelles ;pomme;19/01/2025;1;0.05;28;0;35;0;
D06;Réduire son temps devant les écrans (Télé, ordinateurs, tablette, jeux vidéos...);Electricité;ROUGES;Rouges maternelles ;kaki;19/01/2025;1;0.017374;0;0.183462;0;0;
E08;Fermer le robinet quand on se brosse les dents;Eau;ROUGES;Rouges maternelles ;pomme;19/01/2025;1;0.000173;0;0;28;0;
E04;Eteindre les appareils électriques lorsqu'on ne s'en sert pas (Télé, ordinateur...);Electricité;ROUGES;Rouges maternelles ;kaki;19/01/2025;1;0.15988;0;1;0;0;
T06;Ne pas tuer les petites bêtes et les remettre dehors (c'est la nourriture de oiseaux);Biodiversité;ROUGES;Rouges maternelles ;pomme;19/01/2025;1;1.518;0;0;0;0;
C01;Eteindre les lumières quand on quitte une pièce ou si il fait jour dehors;Electricité;ROUGES;Rouges maternelles ;kaki;19/01/2025;1;13.7935;0;0;0;0;
E01;Acheter juste ce dont on a besoin;Courses;ROUGES;Rouges maternelles ;pomme;19/01/2025;1;0.027408;0;0;0;0.134615385;
E08;Acheter des fruits ou légumes de saison;Courses;ROUGES;Rouges maternelles ;pomme;19/01/2025;1;0.000173;0;0;0;0;
D05;Récupérer l'eau de pluie pour arroser;Eau;ROUGES;Rouges maternelles ;kaki;19/01/2025;1;0.000239;0;0.134615;35;0;
E03;Acheter des produits recyclables et utiliser les bacs de tri;Déchets;ROUGES;Rouges maternelles ;pomme;19/01/2025;1;0.15988;0;0;0;0;
E08;Ramasser les papiers et les déchets par terre pour les mettre à la poubelle;Déchets;ROUGES;Rouges maternelles ;pomme;19/01/2025;1;0.000173;0;0;0;0.1;
D10;Couper l’eau quand on se savonne les mains;Eau;ROUGES;Rouges maternelles ;kaki;19/01/2025;1;0.54243;0;0.21;12.6;0;
W02;Ne pas gaspiller l'eau de son verre;Eau;ROUGES;Rouges maternelles ;kaki;19/01/2025;1;0.05;28;0;35;0;
D02;Tout manger ce qu'il y a dans nos assiettes (cantine, maison);Déchets;ROUGES;Rouges maternelles ;pomme;19/01/2025;1;2.453511;0;1.390385;0;1.390384615;
D09;Eviter de prendre des bains (préférer la douche rapide);Eau;ROUGES;Rouges maternelles ;kaki;19/01/2025;1;0.0623;0;1.75;357;0;
E08;Fermer le robinet quand on se brosse les dents;Eau;ROUGES;Rouges maternelles ;kaki;19/01/2025;1;0.000173;0;0;28;0;
T06;Ne pas tuer les petites bêtes et les remettre dehors (c'est la nourriture de oiseaux);Biodiversité;ROUGES;Rouges maternelles ;kaki;19/01/2025;1;1.518;0;0;0;0;
T04;Acheter des produits avec moins d'emballages (éviter emballages individuels);Courses;ROUGES;Rouges maternelles ;kaki;19/01/2025;1;0.506;0;0;0;34.86;
D06;Acheter d’occasion plutôt que neuf;Courses;ROUGES;Rouges maternelles ;kaki;19/01/2025;1;0.017374;0;0.183462;0;0.134615385;
W03;Préférer les produits réutilisables plutôt que jetables;Courses;ROUGES;Rouges maternelles ;kaki;19/01/2025;1;0.004964;12.6;0;0;0;
E01;Acheter juste ce dont on a besoin;Courses;ROUGES;Rouges maternelles ;kaki;19/01/2025;1;0.027408;0;0;0;0.134615385;
E08;Acheter des fruits ou légumes de saison;Courses;ROUGES;Rouges maternelles ;kaki;19/01/2025;1;0.000173;0;0;0;0;
E03;Acheter des produits recyclables et utiliser les bacs de tri;Déchets;ROUGES;Rouges maternelles ;kaki;19/01/2025;1;0.15988;0;0;0;0;
E08;Ramasser les papiers et les déchets par terre pour les mettre à la poubelle;Déchets;ROUGES;Rouges maternelles ;kaki;19/01/2025;1;0.000173;0;0;0;0.1;
D02;Tout manger ce qu'il y a dans nos assiettes (cantine, maison);Déchets;ROUGES;Rouges maternelles ;kaki;19/01/2025;1;2.453511;0;1.390385;0;1.390384615;
D11;Ne pas prendre sa voiture si c'est possble : préférer la marche et le vélo (pour les petits trajets), le covoiturage…;Transport;ROUGES;Rouges maternelles ;raisin;19/01/2025;1;0.38;0;0.67;0;0;
W04;Fermer ses volets quand il fait froid et nuit;Electricité;ROUGES;Rouges maternelles ;raisin;19/01/2025;1;0.006501;16.5;0;0;0;
D06;Réduire son temps devant les écrans (Télé, ordinateurs, tablette, jeux vidéos...);Electricité;ROUGES;Rouges maternelles ;raisin;19/01/2025;1;0.017374;0;0.183462;0;0;
E04;Eteindre les appareils électriques lorsqu'on ne s'en sert pas (Télé, ordinateur...);Electricité;ROUGES;Rouges maternelles ;raisin;19/01/2025;1;0.15988;0;1;0;0;
C01;Eteindre les lumières quand on quitte une pièce ou si il fait jour dehors;Electricité;ROUGES;Rouges maternelles ;raisin;19/01/2025;1;13.7935;0;0;0;0;
D05;Récupérer l'eau de pluie pour arroser;Eau;ROUGES;Rouges maternelles ;raisin;19/01/2025;1;0.000239;0;0.134615;35;0;
D09;Eviter de prendre des bains (préférer la douche rapide);Eau;ROUGES;Rouges maternelles ;raisin;19/01/2025;1;0.0623;0;1.75;357;0;
W02;Ne pas gaspiller l'eau de son verre;Eau;ROUGES;Rouges maternelles ;raisin;19/01/2025;1;0.05;28;0;35;0;
D10;Couper l’eau quand on se savonne les mains;Eau;ROUGES;Rouges maternelles ;raisin;19/01/2025;1;0.54243;0;0.21;12.6;0;
E08;Fermer le robinet quand on se brosse les dents;Eau;ROUGES;Rouges maternelles ;raisin;19/01/2025;1;0.000173;0;0;28;0;
T06;Ne pas tuer les petites bêtes et les remettre dehors (c'est la nourriture de oiseaux);Biodiversité;ROUGES;Rouges maternelles ;raisin;19/01/2025;1;1.518;0;0;0;0;
T04;Acheter des produits avec moins d'emballages (éviter emballages individuels);Courses;ROUGES;Rouges maternelles ;raisin;19/01/2025;1;0.506;0;0;0;34.86;
D06;Acheter d’occasion plutôt que neuf;Courses;ROUGES;Rouges maternelles ;raisin;19/01/2025;1;0.017374;0;0.183462;0;0.134615385;
W03;Préférer les produits réutilisables plutôt que jetables;Courses;ROUGES;Rouges maternelles ;raisin;19/01/2025;1;0.004964;12.6;0;0;0;
E01;Acheter juste ce dont on a besoin;Courses;ROUGES;Rouges maternelles ;raisin;19/01/2025;1;0.027408;0;0;0;0.134615385;
E08;Acheter des fruits ou légumes de saison;Courses;ROUGES;Rouges maternelles ;raisin;19/01/2025;1;0.000173;0;0;0;0;
E03;Acheter des produits recyclables et utiliser les bacs de tri;Déchets;ROUGES;Rouges maternelles ;raisin;19/01/2025;1;0.15988;0;0;0;0;
E08;Ramasser les papiers et les déchets par terre pour les mettre à la poubelle;Déchets;ROUGES;Rouges maternelles ;raisin;19/01/2025;1;0.000173;0;0;0;0.1;
D02;Tout manger ce qu'il y a dans nos assiettes (cantine, maison);Déchets;ROUGES;Rouges maternelles ;raisin;19/01/2025;1;2.453511;0;1.390385;0;1.390384615;
E03;Acheter des produits recyclables et utiliser les bacs de tri;Déchets;ROUGES;Rouges maternelles ;marron;19/01/2025;1;0.15988;0;0;0;0;
E08;Ramasser les papiers et les déchets par terre pour les mettre à la poubelle;Déchets;ROUGES;Rouges maternelles ;marron;19/01/2025;1;0.000173;0;0;0;0.1;
D02;Tout manger ce qu'il y a dans nos assiettes (cantine, maison);Déchets;ROUGES;Rouges maternelles ;marron;19/01/2025;1;2.453511;0;1.390385;0;1.390384615;
T04;Acheter des produits avec moins d'emballages (éviter emballages individuels);Courses;ROUGES;Rouges maternelles ;marron;19/01/2025;1;0.506;0;0;0;34.86;
D06;Acheter d’occasion plutôt que neuf;Courses;ROUGES;Rouges maternelles ;marron;19/01/2025;1;0.017374;0;0.183462;0;0.134615385;
E01;Acheter juste ce dont on a besoin;Courses;ROUGES;Rouges maternelles ;marron;19/01/2025;1;0.027408;0;0;0;0.134615385;
E08;Acheter des fruits ou légumes de saison;Courses;ROUGES;Rouges maternelles ;marron;19/01/2025;1;0.000173;0;0;0;0;
T06;Ne pas tuer les petites bêtes et les remettre dehors (c'est la nourriture de oiseaux);Biodiversité;ROUGES;Rouges maternelles ;marron;19/01/2025;1;1.518;0;0;0;0;
D05;Récupérer l'eau de pluie pour arroser;Eau;ROUGES;Rouges maternelles ;marron;19/01/2025;1;0.000239;0;0.134615;35;0;
D10;Couper l’eau quand on se savonne les mains;Eau;ROUGES;Rouges maternelles ;marron;19/01/2025;1;0.54243;0;0.21;12.6;0;
W02;Ne pas gaspiller l'eau de son verre;Eau;ROUGES;Rouges maternelles ;marron;19/01/2025;1;0.05;28;0;35;0;
D09;Eviter de prendre des bains (préférer la douche rapide);Eau;ROUGES;Rouges maternelles ;marron;19/01/2025;1;0.0623;0;1.75;357;0;
E08;Fermer le robinet quand on se brosse les dents;Eau;ROUGES;Rouges maternelles ;marron;19/01/2025;1;0.000173;0;0;28;0;
W04;Fermer ses volets quand il fait froid et nuit;Electricité;ROUGES;Rouges maternelles ;marron;19/01/2025;1;0.006501;16.5;0;0;0;
D06;Réduire son temps devant les écrans (Télé, ordinateurs, tablette, jeux vidéos...);Electricité;ROUGES;Rouges maternelles ;marron;19/01/2025;1;0.017374;0;0.183462;0;0;
E04;Eteindre les appareils électriques lorsqu'on ne s'en sert pas (Télé, ordinateur...);Electricité;ROUGES;Rouges maternelles ;marron;19/01/2025;1;0.15988;0;1;0;0;
D11;Ne pas prendre sa voiture si c'est possble : préférer la marche et le vélo (pour les petits trajets), le covoiturage…;Transport;ROUGES;Rouges maternelles ;marron;19/01/2025;1;0.38;0;0.67;0;0;
C01;Eteindre les lumières quand on quitte une pièce ou si il fait jour dehors;Electricité;ROUGES;Rouges maternelles ;marron;19/01/2025;1;13.7935;0;0;0;0;
W03;Préférer les produits réutilisables plutôt que jetables;Courses;ROUGES;Rouges maternelles ;marron;19/01/2025;1;0.004964;12.6;0;0;0;
W04;Fermer ses volets quand il fait froid et nuit;Electricité;ROUGES;Rouges maternelles ;radis;20/01/2025;1;0.006501;16.5;0;0;0;
E04;Eteindre les appareils électriques lorsqu'on ne s'en sert pas (Télé, ordinateur...);Electricité;ROUGES;Rouges maternelles ;radis;20/01/2025;1;0.15988;0;1;0;0;
D06;Réduire son temps devant les écrans (Télé, ordinateurs, tablette, jeux vidéos...);Electricité;ROUGES;Rouges maternelles ;radis;20/01/2025;1;0.017374;0;0.183462;0;0;
C01;Eteindre les lumières quand on quitte une pièce ou si il fait jour dehors;Electricité;ROUGES;Rouges maternelles ;radis;20/01/2025;1;13.7935;0;0;0;0;
D10;Couper l’eau quand on se savonne les mains;Eau;ROUGES;Rouges maternelles ;radis;20/01/2025;1;0.54243;0;0.21;12.6;0;
W02;Ne pas gaspiller l'eau de son verre;Eau;ROUGES;Rouges maternelles ;radis;20/01/2025;1;0.05;28;0;35;0;
D09;Eviter de prendre des bains (préférer la douche rapide);Eau;ROUGES;Rouges maternelles ;radis;20/01/2025;1;0.0623;0;1.75;357;0;
E08;Fermer le robinet quand on se brosse les dents;Eau;ROUGES;Rouges maternelles ;radis;20/01/2025;1;0.000173;0;0;28;0;
D06;Acheter d’occasion plutôt que neuf;Courses;ROUGES;Rouges maternelles ;radis;20/01/2025;1;0.017374;0;0.183462;0;0.134615385;
E08;Acheter des fruits ou légumes de saison;Courses;ROUGES;Rouges maternelles ;radis;20/01/2025;1;0.000173;0;0;0;0;
E08;Ramasser les papiers et les déchets par terre pour les mettre à la poubelle;Déchets;ROUGES;Rouges maternelles ;radis;20/01/2025;1;0.000173;0;0;0;0.1;
E01;Acheter juste ce dont on a besoin;Courses;ROUGES;Rouges maternelles ;pomme;27/01/2025;1;0.027408;0;0;0;0.134615385;
D11;Ne pas prendre sa voiture si c'est possble : préférer la marche et le vélo (pour les petits trajets), le covoiturage…;Transport;ROUGES;Rouges maternelles ;fruits;22/01/2025;1;0.38;0;0.67;0;0;
D06;Réduire son temps devant les écrans (Télé, ordinateurs, tablette, jeux vidéos...);Electricité;ROUGES;Rouges maternelles ;fruits;22/01/2025;1;0.017374;0;0.183462;0;0;
D05;Récupérer l'eau de pluie pour arroser;Eau;ROUGES;Rouges maternelles ;fruits;22/01/2025;1;0.000239;0;0.134615;35;0;
D10;Couper l’eau quand on se savonne les mains;Eau;ROUGES;Rouges maternelles ;fruits;22/01/2025;1;0.54243;0;0.21;12.6;0;
E08;Fermer le robinet quand on se brosse les dents;Eau;ROUGES;Rouges maternelles ;fruits;22/01/2025;1;0.000173;0;0;28;0;
W03;Préférer les produits réutilisables plutôt que jetables;Courses;ROUGES;Rouges maternelles ;fruits;22/01/2025;1;0.004964;12.6;0;0;0;
E08;Acheter des fruits ou légumes de saison;Courses;ROUGES;Rouges maternelles ;fruits;22/01/2025;1;0.000173;0;0;0;0;
W04;Fermer ses volets quand il fait froid et nuit;Electricité;ROUGES;Rouges maternelles ;clémentine;22/01/2025;1;0.006501;16.5;0;0;0;
E04;Eteindre les appareils électriques lorsqu'on ne s'en sert pas (Télé, ordinateur...);Electricité;ROUGES;Rouges maternelles ;clémentine;22/01/2025;1;0.15988;0;1;0;0;
D05;Récupérer l'eau de pluie pour arroser;Eau;ROUGES;Rouges maternelles ;clémentine;22/01/2025;1;0.000239;0;0.134615;35;0;
W02;Ne pas gaspiller l'eau de son verre;Eau;ROUGES;Rouges maternelles ;clémentine;22/01/2025;1;0.05;28;0;35;0;
E08;Fermer le robinet quand on se brosse les dents;Eau;ROUGES;Rouges maternelles ;clémentine;22/01/2025;1;0.000173;0;0;28;0;
T04;Acheter des produits avec moins d'emballages (éviter emballages individuels);Courses;ROUGES;Rouges maternelles ;clémentine;22/01/2025;1;0.506;0;0;0;34.86;
W03;Préférer les produits réutilisables plutôt que jetables;Courses;ROUGES;Rouges maternelles ;clémentine;22/01/2025;1;0.004964;12.6;0;0;0;
E08;Acheter des fruits ou légumes de saison;Courses;ROUGES;Rouges maternelles ;clémentine;22/01/2025;1;0.000173;0;0;0;0;
E08;Ramasser les papiers et les déchets par terre pour les mettre à la poubelle;Déchets;ROUGES;Rouges maternelles ;clémentine;22/01/2025;1;0.000173;0;0;0;0.1;
E01;Acheter juste ce dont on a besoin;Courses;ROUGES;Rouges maternelles ;radis;23/01/2025;1;0.027408;0;0;0;0.134615385;
E03;Acheter des produits recyclables et utiliser les bacs de tri;Déchets;ROUGES;Rouges maternelles ;pomme;27/01/2025;1;0.15988;0;0;0;0;
W04;Fermer ses volets quand il fait froid et nuit;Electricité;ROUGES;Rouges maternelles ;poire;31/01/2025;1;0.006501;16.5;0;0;0;
E04;Eteindre les appareils électriques lorsqu'on ne s'en sert pas (Télé, ordinateur...);Electricité;ROUGES;Rouges maternelles ;poire;31/01/2025;1;0.15988;0;1;0;0;
D10;Couper l’eau quand on se savonne les mains;Eau;ROUGES;Rouges maternelles ;poire;31/01/2025;1;0.54243;0;0.21;12.6;0;
D09;Eviter de prendre des bains (préférer la douche rapide);Eau;ROUGES;Rouges maternelles ;poire;31/01/2025;1;0.0623;0;1.75;357;0;
T04;Acheter des produits avec moins d'emballages (éviter emballages individuels);Courses;ROUGES;Rouges maternelles ;poire;31/01/2025;1;0.506;0;0;0;34.86;
W03;Préférer les produits réutilisables plutôt que jetables;Courses;ROUGES;Rouges maternelles ;poire;31/01/2025;1;0.004964;12.6;0;0;0;
E08;Acheter des fruits ou légumes de saison;Courses;ROUGES;Rouges maternelles ;poire;31/01/2025;1;0.000173;0;0;0;0;
W03;Préférer les produits réutilisables plutôt que jetables;Courses;ROUGES;Rouges maternelles ;radis;20/01/2025;1;0.004964;12.6;0;0;0;
E03;Acheter des produits recyclables et utiliser les bacs de tri;Déchets;ROUGES;Rouges maternelles ;radis;20/01/2025;1;0.15988;0;0;0;0;
D02;Tout manger ce qu'il y a dans nos assiettes (cantine, maison);Déchets;ROUGES;Rouges maternelles ;radis;20/01/2025;1;2.453511;0;1.390385;0;1.390384615;
W04;Fermer ses volets quand il fait froid et nuit;Electricité;ROUGES;Rouges maternelles ;fruits;22/01/2025;1;0.006501;16.5;0;0;0;
C01;Eteindre les lumières quand on quitte une pièce ou si il fait jour dehors;Electricité;ROUGES;Rouges maternelles ;fruits;22/01/2025;1;13.7935;0;0;0;0;
W02;Ne pas gaspiller l'eau de son verre;Eau;ROUGES;Rouges maternelles ;fruits;22/01/2025;1;0.05;28;0;35;0;
D09;Eviter de prendre des bains (préférer la douche rapide);Eau;ROUGES;Rouges maternelles ;fruits;22/01/2025;1;0.0623;0;1.75;357;0;
E01;Acheter juste ce dont on a besoin;Courses;ROUGES;Rouges maternelles ;fruits;22/01/2025;1;0.027408;0;0;0;0.134615385;
D11;Ne pas prendre sa voiture si c'est possble : préférer la marche et le vélo (pour les petits trajets), le covoiturage…;Transport;ROUGES;Rouges maternelles ;clémentine;22/01/2025;1;0.38;0;0.67;0;0;
D06;Réduire son temps devant les écrans (Télé, ordinateurs, tablette, jeux vidéos...);Electricité;ROUGES;Rouges maternelles ;clémentine;22/01/2025;1;0.017374;0;0.183462;0;0;
C01;Eteindre les lumières quand on quitte une pièce ou si il fait jour dehors;Electricité;ROUGES;Rouges maternelles ;clémentine;22/01/2025;1;13.7935;0;0;0;0;
D10;Couper l’eau quand on se savonne les mains;Eau;ROUGES;Rouges maternelles ;clémentine;22/01/2025;1;0.54243;0;0.21;12.6;0;
D09;Eviter de prendre des bains (préférer la douche rapide);Eau;ROUGES;Rouges maternelles ;clémentine;22/01/2025;1;0.0623;0;1.75;357;0;
T06;Ne pas tuer les petites bêtes et les remettre dehors (c'est la nourriture de oiseaux);Biodiversité;ROUGES;Rouges maternelles ;clémentine;22/01/2025;1;1.518;0;0;0;0;
D06;Acheter d’occasion plutôt que neuf;Courses;ROUGES;Rouges maternelles ;clémentine;22/01/2025;1;0.017374;0;0.183462;0;0.134615385;
E01;Acheter juste ce dont on a besoin;Courses;ROUGES;Rouges maternelles ;clémentine;22/01/2025;1;0.027408;0;0;0;0.134615385;
E03;Acheter des produits recyclables et utiliser les bacs de tri;Déchets;ROUGES;Rouges maternelles ;clémentine;22/01/2025;1;0.15988;0;0;0;0;
D02;Tout manger ce qu'il y a dans nos assiettes (cantine, maison);Déchets;ROUGES;Rouges maternelles ;clémentine;22/01/2025;1;2.453511;0;1.390385;0;1.390384615;
T06;Ne pas tuer les petites bêtes et les remettre dehors (c'est la nourriture de oiseaux);Biodiversité;ROUGES;Rouges maternelles ;radis;23/01/2025;1;1.518;0;0;0;0;
D02;Tout manger ce qu'il y a dans nos assiettes (cantine, maison);Déchets;ROUGES;Rouges maternelles ;fruits;23/01/2025;1;2.453511;0;1.390385;0;1.390384615;
E08;Ramasser les papiers et les déchets par terre pour les mettre à la poubelle;Déchets;ROUGES;Rouges maternelles ;fruits;23/01/2025;1;0.000173;0;0;0;0.1;
E03;Acheter des produits recyclables et utiliser les bacs de tri;Déchets;ROUGES;Rouges maternelles ;fruits;23/01/2025;1;0.15988;0;0;0;0;
E04;Eteindre les appareils électriques lorsqu'on ne s'en sert pas (Télé, ordinateur...);Electricité;ROUGES;Rouges maternelles ;fruits;24/01/2025;1;0.15988;0;1;0;0;
D11;Ne pas prendre sa voiture si c'est possble : préférer la marche et le vélo (pour les petits trajets), le covoiturage…;Transport;ROUGES;Rouges maternelles ;petits pois;25/01/2025;1;0.38;0;0.67;0;0;
W04;Fermer ses volets quand il fait froid et nuit;Electricité;ROUGES;Rouges maternelles ;petits pois;25/01/2025;1;0.006501;16.5;0;0;0;
D06;Réduire son temps devant les écrans (Télé, ordinateurs, tablette, jeux vidéos...);Electricité;ROUGES;Rouges maternelles ;petits pois;25/01/2025;1;0.017374;0;0.183462;0;0;
E04;Eteindre les appareils électriques lorsqu'on ne s'en sert pas (Télé, ordinateur...);Electricité;ROUGES;Rouges maternelles ;petits pois;25/01/2025;1;0.15988;0;1;0;0;
C01;Eteindre les lumières quand on quitte une pièce ou si il fait jour dehors;Electricité;ROUGES;Rouges maternelles ;petits pois;25/01/2025;1;13.7935;0;0;0;0;
D05;Récupérer l'eau de pluie pour arroser;Eau;ROUGES;Rouges maternelles ;petits pois;25/01/2025;1;0.000239;0;0.134615;35;0;
D10;Couper l’eau quand on se savonne les mains;Eau;ROUGES;Rouges maternelles ;petits pois;25/01/2025;1;0.54243;0;0.21;12.6;0;
W02;Ne pas gaspiller l'eau de son verre;Eau;ROUGES;Rouges maternelles ;petits pois;25/01/2025;1;0.05;28;0;35;0;
D09;Eviter de prendre des bains (préférer la douche rapide);Eau;ROUGES;Rouges maternelles ;petits pois;25/01/2025;1;0.0623;0;1.75;357;0;
E08;Fermer le robinet quand on se brosse les dents;Eau;ROUGES;Rouges maternelles ;petits pois;25/01/2025;1;0.000173;0;0;28;0;
T06;Ne pas tuer les petites bêtes et les remettre dehors (c'est la nourriture de oiseaux);Biodiversité;ROUGES;Rouges maternelles ;petits pois;25/01/2025;1;1.518;0;0;0;0;
T04;Acheter des produits avec moins d'emballages (éviter emballages individuels);Courses;ROUGES;Rouges maternelles ;petits pois;25/01/2025;1;0.506;0;0;0;34.86;
D06;Acheter d’occasion plutôt que neuf;Courses;ROUGES;Rouges maternelles ;petits pois;25/01/2025;1;0.017374;0;0.183462;0;0.134615385;
W03;Préférer les produits réutilisables plutôt que jetables;Courses;ROUGES;Rouges maternelles ;petits pois;25/01/2025;1;0.004964;12.6;0;0;0;
E01;Acheter juste ce dont on a besoin;Courses;ROUGES;Rouges maternelles ;petits pois;25/01/2025;1;0.027408;0;0;0;0.134615385;
E08;Acheter des fruits ou légumes de saison;Courses;ROUGES;Rouges maternelles ;petits pois;25/01/2025;1;0.000173;0;0;0;0;
E03;Acheter des produits recyclables et utiliser les bacs de tri;Déchets;ROUGES;Rouges maternelles ;petits pois;25/01/2025;1;0.15988;0;0;0;0;
E08;Ramasser les papiers et les déchets par terre pour les mettre à la poubelle;Déchets;ROUGES;Rouges maternelles ;petits pois;25/01/2025;1;0.000173;0;0;0;0.1;
D02;Tout manger ce qu'il y a dans nos assiettes (cantine, maison);Déchets;ROUGES;Rouges maternelles ;petits pois;25/01/2025;1;2.453511;0;1.390385;0;1.390384615;
E08;Acheter des fruits ou légumes de saison;Courses;ROUGES;Rouges maternelles ;pomme;27/01/2025;1;0.000173;0;0;0;0;
D02;Tout manger ce qu'il y a dans nos assiettes (cantine, maison);Déchets;ROUGES;Rouges maternelles ;pomme;27/01/2025;1;2.453511;0;1.390385;0;1.390384615;
D11;Ne pas prendre sa voiture si c'est possble : préférer la marche et le vélo (pour les petits trajets), le covoiturage…;Transport;ROUGES;Rouges maternelles ;fruits;04/03/2025;1;0.38;0;0.67;0;0;
D11;Ne pas prendre sa voiture si c'est possble : préférer la marche et le vélo (pour les petits trajets), le covoiturage…;Transport;ROUGES;Rouges maternelles ;poire;31/01/2025;1;0.38;0;0.67;0;0;
D06;Réduire son temps devant les écrans (Télé, ordinateurs, tablette, jeux vidéos...);Electricité;ROUGES;Rouges maternelles ;poire;31/01/2025;1;0.017374;0;0.183462;0;0;
C01;Eteindre les lumières quand on quitte une pièce ou si il fait jour dehors;Electricité;ROUGES;Rouges maternelles ;poire;31/01/2025;1;13.7935;0;0;0;0;
W02;Ne pas gaspiller l'eau de son verre;Eau;ROUGES;Rouges maternelles ;poire;31/01/2025;1;0.05;28;0;35;0;
T06;Ne pas tuer les petites bêtes et les remettre dehors (c'est la nourriture de oiseaux);Biodiversité;ROUGES;Rouges maternelles ;poire;31/01/2025;1;1.518;0;0;0;0;
D06;Acheter d’occasion plutôt que neuf;Courses;ROUGES;Rouges maternelles ;poire;31/01/2025;1;0.017374;0;0.183462;0;0.134615385;
E01;Acheter juste ce dont on a besoin;Courses;ROUGES;Rouges maternelles ;poire;31/01/2025;1;0.027408;0;0;0;0.134615385;
E08;Fermer le robinet quand on se brosse les dents;Eau;ROUGES;Rouges maternelles ;poire;31/01/2025;1;0.000173;0;0;28;0;
W04;Fermer ses volets quand il fait froid et nuit;Electricité;ROUGES;Rouges maternelles ;fruits;04/03/2025;1;0.006501;16.5;0;0;0;
D06;Réduire son temps devant les écrans (Télé, ordinateurs, tablette, jeux vidéos...);Electricité;ROUGES;Rouges maternelles ;fruits;04/03/2025;1;0.017374;0;0.183462;0;0;
D11;Ne pas prendre sa voiture si c'est possble : préférer la marche et le vélo (pour les petits trajets), le covoiturage…;Transport;ROUGES;Rouges maternelles ;petits pois;05/02/2025;1;0.38;0;0.67;0;0;
W04;Fermer ses volets quand il fait froid et nuit;Electricité;ROUGES;Rouges maternelles ;petits pois;05/02/2025;1;0.006501;16.5;0;0;0;
D06;Réduire son temps devant les écrans (Télé, ordinateurs, tablette, jeux vidéos...);Electricité;ROUGES;Rouges maternelles ;petits pois;05/02/2025;1;0.017374;0;0.183462;0;0;
E04;Eteindre les appareils électriques lorsqu'on ne s'en sert pas (Télé, ordinateur...);Electricité;ROUGES;Rouges maternelles ;petits pois;05/02/2025;1;0.15988;0;1;0;0;
C01;Eteindre les lumières quand on quitte une pièce ou si il fait jour dehors;Electricité;ROUGES;Rouges maternelles ;petits pois;05/02/2025;1;13.7935;0;0;0;0;
D05;Récupérer l'eau de pluie pour arroser;Eau;ROUGES;Rouges maternelles ;petits pois;05/02/2025;1;0.000239;0;0.134615;35;0;
D10;Couper l’eau quand on se savonne les mains;Eau;ROUGES;Rouges maternelles ;petits pois;05/02/2025;1;0.54243;0;0.21;12.6;0;
W02;Ne pas gaspiller l'eau de son verre;Eau;ROUGES;Rouges maternelles ;petits pois;05/02/2025;1;0.05;28;0;35;0;
D09;Eviter de prendre des bains (préférer la douche rapide);Eau;ROUGES;Rouges maternelles ;petits pois;05/02/2025;1;0.0623;0;1.75;357;0;
E08;Fermer le robinet quand on se brosse les dents;Eau;ROUGES;Rouges maternelles ;petits pois;05/02/2025;1;0.000173;0;0;28;0;
T06;Ne pas tuer les petites bêtes et les remettre dehors (c'est la nourriture de oiseaux);Biodiversité;ROUGES;Rouges maternelles ;petits pois;05/02/2025;1;1.518;0;0;0;0;
T04;Acheter des produits avec moins d'emballages (éviter emballages individuels);Courses;ROUGES;Rouges maternelles ;petits pois;05/02/2025;1;0.506;0;0;0;34.86;
D06;Acheter d’occasion plutôt que neuf;Courses;ROUGES;Rouges maternelles ;petits pois;05/02/2025;1;0.017374;0;0.183462;0;0.134615385;
W03;Préférer les produits réutilisables plutôt que jetables;Courses;ROUGES;Rouges maternelles ;petits pois;05/02/2025;1;0.004964;12.6;0;0;0;
E01;Acheter juste ce dont on a besoin;Courses;ROUGES;Rouges maternelles ;petits pois;05/02/2025;1;0.027408;0;0;0;0.134615385;
E08;Acheter des fruits ou légumes de saison;Courses;ROUGES;Rouges maternelles ;petits pois;05/02/2025;1;0.000173;0;0;0;0;
E03;Acheter des produits recyclables et utiliser les bacs de tri;Déchets;ROUGES;Rouges maternelles ;petits pois;05/02/2025;1;0.15988;0;0;0;0;
E08;Ramasser les papiers et les déchets par terre pour les mettre à la poubelle;Déchets;ROUGES;Rouges maternelles ;petits pois;05/02/2025;1;0.000173;0;0;0;0.1;
D02;Tout manger ce qu'il y a dans nos assiettes (cantine, maison);Déchets;ROUGES;Rouges maternelles ;petits pois;05/02/2025;1;2.453511;0;1.390385;0;1.390384615;
D11;Ne pas prendre sa voiture si c'est possble : préférer la marche et le vélo (pour les petits trajets), le covoiturage…;Transport;ROUGES;Rouges maternelles ;pamplemousse;05/02/2025;1;0.38;0;0.67;0;0;
W04;Fermer ses volets quand il fait froid et nuit;Electricité;ROUGES;Rouges maternelles ;pamplemousse;05/02/2025;1;0.006501;16.5;0;0;0;
D06;Réduire son temps devant les écrans (Télé, ordinateurs, tablette, jeux vidéos...);Electricité;ROUGES;Rouges maternelles ;pamplemousse;05/02/2025;1;0.017374;0;0.183462;0;0;
E04;Eteindre les appareils électriques lorsqu'on ne s'en sert pas (Télé, ordinateur...);Electricité;ROUGES;Rouges maternelles ;pamplemousse;05/02/2025;1;0.15988;0;1;0;0;
C01;Eteindre les lumières quand on quitte une pièce ou si il fait jour dehors;Electricité;ROUGES;Rouges maternelles ;pamplemousse;05/02/2025;1;13.7935;0;0;0;0;
D10;Couper l’eau quand on se savonne les mains;Eau;ROUGES;Rouges maternelles ;pamplemousse;05/02/2025;1;0.54243;0;0.21;12.6;0;
W02;Ne pas gaspiller l'eau de son verre;Eau;ROUGES;Rouges maternelles ;pamplemousse;05/02/2025;1;0.05;28;0;35;0;
D09;Eviter de prendre des bains (préférer la douche rapide);Eau;ROUGES;Rouges maternelles ;pamplemousse;05/02/2025;1;0.0623;0;1.75;357;0;
E08;Fermer le robinet quand on se brosse les dents;Eau;ROUGES;Rouges maternelles ;pamplemousse;05/02/2025;1;0.000173;0;0;28;0;
T06;Ne pas tuer les petites bêtes et les remettre dehors (c'est la nourriture de oiseaux);Biodiversité;ROUGES;Rouges maternelles ;pamplemousse;05/02/2025;1;1.518;0;0;0;0;
T04;Acheter des produits avec moins d'emballages (éviter emballages individuels);Courses;ROUGES;Rouges maternelles ;pamplemousse;05/02/2025;1;0.506;0;0;0;34.86;
D06;Acheter d’occasion plutôt que neuf;Courses;ROUGES;Rouges maternelles ;pamplemousse;05/02/2025;1;0.017374;0;0.183462;0;0.134615385;
W03;Préférer les produits réutilisables plutôt que jetables;Courses;ROUGES;Rouges maternelles ;pamplemousse;05/02/2025;1;0.004964;12.6;0;0;0;
E01;Acheter juste ce dont on a besoin;Courses;ROUGES;Rouges maternelles ;pamplemousse;05/02/2025;1;0.027408;0;0;0;0.134615385;
E08;Acheter des fruits ou légumes de saison;Courses;ROUGES;Rouges maternelles ;pamplemousse;05/02/2025;1;0.000173;0;0;0;0;
E03;Acheter des produits recyclables et utiliser les bacs de tri;Déchets;ROUGES;Rouges maternelles ;pamplemousse;05/02/2025;1;0.15988;0;0;0;0;
E08;Ramasser les papiers et les déchets par terre pour les mettre à la poubelle;Déchets;ROUGES;Rouges maternelles ;pamplemousse;05/02/2025;1;0.000173;0;0;0;0.1;
D02;Tout manger ce qu'il y a dans nos assiettes (cantine, maison);Déchets;ROUGES;Rouges maternelles ;pamplemousse;05/02/2025;1;2.453511;0;1.390385;0;1.390384615;
E04;Eteindre les appareils électriques lorsqu'on ne s'en sert pas (Télé, ordinateur...);Electricité;ROUGES;Rouges maternelles ;fruits;04/03/2025;1;0.15988;0;1;0;0;
C01;Eteindre les lumières quand on quitte une pièce ou si il fait jour dehors;Electricité;ROUGES;Rouges maternelles ;fruits;04/03/2025;1;13.7935;0;0;0;0;
D10;Couper l’eau quand on se savonne les mains;Eau;ROUGES;Rouges maternelles ;fruits;04/03/2025;1;0.54243;0;0.21;12.6;0;
W02;Ne pas gaspiller l'eau de son verre;Eau;ROUGES;Rouges maternelles ;fruits;04/03/2025;1;0.05;28;0;35;0;
D09;Eviter de prendre des bains (préférer la douche rapide);Eau;ROUGES;Rouges maternelles ;fruits;04/03/2025;1;0.0623;0;1.75;357;0;
E08;Fermer le robinet quand on se brosse les dents;Eau;ROUGES;Rouges maternelles ;fruits;04/03/2025;1;0.000173;0;0;28;0;
T04;Acheter des produits avec moins d'emballages (éviter emballages individuels);Courses;ROUGES;Rouges maternelles ;fruits;04/03/2025;1;0.506;0;0;0;34.86;
W03;Préférer les produits réutilisables plutôt que jetables;Courses;ROUGES;Rouges maternelles ;fruits;04/03/2025;1;0.004964;12.6;0;0;0;
E01;Acheter juste ce dont on a besoin;Courses;ROUGES;Rouges maternelles ;fruits;04/03/2025;1;0.027408;0;0;0;0.134615385;
E08;Acheter des fruits ou légumes de saison;Courses;ROUGES;Rouges maternelles ;fruits;04/03/2025;1;0.000173;0;0;0;0;
E03;Acheter des produits recyclables et utiliser les bacs de tri;Déchets;ROUGES;Rouges maternelles ;fruits;04/03/2025;1;0.15988;0;0;0;0;
D02;Tout manger ce qu'il y a dans nos assiettes (cantine, maison);Déchets;ROUGES;Rouges maternelles ;fruits;04/03/2025;1;2.453511;0;1.390385;0;1.390384615;
E08;Ramasser les papiers et les déchets par terre pour les mettre à la poubelle;Déchets;ROUGES;Rouges maternelles ;poire;31/01/2025;1;0.000173;0;0;0;0.1;
D11;Ne pas prendre sa voiture si c'est possble : préférer la marche et le vélo (pour les petits trajets), le covoiturage…;Transport;ROUGES;Rouges maternelles ;clémentine;05/03/2025;1;0.38;0;0.67;0;0;
E03;Acheter des produits recyclables et utiliser les bacs de tri;Déchets;ROUGES;Rouges maternelles ;clémentine;05/03/2025;1;0.15988;0;0;0;0;
E08;Ramasser les papiers et les déchets par terre pour les mettre à la poubelle;Déchets;ROUGES;Rouges maternelles ;clémentine;05/03/2025;1;0.000173;0;0;0;0.1;
D02;Tout manger ce qu'il y a dans nos assiettes (cantine, maison);Déchets;ROUGES;Rouges maternelles ;clémentine;05/03/2025;1;2.453511;0;1.390385;0;1.390384615;
T04;Acheter des produits avec moins d'emballages (éviter emballages individuels);Courses;ROUGES;Rouges maternelles ;clémentine;05/03/2025;1;0.506;0;0;0;34.86;
D06;Acheter d’occasion plutôt que neuf;Courses;ROUGES;Rouges maternelles ;clémentine;05/03/2025;1;0.017374;0;0.183462;0;0.134615385;
W03;Préférer les produits réutilisables plutôt que jetables;Courses;ROUGES;Rouges maternelles ;clémentine;05/03/2025;1;0.004964;12.6;0;0;0;
E01;Acheter juste ce dont on a besoin;Courses;ROUGES;Rouges maternelles ;clémentine;05/03/2025;1;0.027408;0;0;0;0.134615385;
E08;Acheter des fruits ou légumes de saison;Courses;ROUGES;Rouges maternelles ;clémentine;05/03/2025;1;0.000173;0;0;0;0;
T06;Ne pas tuer les petites bêtes et les remettre dehors (c'est la nourriture de oiseaux);Biodiversité;ROUGES;Rouges maternelles ;clémentine;05/03/2025;1;1.518;0;0;0;0;
D05;Récupérer l'eau de pluie pour arroser;Eau;ROUGES;Rouges maternelles ;clémentine;05/03/2025;1;0.000239;0;0.134615;35;0;
D10;Couper l’eau quand on se savonne les mains;Eau;ROUGES;Rouges maternelles ;clémentine;05/03/2025;1;0.54243;0;0.21;12.6;0;
W02;Ne pas gaspiller l'eau de son verre;Eau;ROUGES;Rouges maternelles ;clémentine;05/03/2025;1;0.05;28;0;35;0;
D09;Eviter de prendre des bains (préférer la douche rapide);Eau;ROUGES;Rouges maternelles ;clémentine;05/03/2025;1;0.0623;0;1.75;357;0;
E08;Fermer le robinet quand on se brosse les dents;Eau;ROUGES;Rouges maternelles ;clémentine;05/03/2025;1;0.000173;0;0;28;0;
W04;Fermer ses volets quand il fait froid et nuit;Electricité;ROUGES;Rouges maternelles ;clémentine;05/03/2025;1;0.006501;16.5;0;0;0;
D06;Réduire son temps devant les écrans (Télé, ordinateurs, tablette, jeux vidéos...);Electricité;ROUGES;Rouges maternelles ;clémentine;05/03/2025;1;0.017374;0;0.183462;0;0;
E04;Eteindre les appareils électriques lorsqu'on ne s'en sert pas (Télé, ordinateur...);Electricité;ROUGES;Rouges maternelles ;clémentine;05/03/2025;1;0.15988;0;1;0;0;
C01;Eteindre les lumières quand on quitte une pièce ou si il fait jour dehors;Electricité;ROUGES;Rouges maternelles ;clémentine;05/03/2025;1;13.7935;0;0;0;0;
D10;Couper l’eau quand on se savonne les mains;Eau;ROUGES;Rouges maternelles ;marron;02/02/2025;1;0.54243;0;0.21;12.6;0;
T06;Ne pas tuer les petites bêtes et les remettre dehors (c'est la nourriture de oiseaux);Biodiversité;ROUGES;Rouges maternelles ;marron;02/02/2025;1;1.518;0;0;0;0;
T04;Acheter des produits avec moins d'emballages (éviter emballages individuels);Courses;ROUGES;Rouges maternelles ;marron;02/02/2025;1;0.506;0;0;0;34.86;
W03;Préférer les produits réutilisables plutôt que jetables;Courses;ROUGES;Rouges maternelles ;marron;02/02/2025;1;0.004964;12.6;0;0;0;
E08;Acheter des fruits ou légumes de saison;Courses;ROUGES;Rouges maternelles ;marron;02/02/2025;1;0.000173;0;0;0;0;
E08;Ramasser les papiers et les déchets par terre pour les mettre à la poubelle;Déchets;ROUGES;Rouges maternelles ;marron;02/02/2025;1;0.000173;0;0;0;0.1;
W04;Fermer ses volets quand il fait froid et nuit;Electricité;ROUGES;Rouges maternelles ;fruits;03/02/2025;1;0.006501;16.5;0;0;0;
E04;Eteindre les appareils électriques lorsqu'on ne s'en sert pas (Télé, ordinateur...);Electricité;ROUGES;Rouges maternelles ;fruits;03/02/2025;1;0.15988;0;1;0;0;
W02;Ne pas gaspiller l'eau de son verre;Eau;ROUGES;Rouges maternelles ;fruits;03/02/2025;1;0.05;28;0;35;0;
T04;Acheter des produits avec moins d'emballages (éviter emballages individuels);Courses;ROUGES;Rouges maternelles ;fruits;03/02/2025;1;0.506;0;0;0;34.86;
E08;Acheter des fruits ou légumes de saison;Courses;ROUGES;Rouges maternelles ;fruits;03/02/2025;1;0.000173;0;0;0;0;
E01;Acheter juste ce dont on a besoin;Courses;ROUGES;Rouges maternelles ;fruits;03/02/2025;1;0.027408;0;0;0;0.134615385;
E08;Ramasser les papiers et les déchets par terre pour les mettre à la poubelle;Déchets;ROUGES;Rouges maternelles ;fruits;03/02/2025;1;0.000173;0;0;0;0.1;
D11;Ne pas prendre sa voiture si c'est possble : préférer la marche et le vélo (pour les petits trajets), le covoiturage…;Transport;ROUGES;Rouges maternelles ;châtaigne;04/02/2025;1;0.38;0;0.67;0;0;
E04;Eteindre les appareils électriques lorsqu'on ne s'en sert pas (Télé, ordinateur...);Electricité;ROUGES;Rouges maternelles ;châtaigne;04/02/2025;1;0.15988;0;1;0;0;
D05;Récupérer l'eau de pluie pour arroser;Eau;ROUGES;Rouges maternelles ;châtaigne;04/02/2025;1;0.000239;0;0.134615;35;0;
W02;Ne pas gaspiller l'eau de son verre;Eau;ROUGES;Rouges maternelles ;châtaigne;04/02/2025;1;0.05;28;0;35;0;
E08;Fermer le robinet quand on se brosse les dents;Eau;ROUGES;Rouges maternelles ;châtaigne;04/02/2025;1;0.000173;0;0;28;0;
T04;Acheter des produits avec moins d'emballages (éviter emballages individuels);Courses;ROUGES;Rouges maternelles ;châtaigne;04/02/2025;1;0.506;0;0;0;34.86;
W03;Préférer les produits réutilisables plutôt que jetables;Courses;ROUGES;Rouges maternelles ;châtaigne;04/02/2025;1;0.004964;12.6;0;0;0;
E08;Acheter des fruits ou légumes de saison;Courses;ROUGES;Rouges maternelles ;châtaigne;04/02/2025;1;0.000173;0;0;0;0;
E08;Ramasser les papiers et les déchets par terre pour les mettre à la poubelle;Déchets;ROUGES;Rouges maternelles ;châtaigne;04/02/2025;1;0.000173;0;0;0;0.1;
W04;Fermer ses volets quand il fait froid et nuit;Electricité;ROUGES;Rouges maternelles ;pomme;02/02/2025;1;0.006501;16.5;0;0;0;
D10;Couper l’eau quand on se savonne les mains;Eau;ROUGES;Rouges maternelles ;pomme;02/02/2025;1;0.54243;0;0.21;12.6;0;
D09;Eviter de prendre des bains (préférer la douche rapide);Eau;ROUGES;Rouges maternelles ;pomme;02/02/2025;1;0.0623;0;1.75;357;0;
T06;Ne pas tuer les petites bêtes et les remettre dehors (c'est la nourriture de oiseaux);Biodiversité;ROUGES;Rouges maternelles ;pomme;02/02/2025;1;1.518;0;0;0;0;
E01;Acheter juste ce dont on a besoin;Courses;ROUGES;Rouges maternelles ;pomme;02/02/2025;1;0.027408;0;0;0;0.134615385;
E03;Acheter des produits recyclables et utiliser les bacs de tri;Déchets;ROUGES;Rouges maternelles ;pomme;02/02/2025;1;0.15988;0;0;0;0;
W04;Fermer ses volets quand il fait froid et nuit;Electricité;ROUGES;Rouges maternelles ;marron;02/02/2025;1;0.006501;16.5;0;0;0;
D06;Réduire son temps devant les écrans (Télé, ordinateurs, tablette, jeux vidéos...);Electricité;ROUGES;Rouges maternelles ;marron;02/02/2025;1;0.017374;0;0.183462;0;0;
E08;Fermer le robinet quand on se brosse les dents;Eau;ROUGES;Rouges maternelles ;marron;02/02/2025;1;0.000173;0;0;28;0;
C01;Eteindre les lumières quand on quitte une pièce ou si il fait jour dehors;Electricité;ROUGES;Rouges maternelles ;marron;02/02/2025;1;13.7935;0;0;0;0;
W02;Ne pas gaspiller l'eau de son verre;Eau;ROUGES;Rouges maternelles ;marron;02/02/2025;1;0.05;28;0;35;0;
D06;Acheter d’occasion plutôt que neuf;Courses;ROUGES;Rouges maternelles ;marron;02/02/2025;1;0.017374;0;0.183462;0;0.134615385;
E01;Acheter juste ce dont on a besoin;Courses;ROUGES;Rouges maternelles ;marron;02/02/2025;1;0.027408;0;0;0;0.134615385;
E03;Acheter des produits recyclables et utiliser les bacs de tri;Déchets;ROUGES;Rouges maternelles ;marron;02/02/2025;1;0.15988;0;0;0;0;
D06;Réduire son temps devant les écrans (Télé, ordinateurs, tablette, jeux vidéos...);Electricité;ROUGES;Rouges maternelles ;fruits;03/02/2025;1;0.017374;0;0.183462;0;0;
C01;Eteindre les lumières quand on quitte une pièce ou si il fait jour dehors;Electricité;ROUGES;Rouges maternelles ;fruits;03/02/2025;1;13.7935;0;0;0;0;
D10;Couper l’eau quand on se savonne les mains;Eau;ROUGES;Rouges maternelles ;fruits;03/02/2025;1;0.54243;0;0.21;12.6;0;
D09;Eviter de prendre des bains (préférer la douche rapide);Eau;ROUGES;Rouges maternelles ;fruits;03/02/2025;1;0.0623;0;1.75;357;0;
E08;Fermer le robinet quand on se brosse les dents;Eau;ROUGES;Rouges maternelles ;fruits;03/02/2025;1;0.000173;0;0;28;0;
D06;Acheter d’occasion plutôt que neuf;Courses;ROUGES;Rouges maternelles ;fruits;03/02/2025;1;0.017374;0;0.183462;0;0.134615385;
W03;Préférer les produits réutilisables plutôt que jetables;Courses;ROUGES;Rouges maternelles ;fruits;03/02/2025;1;0.004964;12.6;0;0;0;
E03;Acheter des produits recyclables et utiliser les bacs de tri;Déchets;ROUGES;Rouges maternelles ;fruits;03/02/2025;1;0.15988;0;0;0;0;
D02;Tout manger ce qu'il y a dans nos assiettes (cantine, maison);Déchets;ROUGES;Rouges maternelles ;fruits;03/02/2025;1;2.453511;0;1.390385;0;1.390384615;
W04;Fermer ses volets quand il fait froid et nuit;Electricité;ROUGES;Rouges maternelles ;châtaigne;04/02/2025;1;0.006501;16.5;0;0;0;
C01;Eteindre les lumières quand on quitte une pièce ou si il fait jour dehors;Electricité;ROUGES;Rouges maternelles ;châtaigne;04/02/2025;1;13.7935;0;0;0;0;
D10;Couper l’eau quand on se savonne les mains;Eau;ROUGES;Rouges maternelles ;châtaigne;04/02/2025;1;0.54243;0;0.21;12.6;0;
D09;Eviter de prendre des bains (préférer la douche rapide);Eau;ROUGES;Rouges maternelles ;châtaigne;04/02/2025;1;0.0623;0;1.75;357;0;
T06;Ne pas tuer les petites bêtes et les remettre dehors (c'est la nourriture de oiseaux);Biodiversité;ROUGES;Rouges maternelles ;châtaigne;04/02/2025;1;1.518;0;0;0;0;
D06;Acheter d’occasion plutôt que neuf;Courses;ROUGES;Rouges maternelles ;châtaigne;04/02/2025;1;0.017374;0;0.183462;0;0.134615385;
E01;Acheter juste ce dont on a besoin;Courses;ROUGES;Rouges maternelles ;châtaigne;04/02/2025;1;0.027408;0;0;0;0.134615385;
E03;Acheter des produits recyclables et utiliser les bacs de tri;Déchets;ROUGES;Rouges maternelles ;châtaigne;04/02/2025;1;0.15988;0;0;0;0;
D02;Tout manger ce qu'il y a dans nos assiettes (cantine, maison);Déchets;ROUGES;Rouges maternelles ;châtaigne;04/02/2025;1;2.453511;0;1.390385;0;1.390384615;
D11;Ne pas prendre sa voiture si c'est possble : préférer la marche et le vélo (pour les petits trajets), le covoiturage…;Transport;ROUGES;Rouges maternelles ;pomme;02/04/2025;1;0.38;0;0.67;0;0;
E04;Eteindre les appareils électriques lorsqu'on ne s'en sert pas (Télé, ordinateur...);Electricité;ROUGES;Rouges maternelles ;pomme;02/04/2025;1;0.15988;0;1;0;0;
D10;Couper l’eau quand on se savonne les mains;Eau;ROUGES;Rouges maternelles ;pomme;02/04/2025;1;0.54243;0;0.21;12.6;0;
D09;Eviter de prendre des bains (préférer la douche rapide);Eau;ROUGES;Rouges maternelles ;pomme;02/04/2025;1;0.0623;0;1.75;357;0;
T06;Ne pas tuer les petites bêtes et les remettre dehors (c'est la nourriture de oiseaux);Biodiversité;ROUGES;Rouges maternelles ;pomme;02/04/2025;1;1.518;0;0;0;0;
E08;Acheter des fruits ou légumes de saison;Courses;ROUGES;Rouges maternelles ;pomme;02/04/2025;1;0.000173;0;0;0;0;
D02;Tout manger ce qu'il y a dans nos assiettes (cantine, maison);Déchets;ROUGES;Rouges maternelles ;pomme;02/04/2025;1;2.453511;0;1.390385;0;1.390384615;
D11;Ne pas prendre sa voiture si c'est possble : préférer la marche et le vélo (pour les petits trajets), le covoiturage…;Transport;ROUGES;Rouges maternelles ;marron;12/02/2025;1;0.38;0;0.67;0;0;
D11;Ne pas prendre sa voiture si c'est possble : préférer la marche et le vélo (pour les petits trajets), le covoiturage…;Transport;ROUGES;Rouges maternelles ;radis;09/03/2025;1;0.38;0;0.67;0;0;
D06;Réduire son temps devant les écrans (Télé, ordinateurs, tablette, jeux vidéos...);Electricité;ROUGES;Rouges maternelles ;radis;09/03/2025;1;0.017374;0;0.183462;0;0;
C01;Eteindre les lumières quand on quitte une pièce ou si il fait jour dehors;Electricité;ROUGES;Rouges maternelles ;radis;09/03/2025;1;13.7935;0;0;0;0;
W02;Ne pas gaspiller l'eau de son verre;Eau;ROUGES;Rouges maternelles ;radis;09/03/2025;1;0.05;28;0;35;0;
E08;Fermer le robinet quand on se brosse les dents;Eau;ROUGES;Rouges maternelles ;radis;09/03/2025;1;0.000173;0;0;28;0;
D06;Acheter d’occasion plutôt que neuf;Courses;ROUGES;Rouges maternelles ;radis;09/03/2025;1;0.017374;0;0.183462;0;0.134615385;
E08;Acheter des fruits ou légumes de saison;Courses;ROUGES;Rouges maternelles ;radis;09/03/2025;1;0.000173;0;0;0;0;
E08;Ramasser les papiers et les déchets par terre pour les mettre à la poubelle;Déchets;ROUGES;Rouges maternelles ;radis;09/03/2025;1;0.000173;0;0;0;0.1;
C01;Eteindre les lumières quand on quitte une pièce ou si il fait jour dehors;Electricité;ROUGES;Rouges maternelles ;pomme;09/03/2025;1;13.7935;0;0;0;0;
D10;Couper l’eau quand on se savonne les mains;Eau;ROUGES;Rouges maternelles ;pomme;09/03/2025;1;0.54243;0;0.21;12.6;0;
E08;Fermer le robinet quand on se brosse les dents;Eau;ROUGES;Rouges maternelles ;pomme;09/03/2025;1;0.000173;0;0;28;0;
T06;Ne pas tuer les petites bêtes et les remettre dehors (c'est la nourriture de oiseaux);Biodiversité;ROUGES;Rouges maternelles ;pomme;09/03/2025;1;1.518;0;0;0;0;
E08;Acheter des fruits ou légumes de saison;Courses;ROUGES;Rouges maternelles ;pomme;09/03/2025;1;0.000173;0;0;0;0;
E03;Acheter des produits recyclables et utiliser les bacs de tri;Déchets;ROUGES;Rouges maternelles ;pomme;09/03/2025;1;0.15988;0;0;0;0;
W04;Fermer ses volets quand il fait froid et nuit;Electricité;ROUGES;Rouges maternelles ;fruits;09/03/2025;1;0.006501;16.5;0;0;0;
E04;Eteindre les appareils électriques lorsqu'on ne s'en sert pas (Télé, ordinateur...);Electricité;ROUGES;Rouges maternelles ;fruits;09/03/2025;1;0.15988;0;1;0;0;
D10;Couper l’eau quand on se savonne les mains;Eau;ROUGES;Rouges maternelles ;fruits;09/03/2025;1;0.54243;0;0.21;12.6;0;
D09;Eviter de prendre des bains (préférer la douche rapide);Eau;ROUGES;Rouges maternelles ;fruits;09/03/2025;1;0.0623;0;1.75;357;0;
T04;Acheter des produits avec moins d'emballages (éviter emballages individuels);Courses;ROUGES;Rouges maternelles ;fruits;09/03/2025;1;0.506;0;0;0;34.86;
E01;Acheter juste ce dont on a besoin;Courses;ROUGES;Rouges maternelles ;fruits;09/03/2025;1;0.027408;0;0;0;0.134615385;
E03;Acheter des produits recyclables et utiliser les bacs de tri;Déchets;ROUGES;Rouges maternelles ;fruits;09/03/2025;1;0.15988;0;0;0;0;
W04;Fermer ses volets quand il fait froid et nuit;Electricité;ROUGES;Rouges maternelles ;lentilles;10/03/2025;1;0.006501;16.5;0;0;0;
E04;Eteindre les appareils électriques lorsqu'on ne s'en sert pas (Télé, ordinateur...);Electricité;ROUGES;Rouges maternelles ;lentilles;10/03/2025;1;0.15988;0;1;0;0;
D10;Couper l’eau quand on se savonne les mains;Eau;ROUGES;Rouges maternelles ;lentilles;10/03/2025;1;0.54243;0;0.21;12.6;0;
E08;Fermer le robinet quand on se brosse les dents;Eau;ROUGES;Rouges maternelles ;lentilles;10/03/2025;1;0.000173;0;0;28;0;
E08;Acheter des fruits ou légumes de saison;Courses;ROUGES;Rouges maternelles ;lentilles;10/03/2025;1;0.000173;0;0;0;0;
D11;Ne pas prendre sa voiture si c'est possble : préférer la marche et le vélo (pour les petits trajets), le covoiturage…;Transport;ROUGES;Rouges maternelles ;clémentine;10/03/2025;1;0.38;0;0.67;0;0;
D06;Réduire son temps devant les écrans (Télé, ordinateurs, tablette, jeux vidéos...);Electricité;ROUGES;Rouges maternelles ;clémentine;10/03/2025;1;0.017374;0;0.183462;0;0;
D11;Ne pas prendre sa voiture si c'est possble : préférer la marche et le vélo (pour les petits trajets), le covoiturage…;Transport;ROUGES;Rouges maternelles ;châtaigne;06/04/2025;1;0.38;0;0.67;0;0;
D06;Réduire son temps devant les écrans (Télé, ordinateurs, tablette, jeux vidéos...);Electricité;ROUGES;Rouges maternelles ;châtaigne;06/04/2025;1;0.017374;0;0.183462;0;0;
C01;Eteindre les lumières quand on quitte une pièce ou si il fait jour dehors;Electricité;ROUGES;Rouges maternelles ;châtaigne;06/04/2025;1;13.7935;0;0;0;0;
W02;Ne pas gaspiller l'eau de son verre;Eau;ROUGES;Rouges maternelles ;châtaigne;06/04/2025;1;0.05;28;0;35;0;
E08;Fermer le robinet quand on se brosse les dents;Eau;ROUGES;Rouges maternelles ;châtaigne;06/04/2025;1;0.000173;0;0;28;0;
T04;Acheter des produits avec moins d'emballages (éviter emballages individuels);Courses;ROUGES;Rouges maternelles ;châtaigne;06/04/2025;1;0.506;0;0;0;34.86;
W03;Préférer les produits réutilisables plutôt que jetables;Courses;ROUGES;Rouges maternelles ;châtaigne;06/04/2025;1;0.004964;12.6;0;0;0;
E08;Acheter des fruits ou légumes de saison;Courses;ROUGES;Rouges maternelles ;châtaigne;06/04/2025;1;0.000173;0;0;0;0;
E08;Ramasser les papiers et les déchets par terre pour les mettre à la poubelle;Déchets;ROUGES;Rouges maternelles ;châtaigne;06/04/2025;1;0.000173;0;0;0;0.1;
W04;Fermer ses volets quand il fait froid et nuit;Electricité;ROUGES;Rouges maternelles ;radis;06/04/2025;1;0.006501;16.5;0;0;0;
E04;Eteindre les appareils électriques lorsqu'on ne s'en sert pas (Télé, ordinateur...);Electricité;ROUGES;Rouges maternelles ;radis;06/04/2025;1;0.15988;0;1;0;0;
D10;Couper l’eau quand on se savonne les mains;Eau;ROUGES;Rouges maternelles ;radis;06/04/2025;1;0.54243;0;0.21;12.6;0;
D09;Eviter de prendre des bains (préférer la douche rapide);Eau;ROUGES;Rouges maternelles ;radis;06/04/2025;1;0.0623;0;1.75;357;0;
T06;Ne pas tuer les petites bêtes et les remettre dehors (c'est la nourriture de oiseaux);Biodiversité;ROUGES;Rouges maternelles ;radis;06/04/2025;1;1.518;0;0;0;0;
D06;Acheter d’occasion plutôt que neuf;Courses;ROUGES;Rouges maternelles ;radis;06/04/2025;1;0.017374;0;0.183462;0;0.134615385;
E01;Acheter juste ce dont on a besoin;Courses;ROUGES;Rouges maternelles ;radis;06/04/2025;1;0.027408;0;0;0;0.134615385;
E03;Acheter des produits recyclables et utiliser les bacs de tri;Déchets;ROUGES;Rouges maternelles ;radis;06/04/2025;1;0.15988;0;0;0;0;
D02;Tout manger ce qu'il y a dans nos assiettes (cantine, maison);Déchets;ROUGES;Rouges maternelles ;radis;06/04/2025;1;2.453511;0;1.390385;0;1.390384615;
D06;Réduire son temps devant les écrans (Télé, ordinateurs, tablette, jeux vidéos...);Electricité;ROUGES;Rouges maternelles ;kaki;06/04/2025;1;0.017374;0;0.183462;0;0;
D10;Couper l’eau quand on se savonne les mains;Eau;ROUGES;Rouges maternelles ;kaki;06/04/2025;1;0.54243;0;0.21;12.6;0;
E08;Fermer le robinet quand on se brosse les dents;Eau;ROUGES;Rouges maternelles ;kaki;06/04/2025;1;0.000173;0;0;28;0;
T04;Acheter des produits avec moins d'emballages (éviter emballages individuels);Courses;ROUGES;Rouges maternelles ;kaki;06/04/2025;1;0.506;0;0;0;34.86;
W03;Préférer les produits réutilisables plutôt que jetables;Courses;ROUGES;Rouges maternelles ;kaki;06/04/2025;1;0.004964;12.6;0;0;0;
E08;Acheter des fruits ou légumes de saison;Courses;ROUGES;Rouges maternelles ;kaki;06/04/2025;1;0.000173;0;0;0;0;
W04;Fermer ses volets quand il fait froid et nuit;Electricité;ROUGES;Rouges maternelles ;clémentine;07/04/2025;1;0.006501;16.5;0;0;0;
E04;Eteindre les appareils électriques lorsqu'on ne s'en sert pas (Télé, ordinateur...);Electricité;ROUGES;Rouges maternelles ;clémentine;07/04/2025;1;0.15988;0;1;0;0;
T04;Acheter des produits avec moins d'emballages (éviter emballages individuels);Courses;ROUGES;Rouges maternelles ;framboise;11/03/2025;1;0.506;0;0;0;34.86;
E08;Acheter des fruits ou légumes de saison;Courses;ROUGES;Rouges maternelles ;framboise;11/03/2025;1;0.000173;0;0;0;0;
E03;Acheter des produits recyclables et utiliser les bacs de tri;Déchets;ROUGES;Rouges maternelles ;framboise;11/03/2025;1;0.15988;0;0;0;0;
D11;Ne pas prendre sa voiture si c'est possble : préférer la marche et le vélo (pour les petits trajets), le covoiturage…;Transport;ROUGES;Rouges maternelles ;châtaigne;12/03/2025;1;0.38;0;0.67;0;0;
D06;Réduire son temps devant les écrans (Télé, ordinateurs, tablette, jeux vidéos...);Electricité;ROUGES;Rouges maternelles ;châtaigne;12/03/2025;1;0.017374;0;0.183462;0;0;
C01;Eteindre les lumières quand on quitte une pièce ou si il fait jour dehors;Electricité;ROUGES;Rouges maternelles ;châtaigne;12/03/2025;1;13.7935;0;0;0;0;
D10;Couper l’eau quand on se savonne les mains;Eau;ROUGES;Rouges maternelles ;châtaigne;12/03/2025;1;0.54243;0;0.21;12.6;0;
D09;Eviter de prendre des bains (préférer la douche rapide);Eau;ROUGES;Rouges maternelles ;châtaigne;12/03/2025;1;0.0623;0;1.75;357;0;
T06;Ne pas tuer les petites bêtes et les remettre dehors (c'est la nourriture de oiseaux);Biodiversité;ROUGES;Rouges maternelles ;châtaigne;12/03/2025;1;1.518;0;0;0;0;
D06;Acheter d’occasion plutôt que neuf;Courses;ROUGES;Rouges maternelles ;châtaigne;12/03/2025;1;0.017374;0;0.183462;0;0.134615385;
E01;Acheter juste ce dont on a besoin;Courses;ROUGES;Rouges maternelles ;châtaigne;12/03/2025;1;0.027408;0;0;0;0.134615385;
E03;Acheter des produits recyclables et utiliser les bacs de tri;Déchets;ROUGES;Rouges maternelles ;châtaigne;12/03/2025;1;0.15988;0;0;0;0;
W04;Fermer ses volets quand il fait froid et nuit;Electricité;ROUGES;Rouges maternelles ;châtaigne;06/04/2025;1;0.006501;16.5;0;0;0;
E04;Eteindre les appareils électriques lorsqu'on ne s'en sert pas (Télé, ordinateur...);Electricité;ROUGES;Rouges maternelles ;châtaigne;06/04/2025;1;0.15988;0;1;0;0;
D10;Couper l’eau quand on se savonne les mains;Eau;ROUGES;Rouges maternelles ;châtaigne;06/04/2025;1;0.54243;0;0.21;12.6;0;
D09;Eviter de prendre des bains (préférer la douche rapide);Eau;ROUGES;Rouges maternelles ;châtaigne;06/04/2025;1;0.0623;0;1.75;357;0;
T06;Ne pas tuer les petites bêtes et les remettre dehors (c'est la nourriture de oiseaux);Biodiversité;ROUGES;Rouges maternelles ;châtaigne;06/04/2025;1;1.518;0;0;0;0;
D06;Acheter d’occasion plutôt que neuf;Courses;ROUGES;Rouges maternelles ;châtaigne;06/04/2025;1;0.017374;0;0.183462;0;0.134615385;
E01;Acheter juste ce dont on a besoin;Courses;ROUGES;Rouges maternelles ;châtaigne;06/04/2025;1;0.027408;0;0;0;0.134615385;
E03;Acheter des produits recyclables et utiliser les bacs de tri;Déchets;ROUGES;Rouges maternelles ;châtaigne;06/04/2025;1;0.15988;0;0;0;0;
D02;Tout manger ce qu'il y a dans nos assiettes (cantine, maison);Déchets;ROUGES;Rouges maternelles ;châtaigne;06/04/2025;1;2.453511;0;1.390385;0;1.390384615;
D11;Ne pas prendre sa voiture si c'est possble : préférer la marche et le vélo (pour les petits trajets), le covoiturage…;Transport;ROUGES;Rouges maternelles ;radis;06/04/2025;1;0.38;0;0.67;0;0;
D06;Réduire son temps devant les écrans (Télé, ordinateurs, tablette, jeux vidéos...);Electricité;ROUGES;Rouges maternelles ;radis;06/04/2025;1;0.017374;0;0.183462;0;0;
C01;Eteindre les lumières quand on quitte une pièce ou si il fait jour dehors;Electricité;ROUGES;Rouges maternelles ;radis;06/04/2025;1;13.7935;0;0;0;0;
W02;Ne pas gaspiller l'eau de son verre;Eau;ROUGES;Rouges maternelles ;radis;06/04/2025;1;0.05;28;0;35;0;
E08;Fermer le robinet quand on se brosse les dents;Eau;ROUGES;Rouges maternelles ;radis;06/04/2025;1;0.000173;0;0;28;0;
T04;Acheter des produits avec moins d'emballages (éviter emballages individuels);Courses;ROUGES;Rouges maternelles ;radis;06/04/2025;1;0.506;0;0;0;34.86;
W03;Préférer les produits réutilisables plutôt que jetables;Courses;ROUGES;Rouges maternelles ;radis;06/04/2025;1;0.004964;12.6;0;0;0;
E08;Acheter des fruits ou légumes de saison;Courses;ROUGES;Rouges maternelles ;radis;06/04/2025;1;0.000173;0;0;0;0;
E08;Ramasser les papiers et les déchets par terre pour les mettre à la poubelle;Déchets;ROUGES;Rouges maternelles ;radis;06/04/2025;1;0.000173;0;0;0;0.1;
W04;Fermer ses volets quand il fait froid et nuit;Electricité;ROUGES;Rouges maternelles ;kaki;06/04/2025;1;0.006501;16.5;0;0;0;
C01;Eteindre les lumières quand on quitte une pièce ou si il fait jour dehors;Electricité;ROUGES;Rouges maternelles ;kaki;06/04/2025;1;13.7935;0;0;0;0;
W02;Ne pas gaspiller l'eau de son verre;Eau;ROUGES;Rouges maternelles ;kaki;06/04/2025;1;0.05;28;0;35;0;
T06;Ne pas tuer les petites bêtes et les remettre dehors (c'est la nourriture de oiseaux);Biodiversité;ROUGES;Rouges maternelles ;kaki;06/04/2025;1;1.518;0;0;0;0;
D06;Acheter d’occasion plutôt que neuf;Courses;ROUGES;Rouges maternelles ;kaki;06/04/2025;1;0.017374;0;0.183462;0;0.134615385;
E01;Acheter juste ce dont on a besoin;Courses;ROUGES;Rouges maternelles ;kaki;06/04/2025;1;0.027408;0;0;0;0.134615385;
D11;Ne pas prendre sa voiture si c'est possble : préférer la marche et le vélo (pour les petits trajets), le covoiturage…;Transport;ROUGES;Rouges maternelles ;clémentine;07/04/2025;1;0.38;0;0.67;0;0;
D06;Réduire son temps devant les écrans (Télé, ordinateurs, tablette, jeux vidéos...);Electricité;ROUGES;Rouges maternelles ;clémentine;07/04/2025;1;0.017374;0;0.183462;0;0;
C01;Eteindre les lumières quand on quitte une pièce ou si il fait jour dehors;Electricité;ROUGES;Rouges maternelles ;clémentine;07/04/2025;1;13.7935;0;0;0;0;
D10;Couper l’eau quand on se savonne les mains;Eau;ROUGES;Rouges maternelles ;clémentine;07/04/2025;1;0.54243;0;0.21;12.6;0;
D09;Eviter de prendre des bains (préférer la douche rapide);Eau;ROUGES;Rouges maternelles ;clémentine;07/04/2025;1;0.0623;0;1.75;357;0;
T06;Ne pas tuer les petites bêtes et les remettre dehors (c'est la nourriture de oiseaux);Biodiversité;ROUGES;Rouges maternelles ;clémentine;07/04/2025;1;1.518;0;0;0;0;
D06;Acheter d’occasion plutôt que neuf;Courses;ROUGES;Rouges maternelles ;clémentine;07/04/2025;1;0.017374;0;0.183462;0;0.134615385;
E01;Acheter juste ce dont on a besoin;Courses;ROUGES;Rouges maternelles ;clémentine;07/04/2025;1;0.027408;0;0;0;0.134615385;
E03;Acheter des produits recyclables et utiliser les bacs de tri;Déchets;ROUGES;Rouges maternelles ;clémentine;07/04/2025;1;0.15988;0;0;0;0;
D02;Tout manger ce qu'il y a dans nos assiettes (cantine, maison);Déchets;ROUGES;Rouges maternelles ;clémentine;07/04/2025;1;2.453511;0;1.390385;0;1.390384615;
W04;Fermer ses volets quand il fait froid et nuit;Electricité;ROUGES;Rouges maternelles ;fruits;07/04/2025;1;0.006501;16.5;0;0;0;
E04;Eteindre les appareils électriques lorsqu'on ne s'en sert pas (Télé, ordinateur...);Electricité;ROUGES;Rouges maternelles ;fruits;07/04/2025;1;0.15988;0;1;0;0;
D10;Couper l’eau quand on se savonne les mains;Eau;ROUGES;Rouges maternelles ;fruits;07/04/2025;1;0.54243;0;0.21;12.6;0;
D09;Eviter de prendre des bains (préférer la douche rapide);Eau;ROUGES;Rouges maternelles ;fruits;07/04/2025;1;0.0623;0;1.75;357;0;
T04;Acheter des produits avec moins d'emballages (éviter emballages individuels);Courses;ROUGES;Rouges maternelles ;fruits;07/04/2025;1;0.506;0;0;0;34.86;
W03;Préférer les produits réutilisables plutôt que jetables;Courses;ROUGES;Rouges maternelles ;fruits;07/04/2025;1;0.004964;12.6;0;0;0;
E08;Acheter des fruits ou légumes de saison;Courses;ROUGES;Rouges maternelles ;fruits;07/04/2025;1;0.000173;0;0;0;0;
D02;Tout manger ce qu'il y a dans nos assiettes (cantine, maison);Déchets;ROUGES;Rouges maternelles ;fruits;07/04/2025;1;2.453511;0;1.390385;0;1.390384615;
W04;Fermer ses volets quand il fait froid et nuit;Electricité;ROUGES;Rouges maternelles ;radis;16/02/2025;1;0.006501;16.5;0;0;0;
E04;Eteindre les appareils électriques lorsqu'on ne s'en sert pas (Télé, ordinateur...);Electricité;ROUGES;Rouges maternelles ;radis;16/02/2025;1;0.15988;0;1;0;0;
D10;Couper l’eau quand on se savonne les mains;Eau;ROUGES;Rouges maternelles ;radis;16/02/2025;1;0.54243;0;0.21;12.6;0;
D09;Eviter de prendre des bains (préférer la douche rapide);Eau;ROUGES;Rouges maternelles ;radis;16/02/2025;1;0.0623;0;1.75;357;0;
T06;Ne pas tuer les petites bêtes et les remettre dehors (c'est la nourriture de oiseaux);Biodiversité;ROUGES;Rouges maternelles ;radis;16/02/2025;1;1.518;0;0;0;0;
W03;Préférer les produits réutilisables plutôt que jetables;Courses;ROUGES;Rouges maternelles ;radis;16/02/2025;1;0.004964;12.6;0;0;0;
E08;Acheter des fruits ou légumes de saison;Courses;ROUGES;Rouges maternelles ;radis;16/02/2025;1;0.000173;0;0;0;0;
E08;Ramasser les papiers et les déchets par terre pour les mettre à la poubelle;Déchets;ROUGES;Rouges maternelles ;radis;16/02/2025;1;0.000173;0;0;0;0.1;
W04;Fermer ses volets quand il fait froid et nuit;Electricité;ROUGES;Rouges maternelles ;pomme;16/02/2025;1;0.006501;16.5;0;0;0;
D10;Couper l’eau quand on se savonne les mains;Eau;ROUGES;Rouges maternelles ;pomme;16/02/2025;1;0.54243;0;0.21;12.6;0;
D09;Eviter de prendre des bains (préférer la douche rapide);Eau;ROUGES;Rouges maternelles ;pomme;16/02/2025;1;0.0623;0;1.75;357;0;
T06;Ne pas tuer les petites bêtes et les remettre dehors (c'est la nourriture de oiseaux);Biodiversité;ROUGES;Rouges maternelles ;pomme;16/02/2025;1;1.518;0;0;0;0;
E01;Acheter juste ce dont on a besoin;Courses;ROUGES;Rouges maternelles ;pomme;16/02/2025;1;0.027408;0;0;0;0.134615385;
E03;Acheter des produits recyclables et utiliser les bacs de tri;Déchets;ROUGES;Rouges maternelles ;pomme;16/02/2025;1;0.15988;0;0;0;0;
D05;Récupérer l'eau de pluie pour arroser;Eau;ROUGES;Rouges maternelles ;clémentine;07/04/2025;1;0.000239;0;0.134615;35;0;
W02;Ne pas gaspiller l'eau de son verre;Eau;ROUGES;Rouges maternelles ;clémentine;07/04/2025;1;0.05;28;0;35;0;
E08;Fermer le robinet quand on se brosse les dents;Eau;ROUGES;Rouges maternelles ;clémentine;07/04/2025;1;0.000173;0;0;28;0;
W04;Fermer ses volets quand il fait froid et nuit;Electricité;ROUGES;Rouges maternelles ;carotte;14/03/2025;1;0.006501;16.5;0;0;0;
C01;Eteindre les lumières quand on quitte une pièce ou si il fait jour dehors;Electricité;ROUGES;Rouges maternelles ;carotte;14/03/2025;1;13.7935;0;0;0;0;
D09;Eviter de prendre des bains (préférer la douche rapide);Eau;ROUGES;Rouges maternelles ;carotte;14/03/2025;1;0.0623;0;1.75;357;0;
W02;Ne pas gaspiller l'eau de son verre;Eau;ROUGES;Rouges maternelles ;carotte;14/03/2025;1;0.05;28;0;35;0;
T04;Acheter des produits avec moins d'emballages (éviter emballages individuels);Courses;ROUGES;Rouges maternelles ;carotte;14/03/2025;1;0.506;0;0;0;34.86;
E08;Acheter des fruits ou légumes de saison;Courses;ROUGES;Rouges maternelles ;carotte;14/03/2025;1;0.000173;0;0;0;0;
D02;Tout manger ce qu'il y a dans nos assiettes (cantine, maison);Déchets;ROUGES;Rouges maternelles ;carotte;14/03/2025;1;2.453511;0;1.390385;0;1.390384615;
T04;Acheter des produits avec moins d'emballages (éviter emballages individuels);Courses;ROUGES;Rouges maternelles ;clémentine;14/03/2025;1;0.506;0;0;0;34.86;
E01;Acheter juste ce dont on a besoin;Courses;ROUGES;Rouges maternelles ;clémentine;14/03/2025;1;0.027408;0;0;0;0.134615385;
W03;Préférer les produits réutilisables plutôt que jetables;Courses;ROUGES;Rouges maternelles ;clémentine;14/03/2025;1;0.004964;12.6;0;0;0;
E08;Ramasser les papiers et les déchets par terre pour les mettre à la poubelle;Déchets;ROUGES;Rouges maternelles ;clémentine;14/03/2025;1;0.000173;0;0;0;0.1;
T04;Acheter des produits avec moins d'emballages (éviter emballages individuels);Courses;ROUGES;Rouges maternelles ;clémentine;07/04/2025;1;0.506;0;0;0;34.86;
W03;Préférer les produits réutilisables plutôt que jetables;Courses;ROUGES;Rouges maternelles ;clémentine;07/04/2025;1;0.004964;12.6;0;0;0;
E08;Acheter des fruits ou légumes de saison;Courses;ROUGES;Rouges maternelles ;clémentine;07/04/2025;1;0.000173;0;0;0;0;
E08;Ramasser les papiers et les déchets par terre pour les mettre à la poubelle;Déchets;ROUGES;Rouges maternelles ;clémentine;07/04/2025;1;0.000173;0;0;0;0.1;
D11;Ne pas prendre sa voiture si c'est possble : préférer la marche et le vélo (pour les petits trajets), le covoiturage…;Transport;ROUGES;Rouges maternelles ;fruits;07/04/2025;1;0.38;0;0.67;0;0;
D06;Réduire son temps devant les écrans (Télé, ordinateurs, tablette, jeux vidéos...);Electricité;ROUGES;Rouges maternelles ;fruits;07/04/2025;1;0.017374;0;0.183462;0;0;
C01;Eteindre les lumières quand on quitte une pièce ou si il fait jour dehors;Electricité;ROUGES;Rouges maternelles ;fruits;07/04/2025;1;13.7935;0;0;0;0;
W02;Ne pas gaspiller l'eau de son verre;Eau;ROUGES;Rouges maternelles ;fruits;07/04/2025;1;0.05;28;0;35;0;
E08;Fermer le robinet quand on se brosse les dents;Eau;ROUGES;Rouges maternelles ;fruits;07/04/2025;1;0.000173;0;0;28;0;
D06;Acheter d’occasion plutôt que neuf;Courses;ROUGES;Rouges maternelles ;fruits;07/04/2025;1;0.017374;0;0.183462;0;0.134615385;
E01;Acheter juste ce dont on a besoin;Courses;ROUGES;Rouges maternelles ;fruits;07/04/2025;1;0.027408;0;0;0;0.134615385;
E03;Acheter des produits recyclables et utiliser les bacs de tri;Déchets;ROUGES;Rouges maternelles ;fruits;07/04/2025;1;0.15988;0;0;0;0;
D06;Réduire son temps devant les écrans (Télé, ordinateurs, tablette, jeux vidéos...);Electricité;ROUGES;Rouges maternelles ;radis;16/02/2025;1;0.017374;0;0.183462;0;0;
C01;Eteindre les lumières quand on quitte une pièce ou si il fait jour dehors;Electricité;ROUGES;Rouges maternelles ;radis;16/02/2025;1;13.7935;0;0;0;0;
W02;Ne pas gaspiller l'eau de son verre;Eau;ROUGES;Rouges maternelles ;radis;16/02/2025;1;0.05;28;0;35;0;
E08;Fermer le robinet quand on se brosse les dents;Eau;ROUGES;Rouges maternelles ;radis;16/02/2025;1;0.000173;0;0;28;0;
D06;Acheter d’occasion plutôt que neuf;Courses;ROUGES;Rouges maternelles ;radis;16/02/2025;1;0.017374;0;0.183462;0;0.134615385;
E01;Acheter juste ce dont on a besoin;Courses;ROUGES;Rouges maternelles ;radis;16/02/2025;1;0.027408;0;0;0;0.134615385;
E03;Acheter des produits recyclables et utiliser les bacs de tri;Déchets;ROUGES;Rouges maternelles ;radis;16/02/2025;1;0.15988;0;0;0;0;
D02;Tout manger ce qu'il y a dans nos assiettes (cantine, maison);Déchets;ROUGES;Rouges maternelles ;radis;16/02/2025;1;2.453511;0;1.390385;0;1.390384615;
C01;Eteindre les lumières quand on quitte une pièce ou si il fait jour dehors;Electricité;ROUGES;Rouges maternelles ;pomme;16/02/2025;1;13.7935;0;0;0;0;
W02;Ne pas gaspiller l'eau de son verre;Eau;ROUGES;Rouges maternelles ;pomme;16/02/2025;1;0.05;28;0;35;0;
E08;Fermer le robinet quand on se brosse les dents;Eau;ROUGES;Rouges maternelles ;pomme;16/02/2025;1;0.000173;0;0;28;0;
T04;Acheter des produits avec moins d'emballages (éviter emballages individuels);Courses;ROUGES;Rouges maternelles ;pomme;16/02/2025;1;0.506;0;0;0;34.86;
E08;Acheter des fruits ou légumes de saison;Courses;ROUGES;Rouges maternelles ;pomme;16/02/2025;1;0.000173;0;0;0;0;
D02;Tout manger ce qu'il y a dans nos assiettes (cantine, maison);Déchets;ROUGES;Rouges maternelles ;pomme;16/02/2025;1;2.453511;0;1.390385;0;1.390384615;
D11;Ne pas prendre sa voiture si c'est possble : préférer la marche et le vélo (pour les petits trajets), le covoiturage…;Transport;ROUGES;Rouges maternelles ;clémentine;17/02/2025;1;0.38;0;0.67;0;0;
W04;Fermer ses volets quand il fait froid et nuit;Electricité;ROUGES;Rouges maternelles ;clémentine;17/02/2025;1;0.006501;16.5;0;0;0;
D06;Réduire son temps devant les écrans (Télé, ordinateurs, tablette, jeux vidéos...);Electricité;ROUGES;Rouges maternelles ;clémentine;17/02/2025;1;0.017374;0;0.183462;0;0;
E04;Eteindre les appareils électriques lorsqu'on ne s'en sert pas (Télé, ordinateur...);Electricité;ROUGES;Rouges maternelles ;clémentine;17/02/2025;1;0.15988;0;1;0;0;
C01;Eteindre les lumières quand on quitte une pièce ou si il fait jour dehors;Electricité;ROUGES;Rouges maternelles ;clémentine;17/02/2025;1;13.7935;0;0;0;0;
D05;Récupérer l'eau de pluie pour arroser;Eau;ROUGES;Rouges maternelles ;clémentine;17/02/2025;1;0.000239;0;0.134615;35;0;
D10;Couper l’eau quand on se savonne les mains;Eau;ROUGES;Rouges maternelles ;clémentine;17/02/2025;1;0.54243;0;0.21;12.6;0;
W02;Ne pas gaspiller l'eau de son verre;Eau;ROUGES;Rouges maternelles ;clémentine;17/02/2025;1;0.05;28;0;35;0;
D09;Eviter de prendre des bains (préférer la douche rapide);Eau;ROUGES;Rouges maternelles ;clémentine;17/02/2025;1;0.0623;0;1.75;357;0;
E08;Fermer le robinet quand on se brosse les dents;Eau;ROUGES;Rouges maternelles ;clémentine;17/02/2025;1;0.000173;0;0;28;0;
T06;Ne pas tuer les petites bêtes et les remettre dehors (c'est la nourriture de oiseaux);Biodiversité;ROUGES;Rouges maternelles ;clémentine;17/02/2025;1;1.518;0;0;0;0;
T04;Acheter des produits avec moins d'emballages (éviter emballages individuels);Courses;ROUGES;Rouges maternelles ;clémentine;17/02/2025;1;0.506;0;0;0;34.86;
D06;Acheter d’occasion plutôt que neuf;Courses;ROUGES;Rouges maternelles ;clémentine;17/02/2025;1;0.017374;0;0.183462;0;0.134615385;
W03;Préférer les produits réutilisables plutôt que jetables;Courses;ROUGES;Rouges maternelles ;clémentine;17/02/2025;1;0.004964;12.6;0;0;0;
E01;Acheter juste ce dont on a besoin;Courses;ROUGES;Rouges maternelles ;clémentine;17/02/2025;1;0.027408;0;0;0;0.134615385;
E08;Acheter des fruits ou légumes de saison;Courses;ROUGES;Rouges maternelles ;clémentine;17/02/2025;1;0.000173;0;0;0;0;
E03;Acheter des produits recyclables et utiliser les bacs de tri;Déchets;ROUGES;Rouges maternelles ;clémentine;17/02/2025;1;0.15988;0;0;0;0;
E08;Ramasser les papiers et les déchets par terre pour les mettre à la poubelle;Déchets;ROUGES;Rouges maternelles ;clémentine;17/02/2025;1;0.000173;0;0;0;0.1;
D02;Tout manger ce qu'il y a dans nos assiettes (cantine, maison);Déchets;ROUGES;Rouges maternelles ;clémentine;17/02/2025;1;2.453511;0;1.390385;0;1.390384615;
D06;Réduire son temps devant les écrans (Télé, ordinateurs, tablette, jeux vidéos...);Electricité;ROUGES;Rouges maternelles ;carotte;14/03/2025;1;0.017374;0;0.183462;0;0;
D10;Couper l’eau quand on se savonne les mains;Eau;ROUGES;Rouges maternelles ;carotte;14/03/2025;1;0.54243;0;0.21;12.6;0;
E08;Fermer le robinet quand on se brosse les dents;Eau;ROUGES;Rouges maternelles ;carotte;14/03/2025;1;0.000173;0;0;28;0;
T06;Ne pas tuer les petites bêtes et les remettre dehors (c'est la nourriture de oiseaux);Biodiversité;ROUGES;Rouges maternelles ;carotte;14/03/2025;1;1.518;0;0;0;0;
E01;Acheter juste ce dont on a besoin;Courses;ROUGES;Rouges maternelles ;carotte;14/03/2025;1;0.027408;0;0;0;0.134615385;
E03;Acheter des produits recyclables et utiliser les bacs de tri;Déchets;ROUGES;Rouges maternelles ;carotte;14/03/2025;1;0.15988;0;0;0;0;
W03;Préférer les produits réutilisables plutôt que jetables;Courses;ROUGES;Rouges maternelles ;carotte;14/03/2025;1;0.004964;12.6;0;0;0;
D06;Acheter d’occasion plutôt que neuf;Courses;ROUGES;Rouges maternelles ;clémentine;14/03/2025;1;0.017374;0;0.183462;0;0.134615385;
E08;Acheter des fruits ou légumes de saison;Courses;ROUGES;Rouges maternelles ;clémentine;14/03/2025;1;0.000173;0;0;0;0;
E03;Acheter des produits recyclables et utiliser les bacs de tri;Déchets;ROUGES;Rouges maternelles ;clémentine;14/03/2025;1;0.15988;0;0;0;0;
D02;Tout manger ce qu'il y a dans nos assiettes (cantine, maison);Déchets;ROUGES;Rouges maternelles ;clémentine;14/03/2025;1;2.453511;0;1.390385;0;1.390384615;
C01;Eteindre les lumières quand on quitte une pièce ou si il fait jour dehors;Electricité;ROUGES;Rouges maternelles ;fruits;30/03/2025;1;13.7935;0;0;0;0;
D02;Tout manger ce qu'il y a dans nos assiettes (cantine, maison);Déchets;ROUGES;Rouges maternelles ;fruits;30/03/2025;1;2.453511;0;1.390385;0;1.390384615;
D09;Eviter de prendre des bains (préférer la douche rapide);Eau;ROUGES;Rouges maternelles ;fruits;23/04/2025;1;0.0623;0;1.75;357;0;
T04;Acheter des produits avec moins d'emballages (éviter emballages individuels);Courses;ROUGES;Rouges maternelles ;fruits;23/04/2025;1;0.506;0;0;0;34.86;
W03;Préférer les produits réutilisables plutôt que jetables;Courses;ROUGES;Rouges maternelles ;fruits;23/04/2025;1;0.004964;12.6;0;0;0;
E08;Acheter des fruits ou légumes de saison;Courses;ROUGES;Rouges maternelles ;fruits;23/04/2025;1;0.000173;0;0;0;0;
D11;Ne pas prendre sa voiture si c'est possble : préférer la marche et le vélo (pour les petits trajets), le covoiturage…;Transport;ROUGES;Rouges maternelles ;clémentine;26/04/2025;1;0.38;0;0.67;0;0;
D06;Réduire son temps devant les écrans (Télé, ordinateurs, tablette, jeux vidéos...);Electricité;ROUGES;Rouges maternelles ;clémentine;26/04/2025;1;0.017374;0;0.183462;0;0;
C01;Eteindre les lumières quand on quitte une pièce ou si il fait jour dehors;Electricité;ROUGES;Rouges maternelles ;clémentine;26/04/2025;1;13.7935;0;0;0;0;
D10;Couper l’eau quand on se savonne les mains;Eau;ROUGES;Rouges maternelles ;clémentine;26/04/2025;1;0.54243;0;0.21;12.6;0;
D09;Eviter de prendre des bains (préférer la douche rapide);Eau;ROUGES;Rouges maternelles ;clémentine;26/04/2025;1;0.0623;0;1.75;357;0;
T06;Ne pas tuer les petites bêtes et les remettre dehors (c'est la nourriture de oiseaux);Biodiversité;ROUGES;Rouges maternelles ;clémentine;26/04/2025;1;1.518;0;0;0;0;
W04;Fermer ses volets quand il fait froid et nuit;Electricité;ROUGES;Rouges maternelles ;radis;09/02/2025;1;0.006501;16.5;0;0;0;
E04;Eteindre les appareils électriques lorsqu'on ne s'en sert pas (Télé, ordinateur...);Electricité;ROUGES;Rouges maternelles ;radis;09/02/2025;1;0.15988;0;1;0;0;
D10;Couper l’eau quand on se savonne les mains;Eau;ROUGES;Rouges maternelles ;radis;09/02/2025;1;0.54243;0;0.21;12.6;0;
D09;Eviter de prendre des bains (préférer la douche rapide);Eau;ROUGES;Rouges maternelles ;radis;09/02/2025;1;0.0623;0;1.75;357;0;
T06;Ne pas tuer les petites bêtes et les remettre dehors (c'est la nourriture de oiseaux);Biodiversité;ROUGES;Rouges maternelles ;radis;09/02/2025;1;1.518;0;0;0;0;
W03;Préférer les produits réutilisables plutôt que jetables;Courses;ROUGES;Rouges maternelles ;radis;09/02/2025;1;0.004964;12.6;0;0;0;
E08;Acheter des fruits ou légumes de saison;Courses;ROUGES;Rouges maternelles ;radis;09/02/2025;1;0.000173;0;0;0;0;
E08;Ramasser les papiers et les déchets par terre pour les mettre à la poubelle;Déchets;ROUGES;Rouges maternelles ;radis;09/02/2025;1;0.000173;0;0;0;0.1;
W04;Fermer ses volets quand il fait froid et nuit;Electricité;ROUGES;Rouges maternelles ;kaki;09/02/2025;1;0.006501;16.5;0;0;0;
E04;Eteindre les appareils électriques lorsqu'on ne s'en sert pas (Télé, ordinateur...);Electricité;ROUGES;Rouges maternelles ;kaki;09/02/2025;1;0.15988;0;1;0;0;
D05;Récupérer l'eau de pluie pour arroser;Eau;ROUGES;Rouges maternelles ;kaki;09/02/2025;1;0.000239;0;0.134615;35;0;
W02;Ne pas gaspiller l'eau de son verre;Eau;ROUGES;Rouges maternelles ;kaki;09/02/2025;1;0.05;28;0;35;0;
E08;Fermer le robinet quand on se brosse les dents;Eau;ROUGES;Rouges maternelles ;kaki;09/02/2025;1;0.000173;0;0;28;0;
T04;Acheter des produits avec moins d'emballages (éviter emballages individuels);Courses;ROUGES;Rouges maternelles ;kaki;09/02/2025;1;0.506;0;0;0;34.86;
W03;Préférer les produits réutilisables plutôt que jetables;Courses;ROUGES;Rouges maternelles ;kaki;09/02/2025;1;0.004964;12.6;0;0;0;
E08;Acheter des fruits ou légumes de saison;Courses;ROUGES;Rouges maternelles ;kaki;09/02/2025;1;0.000173;0;0;0;0;
E08;Ramasser les papiers et les déchets par terre pour les mettre à la poubelle;Déchets;ROUGES;Rouges maternelles ;kaki;09/02/2025;1;0.000173;0;0;0;0.1;
C01;Eteindre les lumières quand on quitte une pièce ou si il fait jour dehors;Electricité;ROUGES;Rouges maternelles ;pomme;09/02/2025;1;13.7935;0;0;0;0;
W02;Ne pas gaspiller l'eau de son verre;Eau;ROUGES;Rouges maternelles ;pomme;09/02/2025;1;0.05;28;0;35;0;
E08;Fermer le robinet quand on se brosse les dents;Eau;ROUGES;Rouges maternelles ;pomme;09/02/2025;1;0.000173;0;0;28;0;
E01;Acheter juste ce dont on a besoin;Courses;ROUGES;Rouges maternelles ;pomme;09/02/2025;1;0.027408;0;0;0;0.134615385;
E03;Acheter des produits recyclables et utiliser les bacs de tri;Déchets;ROUGES;Rouges maternelles ;pomme;09/02/2025;1;0.15988;0;0;0;0;
D11;Ne pas prendre sa voiture si c'est possble : préférer la marche et le vélo (pour les petits trajets), le covoiturage…;Transport;ROUGES;Rouges maternelles ;clémentine;10/02/2025;1;0.38;0;0.67;0;0;
D06;Réduire son temps devant les écrans (Télé, ordinateurs, tablette, jeux vidéos...);Electricité;ROUGES;Rouges maternelles ;clémentine;10/02/2025;1;0.017374;0;0.183462;0;0;
E04;Eteindre les appareils électriques lorsqu'on ne s'en sert pas (Télé, ordinateur...);Electricité;ROUGES;Rouges maternelles ;clémentine;10/02/2025;1;0.15988;0;1;0;0;
D10;Couper l’eau quand on se savonne les mains;Eau;ROUGES;Rouges maternelles ;clémentine;10/02/2025;1;0.54243;0;0.21;12.6;0;
D09;Eviter de prendre des bains (préférer la douche rapide);Eau;ROUGES;Rouges maternelles ;clémentine;10/02/2025;1;0.0623;0;1.75;357;0;
T06;Ne pas tuer les petites bêtes et les remettre dehors (c'est la nourriture de oiseaux);Biodiversité;ROUGES;Rouges maternelles ;clémentine;10/02/2025;1;1.518;0;0;0;0;
D06;Acheter d’occasion plutôt que neuf;Courses;ROUGES;Rouges maternelles ;clémentine;10/02/2025;1;0.017374;0;0.183462;0;0.134615385;
E01;Acheter juste ce dont on a besoin;Courses;ROUGES;Rouges maternelles ;clémentine;10/02/2025;1;0.027408;0;0;0;0.134615385;
E03;Acheter des produits recyclables et utiliser les bacs de tri;Déchets;ROUGES;Rouges maternelles ;clémentine;10/02/2025;1;0.15988;0;0;0;0;
D02;Tout manger ce qu'il y a dans nos assiettes (cantine, maison);Déchets;ROUGES;Rouges maternelles ;clémentine;10/02/2025;1;2.453511;0;1.390385;0;1.390384615;
D11;Ne pas prendre sa voiture si c'est possble : préférer la marche et le vélo (pour les petits trajets), le covoiturage…;Transport;ROUGES;Rouges maternelles ;radis;09/02/2025;1;0.38;0;0.67;0;0;
D06;Réduire son temps devant les écrans (Télé, ordinateurs, tablette, jeux vidéos...);Electricité;ROUGES;Rouges maternelles ;radis;09/02/2025;1;0.017374;0;0.183462;0;0;
C01;Eteindre les lumières quand on quitte une pièce ou si il fait jour dehors;Electricité;ROUGES;Rouges maternelles ;radis;09/02/2025;1;13.7935;0;0;0;0;
W02;Ne pas gaspiller l'eau de son verre;Eau;ROUGES;Rouges maternelles ;radis;09/02/2025;1;0.05;28;0;35;0;
E08;Fermer le robinet quand on se brosse les dents;Eau;ROUGES;Rouges maternelles ;radis;09/02/2025;1;0.000173;0;0;28;0;
D06;Acheter d’occasion plutôt que neuf;Courses;ROUGES;Rouges maternelles ;radis;09/02/2025;1;0.017374;0;0.183462;0;0.134615385;
E01;Acheter juste ce dont on a besoin;Courses;ROUGES;Rouges maternelles ;radis;09/02/2025;1;0.027408;0;0;0;0.134615385;
E03;Acheter des produits recyclables et utiliser les bacs de tri;Déchets;ROUGES;Rouges maternelles ;radis;09/02/2025;1;0.15988;0;0;0;0;
D02;Tout manger ce qu'il y a dans nos assiettes (cantine, maison);Déchets;ROUGES;Rouges maternelles ;radis;09/02/2025;1;2.453511;0;1.390385;0;1.390384615;
D11;Ne pas prendre sa voiture si c'est possble : préférer la marche et le vélo (pour les petits trajets), le covoiturage…;Transport;ROUGES;Rouges maternelles ;kaki;09/02/2025;1;0.38;0;0.67;0;0;
D06;Réduire son temps devant les écrans (Télé, ordinateurs, tablette, jeux vidéos...);Electricité;ROUGES;Rouges maternelles ;kaki;09/02/2025;1;0.017374;0;0.183462;0;0;
C01;Eteindre les lumières quand on quitte une pièce ou si il fait jour dehors;Electricité;ROUGES;Rouges maternelles ;kaki;09/02/2025;1;13.7935;0;0;0;0;
D10;Couper l’eau quand on se savonne les mains;Eau;ROUGES;Rouges maternelles ;kaki;09/02/2025;1;0.54243;0;0.21;12.6;0;
D09;Eviter de prendre des bains (préférer la douche rapide);Eau;ROUGES;Rouges maternelles ;kaki;09/02/2025;1;0.0623;0;1.75;357;0;
T06;Ne pas tuer les petites bêtes et les remettre dehors (c'est la nourriture de oiseaux);Biodiversité;ROUGES;Rouges maternelles ;kaki;09/02/2025;1;1.518;0;0;0;0;
D06;Acheter d’occasion plutôt que neuf;Courses;ROUGES;Rouges maternelles ;kaki;09/02/2025;1;0.017374;0;0.183462;0;0.134615385;
E01;Acheter juste ce dont on a besoin;Courses;ROUGES;Rouges maternelles ;kaki;09/02/2025;1;0.027408;0;0;0;0.134615385;
E03;Acheter des produits recyclables et utiliser les bacs de tri;Déchets;ROUGES;Rouges maternelles ;kaki;09/02/2025;1;0.15988;0;0;0;0;
D02;Tout manger ce qu'il y a dans nos assiettes (cantine, maison);Déchets;ROUGES;Rouges maternelles ;kaki;09/02/2025;1;2.453511;0;1.390385;0;1.390384615;
W04;Fermer ses volets quand il fait froid et nuit;Electricité;ROUGES;Rouges maternelles ;pomme;09/02/2025;1;0.006501;16.5;0;0;0;
D10;Couper l’eau quand on se savonne les mains;Eau;ROUGES;Rouges maternelles ;pomme;09/02/2025;1;0.54243;0;0.21;12.6;0;
D09;Eviter de prendre des bains (préférer la douche rapide);Eau;ROUGES;Rouges maternelles ;pomme;09/02/2025;1;0.0623;0;1.75;357;0;
T06;Ne pas tuer les petites bêtes et les remettre dehors (c'est la nourriture de oiseaux);Biodiversité;ROUGES;Rouges maternelles ;pomme;09/02/2025;1;1.518;0;0;0;0;
E08;Acheter des fruits ou légumes de saison;Courses;ROUGES;Rouges maternelles ;pomme;09/02/2025;1;0.000173;0;0;0;0;
D02;Tout manger ce qu'il y a dans nos assiettes (cantine, maison);Déchets;ROUGES;Rouges maternelles ;pomme;09/02/2025;1;2.453511;0;1.390385;0;1.390384615;
W04;Fermer ses volets quand il fait froid et nuit;Electricité;ROUGES;Rouges maternelles ;clémentine;10/02/2025;1;0.006501;16.5;0;0;0;
C01;Eteindre les lumières quand on quitte une pièce ou si il fait jour dehors;Electricité;ROUGES;Rouges maternelles ;clémentine;10/02/2025;1;13.7935;0;0;0;0;
D05;Récupérer l'eau de pluie pour arroser;Eau;ROUGES;Rouges maternelles ;clémentine;10/02/2025;1;0.000239;0;0.134615;35;0;
E08;Fermer le robinet quand on se brosse les dents;Eau;ROUGES;Rouges maternelles ;clémentine;10/02/2025;1;0.000173;0;0;28;0;
W02;Ne pas gaspiller l'eau de son verre;Eau;ROUGES;Rouges maternelles ;clémentine;10/02/2025;1;0.05;28;0;35;0;
T04;Acheter des produits avec moins d'emballages (éviter emballages individuels);Courses;ROUGES;Rouges maternelles ;clémentine;10/02/2025;1;0.506;0;0;0;34.86;
E08;Acheter des fruits ou légumes de saison;Courses;ROUGES;Rouges maternelles ;clémentine;10/02/2025;1;0.000173;0;0;0;0;
W03;Préférer les produits réutilisables plutôt que jetables;Courses;ROUGES;Rouges maternelles ;clémentine;10/02/2025;1;0.004964;12.6;0;0;0;
E08;Ramasser les papiers et les déchets par terre pour les mettre à la poubelle;Déchets;ROUGES;Rouges maternelles ;clémentine;10/02/2025;1;0.000173;0;0;0;0.1;
W04;Fermer ses volets quand il fait froid et nuit;Electricité;ROUGES;Rouges maternelles ;marron;12/02/2025;1;0.006501;16.5;0;0;0;
D06;Réduire son temps devant les écrans (Télé, ordinateurs, tablette, jeux vidéos...);Electricité;ROUGES;Rouges maternelles ;marron;12/02/2025;1;0.017374;0;0.183462;0;0;
E04;Eteindre les appareils électriques lorsqu'on ne s'en sert pas (Télé, ordinateur...);Electricité;ROUGES;Rouges maternelles ;marron;12/02/2025;1;0.15988;0;1;0;0;
C01;Eteindre les lumières quand on quitte une pièce ou si il fait jour dehors;Electricité;ROUGES;Rouges maternelles ;marron;12/02/2025;1;13.7935;0;0;0;0;
D05;Récupérer l'eau de pluie pour arroser;Eau;ROUGES;Rouges maternelles ;marron;12/02/2025;1;0.000239;0;0.134615;35;0;
D10;Couper l’eau quand on se savonne les mains;Eau;ROUGES;Rouges maternelles ;marron;12/02/2025;1;0.54243;0;0.21;12.6;0;
W02;Ne pas gaspiller l'eau de son verre;Eau;ROUGES;Rouges maternelles ;marron;12/02/2025;1;0.05;28;0;35;0;
D09;Eviter de prendre des bains (préférer la douche rapide);Eau;ROUGES;Rouges maternelles ;marron;12/02/2025;1;0.0623;0;1.75;357;0;
T06;Ne pas tuer les petites bêtes et les remettre dehors (c'est la nourriture de oiseaux);Biodiversité;ROUGES;Rouges maternelles ;marron;12/02/2025;1;1.518;0;0;0;0;
T04;Acheter des produits avec moins d'emballages (éviter emballages individuels);Courses;ROUGES;Rouges maternelles ;marron;12/02/2025;1;0.506;0;0;0;34.86;
D06;Acheter d’occasion plutôt que neuf;Courses;ROUGES;Rouges maternelles ;marron;12/02/2025;1;0.017374;0;0.183462;0;0.134615385;
W03;Préférer les produits réutilisables plutôt que jetables;Courses;ROUGES;Rouges maternelles ;marron;12/02/2025;1;0.004964;12.6;0;0;0;
E01;Acheter juste ce dont on a besoin;Courses;ROUGES;Rouges maternelles ;marron;12/02/2025;1;0.027408;0;0;0;0.134615385;
E08;Acheter des fruits ou légumes de saison;Courses;ROUGES;Rouges maternelles ;marron;12/02/2025;1;0.000173;0;0;0;0;
E03;Acheter des produits recyclables et utiliser les bacs de tri;Déchets;ROUGES;Rouges maternelles ;marron;12/02/2025;1;0.15988;0;0;0;0;
E08;Ramasser les papiers et les déchets par terre pour les mettre à la poubelle;Déchets;ROUGES;Rouges maternelles ;marron;12/02/2025;1;0.000173;0;0;0;0.1;
D02;Tout manger ce qu'il y a dans nos assiettes (cantine, maison);Déchets;ROUGES;Rouges maternelles ;marron;12/02/2025;1;2.453511;0;1.390385;0;1.390384615;
E08;Fermer le robinet quand on se brosse les dents;Eau;ROUGES;Rouges maternelles ;marron;12/02/2025;1;0.000173;0;0;28;0;
D11;Ne pas prendre sa voiture si c'est possble : préférer la marche et le vélo (pour les petits trajets), le covoiturage…;Transport;ROUGES;Rouges maternelles ;petits pois;13/02/2025;1;0.38;0;0.67;0;0;
W04;Fermer ses volets quand il fait froid et nuit;Electricité;ROUGES;Rouges maternelles ;petits pois;13/02/2025;1;0.006501;16.5;0;0;0;
D06;Réduire son temps devant les écrans (Télé, ordinateurs, tablette, jeux vidéos...);Electricité;ROUGES;Rouges maternelles ;petits pois;13/02/2025;1;0.017374;0;0.183462;0;0;
E04;Eteindre les appareils électriques lorsqu'on ne s'en sert pas (Télé, ordinateur...);Electricité;ROUGES;Rouges maternelles ;petits pois;13/02/2025;1;0.15988;0;1;0;0;
C01;Eteindre les lumières quand on quitte une pièce ou si il fait jour dehors;Electricité;ROUGES;Rouges maternelles ;petits pois;13/02/2025;1;13.7935;0;0;0;0;
D05;Récupérer l'eau de pluie pour arroser;Eau;ROUGES;Rouges maternelles ;petits pois;13/02/2025;1;0.000239;0;0.134615;35;0;
D10;Couper l’eau quand on se savonne les mains;Eau;ROUGES;Rouges maternelles ;petits pois;13/02/2025;1;0.54243;0;0.21;12.6;0;
W02;Ne pas gaspiller l'eau de son verre;Eau;ROUGES;Rouges maternelles ;petits pois;13/02/2025;1;0.05;28;0;35;0;
D09;Eviter de prendre des bains (préférer la douche rapide);Eau;ROUGES;Rouges maternelles ;petits pois;13/02/2025;1;0.0623;0;1.75;357;0;
E08;Fermer le robinet quand on se brosse les dents;Eau;ROUGES;Rouges maternelles ;petits pois;13/02/2025;1;0.000173;0;0;28;0;
T06;Ne pas tuer les petites bêtes et les remettre dehors (c'est la nourriture de oiseaux);Biodiversité;ROUGES;Rouges maternelles ;petits pois;13/02/2025;1;1.518;0;0;0;0;
T04;Acheter des produits avec moins d'emballages (éviter emballages individuels);Courses;ROUGES;Rouges maternelles ;petits pois;13/02/2025;1;0.506;0;0;0;34.86;
D06;Acheter d’occasion plutôt que neuf;Courses;ROUGES;Rouges maternelles ;petits pois;13/02/2025;1;0.017374;0;0.183462;0;0.134615385;
W03;Préférer les produits réutilisables plutôt que jetables;Courses;ROUGES;Rouges maternelles ;petits pois;13/02/2025;1;0.004964;12.6;0;0;0;
E01;Acheter juste ce dont on a besoin;Courses;ROUGES;Rouges maternelles ;petits pois;13/02/2025;1;0.027408;0;0;0;0.134615385;
E08;Acheter des fruits ou légumes de saison;Courses;ROUGES;Rouges maternelles ;petits pois;13/02/2025;1;0.000173;0;0;0;0;
E03;Acheter des produits recyclables et utiliser les bacs de tri;Déchets;ROUGES;Rouges maternelles ;petits pois;13/02/2025;1;0.15988;0;0;0;0;
E08;Ramasser les papiers et les déchets par terre pour les mettre à la poubelle;Déchets;ROUGES;Rouges maternelles ;petits pois;13/02/2025;1;0.000173;0;0;0;0.1;
D02;Tout manger ce qu'il y a dans nos assiettes (cantine, maison);Déchets;ROUGES;Rouges maternelles ;petits pois;13/02/2025;1;2.453511;0;1.390385;0;1.390384615;
W04;Fermer ses volets quand il fait froid et nuit;Electricité;ROUGES;Rouges maternelles ;fruits;20/02/2025;1;0.006501;16.5;0;0;0;
D06;Réduire son temps devant les écrans (Télé, ordinateurs, tablette, jeux vidéos...);Electricité;ROUGES;Rouges maternelles ;fruits;20/02/2025;1;0.017374;0;0.183462;0;0;
E04;Eteindre les appareils électriques lorsqu'on ne s'en sert pas (Télé, ordinateur...);Electricité;ROUGES;Rouges maternelles ;fruits;20/02/2025;1;0.15988;0;1;0;0;
C01;Eteindre les lumières quand on quitte une pièce ou si il fait jour dehors;Electricité;ROUGES;Rouges maternelles ;fruits;20/02/2025;1;13.7935;0;0;0;0;
D10;Couper l’eau quand on se savonne les mains;Eau;ROUGES;Rouges maternelles ;fruits;20/02/2025;1;0.54243;0;0.21;12.6;0;
W02;Ne pas gaspiller l'eau de son verre;Eau;ROUGES;Rouges maternelles ;fruits;20/02/2025;1;0.05;28;0;35;0;
D09;Eviter de prendre des bains (préférer la douche rapide);Eau;ROUGES;Rouges maternelles ;fruits;20/02/2025;1;0.0623;0;1.75;357;0;
E08;Fermer le robinet quand on se brosse les dents;Eau;ROUGES;Rouges maternelles ;fruits;20/02/2025;1;0.000173;0;0;28;0;
T04;Acheter des produits avec moins d'emballages (éviter emballages individuels);Courses;ROUGES;Rouges maternelles ;fruits;20/02/2025;1;0.506;0;0;0;34.86;
W03;Préférer les produits réutilisables plutôt que jetables;Courses;ROUGES;Rouges maternelles ;fruits;20/02/2025;1;0.004964;12.6;0;0;0;
E01;Acheter juste ce dont on a besoin;Courses;ROUGES;Rouges maternelles ;fruits;20/02/2025;1;0.027408;0;0;0;0.134615385;
E08;Acheter des fruits ou légumes de saison;Courses;ROUGES;Rouges maternelles ;fruits;20/02/2025;1;0.000173;0;0;0;0;
E03;Acheter des produits recyclables et utiliser les bacs de tri;Déchets;ROUGES;Rouges maternelles ;fruits;20/02/2025;1;0.15988;0;0;0;0;
D02;Tout manger ce qu'il y a dans nos assiettes (cantine, maison);Déchets;ROUGES;Rouges maternelles ;fruits;20/02/2025;1;2.453511;0;1.390385;0;1.390384615;
D11;Ne pas prendre sa voiture si c'est possble : préférer la marche et le vélo (pour les petits trajets), le covoiturage…;Transport;ROUGES;Rouges maternelles ;pamplemousse;20/02/2025;1;0.38;0;0.67;0;0;
W04;Fermer ses volets quand il fait froid et nuit;Electricité;ROUGES;Rouges maternelles ;pamplemousse;20/02/2025;1;0.006501;16.5;0;0;0;
D06;Réduire son temps devant les écrans (Télé, ordinateurs, tablette, jeux vidéos...);Electricité;ROUGES;Rouges maternelles ;pamplemousse;20/02/2025;1;0.017374;0;0.183462;0;0;
E04;Eteindre les appareils électriques lorsqu'on ne s'en sert pas (Télé, ordinateur...);Electricité;ROUGES;Rouges maternelles ;pamplemousse;20/02/2025;1;0.15988;0;1;0;0;
C01;Eteindre les lumières quand on quitte une pièce ou si il fait jour dehors;Electricité;ROUGES;Rouges maternelles ;pamplemousse;20/02/2025;1;13.7935;0;0;0;0;
D10;Couper l’eau quand on se savonne les mains;Eau;ROUGES;Rouges maternelles ;pamplemousse;20/02/2025;1;0.54243;0;0.21;12.6;0;
T06;Ne pas tuer les petites bêtes et les remettre dehors (c'est la nourriture de oiseaux);Biodiversité;ROUGES;Rouges maternelles ;pamplemousse;20/02/2025;1;1.518;0;0;0;0;
W03;Préférer les produits réutilisables plutôt que jetables;Courses;ROUGES;Rouges maternelles ;pamplemousse;20/02/2025;1;0.004964;12.6;0;0;0;
E08;Ramasser les papiers et les déchets par terre pour les mettre à la poubelle;Déchets;ROUGES;Rouges maternelles ;pamplemousse;20/02/2025;1;0.000173;0;0;0;0.1;
W04;Fermer ses volets quand il fait froid et nuit;Electricité;ROUGES;Rouges maternelles ;petits pois;21/02/2025;1;0.006501;16.5;0;0;0;
E04;Eteindre les appareils électriques lorsqu'on ne s'en sert pas (Télé, ordinateur...);Electricité;ROUGES;Rouges maternelles ;petits pois;21/02/2025;1;0.15988;0;1;0;0;
D05;Récupérer l'eau de pluie pour arroser;Eau;ROUGES;Rouges maternelles ;petits pois;21/02/2025;1;0.000239;0;0.134615;35;0;
W02;Ne pas gaspiller l'eau de son verre;Eau;ROUGES;Rouges maternelles ;petits pois;21/02/2025;1;0.05;28;0;35;0;
E08;Fermer le robinet quand on se brosse les dents;Eau;ROUGES;Rouges maternelles ;petits pois;21/02/2025;1;0.000173;0;0;28;0;
T04;Acheter des produits avec moins d'emballages (éviter emballages individuels);Courses;ROUGES;Rouges maternelles ;petits pois;21/02/2025;1;0.506;0;0;0;34.86;
W03;Préférer les produits réutilisables plutôt que jetables;Courses;ROUGES;Rouges maternelles ;petits pois;21/02/2025;1;0.004964;12.6;0;0;0;
E08;Acheter des fruits ou légumes de saison;Courses;ROUGES;Rouges maternelles ;petits pois;21/02/2025;1;0.000173;0;0;0;0;
E08;Ramasser les papiers et les déchets par terre pour les mettre à la poubelle;Déchets;ROUGES;Rouges maternelles ;petits pois;21/02/2025;1;0.000173;0;0;0;0.1;
W04;Fermer ses volets quand il fait froid et nuit;Electricité;ROUGES;Rouges maternelles ;radis;09/03/2025;1;0.006501;16.5;0;0;0;
E04;Eteindre les appareils électriques lorsqu'on ne s'en sert pas (Télé, ordinateur...);Electricité;ROUGES;Rouges maternelles ;radis;09/03/2025;1;0.15988;0;1;0;0;
D10;Couper l’eau quand on se savonne les mains;Eau;ROUGES;Rouges maternelles ;radis;09/03/2025;1;0.54243;0;0.21;12.6;0;
D09;Eviter de prendre des bains (préférer la douche rapide);Eau;ROUGES;Rouges maternelles ;radis;09/03/2025;1;0.0623;0;1.75;357;0;
T06;Ne pas tuer les petites bêtes et les remettre dehors (c'est la nourriture de oiseaux);Biodiversité;ROUGES;Rouges maternelles ;radis;09/03/2025;1;1.518;0;0;0;0;
E01;Acheter juste ce dont on a besoin;Courses;ROUGES;Rouges maternelles ;radis;09/03/2025;1;0.027408;0;0;0;0.134615385;
E03;Acheter des produits recyclables et utiliser les bacs de tri;Déchets;ROUGES;Rouges maternelles ;radis;09/03/2025;1;0.15988;0;0;0;0;
D02;Tout manger ce qu'il y a dans nos assiettes (cantine, maison);Déchets;ROUGES;Rouges maternelles ;radis;09/03/2025;1;2.453511;0;1.390385;0;1.390384615;
W04;Fermer ses volets quand il fait froid et nuit;Electricité;ROUGES;Rouges maternelles ;pomme;09/03/2025;1;0.006501;16.5;0;0;0;
E04;Eteindre les appareils électriques lorsqu'on ne s'en sert pas (Télé, ordinateur...);Electricité;ROUGES;Rouges maternelles ;pomme;09/03/2025;1;0.15988;0;1;0;0;
W02;Ne pas gaspiller l'eau de son verre;Eau;ROUGES;Rouges maternelles ;pomme;09/03/2025;1;0.05;28;0;35;0;
D09;Eviter de prendre des bains (préférer la douche rapide);Eau;ROUGES;Rouges maternelles ;pomme;09/03/2025;1;0.0623;0;1.75;357;0;
E01;Acheter juste ce dont on a besoin;Courses;ROUGES;Rouges maternelles ;pomme;09/03/2025;1;0.027408;0;0;0;0.134615385;
W03;Préférer les produits réutilisables plutôt que jetables;Courses;ROUGES;Rouges maternelles ;pomme;09/03/2025;1;0.004964;12.6;0;0;0;
D02;Tout manger ce qu'il y a dans nos assiettes (cantine, maison);Déchets;ROUGES;Rouges maternelles ;pomme;09/03/2025;1;2.453511;0;1.390385;0;1.390384615;
D06;Réduire son temps devant les écrans (Télé, ordinateurs, tablette, jeux vidéos...);Electricité;ROUGES;Rouges maternelles ;fruits;09/03/2025;1;0.017374;0;0.183462;0;0;
C01;Eteindre les lumières quand on quitte une pièce ou si il fait jour dehors;Electricité;ROUGES;Rouges maternelles ;fruits;09/03/2025;1;13.7935;0;0;0;0;
W02;Ne pas gaspiller l'eau de son verre;Eau;ROUGES;Rouges maternelles ;fruits;09/03/2025;1;0.05;28;0;35;0;
E08;Fermer le robinet quand on se brosse les dents;Eau;ROUGES;Rouges maternelles ;fruits;09/03/2025;1;0.000173;0;0;28;0;
W03;Préférer les produits réutilisables plutôt que jetables;Courses;ROUGES;Rouges maternelles ;fruits;09/03/2025;1;0.004964;12.6;0;0;0;
E08;Acheter des fruits ou légumes de saison;Courses;ROUGES;Rouges maternelles ;fruits;09/03/2025;1;0.000173;0;0;0;0;
D02;Tout manger ce qu'il y a dans nos assiettes (cantine, maison);Déchets;ROUGES;Rouges maternelles ;fruits;09/03/2025;1;2.453511;0;1.390385;0;1.390384615;
D11;Ne pas prendre sa voiture si c'est possble : préférer la marche et le vélo (pour les petits trajets), le covoiturage…;Transport;ROUGES;Rouges maternelles ;lentilles;10/03/2025;1;0.38;0;0.67;0;0;
D06;Réduire son temps devant les écrans (Télé, ordinateurs, tablette, jeux vidéos...);Electricité;ROUGES;Rouges maternelles ;lentilles;10/03/2025;1;0.017374;0;0.183462;0;0;
C01;Eteindre les lumières quand on quitte une pièce ou si il fait jour dehors;Electricité;ROUGES;Rouges maternelles ;lentilles;10/03/2025;1;13.7935;0;0;0;0;
W02;Ne pas gaspiller l'eau de son verre;Eau;ROUGES;Rouges maternelles ;lentilles;10/03/2025;1;0.05;28;0;35;0;
D06;Acheter d’occasion plutôt que neuf;Courses;ROUGES;Rouges maternelles ;lentilles;10/03/2025;1;0.017374;0;0.183462;0;0.134615385;
E03;Acheter des produits recyclables et utiliser les bacs de tri;Déchets;ROUGES;Rouges maternelles ;lentilles;10/03/2025;1;0.15988;0;0;0;0;
E04;Eteindre les appareils électriques lorsqu'on ne s'en sert pas (Télé, ordinateur...);Electricité;ROUGES;Rouges maternelles ;clémentine;10/03/2025;1;0.15988;0;1;0;0;
D05;Récupérer l'eau de pluie pour arroser;Eau;ROUGES;Rouges maternelles ;clémentine;10/03/2025;1;0.000239;0;0.134615;35;0;
W02;Ne pas gaspiller l'eau de son verre;Eau;ROUGES;Rouges maternelles ;clémentine;10/03/2025;1;0.05;28;0;35;0;
E08;Fermer le robinet quand on se brosse les dents;Eau;ROUGES;Rouges maternelles ;clémentine;10/03/2025;1;0.000173;0;0;28;0;
W04;Fermer ses volets quand il fait froid et nuit;Electricité;ROUGES;Rouges maternelles ;brocolis;11/03/2025;1;0.006501;16.5;0;0;0;
C01;Eteindre les lumières quand on quitte une pièce ou si il fait jour dehors;Electricité;ROUGES;Rouges maternelles ;brocolis;11/03/2025;1;13.7935;0;0;0;0;
D09;Eviter de prendre des bains (préférer la douche rapide);Eau;ROUGES;Rouges maternelles ;brocolis;11/03/2025;1;0.0623;0;1.75;357;0;
E08;Acheter des fruits ou légumes de saison;Courses;ROUGES;Rouges maternelles ;brocolis;11/03/2025;1;0.000173;0;0;0;0;
D06;Réduire son temps devant les écrans (Télé, ordinateurs, tablette, jeux vidéos...);Electricité;ROUGES;Rouges maternelles ;framboise;11/03/2025;1;0.017374;0;0.183462;0;0;
C01;Eteindre les lumières quand on quitte une pièce ou si il fait jour dehors;Electricité;ROUGES;Rouges maternelles ;framboise;11/03/2025;1;13.7935;0;0;0;0;
D09;Eviter de prendre des bains (préférer la douche rapide);Eau;ROUGES;Rouges maternelles ;framboise;11/03/2025;1;0.0623;0;1.75;357;0;
C01;Eteindre les lumières quand on quitte une pièce ou si il fait jour dehors;Electricité;ROUGES;Rouges maternelles ;clémentine;10/03/2025;1;13.7935;0;0;0;0;
D10;Couper l’eau quand on se savonne les mains;Eau;ROUGES;Rouges maternelles ;clémentine;10/03/2025;1;0.54243;0;0.21;12.6;0;
D09;Eviter de prendre des bains (préférer la douche rapide);Eau;ROUGES;Rouges maternelles ;clémentine;10/03/2025;1;0.0623;0;1.75;357;0;
T06;Ne pas tuer les petites bêtes et les remettre dehors (c'est la nourriture de oiseaux);Biodiversité;ROUGES;Rouges maternelles ;clémentine;10/03/2025;1;1.518;0;0;0;0;
E04;Eteindre les appareils électriques lorsqu'on ne s'en sert pas (Télé, ordinateur...);Electricité;ROUGES;Rouges maternelles ;brocolis;11/03/2025;1;0.15988;0;1;0;0;
D10;Couper l’eau quand on se savonne les mains;Eau;ROUGES;Rouges maternelles ;brocolis;11/03/2025;1;0.54243;0;0.21;12.6;0;
W02;Ne pas gaspiller l'eau de son verre;Eau;ROUGES;Rouges maternelles ;brocolis;11/03/2025;1;0.05;28;0;35;0;
E08;Fermer le robinet quand on se brosse les dents;Eau;ROUGES;Rouges maternelles ;brocolis;11/03/2025;1;0.000173;0;0;28;0;
E01;Acheter juste ce dont on a besoin;Courses;ROUGES;Rouges maternelles ;brocolis;11/03/2025;1;0.027408;0;0;0;0.134615385;
W04;Fermer ses volets quand il fait froid et nuit;Electricité;ROUGES;Rouges maternelles ;framboise;11/03/2025;1;0.006501;16.5;0;0;0;
E04;Eteindre les appareils électriques lorsqu'on ne s'en sert pas (Télé, ordinateur...);Electricité;ROUGES;Rouges maternelles ;framboise;11/03/2025;1;0.15988;0;1;0;0;
W04;Fermer ses volets quand il fait froid et nuit;Electricité;ROUGES;Rouges maternelles ;radis;22/02/2025;1;0.006501;16.5;0;0;0;
E04;Eteindre les appareils électriques lorsqu'on ne s'en sert pas (Télé, ordinateur...);Electricité;ROUGES;Rouges maternelles ;radis;22/02/2025;1;0.15988;0;1;0;0;
D10;Couper l’eau quand on se savonne les mains;Eau;ROUGES;Rouges maternelles ;radis;22/02/2025;1;0.54243;0;0.21;12.6;0;
D09;Eviter de prendre des bains (préférer la douche rapide);Eau;ROUGES;Rouges maternelles ;radis;22/02/2025;1;0.0623;0;1.75;357;0;
T06;Ne pas tuer les petites bêtes et les remettre dehors (c'est la nourriture de oiseaux);Biodiversité;ROUGES;Rouges maternelles ;radis;22/02/2025;1;1.518;0;0;0;0;
W03;Préférer les produits réutilisables plutôt que jetables;Courses;ROUGES;Rouges maternelles ;radis;22/02/2025;1;0.004964;12.6;0;0;0;
E08;Acheter des fruits ou légumes de saison;Courses;ROUGES;Rouges maternelles ;radis;22/02/2025;1;0.000173;0;0;0;0;
E08;Ramasser les papiers et les déchets par terre pour les mettre à la poubelle;Déchets;ROUGES;Rouges maternelles ;radis;22/02/2025;1;0.000173;0;0;0;0.1;
D11;Ne pas prendre sa voiture si c'est possble : préférer la marche et le vélo (pour les petits trajets), le covoiturage…;Transport;ROUGES;Rouges maternelles ;radis;22/02/2025;1;0.38;0;0.67;0;0;
W04;Fermer ses volets quand il fait froid et nuit;Electricité;ROUGES;Rouges maternelles ;châtaigne;22/02/2025;1;0.006501;16.5;0;0;0;
C01;Eteindre les lumières quand on quitte une pièce ou si il fait jour dehors;Electricité;ROUGES;Rouges maternelles ;châtaigne;22/02/2025;1;13.7935;0;0;0;0;
W02;Ne pas gaspiller l'eau de son verre;Eau;ROUGES;Rouges maternelles ;châtaigne;22/02/2025;1;0.05;28;0;35;0;
E08;Fermer le robinet quand on se brosse les dents;Eau;ROUGES;Rouges maternelles ;châtaigne;22/02/2025;1;0.000173;0;0;28;0;
T04;Acheter des produits avec moins d'emballages (éviter emballages individuels);Courses;ROUGES;Rouges maternelles ;châtaigne;22/02/2025;1;0.506;0;0;0;34.86;
W03;Préférer les produits réutilisables plutôt que jetables;Courses;ROUGES;Rouges maternelles ;châtaigne;22/02/2025;1;0.004964;12.6;0;0;0;
E08;Acheter des fruits ou légumes de saison;Courses;ROUGES;Rouges maternelles ;châtaigne;22/02/2025;1;0.000173;0;0;0;0;
E08;Ramasser les papiers et les déchets par terre pour les mettre à la poubelle;Déchets;ROUGES;Rouges maternelles ;châtaigne;22/02/2025;1;0.000173;0;0;0;0.1;
W02;Ne pas gaspiller l'eau de son verre;Eau;ROUGES;Rouges maternelles ;pamplemousse;20/02/2025;1;0.05;28;0;35;0;
T04;Acheter des produits avec moins d'emballages (éviter emballages individuels);Courses;ROUGES;Rouges maternelles ;pamplemousse;20/02/2025;1;0.506;0;0;0;34.86;
E03;Acheter des produits recyclables et utiliser les bacs de tri;Déchets;ROUGES;Rouges maternelles ;pamplemousse;20/02/2025;1;0.15988;0;0;0;0;
D02;Tout manger ce qu'il y a dans nos assiettes (cantine, maison);Déchets;ROUGES;Rouges maternelles ;pamplemousse;20/02/2025;1;2.453511;0;1.390385;0;1.390384615;
D10;Couper l’eau quand on se savonne les mains;Eau;ROUGES;Rouges maternelles ;framboise;11/03/2025;1;0.54243;0;0.21;12.6;0;
E08;Fermer le robinet quand on se brosse les dents;Eau;ROUGES;Rouges maternelles ;framboise;11/03/2025;1;0.000173;0;0;28;0;
D11;Ne pas prendre sa voiture si c'est possble : préférer la marche et le vélo (pour les petits trajets), le covoiturage…;Transport;ROUGES;Rouges maternelles ;petits pois;21/02/2025;1;0.38;0;0.67;0;0;
D06;Réduire son temps devant les écrans (Télé, ordinateurs, tablette, jeux vidéos...);Electricité;ROUGES;Rouges maternelles ;petits pois;21/02/2025;1;0.017374;0;0.183462;0;0;
C01;Eteindre les lumières quand on quitte une pièce ou si il fait jour dehors;Electricité;ROUGES;Rouges maternelles ;petits pois;21/02/2025;1;13.7935;0;0;0;0;
D10;Couper l’eau quand on se savonne les mains;Eau;ROUGES;Rouges maternelles ;petits pois;21/02/2025;1;0.54243;0;0.21;12.6;0;
D09;Eviter de prendre des bains (préférer la douche rapide);Eau;ROUGES;Rouges maternelles ;petits pois;21/02/2025;1;0.0623;0;1.75;357;0;
T06;Ne pas tuer les petites bêtes et les remettre dehors (c'est la nourriture de oiseaux);Biodiversité;ROUGES;Rouges maternelles ;petits pois;21/02/2025;1;1.518;0;0;0;0;
D06;Acheter d’occasion plutôt que neuf;Courses;ROUGES;Rouges maternelles ;petits pois;21/02/2025;1;0.017374;0;0.183462;0;0.134615385;
E01;Acheter juste ce dont on a besoin;Courses;ROUGES;Rouges maternelles ;petits pois;21/02/2025;1;0.027408;0;0;0;0.134615385;
E03;Acheter des produits recyclables et utiliser les bacs de tri;Déchets;ROUGES;Rouges maternelles ;petits pois;21/02/2025;1;0.15988;0;0;0;0;
D02;Tout manger ce qu'il y a dans nos assiettes (cantine, maison);Déchets;ROUGES;Rouges maternelles ;petits pois;21/02/2025;1;2.453511;0;1.390385;0;1.390384615;
E01;Acheter juste ce dont on a besoin;Courses;ROUGES;Rouges maternelles ;framboise;11/03/2025;1;0.027408;0;0;0;0.134615385;
D02;Tout manger ce qu'il y a dans nos assiettes (cantine, maison);Déchets;ROUGES;Rouges maternelles ;framboise;11/03/2025;1;2.453511;0;1.390385;0;1.390384615;
W04;Fermer ses volets quand il fait froid et nuit;Electricité;ROUGES;Rouges maternelles ;châtaigne;12/03/2025;1;0.006501;16.5;0;0;0;
E04;Eteindre les appareils électriques lorsqu'on ne s'en sert pas (Télé, ordinateur...);Electricité;ROUGES;Rouges maternelles ;châtaigne;12/03/2025;1;0.15988;0;1;0;0;
D05;Récupérer l'eau de pluie pour arroser;Eau;ROUGES;Rouges maternelles ;châtaigne;12/03/2025;1;0.000239;0;0.134615;35;0;
W02;Ne pas gaspiller l'eau de son verre;Eau;ROUGES;Rouges maternelles ;châtaigne;12/03/2025;1;0.05;28;0;35;0;
E08;Fermer le robinet quand on se brosse les dents;Eau;ROUGES;Rouges maternelles ;châtaigne;12/03/2025;1;0.000173;0;0;28;0;
T04;Acheter des produits avec moins d'emballages (éviter emballages individuels);Courses;ROUGES;Rouges maternelles ;châtaigne;12/03/2025;1;0.506;0;0;0;34.86;
W03;Préférer les produits réutilisables plutôt que jetables;Courses;ROUGES;Rouges maternelles ;châtaigne;12/03/2025;1;0.004964;12.6;0;0;0;
E08;Acheter des fruits ou légumes de saison;Courses;ROUGES;Rouges maternelles ;châtaigne;12/03/2025;1;0.000173;0;0;0;0;
D02;Tout manger ce qu'il y a dans nos assiettes (cantine, maison);Déchets;ROUGES;Rouges maternelles ;châtaigne;12/03/2025;1;2.453511;0;1.390385;0;1.390384615;
D11;Ne pas prendre sa voiture si c'est possble : préférer la marche et le vélo (pour les petits trajets), le covoiturage…;Transport;ROUGES;Rouges maternelles ;clémentine;22/04/2025;1;0.38;0;0.67;0;0;
D06;Réduire son temps devant les écrans (Télé, ordinateurs, tablette, jeux vidéos...);Electricité;ROUGES;Rouges maternelles ;clémentine;22/04/2025;1;0.017374;0;0.183462;0;0;
C01;Eteindre les lumières quand on quitte une pièce ou si il fait jour dehors;Electricité;ROUGES;Rouges maternelles ;clémentine;22/04/2025;1;13.7935;0;0;0;0;
D10;Couper l’eau quand on se savonne les mains;Eau;ROUGES;Rouges maternelles ;clémentine;22/04/2025;1;0.54243;0;0.21;12.6;0;
D09;Eviter de prendre des bains (préférer la douche rapide);Eau;ROUGES;Rouges maternelles ;clémentine;22/04/2025;1;0.0623;0;1.75;357;0;
T06;Ne pas tuer les petites bêtes et les remettre dehors (c'est la nourriture de oiseaux);Biodiversité;ROUGES;Rouges maternelles ;clémentine;22/04/2025;1;1.518;0;0;0;0;
D06;Acheter d’occasion plutôt que neuf;Courses;ROUGES;Rouges maternelles ;clémentine;22/04/2025;1;0.017374;0;0.183462;0;0.134615385;
E01;Acheter juste ce dont on a besoin;Courses;ROUGES;Rouges maternelles ;clémentine;22/04/2025;1;0.027408;0;0;0;0.134615385;
E03;Acheter des produits recyclables et utiliser les bacs de tri;Déchets;ROUGES;Rouges maternelles ;clémentine;22/04/2025;1;0.15988;0;0;0;0;
D02;Tout manger ce qu'il y a dans nos assiettes (cantine, maison);Déchets;ROUGES;Rouges maternelles ;clémentine;22/04/2025;1;2.453511;0;1.390385;0;1.390384615;
D11;Ne pas prendre sa voiture si c'est possble : préférer la marche et le vélo (pour les petits trajets), le covoiturage…;Transport;ROUGES;Rouges maternelles ;fruits;23/04/2025;1;0.38;0;0.67;0;0;
D06;Réduire son temps devant les écrans (Télé, ordinateurs, tablette, jeux vidéos...);Electricité;ROUGES;Rouges maternelles ;fruits;23/04/2025;1;0.017374;0;0.183462;0;0;
D06;Réduire son temps devant les écrans (Télé, ordinateurs, tablette, jeux vidéos...);Electricité;ROUGES;Rouges maternelles ;lentilles;25/02/2025;1;0.017374;0;0.183462;0;0;
D10;Couper l’eau quand on se savonne les mains;Eau;ROUGES;Rouges maternelles ;lentilles;25/02/2025;1;0.54243;0;0.21;12.6;0;
E08;Fermer le robinet quand on se brosse les dents;Eau;ROUGES;Rouges maternelles ;lentilles;25/02/2025;1;0.000173;0;0;28;0;
D06;Réduire son temps devant les écrans (Télé, ordinateurs, tablette, jeux vidéos...);Electricité;ROUGES;Rouges maternelles ;radis;22/02/2025;1;0.017374;0;0.183462;0;0;
C01;Eteindre les lumières quand on quitte une pièce ou si il fait jour dehors;Electricité;ROUGES;Rouges maternelles ;radis;22/02/2025;1;13.7935;0;0;0;0;
W02;Ne pas gaspiller l'eau de son verre;Eau;ROUGES;Rouges maternelles ;radis;22/02/2025;1;0.05;28;0;35;0;
E08;Fermer le robinet quand on se brosse les dents;Eau;ROUGES;Rouges maternelles ;radis;22/02/2025;1;0.000173;0;0;28;0;
D06;Acheter d’occasion plutôt que neuf;Courses;ROUGES;Rouges maternelles ;radis;22/02/2025;1;0.017374;0;0.183462;0;0.134615385;
E01;Acheter juste ce dont on a besoin;Courses;ROUGES;Rouges maternelles ;radis;22/02/2025;1;0.027408;0;0;0;0.134615385;
E03;Acheter des produits recyclables et utiliser les bacs de tri;Déchets;ROUGES;Rouges maternelles ;radis;22/02/2025;1;0.15988;0;0;0;0;
D02;Tout manger ce qu'il y a dans nos assiettes (cantine, maison);Déchets;ROUGES;Rouges maternelles ;radis;22/02/2025;1;2.453511;0;1.390385;0;1.390384615;
D11;Ne pas prendre sa voiture si c'est possble : préférer la marche et le vélo (pour les petits trajets), le covoiturage…;Transport;ROUGES;Rouges maternelles ;châtaigne;22/02/2025;1;0.38;0;0.67;0;0;
E04;Eteindre les appareils électriques lorsqu'on ne s'en sert pas (Télé, ordinateur...);Electricité;ROUGES;Rouges maternelles ;châtaigne;22/02/2025;1;0.15988;0;1;0;0;
D10;Couper l’eau quand on se savonne les mains;Eau;ROUGES;Rouges maternelles ;châtaigne;22/02/2025;1;0.54243;0;0.21;12.6;0;
D09;Eviter de prendre des bains (préférer la douche rapide);Eau;ROUGES;Rouges maternelles ;châtaigne;22/02/2025;1;0.0623;0;1.75;357;0;
T06;Ne pas tuer les petites bêtes et les remettre dehors (c'est la nourriture de oiseaux);Biodiversité;ROUGES;Rouges maternelles ;châtaigne;22/02/2025;1;1.518;0;0;0;0;
D06;Acheter d’occasion plutôt que neuf;Courses;ROUGES;Rouges maternelles ;châtaigne;22/02/2025;1;0.017374;0;0.183462;0;0.134615385;
E01;Acheter juste ce dont on a besoin;Courses;ROUGES;Rouges maternelles ;châtaigne;22/02/2025;1;0.027408;0;0;0;0.134615385;
E03;Acheter des produits recyclables et utiliser les bacs de tri;Déchets;ROUGES;Rouges maternelles ;châtaigne;22/02/2025;1;0.15988;0;0;0;0;
C01;Eteindre les lumières quand on quitte une pièce ou si il fait jour dehors;Electricité;ROUGES;Rouges maternelles ;fruits;23/04/2025;1;13.7935;0;0;0;0;
D10;Couper l’eau quand on se savonne les mains;Eau;ROUGES;Rouges maternelles ;fruits;23/04/2025;1;0.54243;0;0.21;12.6;0;
W04;Fermer ses volets quand il fait froid et nuit;Electricité;ROUGES;Rouges maternelles ;clémentine;14/03/2025;1;0.006501;16.5;0;0;0;
W04;Fermer ses volets quand il fait froid et nuit;Electricité;ROUGES;Rouges maternelles ;petits pois;14/03/2025;1;0.006501;16.5;0;0;0;
E04;Eteindre les appareils électriques lorsqu'on ne s'en sert pas (Télé, ordinateur...);Electricité;ROUGES;Rouges maternelles ;petits pois;14/03/2025;1;0.15988;0;1;0;0;
D05;Récupérer l'eau de pluie pour arroser;Eau;ROUGES;Rouges maternelles ;petits pois;14/03/2025;1;0.000239;0;0.134615;35;0;
W02;Ne pas gaspiller l'eau de son verre;Eau;ROUGES;Rouges maternelles ;petits pois;14/03/2025;1;0.05;28;0;35;0;
E08;Fermer le robinet quand on se brosse les dents;Eau;ROUGES;Rouges maternelles ;petits pois;14/03/2025;1;0.000173;0;0;28;0;
T04;Acheter des produits avec moins d'emballages (éviter emballages individuels);Courses;ROUGES;Rouges maternelles ;petits pois;14/03/2025;1;0.506;0;0;0;34.86;
W03;Préférer les produits réutilisables plutôt que jetables;Courses;ROUGES;Rouges maternelles ;petits pois;14/03/2025;1;0.004964;12.6;0;0;0;
E08;Acheter des fruits ou légumes de saison;Courses;ROUGES;Rouges maternelles ;petits pois;14/03/2025;1;0.000173;0;0;0;0;
E08;Ramasser les papiers et les déchets par terre pour les mettre à la poubelle;Déchets;ROUGES;Rouges maternelles ;petits pois;14/03/2025;1;0.000173;0;0;0;0.1;
W04;Fermer ses volets quand il fait froid et nuit;Electricité;ROUGES;Rouges maternelles ;marron;15/03/2025;1;0.006501;16.5;0;0;0;
E04;Eteindre les appareils électriques lorsqu'on ne s'en sert pas (Télé, ordinateur...);Electricité;ROUGES;Rouges maternelles ;marron;15/03/2025;1;0.15988;0;1;0;0;
D05;Récupérer l'eau de pluie pour arroser;Eau;ROUGES;Rouges maternelles ;marron;15/03/2025;1;0.000239;0;0.134615;35;0;
W02;Ne pas gaspiller l'eau de son verre;Eau;ROUGES;Rouges maternelles ;marron;15/03/2025;1;0.05;28;0;35;0;
E08;Fermer le robinet quand on se brosse les dents;Eau;ROUGES;Rouges maternelles ;marron;15/03/2025;1;0.000173;0;0;28;0;
D06;Acheter d’occasion plutôt que neuf;Courses;ROUGES;Rouges maternelles ;marron;15/03/2025;1;0.017374;0;0.183462;0;0.134615385;
E01;Acheter juste ce dont on a besoin;Courses;ROUGES;Rouges maternelles ;marron;15/03/2025;1;0.027408;0;0;0;0.134615385;
E03;Acheter des produits recyclables et utiliser les bacs de tri;Déchets;ROUGES;Rouges maternelles ;marron;15/03/2025;1;0.15988;0;0;0;0;
D02;Tout manger ce qu'il y a dans nos assiettes (cantine, maison);Déchets;ROUGES;Rouges maternelles ;marron;15/03/2025;1;2.453511;0;1.390385;0;1.390384615;
W04;Fermer ses volets quand il fait froid et nuit;Electricité;ROUGES;Rouges maternelles ;radis;16/03/2025;1;0.006501;16.5;0;0;0;
E04;Eteindre les appareils électriques lorsqu'on ne s'en sert pas (Télé, ordinateur...);Electricité;ROUGES;Rouges maternelles ;radis;16/03/2025;1;0.15988;0;1;0;0;
W02;Ne pas gaspiller l'eau de son verre;Eau;ROUGES;Rouges maternelles ;radis;16/03/2025;1;0.05;28;0;35;0;
E08;Fermer le robinet quand on se brosse les dents;Eau;ROUGES;Rouges maternelles ;radis;16/03/2025;1;0.000173;0;0;28;0;
D06;Acheter d’occasion plutôt que neuf;Courses;ROUGES;Rouges maternelles ;radis;16/03/2025;1;0.017374;0;0.183462;0;0.134615385;
W03;Préférer les produits réutilisables plutôt que jetables;Courses;ROUGES;Rouges maternelles ;radis;16/03/2025;1;0.004964;12.6;0;0;0;
E03;Acheter des produits recyclables et utiliser les bacs de tri;Déchets;ROUGES;Rouges maternelles ;radis;16/03/2025;1;0.15988;0;0;0;0;
D02;Tout manger ce qu'il y a dans nos assiettes (cantine, maison);Déchets;ROUGES;Rouges maternelles ;radis;16/03/2025;1;2.453511;0;1.390385;0;1.390384615;
E04;Eteindre les appareils électriques lorsqu'on ne s'en sert pas (Télé, ordinateur...);Electricité;ROUGES;Rouges maternelles ;pomme;16/03/2025;1;0.15988;0;1;0;0;
D10;Couper l’eau quand on se savonne les mains;Eau;ROUGES;Rouges maternelles ;pomme;16/03/2025;1;0.54243;0;0.21;12.6;0;
D09;Eviter de prendre des bains (préférer la douche rapide);Eau;ROUGES;Rouges maternelles ;pomme;16/03/2025;1;0.0623;0;1.75;357;0;
T06;Ne pas tuer les petites bêtes et les remettre dehors (c'est la nourriture de oiseaux);Biodiversité;ROUGES;Rouges maternelles ;pomme;16/03/2025;1;1.518;0;0;0;0;
E08;Acheter des fruits ou légumes de saison;Courses;ROUGES;Rouges maternelles ;pomme;16/03/2025;1;0.000173;0;0;0;0;
D02;Tout manger ce qu'il y a dans nos assiettes (cantine, maison);Déchets;ROUGES;Rouges maternelles ;pomme;16/03/2025;1;2.453511;0;1.390385;0;1.390384615;
W04;Fermer ses volets quand il fait froid et nuit;Electricité;ROUGES;Rouges maternelles ;fruits;17/03/2025;1;0.006501;16.5;0;0;0;
E04;Eteindre les appareils électriques lorsqu'on ne s'en sert pas (Télé, ordinateur...);Electricité;ROUGES;Rouges maternelles ;fruits;17/03/2025;1;0.15988;0;1;0;0;
D10;Couper l’eau quand on se savonne les mains;Eau;ROUGES;Rouges maternelles ;fruits;17/03/2025;1;0.54243;0;0.21;12.6;0;
D09;Eviter de prendre des bains (préférer la douche rapide);Eau;ROUGES;Rouges maternelles ;fruits;17/03/2025;1;0.0623;0;1.75;357;0;
T04;Acheter des produits avec moins d'emballages (éviter emballages individuels);Courses;ROUGES;Rouges maternelles ;fruits;17/03/2025;1;0.506;0;0;0;34.86;
E01;Acheter juste ce dont on a besoin;Courses;ROUGES;Rouges maternelles ;fruits;17/03/2025;1;0.027408;0;0;0;0.134615385;
E03;Acheter des produits recyclables et utiliser les bacs de tri;Déchets;ROUGES;Rouges maternelles ;fruits;17/03/2025;1;0.15988;0;0;0;0;
D11;Ne pas prendre sa voiture si c'est possble : préférer la marche et le vélo (pour les petits trajets), le covoiturage…;Transport;ROUGES;Rouges maternelles ;clémentine;20/03/2025;1;0.38;0;0.67;0;0;
D06;Réduire son temps devant les écrans (Télé, ordinateurs, tablette, jeux vidéos...);Electricité;ROUGES;Rouges maternelles ;clémentine;20/03/2025;1;0.017374;0;0.183462;0;0;
C01;Eteindre les lumières quand on quitte une pièce ou si il fait jour dehors;Electricité;ROUGES;Rouges maternelles ;clémentine;20/03/2025;1;13.7935;0;0;0;0;
D10;Couper l’eau quand on se savonne les mains;Eau;ROUGES;Rouges maternelles ;clémentine;20/03/2025;1;0.54243;0;0.21;12.6;0;
D09;Eviter de prendre des bains (préférer la douche rapide);Eau;ROUGES;Rouges maternelles ;clémentine;20/03/2025;1;0.0623;0;1.75;357;0;
T06;Ne pas tuer les petites bêtes et les remettre dehors (c'est la nourriture de oiseaux);Biodiversité;ROUGES;Rouges maternelles ;clémentine;20/03/2025;1;1.518;0;0;0;0;
D06;Acheter d’occasion plutôt que neuf;Courses;ROUGES;Rouges maternelles ;clémentine;20/03/2025;1;0.017374;0;0.183462;0;0.134615385;
E01;Acheter juste ce dont on a besoin;Courses;ROUGES;Rouges maternelles ;clémentine;20/03/2025;1;0.027408;0;0;0;0.134615385;
E03;Acheter des produits recyclables et utiliser les bacs de tri;Déchets;ROUGES;Rouges maternelles ;clémentine;20/03/2025;1;0.15988;0;0;0;0;
D02;Tout manger ce qu'il y a dans nos assiettes (cantine, maison);Déchets;ROUGES;Rouges maternelles ;clémentine;20/03/2025;1;2.453511;0;1.390385;0;1.390384615;
D06;Réduire son temps devant les écrans (Télé, ordinateurs, tablette, jeux vidéos...);Electricité;ROUGES;Rouges maternelles ;clémentine;28/02/2025;1;0.017374;0;0.183462;0;0;
C01;Eteindre les lumières quand on quitte une pièce ou si il fait jour dehors;Electricité;ROUGES;Rouges maternelles ;clémentine;28/02/2025;1;13.7935;0;0;0;0;
W03;Préférer les produits réutilisables plutôt que jetables;Courses;ROUGES;Rouges maternelles ;pamplemousse;28/02/2025;1;0.004964;12.6;0;0;0;
E08;Acheter des fruits ou légumes de saison;Courses;ROUGES;Rouges maternelles ;pamplemousse;28/02/2025;1;0.000173;0;0;0;0;
D05;Récupérer l'eau de pluie pour arroser;Eau;ROUGES;Rouges maternelles ;pamplemousse;28/02/2025;1;0.000239;0;0.134615;35;0;
W02;Ne pas gaspiller l'eau de son verre;Eau;ROUGES;Rouges maternelles ;pamplemousse;28/02/2025;1;0.05;28;0;35;0;
E08;Fermer le robinet quand on se brosse les dents;Eau;ROUGES;Rouges maternelles ;pamplemousse;28/02/2025;1;0.000173;0;0;28;0;
D06;Réduire son temps devant les écrans (Télé, ordinateurs, tablette, jeux vidéos...);Electricité;ROUGES;Rouges maternelles ;pamplemousse;28/02/2025;1;0.017374;0;0.183462;0;0;
C01;Eteindre les lumières quand on quitte une pièce ou si il fait jour dehors;Electricité;ROUGES;Rouges maternelles ;pamplemousse;28/02/2025;1;13.7935;0;0;0;0;
E04;Eteindre les appareils électriques lorsqu'on ne s'en sert pas (Télé, ordinateur...);Electricité;ROUGES;Rouges maternelles ;pomme;01/03/2025;1;0.15988;0;1;0;0;
D10;Couper l’eau quand on se savonne les mains;Eau;ROUGES;Rouges maternelles ;pomme;01/03/2025;1;0.54243;0;0.21;12.6;0;
D09;Eviter de prendre des bains (préférer la douche rapide);Eau;ROUGES;Rouges maternelles ;pomme;01/03/2025;1;0.0623;0;1.75;357;0;
T06;Ne pas tuer les petites bêtes et les remettre dehors (c'est la nourriture de oiseaux);Biodiversité;ROUGES;Rouges maternelles ;pomme;01/03/2025;1;1.518;0;0;0;0;
E08;Acheter des fruits ou légumes de saison;Courses;ROUGES;Rouges maternelles ;pomme;01/03/2025;1;0.000173;0;0;0;0;
D02;Tout manger ce qu'il y a dans nos assiettes (cantine, maison);Déchets;ROUGES;Rouges maternelles ;pomme;01/03/2025;1;2.453511;0;1.390385;0;1.390384615;
W04;Fermer ses volets quand il fait froid et nuit;Electricité;ROUGES;Rouges maternelles ;radis;02/03/2025;1;0.006501;16.5;0;0;0;
E04;Eteindre les appareils électriques lorsqu'on ne s'en sert pas (Télé, ordinateur...);Electricité;ROUGES;Rouges maternelles ;radis;02/03/2025;1;0.15988;0;1;0;0;
D10;Couper l’eau quand on se savonne les mains;Eau;ROUGES;Rouges maternelles ;radis;02/03/2025;1;0.54243;0;0.21;12.6;0;
D09;Eviter de prendre des bains (préférer la douche rapide);Eau;ROUGES;Rouges maternelles ;radis;02/03/2025;1;0.0623;0;1.75;357;0;
T06;Ne pas tuer les petites bêtes et les remettre dehors (c'est la nourriture de oiseaux);Biodiversité;ROUGES;Rouges maternelles ;radis;02/03/2025;1;1.518;0;0;0;0;
D06;Acheter d’occasion plutôt que neuf;Courses;ROUGES;Rouges maternelles ;radis;02/03/2025;1;0.017374;0;0.183462;0;0.134615385;
E01;Acheter juste ce dont on a besoin;Courses;ROUGES;Rouges maternelles ;radis;02/03/2025;1;0.027408;0;0;0;0.134615385;
E03;Acheter des produits recyclables et utiliser les bacs de tri;Déchets;ROUGES;Rouges maternelles ;radis;02/03/2025;1;0.15988;0;0;0;0;
D02;Tout manger ce qu'il y a dans nos assiettes (cantine, maison);Déchets;ROUGES;Rouges maternelles ;radis;02/03/2025;1;2.453511;0;1.390385;0;1.390384615;
D11;Ne pas prendre sa voiture si c'est possble : préférer la marche et le vélo (pour les petits trajets), le covoiturage…;Transport;ROUGES;Rouges maternelles ;petits pois;14/03/2025;1;0.38;0;0.67;0;0;
D06;Réduire son temps devant les écrans (Télé, ordinateurs, tablette, jeux vidéos...);Electricité;ROUGES;Rouges maternelles ;petits pois;14/03/2025;1;0.017374;0;0.183462;0;0;
C01;Eteindre les lumières quand on quitte une pièce ou si il fait jour dehors;Electricité;ROUGES;Rouges maternelles ;petits pois;14/03/2025;1;13.7935;0;0;0;0;
D10;Couper l’eau quand on se savonne les mains;Eau;ROUGES;Rouges maternelles ;petits pois;14/03/2025;1;0.54243;0;0.21;12.6;0;
D09;Eviter de prendre des bains (préférer la douche rapide);Eau;ROUGES;Rouges maternelles ;petits pois;14/03/2025;1;0.0623;0;1.75;357;0;
T06;Ne pas tuer les petites bêtes et les remettre dehors (c'est la nourriture de oiseaux);Biodiversité;ROUGES;Rouges maternelles ;petits pois;14/03/2025;1;1.518;0;0;0;0;
D06;Acheter d’occasion plutôt que neuf;Courses;ROUGES;Rouges maternelles ;petits pois;14/03/2025;1;0.017374;0;0.183462;0;0.134615385;
E01;Acheter juste ce dont on a besoin;Courses;ROUGES;Rouges maternelles ;petits pois;14/03/2025;1;0.027408;0;0;0;0.134615385;
E03;Acheter des produits recyclables et utiliser les bacs de tri;Déchets;ROUGES;Rouges maternelles ;petits pois;14/03/2025;1;0.15988;0;0;0;0;
D02;Tout manger ce qu'il y a dans nos assiettes (cantine, maison);Déchets;ROUGES;Rouges maternelles ;petits pois;14/03/2025;1;2.453511;0;1.390385;0;1.390384615;
D11;Ne pas prendre sa voiture si c'est possble : préférer la marche et le vélo (pour les petits trajets), le covoiturage…;Transport;ROUGES;Rouges maternelles ;marron;15/03/2025;1;0.38;0;0.67;0;0;
D06;Réduire son temps devant les écrans (Télé, ordinateurs, tablette, jeux vidéos...);Electricité;ROUGES;Rouges maternelles ;marron;15/03/2025;1;0.017374;0;0.183462;0;0;
C01;Eteindre les lumières quand on quitte une pièce ou si il fait jour dehors;Electricité;ROUGES;Rouges maternelles ;marron;15/03/2025;1;13.7935;0;0;0;0;
D10;Couper l’eau quand on se savonne les mains;Eau;ROUGES;Rouges maternelles ;marron;15/03/2025;1;0.54243;0;0.21;12.6;0;
D09;Eviter de prendre des bains (préférer la douche rapide);Eau;ROUGES;Rouges maternelles ;marron;15/03/2025;1;0.0623;0;1.75;357;0;
T06;Ne pas tuer les petites bêtes et les remettre dehors (c'est la nourriture de oiseaux);Biodiversité;ROUGES;Rouges maternelles ;marron;15/03/2025;1;1.518;0;0;0;0;
W03;Préférer les produits réutilisables plutôt que jetables;Courses;ROUGES;Rouges maternelles ;marron;15/03/2025;1;0.004964;12.6;0;0;0;
E08;Acheter des fruits ou légumes de saison;Courses;ROUGES;Rouges maternelles ;marron;15/03/2025;1;0.000173;0;0;0;0;
E08;Ramasser les papiers et les déchets par terre pour les mettre à la poubelle;Déchets;ROUGES;Rouges maternelles ;marron;15/03/2025;1;0.000173;0;0;0;0.1;
D11;Ne pas prendre sa voiture si c'est possble : préférer la marche et le vélo (pour les petits trajets), le covoiturage…;Transport;ROUGES;Rouges maternelles ;radis;16/03/2025;1;0.38;0;0.67;0;0;
C01;Eteindre les lumières quand on quitte une pièce ou si il fait jour dehors;Electricité;ROUGES;Rouges maternelles ;radis;16/03/2025;1;13.7935;0;0;0;0;
D10;Couper l’eau quand on se savonne les mains;Eau;ROUGES;Rouges maternelles ;radis;16/03/2025;1;0.54243;0;0.21;12.6;0;
D09;Eviter de prendre des bains (préférer la douche rapide);Eau;ROUGES;Rouges maternelles ;radis;16/03/2025;1;0.0623;0;1.75;357;0;
T06;Ne pas tuer les petites bêtes et les remettre dehors (c'est la nourriture de oiseaux);Biodiversité;ROUGES;Rouges maternelles ;radis;16/03/2025;1;1.518;0;0;0;0;
E01;Acheter juste ce dont on a besoin;Courses;ROUGES;Rouges maternelles ;radis;16/03/2025;1;0.027408;0;0;0;0.134615385;
E08;Acheter des fruits ou légumes de saison;Courses;ROUGES;Rouges maternelles ;radis;16/03/2025;1;0.000173;0;0;0;0;
E08;Ramasser les papiers et les déchets par terre pour les mettre à la poubelle;Déchets;ROUGES;Rouges maternelles ;radis;16/03/2025;1;0.000173;0;0;0;0.1;
W04;Fermer ses volets quand il fait froid et nuit;Electricité;ROUGES;Rouges maternelles ;pomme;16/03/2025;1;0.006501;16.5;0;0;0;
C01;Eteindre les lumières quand on quitte une pièce ou si il fait jour dehors;Electricité;ROUGES;Rouges maternelles ;pomme;16/03/2025;1;13.7935;0;0;0;0;
W02;Ne pas gaspiller l'eau de son verre;Eau;ROUGES;Rouges maternelles ;pomme;16/03/2025;1;0.05;28;0;35;0;
E08;Fermer le robinet quand on se brosse les dents;Eau;ROUGES;Rouges maternelles ;pomme;16/03/2025;1;0.000173;0;0;28;0;
E01;Acheter juste ce dont on a besoin;Courses;ROUGES;Rouges maternelles ;pomme;16/03/2025;1;0.027408;0;0;0;0.134615385;
E03;Acheter des produits recyclables et utiliser les bacs de tri;Déchets;ROUGES;Rouges maternelles ;pomme;16/03/2025;1;0.15988;0;0;0;0;
D11;Ne pas prendre sa voiture si c'est possble : préférer la marche et le vélo (pour les petits trajets), le covoiturage…;Transport;ROUGES;Rouges maternelles ;fruits;17/03/2025;1;0.38;0;0.67;0;0;
D06;Réduire son temps devant les écrans (Télé, ordinateurs, tablette, jeux vidéos...);Electricité;ROUGES;Rouges maternelles ;fruits;17/03/2025;1;0.017374;0;0.183462;0;0;
C01;Eteindre les lumières quand on quitte une pièce ou si il fait jour dehors;Electricité;ROUGES;Rouges maternelles ;fruits;17/03/2025;1;13.7935;0;0;0;0;
W02;Ne pas gaspiller l'eau de son verre;Eau;ROUGES;Rouges maternelles ;fruits;17/03/2025;1;0.05;28;0;35;0;
E08;Fermer le robinet quand on se brosse les dents;Eau;ROUGES;Rouges maternelles ;fruits;17/03/2025;1;0.000173;0;0;28;0;
W03;Préférer les produits réutilisables plutôt que jetables;Courses;ROUGES;Rouges maternelles ;fruits;17/03/2025;1;0.004964;12.6;0;0;0;
E08;Acheter des fruits ou légumes de saison;Courses;ROUGES;Rouges maternelles ;fruits;17/03/2025;1;0.000173;0;0;0;0;
D02;Tout manger ce qu'il y a dans nos assiettes (cantine, maison);Déchets;ROUGES;Rouges maternelles ;fruits;17/03/2025;1;2.453511;0;1.390385;0;1.390384615;
W04;Fermer ses volets quand il fait froid et nuit;Electricité;ROUGES;Rouges maternelles ;clémentine;20/03/2025;1;0.006501;16.5;0;0;0;
E04;Eteindre les appareils électriques lorsqu'on ne s'en sert pas (Télé, ordinateur...);Electricité;ROUGES;Rouges maternelles ;clémentine;20/03/2025;1;0.15988;0;1;0;0;
D05;Récupérer l'eau de pluie pour arroser;Eau;ROUGES;Rouges maternelles ;clémentine;20/03/2025;1;0.000239;0;0.134615;35;0;
W02;Ne pas gaspiller l'eau de son verre;Eau;ROUGES;Rouges maternelles ;clémentine;20/03/2025;1;0.05;28;0;35;0;
E08;Fermer le robinet quand on se brosse les dents;Eau;ROUGES;Rouges maternelles ;clémentine;20/03/2025;1;0.000173;0;0;28;0;
T04;Acheter des produits avec moins d'emballages (éviter emballages individuels);Courses;ROUGES;Rouges maternelles ;clémentine;20/03/2025;1;0.506;0;0;0;34.86;
W03;Préférer les produits réutilisables plutôt que jetables;Courses;ROUGES;Rouges maternelles ;clémentine;20/03/2025;1;0.004964;12.6;0;0;0;
E08;Acheter des fruits ou légumes de saison;Courses;ROUGES;Rouges maternelles ;clémentine;20/03/2025;1;0.000173;0;0;0;0;
E08;Ramasser les papiers et les déchets par terre pour les mettre à la poubelle;Déchets;ROUGES;Rouges maternelles ;clémentine;20/03/2025;1;0.000173;0;0;0;0.1;
W04;Fermer ses volets quand il fait froid et nuit;Electricité;ROUGES;Rouges maternelles ;pomme;01/03/2025;1;0.006501;16.5;0;0;0;
C01;Eteindre les lumières quand on quitte une pièce ou si il fait jour dehors;Electricité;ROUGES;Rouges maternelles ;pomme;01/03/2025;1;13.7935;0;0;0;0;
W02;Ne pas gaspiller l'eau de son verre;Eau;ROUGES;Rouges maternelles ;pomme;01/03/2025;1;0.05;28;0;35;0;
E08;Fermer le robinet quand on se brosse les dents;Eau;ROUGES;Rouges maternelles ;pomme;01/03/2025;1;0.000173;0;0;28;0;
E01;Acheter juste ce dont on a besoin;Courses;ROUGES;Rouges maternelles ;pomme;01/03/2025;1;0.027408;0;0;0;0.134615385;
E03;Acheter des produits recyclables et utiliser les bacs de tri;Déchets;ROUGES;Rouges maternelles ;pomme;01/03/2025;1;0.15988;0;0;0;0;
W04;Fermer ses volets quand il fait froid et nuit;Electricité;ROUGES;Rouges maternelles ;marron;10/04/2025;1;0.006501;16.5;0;0;0;
E04;Eteindre les appareils électriques lorsqu'on ne s'en sert pas (Télé, ordinateur...);Electricité;ROUGES;Rouges maternelles ;marron;10/04/2025;1;0.15988;0;1;0;0;
D10;Couper l’eau quand on se savonne les mains;Eau;ROUGES;Rouges maternelles ;marron;10/04/2025;1;0.54243;0;0.21;12.6;0;
D09;Eviter de prendre des bains (préférer la douche rapide);Eau;ROUGES;Rouges maternelles ;marron;10/04/2025;1;0.0623;0;1.75;357;0;
T06;Ne pas tuer les petites bêtes et les remettre dehors (c'est la nourriture de oiseaux);Biodiversité;ROUGES;Rouges maternelles ;marron;10/04/2025;1;1.518;0;0;0;0;
D06;Acheter d’occasion plutôt que neuf;Courses;ROUGES;Rouges maternelles ;marron;10/04/2025;1;0.017374;0;0.183462;0;0.134615385;
E01;Acheter juste ce dont on a besoin;Courses;ROUGES;Rouges maternelles ;marron;10/04/2025;1;0.027408;0;0;0;0.134615385;
E03;Acheter des produits recyclables et utiliser les bacs de tri;Déchets;ROUGES;Rouges maternelles ;marron;10/04/2025;1;0.15988;0;0;0;0;
D11;Ne pas prendre sa voiture si c'est possble : préférer la marche et le vélo (pour les petits trajets), le covoiturage…;Transport;ROUGES;Rouges maternelles ;radis;02/03/2025;1;0.38;0;0.67;0;0;
D02;Tout manger ce qu'il y a dans nos assiettes (cantine, maison);Déchets;ROUGES;Rouges maternelles ;marron;10/04/2025;1;2.453511;0;1.390385;0;1.390384615;
D05;Récupérer l'eau de pluie pour arroser;Eau;ROUGES;Rouges maternelles ;fruits;11/04/2025;1;0.000239;0;0.134615;35;0;
D11;Ne pas prendre sa voiture si c'est possble : préférer la marche et le vélo (pour les petits trajets), le covoiturage…;Transport;ROUGES;Rouges maternelles ;clémentine;14/04/2025;1;0.38;0;0.67;0;0;
D06;Réduire son temps devant les écrans (Télé, ordinateurs, tablette, jeux vidéos...);Electricité;ROUGES;Rouges maternelles ;clémentine;14/04/2025;1;0.017374;0;0.183462;0;0;
C01;Eteindre les lumières quand on quitte une pièce ou si il fait jour dehors;Electricité;ROUGES;Rouges maternelles ;clémentine;14/04/2025;1;13.7935;0;0;0;0;
D10;Couper l’eau quand on se savonne les mains;Eau;ROUGES;Rouges maternelles ;clémentine;14/04/2025;1;0.54243;0;0.21;12.6;0;
D09;Eviter de prendre des bains (préférer la douche rapide);Eau;ROUGES;Rouges maternelles ;clémentine;14/04/2025;1;0.0623;0;1.75;357;0;
T06;Ne pas tuer les petites bêtes et les remettre dehors (c'est la nourriture de oiseaux);Biodiversité;ROUGES;Rouges maternelles ;clémentine;14/04/2025;1;1.518;0;0;0;0;
D06;Acheter d’occasion plutôt que neuf;Courses;ROUGES;Rouges maternelles ;clémentine;14/04/2025;1;0.017374;0;0.183462;0;0.134615385;
E01;Acheter juste ce dont on a besoin;Courses;ROUGES;Rouges maternelles ;clémentine;14/04/2025;1;0.027408;0;0;0;0.134615385;
E03;Acheter des produits recyclables et utiliser les bacs de tri;Déchets;ROUGES;Rouges maternelles ;clémentine;14/04/2025;1;0.15988;0;0;0;0;
D02;Tout manger ce qu'il y a dans nos assiettes (cantine, maison);Déchets;ROUGES;Rouges maternelles ;clémentine;14/04/2025;1;2.453511;0;1.390385;0;1.390384615;
D06;Réduire son temps devant les écrans (Télé, ordinateurs, tablette, jeux vidéos...);Electricité;ROUGES;Rouges maternelles ;radis;02/03/2025;1;0.017374;0;0.183462;0;0;
E04;Eteindre les appareils électriques lorsqu'on ne s'en sert pas (Télé, ordinateur...);Electricité;ROUGES;Rouges maternelles ;clémentine;28/02/2025;1;0.15988;0;1;0;0;
T04;Acheter des produits avec moins d'emballages (éviter emballages individuels);Courses;ROUGES;Rouges maternelles ;pamplemousse;28/02/2025;1;0.506;0;0;0;34.86;
E01;Acheter juste ce dont on a besoin;Courses;ROUGES;Rouges maternelles ;pamplemousse;28/02/2025;1;0.027408;0;0;0;0.134615385;
T06;Ne pas tuer les petites bêtes et les remettre dehors (c'est la nourriture de oiseaux);Biodiversité;ROUGES;Rouges maternelles ;pamplemousse;28/02/2025;1;1.518;0;0;0;0;
W04;Fermer ses volets quand il fait froid et nuit;Electricité;ROUGES;Rouges maternelles ;lentilles;25/02/2025;1;0.006501;16.5;0;0;0;
E04;Eteindre les appareils électriques lorsqu'on ne s'en sert pas (Télé, ordinateur...);Electricité;ROUGES;Rouges maternelles ;lentilles;25/02/2025;1;0.15988;0;1;0;0;
W02;Ne pas gaspiller l'eau de son verre;Eau;ROUGES;Rouges maternelles ;lentilles;25/02/2025;1;0.05;28;0;35;0;
E08;Ramasser les papiers et les déchets par terre pour les mettre à la poubelle;Déchets;ROUGES;Rouges maternelles ;lentilles;25/02/2025;1;0.000173;0;0;0;0.1;
T04;Acheter des produits avec moins d'emballages (éviter emballages individuels);Courses;ROUGES;Rouges maternelles ;radis;28/02/2025;1;0.506;0;0;0;34.86;
D05;Récupérer l'eau de pluie pour arroser;Eau;ROUGES;Rouges maternelles ;radis;28/02/2025;1;0.000239;0;0.134615;35;0;
D11;Ne pas prendre sa voiture si c'est possble : préférer la marche et le vélo (pour les petits trajets), le covoiturage…;Transport;ROUGES;Rouges maternelles ;fruits;28/02/2025;1;0.38;0;0.67;0;0;
W04;Fermer ses volets quand il fait froid et nuit;Electricité;ROUGES;Rouges maternelles ;fruits;28/02/2025;1;0.006501;16.5;0;0;0;
D06;Réduire son temps devant les écrans (Télé, ordinateurs, tablette, jeux vidéos...);Electricité;ROUGES;Rouges maternelles ;fruits;28/02/2025;1;0.017374;0;0.183462;0;0;
E04;Eteindre les appareils électriques lorsqu'on ne s'en sert pas (Télé, ordinateur...);Electricité;ROUGES;Rouges maternelles ;fruits;28/02/2025;1;0.15988;0;1;0;0;
C01;Eteindre les lumières quand on quitte une pièce ou si il fait jour dehors;Electricité;ROUGES;Rouges maternelles ;fruits;28/02/2025;1;13.7935;0;0;0;0;
D10;Couper l’eau quand on se savonne les mains;Eau;ROUGES;Rouges maternelles ;fruits;28/02/2025;1;0.54243;0;0.21;12.6;0;
W02;Ne pas gaspiller l'eau de son verre;Eau;ROUGES;Rouges maternelles ;fruits;28/02/2025;1;0.05;28;0;35;0;
D09;Eviter de prendre des bains (préférer la douche rapide);Eau;ROUGES;Rouges maternelles ;fruits;28/02/2025;1;0.0623;0;1.75;357;0;
E08;Fermer le robinet quand on se brosse les dents;Eau;ROUGES;Rouges maternelles ;fruits;28/02/2025;1;0.000173;0;0;28;0;
T04;Acheter des produits avec moins d'emballages (éviter emballages individuels);Courses;ROUGES;Rouges maternelles ;fruits;28/02/2025;1;0.506;0;0;0;34.86;
D06;Acheter d’occasion plutôt que neuf;Courses;ROUGES;Rouges maternelles ;fruits;28/02/2025;1;0.017374;0;0.183462;0;0.134615385;
W03;Préférer les produits réutilisables plutôt que jetables;Courses;ROUGES;Rouges maternelles ;fruits;28/02/2025;1;0.004964;12.6;0;0;0;
E01;Acheter juste ce dont on a besoin;Courses;ROUGES;Rouges maternelles ;fruits;28/02/2025;1;0.027408;0;0;0;0.134615385;
E08;Acheter des fruits ou légumes de saison;Courses;ROUGES;Rouges maternelles ;fruits;28/02/2025;1;0.000173;0;0;0;0;
E03;Acheter des produits recyclables et utiliser les bacs de tri;Déchets;ROUGES;Rouges maternelles ;fruits;28/02/2025;1;0.15988;0;0;0;0;
D02;Tout manger ce qu'il y a dans nos assiettes (cantine, maison);Déchets;ROUGES;Rouges maternelles ;fruits;28/02/2025;1;2.453511;0;1.390385;0;1.390384615;
W04;Fermer ses volets quand il fait froid et nuit;Electricité;ROUGES;Rouges maternelles ;petits pois;28/02/2025;1;0.006501;16.5;0;0;0;
D06;Réduire son temps devant les écrans (Télé, ordinateurs, tablette, jeux vidéos...);Electricité;ROUGES;Rouges maternelles ;petits pois;28/02/2025;1;0.017374;0;0.183462;0;0;
E04;Eteindre les appareils électriques lorsqu'on ne s'en sert pas (Télé, ordinateur...);Electricité;ROUGES;Rouges maternelles ;petits pois;28/02/2025;1;0.15988;0;1;0;0;
C01;Eteindre les lumières quand on quitte une pièce ou si il fait jour dehors;Electricité;ROUGES;Rouges maternelles ;petits pois;28/02/2025;1;13.7935;0;0;0;0;
D05;Récupérer l'eau de pluie pour arroser;Eau;ROUGES;Rouges maternelles ;petits pois;28/02/2025;1;0.000239;0;0.134615;35;0;
D10;Couper l’eau quand on se savonne les mains;Eau;ROUGES;Rouges maternelles ;petits pois;28/02/2025;1;0.54243;0;0.21;12.6;0;
W02;Ne pas gaspiller l'eau de son verre;Eau;ROUGES;Rouges maternelles ;petits pois;28/02/2025;1;0.05;28;0;35;0;
D09;Eviter de prendre des bains (préférer la douche rapide);Eau;ROUGES;Rouges maternelles ;petits pois;28/02/2025;1;0.0623;0;1.75;357;0;
E08;Fermer le robinet quand on se brosse les dents;Eau;ROUGES;Rouges maternelles ;petits pois;28/02/2025;1;0.000173;0;0;28;0;
T06;Ne pas tuer les petites bêtes et les remettre dehors (c'est la nourriture de oiseaux);Biodiversité;ROUGES;Rouges maternelles ;petits pois;28/02/2025;1;1.518;0;0;0;0;
T04;Acheter des produits avec moins d'emballages (éviter emballages individuels);Courses;ROUGES;Rouges maternelles ;petits pois;28/02/2025;1;0.506;0;0;0;34.86;
D06;Acheter d’occasion plutôt que neuf;Courses;ROUGES;Rouges maternelles ;petits pois;28/02/2025;1;0.017374;0;0.183462;0;0.134615385;
W03;Préférer les produits réutilisables plutôt que jetables;Courses;ROUGES;Rouges maternelles ;petits pois;28/02/2025;1;0.004964;12.6;0;0;0;
E01;Acheter juste ce dont on a besoin;Courses;ROUGES;Rouges maternelles ;petits pois;28/02/2025;1;0.027408;0;0;0;0.134615385;
E08;Acheter des fruits ou légumes de saison;Courses;ROUGES;Rouges maternelles ;petits pois;28/02/2025;1;0.000173;0;0;0;0;
E03;Acheter des produits recyclables et utiliser les bacs de tri;Déchets;ROUGES;Rouges maternelles ;petits pois;28/02/2025;1;0.15988;0;0;0;0;
E08;Ramasser les papiers et les déchets par terre pour les mettre à la poubelle;Déchets;ROUGES;Rouges maternelles ;petits pois;28/02/2025;1;0.000173;0;0;0;0.1;
D02;Tout manger ce qu'il y a dans nos assiettes (cantine, maison);Déchets;ROUGES;Rouges maternelles ;petits pois;28/02/2025;1;2.453511;0;1.390385;0;1.390384615;
D11;Ne pas prendre sa voiture si c'est possble : préférer la marche et le vélo (pour les petits trajets), le covoiturage…;Transport;ROUGES;Rouges maternelles ;petits pois;28/02/2025;1;0.38;0;0.67;0;0;
D11;Ne pas prendre sa voiture si c'est possble : préférer la marche et le vélo (pour les petits trajets), le covoiturage…;Transport;ROUGES;Rouges maternelles ;clémentine;28/02/2025;1;0.38;0;0.67;0;0;
E03;Acheter des produits recyclables et utiliser les bacs de tri;Déchets;ROUGES;Rouges maternelles ;clémentine;28/02/2025;1;0.15988;0;0;0;0;
E08;Ramasser les papiers et les déchets par terre pour les mettre à la poubelle;Déchets;ROUGES;Rouges maternelles ;clémentine;28/02/2025;1;0.000173;0;0;0;0.1;
D02;Tout manger ce qu'il y a dans nos assiettes (cantine, maison);Déchets;ROUGES;Rouges maternelles ;clémentine;28/02/2025;1;2.453511;0;1.390385;0;1.390384615;
D11;Ne pas prendre sa voiture si c'est possble : préférer la marche et le vélo (pour les petits trajets), le covoiturage…;Transport;ROUGES;Rouges maternelles ;pamplemousse;28/02/2025;1;0.38;0;0.67;0;0;
T06;Ne pas tuer les petites bêtes et les remettre dehors (c'est la nourriture de oiseaux);Biodiversité;ROUGES;Rouges maternelles ;clémentine;28/02/2025;1;1.518;0;0;0;0;
D10;Couper l’eau quand on se savonne les mains;Eau;ROUGES;Rouges maternelles ;clémentine;28/02/2025;1;0.54243;0;0.21;12.6;0;
D05;Récupérer l'eau de pluie pour arroser;Eau;ROUGES;Rouges maternelles ;clémentine;28/02/2025;1;0.000239;0;0.134615;35;0;
E03;Acheter des produits recyclables et utiliser les bacs de tri;Déchets;ROUGES;Rouges maternelles ;pamplemousse;28/02/2025;1;0.15988;0;0;0;0;
W02;Ne pas gaspiller l'eau de son verre;Eau;ROUGES;Rouges maternelles ;clémentine;28/02/2025;1;0.05;28;0;35;0;
D09;Eviter de prendre des bains (préférer la douche rapide);Eau;ROUGES;Rouges maternelles ;clémentine;28/02/2025;1;0.0623;0;1.75;357;0;
E08;Ramasser les papiers et les déchets par terre pour les mettre à la poubelle;Déchets;ROUGES;Rouges maternelles ;pamplemousse;28/02/2025;1;0.000173;0;0;0;0.1;
E08;Fermer le robinet quand on se brosse les dents;Eau;ROUGES;Rouges maternelles ;clémentine;28/02/2025;1;0.000173;0;0;28;0;
D02;Tout manger ce qu'il y a dans nos assiettes (cantine, maison);Déchets;ROUGES;Rouges maternelles ;pamplemousse;28/02/2025;1;2.453511;0;1.390385;0;1.390384615;
W04;Fermer ses volets quand il fait froid et nuit;Electricité;ROUGES;Rouges maternelles ;clémentine;28/02/2025;1;0.006501;16.5;0;0;0;
D10;Couper l’eau quand on se savonne les mains;Eau;ROUGES;Rouges maternelles ;pamplemousse;28/02/2025;1;0.54243;0;0.21;12.6;0;
D09;Eviter de prendre des bains (préférer la douche rapide);Eau;ROUGES;Rouges maternelles ;pamplemousse;28/02/2025;1;0.0623;0;1.75;357;0;
W04;Fermer ses volets quand il fait froid et nuit;Electricité;ROUGES;Rouges maternelles ;pamplemousse;28/02/2025;1;0.006501;16.5;0;0;0;
E04;Eteindre les appareils électriques lorsqu'on ne s'en sert pas (Télé, ordinateur...);Electricité;ROUGES;Rouges maternelles ;pamplemousse;28/02/2025;1;0.15988;0;1;0;0;
D11;Ne pas prendre sa voiture si c'est possble : préférer la marche et le vélo (pour les petits trajets), le covoiturage…;Transport;ROUGES;Rouges maternelles ;marron;10/04/2025;1;0.38;0;0.67;0;0;
D06;Réduire son temps devant les écrans (Télé, ordinateurs, tablette, jeux vidéos...);Electricité;ROUGES;Rouges maternelles ;marron;10/04/2025;1;0.017374;0;0.183462;0;0;
D05;Récupérer l'eau de pluie pour arroser;Eau;ROUGES;Rouges maternelles ;marron;10/04/2025;1;0.000239;0;0.134615;35;0;
W02;Ne pas gaspiller l'eau de son verre;Eau;ROUGES;Rouges maternelles ;marron;10/04/2025;1;0.05;28;0;35;0;
E08;Fermer le robinet quand on se brosse les dents;Eau;ROUGES;Rouges maternelles ;marron;10/04/2025;1;0.000173;0;0;28;0;
T04;Acheter des produits avec moins d'emballages (éviter emballages individuels);Courses;ROUGES;Rouges maternelles ;marron;10/04/2025;1;0.506;0;0;0;34.86;
W03;Préférer les produits réutilisables plutôt que jetables;Courses;ROUGES;Rouges maternelles ;marron;10/04/2025;1;0.004964;12.6;0;0;0;
E08;Acheter des fruits ou légumes de saison;Courses;ROUGES;Rouges maternelles ;marron;10/04/2025;1;0.000173;0;0;0;0;
E08;Ramasser les papiers et les déchets par terre pour les mettre à la poubelle;Déchets;ROUGES;Rouges maternelles ;marron;10/04/2025;1;0.000173;0;0;0;0.1;
E08;Ramasser les papiers et les déchets par terre pour les mettre à la poubelle;Déchets;ROUGES;Rouges maternelles ;fruits;11/04/2025;1;0.000173;0;0;0;0.1;
W04;Fermer ses volets quand il fait froid et nuit;Electricité;ROUGES;Rouges maternelles ;clémentine;14/04/2025;1;0.006501;16.5;0;0;0;
E04;Eteindre les appareils électriques lorsqu'on ne s'en sert pas (Télé, ordinateur...);Electricité;ROUGES;Rouges maternelles ;clémentine;14/04/2025;1;0.15988;0;1;0;0;
D05;Récupérer l'eau de pluie pour arroser;Eau;ROUGES;Rouges maternelles ;clémentine;14/04/2025;1;0.000239;0;0.134615;35;0;
W02;Ne pas gaspiller l'eau de son verre;Eau;ROUGES;Rouges maternelles ;clémentine;14/04/2025;1;0.05;28;0;35;0;
E08;Fermer le robinet quand on se brosse les dents;Eau;ROUGES;Rouges maternelles ;clémentine;14/04/2025;1;0.000173;0;0;28;0;
T04;Acheter des produits avec moins d'emballages (éviter emballages individuels);Courses;ROUGES;Rouges maternelles ;clémentine;14/04/2025;1;0.506;0;0;0;34.86;
W03;Préférer les produits réutilisables plutôt que jetables;Courses;ROUGES;Rouges maternelles ;clémentine;14/04/2025;1;0.004964;12.6;0;0;0;
E08;Acheter des fruits ou légumes de saison;Courses;ROUGES;Rouges maternelles ;clémentine;14/04/2025;1;0.000173;0;0;0;0;
E08;Ramasser les papiers et les déchets par terre pour les mettre à la poubelle;Déchets;ROUGES;Rouges maternelles ;clémentine;14/04/2025;1;0.000173;0;0;0;0.1;
D11;Ne pas prendre sa voiture si c'est possble : préférer la marche et le vélo (pour les petits trajets), le covoiturage…;Transport;ROUGES;Rouges maternelles ;châtaigne;16/04/2025;1;0.38;0;0.67;0;0;
D06;Réduire son temps devant les écrans (Télé, ordinateurs, tablette, jeux vidéos...);Electricité;ROUGES;Rouges maternelles ;châtaigne;16/04/2025;1;0.017374;0;0.183462;0;0;
C01;Eteindre les lumières quand on quitte une pièce ou si il fait jour dehors;Electricité;ROUGES;Rouges maternelles ;châtaigne;16/04/2025;1;13.7935;0;0;0;0;
D10;Couper l’eau quand on se savonne les mains;Eau;ROUGES;Rouges maternelles ;châtaigne;16/04/2025;1;0.54243;0;0.21;12.6;0;
D09;Eviter de prendre des bains (préférer la douche rapide);Eau;ROUGES;Rouges maternelles ;châtaigne;16/04/2025;1;0.0623;0;1.75;357;0;
T06;Ne pas tuer les petites bêtes et les remettre dehors (c'est la nourriture de oiseaux);Biodiversité;ROUGES;Rouges maternelles ;châtaigne;16/04/2025;1;1.518;0;0;0;0;
D06;Acheter d’occasion plutôt que neuf;Courses;ROUGES;Rouges maternelles ;châtaigne;16/04/2025;1;0.017374;0;0.183462;0;0.134615385;
E01;Acheter juste ce dont on a besoin;Courses;ROUGES;Rouges maternelles ;châtaigne;16/04/2025;1;0.027408;0;0;0;0.134615385;
E03;Acheter des produits recyclables et utiliser les bacs de tri;Déchets;ROUGES;Rouges maternelles ;châtaigne;16/04/2025;1;0.15988;0;0;0;0;
D02;Tout manger ce qu'il y a dans nos assiettes (cantine, maison);Déchets;ROUGES;Rouges maternelles ;châtaigne;16/04/2025;1;2.453511;0;1.390385;0;1.390384615;
W04;Fermer ses volets quand il fait froid et nuit;Electricité;ROUGES;Rouges maternelles ;radis;16/04/2025;1;0.006501;16.5;0;0;0;
E04;Eteindre les appareils électriques lorsqu'on ne s'en sert pas (Télé, ordinateur...);Electricité;ROUGES;Rouges maternelles ;radis;16/04/2025;1;0.15988;0;1;0;0;
D10;Couper l’eau quand on se savonne les mains;Eau;ROUGES;Rouges maternelles ;radis;16/04/2025;1;0.54243;0;0.21;12.6;0;
D09;Eviter de prendre des bains (préférer la douche rapide);Eau;ROUGES;Rouges maternelles ;radis;16/04/2025;1;0.0623;0;1.75;357;0;
T06;Ne pas tuer les petites bêtes et les remettre dehors (c'est la nourriture de oiseaux);Biodiversité;ROUGES;Rouges maternelles ;radis;16/04/2025;1;1.518;0;0;0;0;
W03;Préférer les produits réutilisables plutôt que jetables;Courses;ROUGES;Rouges maternelles ;radis;16/04/2025;1;0.004964;12.6;0;0;0;
E08;Acheter des fruits ou légumes de saison;Courses;ROUGES;Rouges maternelles ;radis;16/04/2025;1;0.000173;0;0;0;0;
E08;Ramasser les papiers et les déchets par terre pour les mettre à la poubelle;Déchets;ROUGES;Rouges maternelles ;radis;16/04/2025;1;0.000173;0;0;0;0.1;
D11;Ne pas prendre sa voiture si c'est possble : préférer la marche et le vélo (pour les petits trajets), le covoiturage…;Transport;ROUGES;Rouges maternelles ;fruits;16/04/2025;1;0.38;0;0.67;0;0;
D06;Réduire son temps devant les écrans (Télé, ordinateurs, tablette, jeux vidéos...);Electricité;ROUGES;Rouges maternelles ;fruits;16/04/2025;1;0.017374;0;0.183462;0;0;
C01;Eteindre les lumières quand on quitte une pièce ou si il fait jour dehors;Electricité;ROUGES;Rouges maternelles ;fruits;16/04/2025;1;13.7935;0;0;0;0;
D10;Couper l’eau quand on se savonne les mains;Eau;ROUGES;Rouges maternelles ;fruits;16/04/2025;1;0.54243;0;0.21;12.6;0;
D09;Eviter de prendre des bains (préférer la douche rapide);Eau;ROUGES;Rouges maternelles ;fruits;16/04/2025;1;0.0623;0;1.75;357;0;
T06;Ne pas tuer les petites bêtes et les remettre dehors (c'est la nourriture de oiseaux);Biodiversité;ROUGES;Rouges maternelles ;fruits;16/04/2025;1;1.518;0;0;0;0;
D06;Acheter d’occasion plutôt que neuf;Courses;ROUGES;Rouges maternelles ;fruits;16/04/2025;1;0.017374;0;0.183462;0;0.134615385;
E01;Acheter juste ce dont on a besoin;Courses;ROUGES;Rouges maternelles ;fruits;16/04/2025;1;0.027408;0;0;0;0.134615385;
E03;Acheter des produits recyclables et utiliser les bacs de tri;Déchets;ROUGES;Rouges maternelles ;fruits;16/04/2025;1;0.15988;0;0;0;0;
D02;Tout manger ce qu'il y a dans nos assiettes (cantine, maison);Déchets;ROUGES;Rouges maternelles ;fruits;16/04/2025;1;2.453511;0;1.390385;0;1.390384615;
W04;Fermer ses volets quand il fait froid et nuit;Electricité;ROUGES;Rouges maternelles ;clémentine;22/04/2025;1;0.006501;16.5;0;0;0;
E04;Eteindre les appareils électriques lorsqu'on ne s'en sert pas (Télé, ordinateur...);Electricité;ROUGES;Rouges maternelles ;clémentine;22/04/2025;1;0.15988;0;1;0;0;
D05;Récupérer l'eau de pluie pour arroser;Eau;ROUGES;Rouges maternelles ;clémentine;22/04/2025;1;0.000239;0;0.134615;35;0;
W02;Ne pas gaspiller l'eau de son verre;Eau;ROUGES;Rouges maternelles ;clémentine;22/04/2025;1;0.05;28;0;35;0;
E08;Fermer le robinet quand on se brosse les dents;Eau;ROUGES;Rouges maternelles ;clémentine;22/04/2025;1;0.000173;0;0;28;0;
T04;Acheter des produits avec moins d'emballages (éviter emballages individuels);Courses;ROUGES;Rouges maternelles ;clémentine;22/04/2025;1;0.506;0;0;0;34.86;
W03;Préférer les produits réutilisables plutôt que jetables;Courses;ROUGES;Rouges maternelles ;clémentine;22/04/2025;1;0.004964;12.6;0;0;0;
E08;Acheter des fruits ou légumes de saison;Courses;ROUGES;Rouges maternelles ;clémentine;22/04/2025;1;0.000173;0;0;0;0;
E08;Ramasser les papiers et les déchets par terre pour les mettre à la poubelle;Déchets;ROUGES;Rouges maternelles ;clémentine;22/04/2025;1;0.000173;0;0;0;0.1;
W04;Fermer ses volets quand il fait froid et nuit;Electricité;ROUGES;Rouges maternelles ;châtaigne;16/04/2025;1;0.006501;16.5;0;0;0;
E04;Eteindre les appareils électriques lorsqu'on ne s'en sert pas (Télé, ordinateur...);Electricité;ROUGES;Rouges maternelles ;châtaigne;16/04/2025;1;0.15988;0;1;0;0;
D05;Récupérer l'eau de pluie pour arroser;Eau;ROUGES;Rouges maternelles ;châtaigne;16/04/2025;1;0.000239;0;0.134615;35;0;
W02;Ne pas gaspiller l'eau de son verre;Eau;ROUGES;Rouges maternelles ;châtaigne;16/04/2025;1;0.05;28;0;35;0;
E08;Fermer le robinet quand on se brosse les dents;Eau;ROUGES;Rouges maternelles ;châtaigne;16/04/2025;1;0.000173;0;0;28;0;
T04;Acheter des produits avec moins d'emballages (éviter emballages individuels);Courses;ROUGES;Rouges maternelles ;châtaigne;16/04/2025;1;0.506;0;0;0;34.86;
W03;Préférer les produits réutilisables plutôt que jetables;Courses;ROUGES;Rouges maternelles ;châtaigne;16/04/2025;1;0.004964;12.6;0;0;0;
E08;Acheter des fruits ou légumes de saison;Courses;ROUGES;Rouges maternelles ;châtaigne;16/04/2025;1;0.000173;0;0;0;0;
E08;Ramasser les papiers et les déchets par terre pour les mettre à la poubelle;Déchets;ROUGES;Rouges maternelles ;châtaigne;16/04/2025;1;0.000173;0;0;0;0.1;
D11;Ne pas prendre sa voiture si c'est possble : préférer la marche et le vélo (pour les petits trajets), le covoiturage…;Transport;ROUGES;Rouges maternelles ;radis;16/04/2025;1;0.38;0;0.67;0;0;
D06;Réduire son temps devant les écrans (Télé, ordinateurs, tablette, jeux vidéos...);Electricité;ROUGES;Rouges maternelles ;radis;16/04/2025;1;0.017374;0;0.183462;0;0;
C01;Eteindre les lumières quand on quitte une pièce ou si il fait jour dehors;Electricité;ROUGES;Rouges maternelles ;radis;16/04/2025;1;13.7935;0;0;0;0;
W02;Ne pas gaspiller l'eau de son verre;Eau;ROUGES;Rouges maternelles ;radis;16/04/2025;1;0.05;28;0;35;0;
E08;Fermer le robinet quand on se brosse les dents;Eau;ROUGES;Rouges maternelles ;radis;16/04/2025;1;0.000173;0;0;28;0;
D06;Acheter d’occasion plutôt que neuf;Courses;ROUGES;Rouges maternelles ;radis;16/04/2025;1;0.017374;0;0.183462;0;0.134615385;
E01;Acheter juste ce dont on a besoin;Courses;ROUGES;Rouges maternelles ;radis;16/04/2025;1;0.027408;0;0;0;0.134615385;
E03;Acheter des produits recyclables et utiliser les bacs de tri;Déchets;ROUGES;Rouges maternelles ;radis;16/04/2025;1;0.15988;0;0;0;0;
D02;Tout manger ce qu'il y a dans nos assiettes (cantine, maison);Déchets;ROUGES;Rouges maternelles ;radis;16/04/2025;1;2.453511;0;1.390385;0;1.390384615;
W04;Fermer ses volets quand il fait froid et nuit;Electricité;ROUGES;Rouges maternelles ;fruits;16/04/2025;1;0.006501;16.5;0;0;0;
E04;Eteindre les appareils électriques lorsqu'on ne s'en sert pas (Télé, ordinateur...);Electricité;ROUGES;Rouges maternelles ;fruits;16/04/2025;1;0.15988;0;1;0;0;
D05;Récupérer l'eau de pluie pour arroser;Eau;ROUGES;Rouges maternelles ;fruits;16/04/2025;1;0.000239;0;0.134615;35;0;
W02;Ne pas gaspiller l'eau de son verre;Eau;ROUGES;Rouges maternelles ;fruits;16/04/2025;1;0.05;28;0;35;0;
E08;Fermer le robinet quand on se brosse les dents;Eau;ROUGES;Rouges maternelles ;fruits;16/04/2025;1;0.000173;0;0;28;0;
T04;Acheter des produits avec moins d'emballages (éviter emballages individuels);Courses;ROUGES;Rouges maternelles ;fruits;16/04/2025;1;0.506;0;0;0;34.86;
W03;Préférer les produits réutilisables plutôt que jetables;Courses;ROUGES;Rouges maternelles ;fruits;16/04/2025;1;0.004964;12.6;0;0;0;
E08;Acheter des fruits ou légumes de saison;Courses;ROUGES;Rouges maternelles ;fruits;16/04/2025;1;0.000173;0;0;0;0;
E08;Ramasser les papiers et les déchets par terre pour les mettre à la poubelle;Déchets;ROUGES;Rouges maternelles ;fruits;16/04/2025;1;0.000173;0;0;0;0.1;
W04;Fermer ses volets quand il fait froid et nuit;Electricité;ROUGES;Rouges maternelles ;fruits;23/04/2025;1;0.006501;16.5;0;0;0;
E04;Eteindre les appareils électriques lorsqu'on ne s'en sert pas (Télé, ordinateur...);Electricité;ROUGES;Rouges maternelles ;fruits;23/04/2025;1;0.15988;0;1;0;0;
D05;Récupérer l'eau de pluie pour arroser;Eau;ROUGES;Rouges maternelles ;fruits;23/04/2025;1;0.000239;0;0.134615;35;0;
W02;Ne pas gaspiller l'eau de son verre;Eau;ROUGES;Rouges maternelles ;fruits;23/04/2025;1;0.05;28;0;35;0;
E08;Fermer le robinet quand on se brosse les dents;Eau;ROUGES;Rouges maternelles ;fruits;23/04/2025;1;0.000173;0;0;28;0;
D06;Acheter d’occasion plutôt que neuf;Courses;ROUGES;Rouges maternelles ;fruits;23/04/2025;1;0.017374;0;0.183462;0;0.134615385;
E01;Acheter juste ce dont on a besoin;Courses;ROUGES;Rouges maternelles ;fruits;23/04/2025;1;0.027408;0;0;0;0.134615385;
D02;Tout manger ce qu'il y a dans nos assiettes (cantine, maison);Déchets;ROUGES;Rouges maternelles ;fruits;23/04/2025;1;2.453511;0;1.390385;0;1.390384615;
W04;Fermer ses volets quand il fait froid et nuit;Electricité;ROUGES;Rouges maternelles ;clémentine;26/04/2025;1;0.006501;16.5;0;0;0;
E04;Eteindre les appareils électriques lorsqu'on ne s'en sert pas (Télé, ordinateur...);Electricité;ROUGES;Rouges maternelles ;clémentine;26/04/2025;1;0.15988;0;1;0;0;
D05;Récupérer l'eau de pluie pour arroser;Eau;ROUGES;Rouges maternelles ;clémentine;26/04/2025;1;0.000239;0;0.134615;35;0;
W02;Ne pas gaspiller l'eau de son verre;Eau;ROUGES;Rouges maternelles ;clémentine;26/04/2025;1;0.05;28;0;35;0;
E08;Fermer le robinet quand on se brosse les dents;Eau;ROUGES;Rouges maternelles ;clémentine;26/04/2025;1;0.000173;0;0;28;0;
T04;Acheter des produits avec moins d'emballages (éviter emballages individuels);Courses;ROUGES;Rouges maternelles ;clémentine;26/04/2025;1;0.506;0;0;0;34.86;
D06;Acheter d’occasion plutôt que neuf;Courses;ROUGES;Rouges maternelles ;clémentine;26/04/2025;1;0.017374;0;0.183462;0;0.134615385;
W03;Préférer les produits réutilisables plutôt que jetables;Courses;ROUGES;Rouges maternelles ;clémentine;26/04/2025;1;0.004964;12.6;0;0;0;
E01;Acheter juste ce dont on a besoin;Courses;ROUGES;Rouges maternelles ;clémentine;26/04/2025;1;0.027408;0;0;0;0.134615385;
E08;Acheter des fruits ou légumes de saison;Courses;ROUGES;Rouges maternelles ;clémentine;26/04/2025;1;0.000173;0;0;0;0;
E03;Acheter des produits recyclables et utiliser les bacs de tri;Déchets;ROUGES;Rouges maternelles ;clémentine;26/04/2025;1;0.15988;0;0;0;0;
E08;Ramasser les papiers et les déchets par terre pour les mettre à la poubelle;Déchets;ROUGES;Rouges maternelles ;clémentine;26/04/2025;1;0.000173;0;0;0;0.1;
D02;Tout manger ce qu'il y a dans nos assiettes (cantine, maison);Déchets;ROUGES;Rouges maternelles ;clémentine;26/04/2025;1;2.453511;0;1.390385;0;1.390384615;
D11;Ne pas prendre sa voiture si c'est possble : préférer la marche et le vélo (pour les petits trajets), le covoiturage…;Transport;ROUGES;Rouges maternelles ;radis;27/04/2025;1;0.38;0;0.67;0;0;
W04;Fermer ses volets quand il fait froid et nuit;Electricité;ROUGES;Rouges maternelles ;radis;27/04/2025;1;0.006501;16.5;0;0;0;
D06;Réduire son temps devant les écrans (Télé, ordinateurs, tablette, jeux vidéos...);Electricité;ROUGES;Rouges maternelles ;radis;27/04/2025;1;0.017374;0;0.183462;0;0;
E04;Eteindre les appareils électriques lorsqu'on ne s'en sert pas (Télé, ordinateur...);Electricité;ROUGES;Rouges maternelles ;radis;27/04/2025;1;0.15988;0;1;0;0;
C01;Eteindre les lumières quand on quitte une pièce ou si il fait jour dehors;Electricité;ROUGES;Rouges maternelles ;radis;27/04/2025;1;13.7935;0;0;0;0;
D10;Couper l’eau quand on se savonne les mains;Eau;ROUGES;Rouges maternelles ;radis;27/04/2025;1;0.54243;0;0.21;12.6;0;
W02;Ne pas gaspiller l'eau de son verre;Eau;ROUGES;Rouges maternelles ;radis;27/04/2025;1;0.05;28;0;35;0;
D09;Eviter de prendre des bains (préférer la douche rapide);Eau;ROUGES;Rouges maternelles ;radis;27/04/2025;1;0.0623;0;1.75;357;0;
E08;Fermer le robinet quand on se brosse les dents;Eau;ROUGES;Rouges maternelles ;radis;27/04/2025;1;0.000173;0;0;28;0;
T06;Ne pas tuer les petites bêtes et les remettre dehors (c'est la nourriture de oiseaux);Biodiversité;ROUGES;Rouges maternelles ;radis;27/04/2025;1;1.518;0;0;0;0;
T04;Acheter des produits avec moins d'emballages (éviter emballages individuels);Courses;ROUGES;Rouges maternelles ;radis;27/04/2025;1;0.506;0;0;0;34.86;
D06;Acheter d’occasion plutôt que neuf;Courses;ROUGES;Rouges maternelles ;radis;27/04/2025;1;0.017374;0;0.183462;0;0.134615385;
W03;Préférer les produits réutilisables plutôt que jetables;Courses;ROUGES;Rouges maternelles ;radis;27/04/2025;1;0.004964;12.6;0;0;0;
E01;Acheter juste ce dont on a besoin;Courses;ROUGES;Rouges maternelles ;radis;27/04/2025;1;0.027408;0;0;0;0.134615385;
E08;Acheter des fruits ou légumes de saison;Courses;ROUGES;Rouges maternelles ;radis;27/04/2025;1;0.000173;0;0;0;0;
E03;Acheter des produits recyclables et utiliser les bacs de tri;Déchets;ROUGES;Rouges maternelles ;radis;27/04/2025;1;0.15988;0;0;0;0;
E08;Ramasser les papiers et les déchets par terre pour les mettre à la poubelle;Déchets;ROUGES;Rouges maternelles ;radis;27/04/2025;1;0.000173;0;0;0;0.1;
D02;Tout manger ce qu'il y a dans nos assiettes (cantine, maison);Déchets;ROUGES;Rouges maternelles ;radis;27/04/2025;1;2.453511;0;1.390385;0;1.390384615;
D10;Couper l’eau quand on se savonne les mains;Eau;ROUGES;Rouges maternelles ;fruits;30/03/2025;1;0.54243;0;0.21;12.6;0;
W02;Ne pas gaspiller l'eau de son verre;Eau;ROUGES;Rouges maternelles ;fruits;30/03/2025;1;0.05;28;0;35;0;
D09;Eviter de prendre des bains (préférer la douche rapide);Eau;ROUGES;Rouges maternelles ;fruits;30/03/2025;1;0.0623;0;1.75;357;0;
E08;Fermer le robinet quand on se brosse les dents;Eau;ROUGES;Rouges maternelles ;fruits;30/03/2025;1;0.000173;0;0;28;0;
T04;Acheter des produits avec moins d'emballages (éviter emballages individuels);Courses;ROUGES;Rouges maternelles ;fruits;30/03/2025;1;0.506;0;0;0;34.86;
W03;Préférer les produits réutilisables plutôt que jetables;Courses;ROUGES;Rouges maternelles ;fruits;30/03/2025;1;0.004964;12.6;0;0;0;
E01;Acheter juste ce dont on a besoin;Courses;ROUGES;Rouges maternelles ;fruits;30/03/2025;1;0.027408;0;0;0;0.134615385;
E08;Acheter des fruits ou légumes de saison;Courses;ROUGES;Rouges maternelles ;fruits;30/03/2025;1;0.000173;0;0;0;0;
D11;Ne pas prendre sa voiture si c'est possble : préférer la marche et le vélo (pour les petits trajets), le covoiturage…;Transport;ROUGES;Rouges maternelles ;radis;29/03/2025;1;0.38;0;0.67;0;0;
W04;Fermer ses volets quand il fait froid et nuit;Electricité;ROUGES;Rouges maternelles ;radis;29/03/2025;1;0.006501;16.5;0;0;0;
D06;Réduire son temps devant les écrans (Télé, ordinateurs, tablette, jeux vidéos...);Electricité;ROUGES;Rouges maternelles ;radis;29/03/2025;1;0.017374;0;0.183462;0;0;
E04;Eteindre les appareils électriques lorsqu'on ne s'en sert pas (Télé, ordinateur...);Electricité;ROUGES;Rouges maternelles ;radis;29/03/2025;1;0.15988;0;1;0;0;
C01;Eteindre les lumières quand on quitte une pièce ou si il fait jour dehors;Electricité;ROUGES;Rouges maternelles ;radis;29/03/2025;1;13.7935;0;0;0;0;
D10;Couper l’eau quand on se savonne les mains;Eau;ROUGES;Rouges maternelles ;radis;29/03/2025;1;0.54243;0;0.21;12.6;0;
W02;Ne pas gaspiller l'eau de son verre;Eau;ROUGES;Rouges maternelles ;radis;29/03/2025;1;0.05;28;0;35;0;
D09;Eviter de prendre des bains (préférer la douche rapide);Eau;ROUGES;Rouges maternelles ;radis;29/03/2025;1;0.0623;0;1.75;357;0;
E08;Fermer le robinet quand on se brosse les dents;Eau;ROUGES;Rouges maternelles ;radis;29/03/2025;1;0.000173;0;0;28;0;
T06;Ne pas tuer les petites bêtes et les remettre dehors (c'est la nourriture de oiseaux);Biodiversité;ROUGES;Rouges maternelles ;radis;29/03/2025;1;1.518;0;0;0;0;
T04;Acheter des produits avec moins d'emballages (éviter emballages individuels);Courses;ROUGES;Rouges maternelles ;radis;29/03/2025;1;0.506;0;0;0;34.86;
D06;Acheter d’occasion plutôt que neuf;Courses;ROUGES;Rouges maternelles ;radis;29/03/2025;1;0.017374;0;0.183462;0;0.134615385;
W03;Préférer les produits réutilisables plutôt que jetables;Courses;ROUGES;Rouges maternelles ;radis;29/03/2025;1;0.004964;12.6;0;0;0;
E01;Acheter juste ce dont on a besoin;Courses;ROUGES;Rouges maternelles ;radis;29/03/2025;1;0.027408;0;0;0;0.134615385;
E08;Acheter des fruits ou légumes de saison;Courses;ROUGES;Rouges maternelles ;radis;29/03/2025;1;0.000173;0;0;0;0;
E03;Acheter des produits recyclables et utiliser les bacs de tri;Déchets;ROUGES;Rouges maternelles ;radis;29/03/2025;1;0.15988;0;0;0;0;
E08;Ramasser les papiers et les déchets par terre pour les mettre à la poubelle;Déchets;ROUGES;Rouges maternelles ;radis;29/03/2025;1;0.000173;0;0;0;0.1;
D02;Tout manger ce qu'il y a dans nos assiettes (cantine, maison);Déchets;ROUGES;Rouges maternelles ;radis;29/03/2025;1;2.453511;0;1.390385;0;1.390384615;
D11;Ne pas prendre sa voiture si c'est possble : préférer la marche et le vélo (pour les petits trajets), le covoiturage…;Transport;ROUGES;Rouges maternelles ;clémentine;29/03/2025;1;0.38;0;0.67;0;0;
W04;Fermer ses volets quand il fait froid et nuit;Electricité;ROUGES;Rouges maternelles ;clémentine;29/03/2025;1;0.006501;16.5;0;0;0;
D06;Réduire son temps devant les écrans (Télé, ordinateurs, tablette, jeux vidéos...);Electricité;ROUGES;Rouges maternelles ;clémentine;29/03/2025;1;0.017374;0;0.183462;0;0;
E04;Eteindre les appareils électriques lorsqu'on ne s'en sert pas (Télé, ordinateur...);Electricité;ROUGES;Rouges maternelles ;clémentine;29/03/2025;1;0.15988;0;1;0;0;
C01;Eteindre les lumières quand on quitte une pièce ou si il fait jour dehors;Electricité;ROUGES;Rouges maternelles ;clémentine;29/03/2025;1;13.7935;0;0;0;0;
D05;Récupérer l'eau de pluie pour arroser;Eau;ROUGES;Rouges maternelles ;clémentine;29/03/2025;1;0.000239;0;0.134615;35;0;
E03;Acheter des produits recyclables et utiliser les bacs de tri;Déchets;ROUGES;Rouges maternelles ;fruits;30/03/2025;1;0.15988;0;0;0;0;
W04;Fermer ses volets quand il fait froid et nuit;Electricité;ROUGES;Rouges maternelles ;pomme;02/04/2025;1;0.006501;16.5;0;0;0;
C01;Eteindre les lumières quand on quitte une pièce ou si il fait jour dehors;Electricité;ROUGES;Rouges maternelles ;pomme;02/04/2025;1;13.7935;0;0;0;0;
W02;Ne pas gaspiller l'eau de son verre;Eau;ROUGES;Rouges maternelles ;pomme;02/04/2025;1;0.05;28;0;35;0;
E08;Fermer le robinet quand on se brosse les dents;Eau;ROUGES;Rouges maternelles ;pomme;02/04/2025;1;0.000173;0;0;28;0;
E01;Acheter juste ce dont on a besoin;Courses;ROUGES;Rouges maternelles ;pomme;02/04/2025;1;0.027408;0;0;0;0.134615385;
E03;Acheter des produits recyclables et utiliser les bacs de tri;Déchets;ROUGES;Rouges maternelles ;pomme;02/04/2025;1;0.15988;0;0;0;0;
D10;Couper l’eau quand on se savonne les mains;Eau;ROUGES;Rouges maternelles ;clémentine;29/03/2025;1;0.54243;0;0.21;12.6;0;
W02;Ne pas gaspiller l'eau de son verre;Eau;ROUGES;Rouges maternelles ;clémentine;29/03/2025;1;0.05;28;0;35;0;
D09;Eviter de prendre des bains (préférer la douche rapide);Eau;ROUGES;Rouges maternelles ;clémentine;29/03/2025;1;0.0623;0;1.75;357;0;
E08;Fermer le robinet quand on se brosse les dents;Eau;ROUGES;Rouges maternelles ;clémentine;29/03/2025;1;0.000173;0;0;28;0;
T06;Ne pas tuer les petites bêtes et les remettre dehors (c'est la nourriture de oiseaux);Biodiversité;ROUGES;Rouges maternelles ;clémentine;29/03/2025;1;1.518;0;0;0;0;
T04;Acheter des produits avec moins d'emballages (éviter emballages individuels);Courses;ROUGES;Rouges maternelles ;clémentine;29/03/2025;1;0.506;0;0;0;34.86;
D06;Acheter d’occasion plutôt que neuf;Courses;ROUGES;Rouges maternelles ;clémentine;29/03/2025;1;0.017374;0;0.183462;0;0.134615385;
W03;Préférer les produits réutilisables plutôt que jetables;Courses;ROUGES;Rouges maternelles ;clémentine;29/03/2025;1;0.004964;12.6;0;0;0;
E01;Acheter juste ce dont on a besoin;Courses;ROUGES;Rouges maternelles ;clémentine;29/03/2025;1;0.027408;0;0;0;0.134615385;
E08;Acheter des fruits ou légumes de saison;Courses;ROUGES;Rouges maternelles ;clémentine;29/03/2025;1;0.000173;0;0;0;0;
E03;Acheter des produits recyclables et utiliser les bacs de tri;Déchets;ROUGES;Rouges maternelles ;clémentine;29/03/2025;1;0.15988;0;0;0;0;
E08;Ramasser les papiers et les déchets par terre pour les mettre à la poubelle;Déchets;ROUGES;Rouges maternelles ;clémentine;29/03/2025;1;0.000173;0;0;0;0.1;
D02;Tout manger ce qu'il y a dans nos assiettes (cantine, maison);Déchets;ROUGES;Rouges maternelles ;clémentine;29/03/2025;1;2.453511;0;1.390385;0;1.390384615;
D11;Ne pas prendre sa voiture si c'est possble : préférer la marche et le vélo (pour les petits trajets), le covoiturage…;Transport;ROUGES;Rouges maternelles ;fruits;30/03/2025;1;0.38;0;0.67;0;0;
W04;Fermer ses volets quand il fait froid et nuit;Electricité;ROUGES;Rouges maternelles ;fruits;30/03/2025;1;0.006501;16.5;0;0;0;
D06;Réduire son temps devant les écrans (Télé, ordinateurs, tablette, jeux vidéos...);Electricité;ROUGES;Rouges maternelles ;fruits;30/03/2025;1;0.017374;0;0.183462;0;0;
E04;Eteindre les appareils électriques lorsqu'on ne s'en sert pas (Télé, ordinateur...);Electricité;ROUGES;Rouges maternelles ;fruits;30/03/2025;1;0.15988;0;1;0;0;
W04;Fermer ses volets quand il fait froid et nuit;Electricité;ROUGES;Rouges maternelles ;clémentine;03/05/2025;1;0.006501;16.5;0;0;0;
E04;Eteindre les appareils électriques lorsqu'on ne s'en sert pas (Télé, ordinateur...);Electricité;ROUGES;Rouges maternelles ;clémentine;03/05/2025;1;0.15988;0;1;0;0;
D05;Récupérer l'eau de pluie pour arroser;Eau;ROUGES;Rouges maternelles ;clémentine;03/05/2025;1;0.000239;0;0.134615;35;0;
W02;Ne pas gaspiller l'eau de son verre;Eau;ROUGES;Rouges maternelles ;clémentine;03/05/2025;1;0.05;28;0;35;0;
E08;Fermer le robinet quand on se brosse les dents;Eau;ROUGES;Rouges maternelles ;clémentine;03/05/2025;1;0.000173;0;0;28;0;
T04;Acheter des produits avec moins d'emballages (éviter emballages individuels);Courses;ROUGES;Rouges maternelles ;clémentine;03/05/2025;1;0.506;0;0;0;34.86;
W03;Préférer les produits réutilisables plutôt que jetables;Courses;ROUGES;Rouges maternelles ;clémentine;03/05/2025;1;0.004964;12.6;0;0;0;
E08;Acheter des fruits ou légumes de saison;Courses;ROUGES;Rouges maternelles ;clémentine;03/05/2025;1;0.000173;0;0;0;0;
E08;Ramasser les papiers et les déchets par terre pour les mettre à la poubelle;Déchets;ROUGES;Rouges maternelles ;clémentine;03/05/2025;1;0.000173;0;0;0;0.1;
W04;Fermer ses volets quand il fait froid et nuit;Electricité;ROUGES;Rouges maternelles ;petits pois;23/03/2025;1;0.006501;16.5;0;0;0;
E04;Eteindre les appareils électriques lorsqu'on ne s'en sert pas (Télé, ordinateur...);Electricité;ROUGES;Rouges maternelles ;petits pois;23/03/2025;1;0.15988;0;1;0;0;
D05;Récupérer l'eau de pluie pour arroser;Eau;ROUGES;Rouges maternelles ;petits pois;23/03/2025;1;0.000239;0;0.134615;35;0;
W02;Ne pas gaspiller l'eau de son verre;Eau;ROUGES;Rouges maternelles ;petits pois;23/03/2025;1;0.05;28;0;35;0;
E08;Fermer le robinet quand on se brosse les dents;Eau;ROUGES;Rouges maternelles ;petits pois;23/03/2025;1;0.000173;0;0;28;0;
T04;Acheter des produits avec moins d'emballages (éviter emballages individuels);Courses;ROUGES;Rouges maternelles ;petits pois;23/03/2025;1;0.506;0;0;0;34.86;
W03;Préférer les produits réutilisables plutôt que jetables;Courses;ROUGES;Rouges maternelles ;petits pois;23/03/2025;1;0.004964;12.6;0;0;0;
E08;Acheter des fruits ou légumes de saison;Courses;ROUGES;Rouges maternelles ;petits pois;23/03/2025;1;0.000173;0;0;0;0;
E08;Ramasser les papiers et les déchets par terre pour les mettre à la poubelle;Déchets;ROUGES;Rouges maternelles ;petits pois;23/03/2025;1;0.000173;0;0;0;0.1;
D11;Ne pas prendre sa voiture si c'est possble : préférer la marche et le vélo (pour les petits trajets), le covoiturage…;Transport;ROUGES;Rouges maternelles ;clémentine;24/03/2025;1;0.38;0;0.67;0;0;
D06;Réduire son temps devant les écrans (Télé, ordinateurs, tablette, jeux vidéos...);Electricité;ROUGES;Rouges maternelles ;clémentine;24/03/2025;1;0.017374;0;0.183462;0;0;
C01;Eteindre les lumières quand on quitte une pièce ou si il fait jour dehors;Electricité;ROUGES;Rouges maternelles ;clémentine;24/03/2025;1;13.7935;0;0;0;0;
D10;Couper l’eau quand on se savonne les mains;Eau;ROUGES;Rouges maternelles ;clémentine;24/03/2025;1;0.54243;0;0.21;12.6;0;
D09;Eviter de prendre des bains (préférer la douche rapide);Eau;ROUGES;Rouges maternelles ;clémentine;24/03/2025;1;0.0623;0;1.75;357;0;
T06;Ne pas tuer les petites bêtes et les remettre dehors (c'est la nourriture de oiseaux);Biodiversité;ROUGES;Rouges maternelles ;clémentine;24/03/2025;1;1.518;0;0;0;0;
W04;Fermer ses volets quand il fait froid et nuit;Electricité;ROUGES;Rouges maternelles ;radis;24/03/2025;1;0.006501;16.5;0;0;0;
E04;Eteindre les appareils électriques lorsqu'on ne s'en sert pas (Télé, ordinateur...);Electricité;ROUGES;Rouges maternelles ;radis;24/03/2025;1;0.15988;0;1;0;0;
D10;Couper l’eau quand on se savonne les mains;Eau;ROUGES;Rouges maternelles ;radis;24/03/2025;1;0.54243;0;0.21;12.6;0;
D09;Eviter de prendre des bains (préférer la douche rapide);Eau;ROUGES;Rouges maternelles ;radis;24/03/2025;1;0.0623;0;1.75;357;0;
T06;Ne pas tuer les petites bêtes et les remettre dehors (c'est la nourriture de oiseaux);Biodiversité;ROUGES;Rouges maternelles ;radis;24/03/2025;1;1.518;0;0;0;0;
W03;Préférer les produits réutilisables plutôt que jetables;Courses;ROUGES;Rouges maternelles ;radis;24/03/2025;1;0.004964;12.6;0;0;0;
E08;Acheter des fruits ou légumes de saison;Courses;ROUGES;Rouges maternelles ;radis;24/03/2025;1;0.000173;0;0;0;0;
E08;Ramasser les papiers et les déchets par terre pour les mettre à la poubelle;Déchets;ROUGES;Rouges maternelles ;radis;24/03/2025;1;0.000173;0;0;0;0.1;
D11;Ne pas prendre sa voiture si c'est possble : préférer la marche et le vélo (pour les petits trajets), le covoiturage…;Transport;ROUGES;Rouges maternelles ;fruits;24/03/2025;1;0.38;0;0.67;0;0;
D06;Réduire son temps devant les écrans (Télé, ordinateurs, tablette, jeux vidéos...);Electricité;ROUGES;Rouges maternelles ;fruits;24/03/2025;1;0.017374;0;0.183462;0;0;
C01;Eteindre les lumières quand on quitte une pièce ou si il fait jour dehors;Electricité;ROUGES;Rouges maternelles ;fruits;24/03/2025;1;13.7935;0;0;0;0;
T04;Acheter des produits avec moins d'emballages (éviter emballages individuels);Courses;ROUGES;Rouges maternelles ;fruits;24/03/2025;1;0.506;0;0;0;34.86;
W03;Préférer les produits réutilisables plutôt que jetables;Courses;ROUGES;Rouges maternelles ;fruits;24/03/2025;1;0.004964;12.6;0;0;0;
E03;Acheter des produits recyclables et utiliser les bacs de tri;Déchets;ROUGES;Rouges maternelles ;fruits;24/03/2025;1;0.15988;0;0;0;0;
E08;Fermer le robinet quand on se brosse les dents;Eau;ROUGES;Rouges maternelles ;fruits;24/03/2025;1;0.000173;0;0;28;0;
W02;Ne pas gaspiller l'eau de son verre;Eau;ROUGES;Rouges maternelles ;fruits;24/03/2025;1;0.05;28;0;35;0;
W04;Fermer ses volets quand il fait froid et nuit;Electricité;ROUGES;Rouges maternelles ;kiwi;27/03/2025;1;0.006501;16.5;0;0;0;
E04;Eteindre les appareils électriques lorsqu'on ne s'en sert pas (Télé, ordinateur...);Electricité;ROUGES;Rouges maternelles ;kiwi;27/03/2025;1;0.15988;0;1;0;0;
D10;Couper l’eau quand on se savonne les mains;Eau;ROUGES;Rouges maternelles ;kiwi;27/03/2025;1;0.54243;0;0.21;12.6;0;
D09;Eviter de prendre des bains (préférer la douche rapide);Eau;ROUGES;Rouges maternelles ;kiwi;27/03/2025;1;0.0623;0;1.75;357;0;
D06;Acheter d’occasion plutôt que neuf;Courses;ROUGES;Rouges maternelles ;kiwi;27/03/2025;1;0.017374;0;0.183462;0;0.134615385;
E03;Acheter des produits recyclables et utiliser les bacs de tri;Déchets;ROUGES;Rouges maternelles ;kiwi;27/03/2025;1;0.15988;0;0;0;0;
D11;Ne pas prendre sa voiture si c'est possble : préférer la marche et le vélo (pour les petits trajets), le covoiturage…;Transport;ROUGES;Rouges maternelles ;melon;27/03/2025;1;0.38;0;0.67;0;0;
C01;Eteindre les lumières quand on quitte une pièce ou si il fait jour dehors;Electricité;ROUGES;Rouges maternelles ;melon;27/03/2025;1;13.7935;0;0;0;0;
D10;Couper l’eau quand on se savonne les mains;Eau;ROUGES;Rouges maternelles ;melon;27/03/2025;1;0.54243;0;0.21;12.6;0;
D09;Eviter de prendre des bains (préférer la douche rapide);Eau;ROUGES;Rouges maternelles ;melon;27/03/2025;1;0.0623;0;1.75;357;0;
E08;Fermer le robinet quand on se brosse les dents;Eau;ROUGES;Rouges maternelles ;kiwi;27/03/2025;1;0.000173;0;0;28;0;
E01;Acheter juste ce dont on a besoin;Courses;ROUGES;Rouges maternelles ;kiwi;27/03/2025;1;0.027408;0;0;0;0.134615385;
D02;Tout manger ce qu'il y a dans nos assiettes (cantine, maison);Déchets;ROUGES;Rouges maternelles ;kiwi;27/03/2025;1;2.453511;0;1.390385;0;1.390384615;
W04;Fermer ses volets quand il fait froid et nuit;Electricité;ROUGES;Rouges maternelles ;melon;27/03/2025;1;0.006501;16.5;0;0;0;
E04;Eteindre les appareils électriques lorsqu'on ne s'en sert pas (Télé, ordinateur...);Electricité;ROUGES;Rouges maternelles ;melon;27/03/2025;1;0.15988;0;1;0;0;
W02;Ne pas gaspiller l'eau de son verre;Eau;ROUGES;Rouges maternelles ;melon;27/03/2025;1;0.05;28;0;35;0;
E08;Fermer le robinet quand on se brosse les dents;Eau;ROUGES;Rouges maternelles ;melon;27/03/2025;1;0.000173;0;0;28;0;
E01;Acheter juste ce dont on a besoin;Courses;ROUGES;Rouges maternelles ;melon;27/03/2025;1;0.027408;0;0;0;0.134615385;
D02;Tout manger ce qu'il y a dans nos assiettes (cantine, maison);Déchets;ROUGES;Rouges maternelles ;melon;27/03/2025;1;2.453511;0;1.390385;0;1.390384615;
D11;Ne pas prendre sa voiture si c'est possble : préférer la marche et le vélo (pour les petits trajets), le covoiturage…;Transport;ROUGES;Rouges maternelles ;clémentine;03/05/2025;1;0.38;0;0.67;0;0;
D11;Ne pas prendre sa voiture si c'est possble : préférer la marche et le vélo (pour les petits trajets), le covoiturage…;Transport;ROUGES;Rouges maternelles ;petits pois;23/03/2025;1;0.38;0;0.67;0;0;
D06;Réduire son temps devant les écrans (Télé, ordinateurs, tablette, jeux vidéos...);Electricité;ROUGES;Rouges maternelles ;petits pois;23/03/2025;1;0.017374;0;0.183462;0;0;
C01;Eteindre les lumières quand on quitte une pièce ou si il fait jour dehors;Electricité;ROUGES;Rouges maternelles ;petits pois;23/03/2025;1;13.7935;0;0;0;0;
D10;Couper l’eau quand on se savonne les mains;Eau;ROUGES;Rouges maternelles ;petits pois;23/03/2025;1;0.54243;0;0.21;12.6;0;
D09;Eviter de prendre des bains (préférer la douche rapide);Eau;ROUGES;Rouges maternelles ;petits pois;23/03/2025;1;0.0623;0;1.75;357;0;
T06;Ne pas tuer les petites bêtes et les remettre dehors (c'est la nourriture de oiseaux);Biodiversité;ROUGES;Rouges maternelles ;petits pois;23/03/2025;1;1.518;0;0;0;0;
D06;Acheter d’occasion plutôt que neuf;Courses;ROUGES;Rouges maternelles ;petits pois;23/03/2025;1;0.017374;0;0.183462;0;0.134615385;
E01;Acheter juste ce dont on a besoin;Courses;ROUGES;Rouges maternelles ;petits pois;23/03/2025;1;0.027408;0;0;0;0.134615385;
E03;Acheter des produits recyclables et utiliser les bacs de tri;Déchets;ROUGES;Rouges maternelles ;petits pois;23/03/2025;1;0.15988;0;0;0;0;
D02;Tout manger ce qu'il y a dans nos assiettes (cantine, maison);Déchets;ROUGES;Rouges maternelles ;petits pois;23/03/2025;1;2.453511;0;1.390385;0;1.390384615;
W04;Fermer ses volets quand il fait froid et nuit;Electricité;ROUGES;Rouges maternelles ;clémentine;24/03/2025;1;0.006501;16.5;0;0;0;
E04;Eteindre les appareils électriques lorsqu'on ne s'en sert pas (Télé, ordinateur...);Electricité;ROUGES;Rouges maternelles ;clémentine;24/03/2025;1;0.15988;0;1;0;0;
D05;Récupérer l'eau de pluie pour arroser;Eau;ROUGES;Rouges maternelles ;clémentine;24/03/2025;1;0.000239;0;0.134615;35;0;
W02;Ne pas gaspiller l'eau de son verre;Eau;ROUGES;Rouges maternelles ;clémentine;24/03/2025;1;0.05;28;0;35;0;
E08;Fermer le robinet quand on se brosse les dents;Eau;ROUGES;Rouges maternelles ;clémentine;24/03/2025;1;0.000173;0;0;28;0;
D11;Ne pas prendre sa voiture si c'est possble : préférer la marche et le vélo (pour les petits trajets), le covoiturage…;Transport;ROUGES;Rouges maternelles ;radis;24/03/2025;1;0.38;0;0.67;0;0;
D06;Réduire son temps devant les écrans (Télé, ordinateurs, tablette, jeux vidéos...);Electricité;ROUGES;Rouges maternelles ;radis;24/03/2025;1;0.017374;0;0.183462;0;0;
C01;Eteindre les lumières quand on quitte une pièce ou si il fait jour dehors;Electricité;ROUGES;Rouges maternelles ;radis;24/03/2025;1;13.7935;0;0;0;0;
W02;Ne pas gaspiller l'eau de son verre;Eau;ROUGES;Rouges maternelles ;radis;24/03/2025;1;0.05;28;0;35;0;
E08;Fermer le robinet quand on se brosse les dents;Eau;ROUGES;Rouges maternelles ;radis;24/03/2025;1;0.000173;0;0;28;0;
D06;Acheter d’occasion plutôt que neuf;Courses;ROUGES;Rouges maternelles ;radis;24/03/2025;1;0.017374;0;0.183462;0;0.134615385;
E01;Acheter juste ce dont on a besoin;Courses;ROUGES;Rouges maternelles ;radis;24/03/2025;1;0.027408;0;0;0;0.134615385;
E03;Acheter des produits recyclables et utiliser les bacs de tri;Déchets;ROUGES;Rouges maternelles ;radis;24/03/2025;1;0.15988;0;0;0;0;
D02;Tout manger ce qu'il y a dans nos assiettes (cantine, maison);Déchets;ROUGES;Rouges maternelles ;radis;24/03/2025;1;2.453511;0;1.390385;0;1.390384615;
W04;Fermer ses volets quand il fait froid et nuit;Electricité;ROUGES;Rouges maternelles ;fruits;24/03/2025;1;0.006501;16.5;0;0;0;
E04;Eteindre les appareils électriques lorsqu'on ne s'en sert pas (Télé, ordinateur...);Electricité;ROUGES;Rouges maternelles ;fruits;24/03/2025;1;0.15988;0;1;0;0;
D10;Couper l’eau quand on se savonne les mains;Eau;ROUGES;Rouges maternelles ;fruits;24/03/2025;1;0.54243;0;0.21;12.6;0;
D06;Acheter d’occasion plutôt que neuf;Courses;ROUGES;Rouges maternelles ;fruits;24/03/2025;1;0.017374;0;0.183462;0;0.134615385;
E08;Acheter des fruits ou légumes de saison;Courses;ROUGES;Rouges maternelles ;fruits;24/03/2025;1;0.000173;0;0;0;0;
D02;Tout manger ce qu'il y a dans nos assiettes (cantine, maison);Déchets;ROUGES;Rouges maternelles ;fruits;24/03/2025;1;2.453511;0;1.390385;0;1.390384615;
D09;Eviter de prendre des bains (préférer la douche rapide);Eau;ROUGES;Rouges maternelles ;fruits;24/03/2025;1;0.0623;0;1.75;357;0;
D11;Ne pas prendre sa voiture si c'est possble : préférer la marche et le vélo (pour les petits trajets), le covoiturage…;Transport;ROUGES;Rouges maternelles ;kiwi;27/03/2025;1;0.38;0;0.67;0;0;
D06;Réduire son temps devant les écrans (Télé, ordinateurs, tablette, jeux vidéos...);Electricité;ROUGES;Rouges maternelles ;kiwi;27/03/2025;1;0.017374;0;0.183462;0;0;
C01;Eteindre les lumières quand on quitte une pièce ou si il fait jour dehors;Electricité;ROUGES;Rouges maternelles ;kiwi;27/03/2025;1;13.7935;0;0;0;0;
W02;Ne pas gaspiller l'eau de son verre;Eau;ROUGES;Rouges maternelles ;kiwi;27/03/2025;1;0.05;28;0;35;0;
C01;Eteindre les lumières quand on quitte une pièce ou si il fait jour dehors;Electricité;ROUGES;Rouges maternelles ;fraise;27/03/2025;1;13.7935;0;0;0;0;
E04;Eteindre les appareils électriques lorsqu'on ne s'en sert pas (Télé, ordinateur...);Electricité;ROUGES;Rouges maternelles ;fraise;27/03/2025;1;0.15988;0;1;0;0;
W02;Ne pas gaspiller l'eau de son verre;Eau;ROUGES;Rouges maternelles ;fraise;27/03/2025;1;0.05;28;0;35;0;
D09;Eviter de prendre des bains (préférer la douche rapide);Eau;ROUGES;Rouges maternelles ;fraise;27/03/2025;1;0.0623;0;1.75;357;0;
W04;Fermer ses volets quand il fait froid et nuit;Electricité;ROUGES;Rouges maternelles ;brocolis;27/03/2025;1;0.006501;16.5;0;0;0;
C01;Eteindre les lumières quand on quitte une pièce ou si il fait jour dehors;Electricité;ROUGES;Rouges maternelles ;brocolis;27/03/2025;1;13.7935;0;0;0;0;
W02;Ne pas gaspiller l'eau de son verre;Eau;ROUGES;Rouges maternelles ;brocolis;27/03/2025;1;0.05;28;0;35;0;
E08;Fermer le robinet quand on se brosse les dents;Eau;ROUGES;Rouges maternelles ;brocolis;27/03/2025;1;0.000173;0;0;28;0;
E01;Acheter juste ce dont on a besoin;Courses;ROUGES;Rouges maternelles ;brocolis;27/03/2025;1;0.027408;0;0;0;0.134615385;
D02;Tout manger ce qu'il y a dans nos assiettes (cantine, maison);Déchets;ROUGES;Rouges maternelles ;brocolis;27/03/2025;1;2.453511;0;1.390385;0;1.390384615;
D11;Ne pas prendre sa voiture si c'est possble : préférer la marche et le vélo (pour les petits trajets), le covoiturage…;Transport;ROUGES;Rouges maternelles ;pomme;27/03/2025;1;0.38;0;0.67;0;0;
E04;Eteindre les appareils électriques lorsqu'on ne s'en sert pas (Télé, ordinateur...);Electricité;ROUGES;Rouges maternelles ;pomme;27/03/2025;1;0.15988;0;1;0;0;
D10;Couper l’eau quand on se savonne les mains;Eau;ROUGES;Rouges maternelles ;pomme;27/03/2025;1;0.54243;0;0.21;12.6;0;
D09;Eviter de prendre des bains (préférer la douche rapide);Eau;ROUGES;Rouges maternelles ;pomme;27/03/2025;1;0.0623;0;1.75;357;0;
D02;Tout manger ce qu'il y a dans nos assiettes (cantine, maison);Déchets;ROUGES;Rouges maternelles ;pomme;27/03/2025;1;2.453511;0;1.390385;0;1.390384615;
E01;Acheter juste ce dont on a besoin;Courses;ROUGES;Rouges maternelles ;pomme;27/03/2025;1;0.027408;0;0;0;0.134615385;
T04;Acheter des produits avec moins d'emballages (éviter emballages individuels);Courses;ROUGES;Rouges maternelles ;melon;27/03/2025;1;0.506;0;0;0;34.86;
E03;Acheter des produits recyclables et utiliser les bacs de tri;Déchets;ROUGES;Rouges maternelles ;melon;27/03/2025;1;0.15988;0;0;0;0;
D11;Ne pas prendre sa voiture si c'est possble : préférer la marche et le vélo (pour les petits trajets), le covoiturage…;Transport;ROUGES;Rouges maternelles ;fraise;27/03/2025;1;0.38;0;0.67;0;0;
W04;Fermer ses volets quand il fait froid et nuit;Electricité;ROUGES;Rouges maternelles ;fraise;27/03/2025;1;0.006501;16.5;0;0;0;
D10;Couper l’eau quand on se savonne les mains;Eau;ROUGES;Rouges maternelles ;fraise;27/03/2025;1;0.54243;0;0.21;12.6;0;
E08;Fermer le robinet quand on se brosse les dents;Eau;ROUGES;Rouges maternelles ;fraise;27/03/2025;1;0.000173;0;0;28;0;
D02;Tout manger ce qu'il y a dans nos assiettes (cantine, maison);Déchets;ROUGES;Rouges maternelles ;fraise;27/03/2025;1;2.453511;0;1.390385;0;1.390384615;
E04;Eteindre les appareils électriques lorsqu'on ne s'en sert pas (Télé, ordinateur...);Electricité;ROUGES;Rouges maternelles ;brocolis;27/03/2025;1;0.15988;0;1;0;0;
D10;Couper l’eau quand on se savonne les mains;Eau;ROUGES;Rouges maternelles ;brocolis;27/03/2025;1;0.54243;0;0.21;12.6;0;
D09;Eviter de prendre des bains (préférer la douche rapide);Eau;ROUGES;Rouges maternelles ;brocolis;27/03/2025;1;0.0623;0;1.75;357;0;
T04;Acheter des produits avec moins d'emballages (éviter emballages individuels);Courses;ROUGES;Rouges maternelles ;brocolis;27/03/2025;1;0.506;0;0;0;34.86;
E03;Acheter des produits recyclables et utiliser les bacs de tri;Déchets;ROUGES;Rouges maternelles ;brocolis;27/03/2025;1;0.15988;0;0;0;0;
W04;Fermer ses volets quand il fait froid et nuit;Electricité;ROUGES;Rouges maternelles ;pomme;27/03/2025;1;0.006501;16.5;0;0;0;
C01;Eteindre les lumières quand on quitte une pièce ou si il fait jour dehors;Electricité;ROUGES;Rouges maternelles ;pomme;27/03/2025;1;13.7935;0;0;0;0;
W02;Ne pas gaspiller l'eau de son verre;Eau;ROUGES;Rouges maternelles ;pomme;27/03/2025;1;0.05;28;0;35;0;
E08;Fermer le robinet quand on se brosse les dents;Eau;ROUGES;Rouges maternelles ;pomme;27/03/2025;1;0.000173;0;0;28;0;
E03;Acheter des produits recyclables et utiliser les bacs de tri;Déchets;ROUGES;Rouges maternelles ;pomme;27/03/2025;1;0.15988;0;0;0;0;
E08;Acheter des fruits ou légumes de saison;Courses;ROUGES;Rouges maternelles ;pomme;27/03/2025;1;0.000173;0;0;0;0;
D11;Ne pas prendre sa voiture si c'est possble : préférer la marche et le vélo (pour les petits trajets), le covoiturage…;Transport;ROUGES;Rouges maternelles ;pamplemousse;27/03/2025;1;0.38;0;0.67;0;0;
D06;Réduire son temps devant les écrans (Télé, ordinateurs, tablette, jeux vidéos...);Electricité;ROUGES;Rouges maternelles ;pamplemousse;27/03/2025;1;0.017374;0;0.183462;0;0;
C01;Eteindre les lumières quand on quitte une pièce ou si il fait jour dehors;Electricité;ROUGES;Rouges maternelles ;pamplemousse;27/03/2025;1;13.7935;0;0;0;0;
W02;Ne pas gaspiller l'eau de son verre;Eau;ROUGES;Rouges maternelles ;pamplemousse;27/03/2025;1;0.05;28;0;35;0;
E08;Fermer le robinet quand on se brosse les dents;Eau;ROUGES;Rouges maternelles ;pamplemousse;27/03/2025;1;0.000173;0;0;28;0;
T04;Acheter des produits avec moins d'emballages (éviter emballages individuels);Courses;ROUGES;Rouges maternelles ;pamplemousse;27/03/2025;1;0.506;0;0;0;34.86;
W03;Préférer les produits réutilisables plutôt que jetables;Courses;ROUGES;Rouges maternelles ;pamplemousse;27/03/2025;1;0.004964;12.6;0;0;0;
E08;Acheter des fruits ou légumes de saison;Courses;ROUGES;Rouges maternelles ;pamplemousse;27/03/2025;1;0.000173;0;0;0;0;
E08;Ramasser les papiers et les déchets par terre pour les mettre à la poubelle;Déchets;ROUGES;Rouges maternelles ;pamplemousse;27/03/2025;1;0.000173;0;0;0;0.1;
D11;Ne pas prendre sa voiture si c'est possble : préférer la marche et le vélo (pour les petits trajets), le covoiturage…;Transport;ROUGES;Rouges maternelles ;châtaigne;28/03/2025;1;0.38;0;0.67;0;0;
D06;Réduire son temps devant les écrans (Télé, ordinateurs, tablette, jeux vidéos...);Electricité;ROUGES;Rouges maternelles ;châtaigne;28/03/2025;1;0.017374;0;0.183462;0;0;
C01;Eteindre les lumières quand on quitte une pièce ou si il fait jour dehors;Electricité;ROUGES;Rouges maternelles ;châtaigne;28/03/2025;1;13.7935;0;0;0;0;
W02;Ne pas gaspiller l'eau de son verre;Eau;ROUGES;Rouges maternelles ;châtaigne;28/03/2025;1;0.05;28;0;35;0;
E08;Fermer le robinet quand on se brosse les dents;Eau;ROUGES;Rouges maternelles ;châtaigne;28/03/2025;1;0.000173;0;0;28;0;
T04;Acheter des produits avec moins d'emballages (éviter emballages individuels);Courses;ROUGES;Rouges maternelles ;châtaigne;28/03/2025;1;0.506;0;0;0;34.86;
W04;Fermer ses volets quand il fait froid et nuit;Electricité;ROUGES;Rouges maternelles ;pamplemousse;27/03/2025;1;0.006501;16.5;0;0;0;
E04;Eteindre les appareils électriques lorsqu'on ne s'en sert pas (Télé, ordinateur...);Electricité;ROUGES;Rouges maternelles ;pamplemousse;27/03/2025;1;0.15988;0;1;0;0;
D10;Couper l’eau quand on se savonne les mains;Eau;ROUGES;Rouges maternelles ;pamplemousse;27/03/2025;1;0.54243;0;0.21;12.6;0;
D09;Eviter de prendre des bains (préférer la douche rapide);Eau;ROUGES;Rouges maternelles ;pamplemousse;27/03/2025;1;0.0623;0;1.75;357;0;
T06;Ne pas tuer les petites bêtes et les remettre dehors (c'est la nourriture de oiseaux);Biodiversité;ROUGES;Rouges maternelles ;pamplemousse;27/03/2025;1;1.518;0;0;0;0;
D06;Acheter d’occasion plutôt que neuf;Courses;ROUGES;Rouges maternelles ;pamplemousse;27/03/2025;1;0.017374;0;0.183462;0;0.134615385;
E01;Acheter juste ce dont on a besoin;Courses;ROUGES;Rouges maternelles ;pamplemousse;27/03/2025;1;0.027408;0;0;0;0.134615385;
E03;Acheter des produits recyclables et utiliser les bacs de tri;Déchets;ROUGES;Rouges maternelles ;pamplemousse;27/03/2025;1;0.15988;0;0;0;0;
D02;Tout manger ce qu'il y a dans nos assiettes (cantine, maison);Déchets;ROUGES;Rouges maternelles ;pamplemousse;27/03/2025;1;2.453511;0;1.390385;0;1.390384615;
W04;Fermer ses volets quand il fait froid et nuit;Electricité;ROUGES;Rouges maternelles ;châtaigne;28/03/2025;1;0.006501;16.5;0;0;0;
E04;Eteindre les appareils électriques lorsqu'on ne s'en sert pas (Télé, ordinateur...);Electricité;ROUGES;Rouges maternelles ;châtaigne;28/03/2025;1;0.15988;0;1;0;0;
D10;Couper l’eau quand on se savonne les mains;Eau;ROUGES;Rouges maternelles ;châtaigne;28/03/2025;1;0.54243;0;0.21;12.6;0;
D09;Eviter de prendre des bains (préférer la douche rapide);Eau;ROUGES;Rouges maternelles ;châtaigne;28/03/2025;1;0.0623;0;1.75;357;0;
T06;Ne pas tuer les petites bêtes et les remettre dehors (c'est la nourriture de oiseaux);Biodiversité;ROUGES;Rouges maternelles ;châtaigne;28/03/2025;1;1.518;0;0;0;0;
D06;Acheter d’occasion plutôt que neuf;Courses;ROUGES;Rouges maternelles ;châtaigne;28/03/2025;1;0.017374;0;0.183462;0;0.134615385;
E01;Acheter juste ce dont on a besoin;Courses;ROUGES;Rouges maternelles ;châtaigne;28/03/2025;1;0.027408;0;0;0;0.134615385;
E03;Acheter des produits recyclables et utiliser les bacs de tri;Déchets;ROUGES;Rouges maternelles ;châtaigne;28/03/2025;1;0.15988;0;0;0;0;
D02;Tout manger ce qu'il y a dans nos assiettes (cantine, maison);Déchets;ROUGES;Rouges maternelles ;châtaigne;28/03/2025;1;2.453511;0;1.390385;0;1.390384615;
W03;Préférer les produits réutilisables plutôt que jetables;Courses;ROUGES;Rouges maternelles ;châtaigne;28/03/2025;1;0.004964;12.6;0;0;0;
E08;Acheter des fruits ou légumes de saison;Courses;ROUGES;Rouges maternelles ;châtaigne;28/03/2025;1;0.000173;0;0;0;0;
E08;Ramasser les papiers et les déchets par terre pour les mettre à la poubelle;Déchets;ROUGES;Rouges maternelles ;châtaigne;28/03/2025;1;0.000173;0;0;0;0.1;
D11;Ne pas prendre sa voiture si c'est possble : préférer la marche et le vélo (pour les petits trajets), le covoiturage…;Transport;ROUGES;Rouges maternelles ;poire;28/03/2025;1;0.38;0;0.67;0;0;
W04;Fermer ses volets quand il fait froid et nuit;Electricité;ROUGES;Rouges maternelles ;poire;28/03/2025;1;0.006501;16.5;0;0;0;
D06;Réduire son temps devant les écrans (Télé, ordinateurs, tablette, jeux vidéos...);Electricité;ROUGES;Rouges maternelles ;poire;28/03/2025;1;0.017374;0;0.183462;0;0;
E04;Eteindre les appareils électriques lorsqu'on ne s'en sert pas (Télé, ordinateur...);Electricité;ROUGES;Rouges maternelles ;poire;28/03/2025;1;0.15988;0;1;0;0;
D10;Couper l’eau quand on se savonne les mains;Eau;ROUGES;Rouges maternelles ;poire;28/03/2025;1;0.54243;0;0.21;12.6;0;
D09;Eviter de prendre des bains (préférer la douche rapide);Eau;ROUGES;Rouges maternelles ;poire;28/03/2025;1;0.0623;0;1.75;357;0;
W02;Ne pas gaspiller l'eau de son verre;Eau;ROUGES;Rouges maternelles ;poire;28/03/2025;1;0.05;28;0;35;0;
E08;Fermer le robinet quand on se brosse les dents;Eau;ROUGES;Rouges maternelles ;poire;28/03/2025;1;0.000173;0;0;28;0;
T06;Ne pas tuer les petites bêtes et les remettre dehors (c'est la nourriture de oiseaux);Biodiversité;ROUGES;Rouges maternelles ;poire;28/03/2025;1;1.518;0;0;0;0;
T04;Acheter des produits avec moins d'emballages (éviter emballages individuels);Courses;ROUGES;Rouges maternelles ;poire;28/03/2025;1;0.506;0;0;0;34.86;
D06;Acheter d’occasion plutôt que neuf;Courses;ROUGES;Rouges maternelles ;poire;28/03/2025;1;0.017374;0;0.183462;0;0.134615385;
W03;Préférer les produits réutilisables plutôt que jetables;Courses;ROUGES;Rouges maternelles ;poire;28/03/2025;1;0.004964;12.6;0;0;0;
E01;Acheter juste ce dont on a besoin;Courses;ROUGES;Rouges maternelles ;poire;28/03/2025;1;0.027408;0;0;0;0.134615385;
E08;Acheter des fruits ou légumes de saison;Courses;ROUGES;Rouges maternelles ;poire;28/03/2025;1;0.000173;0;0;0;0;
E03;Acheter des produits recyclables et utiliser les bacs de tri;Déchets;ROUGES;Rouges maternelles ;poire;28/03/2025;1;0.15988;0;0;0;0;
E08;Ramasser les papiers et les déchets par terre pour les mettre à la poubelle;Déchets;ROUGES;Rouges maternelles ;poire;28/03/2025;1;0.000173;0;0;0;0.1;
D02;Tout manger ce qu'il y a dans nos assiettes (cantine, maison);Déchets;ROUGES;Rouges maternelles ;poire;28/03/2025;1;2.453511;0;1.390385;0;1.390384615;
D06;Réduire son temps devant les écrans (Télé, ordinateurs, tablette, jeux vidéos...);Electricité;ROUGES;Rouges maternelles ;clémentine;03/05/2025;1;0.017374;0;0.183462;0;0;
C01;Eteindre les lumières quand on quitte une pièce ou si il fait jour dehors;Electricité;ROUGES;Rouges maternelles ;clémentine;03/05/2025;1;13.7935;0;0;0;0;
D10;Couper l’eau quand on se savonne les mains;Eau;ROUGES;Rouges maternelles ;clémentine;03/05/2025;1;0.54243;0;0.21;12.6;0;
D09;Eviter de prendre des bains (préférer la douche rapide);Eau;ROUGES;Rouges maternelles ;clémentine;03/05/2025;1;0.0623;0;1.75;357;0;
T06;Ne pas tuer les petites bêtes et les remettre dehors (c'est la nourriture de oiseaux);Biodiversité;ROUGES;Rouges maternelles ;clémentine;03/05/2025;1;1.518;0;0;0;0;
D06;Acheter d’occasion plutôt que neuf;Courses;ROUGES;Rouges maternelles ;clémentine;03/05/2025;1;0.017374;0;0.183462;0;0.134615385;
E01;Acheter juste ce dont on a besoin;Courses;ROUGES;Rouges maternelles ;clémentine;03/05/2025;1;0.027408;0;0;0;0.134615385;
E03;Acheter des produits recyclables et utiliser les bacs de tri;Déchets;ROUGES;Rouges maternelles ;clémentine;03/05/2025;1;0.15988;0;0;0;0;
D02;Tout manger ce qu'il y a dans nos assiettes (cantine, maison);Déchets;ROUGES;Rouges maternelles ;clémentine;03/05/2025;1;2.453511;0;1.390385;0;1.390384615;
D11;Ne pas prendre sa voiture si c'est possble : préférer la marche et le vélo (pour les petits trajets), le covoiturage…;Transport;ROUGES;Rouges maternelles ;fruits;04/05/2025;1;0.38;0;0.67;0;0;
W04;Fermer ses volets quand il fait froid et nuit;Electricité;ROUGES;Rouges maternelles ;fruits;04/05/2025;1;0.006501;16.5;0;0;0;
D06;Réduire son temps devant les écrans (Télé, ordinateurs, tablette, jeux vidéos...);Electricité;ROUGES;Rouges maternelles ;fruits;04/05/2025;1;0.017374;0;0.183462;0;0;
E04;Eteindre les appareils électriques lorsqu'on ne s'en sert pas (Télé, ordinateur...);Electricité;ROUGES;Rouges maternelles ;fruits;04/05/2025;1;0.15988;0;1;0;0;
C01;Eteindre les lumières quand on quitte une pièce ou si il fait jour dehors;Electricité;ROUGES;Rouges maternelles ;fruits;04/05/2025;1;13.7935;0;0;0;0;
D05;Récupérer l'eau de pluie pour arroser;Eau;ROUGES;Rouges maternelles ;fruits;04/05/2025;1;0.000239;0;0.134615;35;0;
D10;Couper l’eau quand on se savonne les mains;Eau;ROUGES;Rouges maternelles ;fruits;04/05/2025;1;0.54243;0;0.21;12.6;0;
W02;Ne pas gaspiller l'eau de son verre;Eau;ROUGES;Rouges maternelles ;fruits;04/05/2025;1;0.05;28;0;35;0;
D09;Eviter de prendre des bains (préférer la douche rapide);Eau;ROUGES;Rouges maternelles ;fruits;04/05/2025;1;0.0623;0;1.75;357;0;
E08;Fermer le robinet quand on se brosse les dents;Eau;ROUGES;Rouges maternelles ;fruits;04/05/2025;1;0.000173;0;0;28;0;
W03;Préférer les produits réutilisables plutôt que jetables;Courses;ROUGES;Rouges maternelles ;fruits;04/05/2025;1;0.004964;12.6;0;0;0;
E01;Acheter juste ce dont on a besoin;Courses;ROUGES;Rouges maternelles ;fruits;04/05/2025;1;0.027408;0;0;0;0.134615385;
E08;Acheter des fruits ou légumes de saison;Courses;ROUGES;Rouges maternelles ;fruits;04/05/2025;1;0.000173;0;0;0;0;
E03;Acheter des produits recyclables et utiliser les bacs de tri;Déchets;ROUGES;Rouges maternelles ;fruits;04/05/2025;1;0.15988;0;0;0;0;
D02;Tout manger ce qu'il y a dans nos assiettes (cantine, maison);Déchets;ROUGES;Rouges maternelles ;fruits;04/05/2025;1;2.453511;0;1.390385;0;1.390384615;
W04;Fermer ses volets quand il fait froid et nuit;Electricité;ROUGES;Rouges maternelles ;clémentine;15/05/2025;1;0.006501;16.5;0;0;0;
E04;Eteindre les appareils électriques lorsqu'on ne s'en sert pas (Télé, ordinateur...);Electricité;ROUGES;Rouges maternelles ;clémentine;15/05/2025;1;0.15988;0;1;0;0;
D05;Récupérer l'eau de pluie pour arroser;Eau;ROUGES;Rouges maternelles ;clémentine;15/05/2025;1;0.000239;0;0.134615;35;0;
W02;Ne pas gaspiller l'eau de son verre;Eau;ROUGES;Rouges maternelles ;clémentine;15/05/2025;1;0.05;28;0;35;0;
E08;Fermer le robinet quand on se brosse les dents;Eau;ROUGES;Rouges maternelles ;clémentine;15/05/2025;1;0.000173;0;0;28;0;
T04;Acheter des produits avec moins d'emballages (éviter emballages individuels);Courses;ROUGES;Rouges maternelles ;clémentine;15/05/2025;1;0.506;0;0;0;34.86;
W03;Préférer les produits réutilisables plutôt que jetables;Courses;ROUGES;Rouges maternelles ;clémentine;15/05/2025;1;0.004964;12.6;0;0;0;
E08;Acheter des fruits ou légumes de saison;Courses;ROUGES;Rouges maternelles ;clémentine;15/05/2025;1;0.000173;0;0;0;0;
E08;Ramasser les papiers et les déchets par terre pour les mettre à la poubelle;Déchets;ROUGES;Rouges maternelles ;clémentine;15/05/2025;1;0.000173;0;0;0;0.1;
C01;Eteindre les lumières quand on quitte une pièce ou si il fait jour dehors;Electricité;ROUGES;Rouges maternelles ;pomme;15/05/2025;1;13.7935;0;0;0;0;
W02;Ne pas gaspiller l'eau de son verre;Eau;ROUGES;Rouges maternelles ;pomme;15/05/2025;1;0.05;28;0;35;0;
D09;Eviter de prendre des bains (préférer la douche rapide);Eau;ROUGES;Rouges maternelles ;pomme;15/05/2025;1;0.0623;0;1.75;357;0;
E01;Acheter juste ce dont on a besoin;Courses;ROUGES;Rouges maternelles ;pomme;15/05/2025;1;0.027408;0;0;0;0.134615385;
E03;Acheter des produits recyclables et utiliser les bacs de tri;Déchets;ROUGES;Rouges maternelles ;pomme;15/05/2025;1;0.15988;0;0;0;0;
W04;Fermer ses volets quand il fait froid et nuit;Electricité;ROUGES;Rouges maternelles ;radis;19/05/2025;1;0.006501;16.5;0;0;0;
C01;Eteindre les lumières quand on quitte une pièce ou si il fait jour dehors;Electricité;ROUGES;Rouges maternelles ;radis;19/05/2025;1;13.7935;0;0;0;0;
W02;Ne pas gaspiller l'eau de son verre;Eau;ROUGES;Rouges maternelles ;radis;19/05/2025;1;0.05;28;0;35;0;
E08;Fermer le robinet quand on se brosse les dents;Eau;ROUGES;Rouges maternelles ;radis;19/05/2025;1;0.000173;0;0;28;0;
D06;Acheter d’occasion plutôt que neuf;Courses;ROUGES;Rouges maternelles ;radis;19/05/2025;1;0.017374;0;0.183462;0;0.134615385;
E01;Acheter juste ce dont on a besoin;Courses;ROUGES;Rouges maternelles ;radis;19/05/2025;1;0.027408;0;0;0;0.134615385;
E03;Acheter des produits recyclables et utiliser les bacs de tri;Déchets;ROUGES;Rouges maternelles ;radis;19/05/2025;1;0.15988;0;0;0;0;
D02;Tout manger ce qu'il y a dans nos assiettes (cantine, maison);Déchets;ROUGES;Rouges maternelles ;radis;19/05/2025;1;2.453511;0;1.390385;0;1.390384615;
W04;Fermer ses volets quand il fait froid et nuit;Electricité;ROUGES;Rouges maternelles ;fruits;23/05/2025;1;0.006501;16.5;0;0;0;
E04;Eteindre les appareils électriques lorsqu'on ne s'en sert pas (Télé, ordinateur...);Electricité;ROUGES;Rouges maternelles ;fruits;23/05/2025;1;0.15988;0;1;0;0;
D10;Couper l’eau quand on se savonne les mains;Eau;ROUGES;Rouges maternelles ;fruits;23/05/2025;1;0.54243;0;0.21;12.6;0;
D09;Eviter de prendre des bains (préférer la douche rapide);Eau;ROUGES;Rouges maternelles ;fruits;23/05/2025;1;0.0623;0;1.75;357;0;
T04;Acheter des produits avec moins d'emballages (éviter emballages individuels);Courses;ROUGES;Rouges maternelles ;fruits;23/05/2025;1;0.506;0;0;0;34.86;
E01;Acheter juste ce dont on a besoin;Courses;ROUGES;Rouges maternelles ;fruits;23/05/2025;1;0.027408;0;0;0;0.134615385;
E03;Acheter des produits recyclables et utiliser les bacs de tri;Déchets;ROUGES;Rouges maternelles ;fruits;23/05/2025;1;0.15988;0;0;0;0;
D11;Ne pas prendre sa voiture si c'est possble : préférer la marche et le vélo (pour les petits trajets), le covoiturage…;Transport;ROUGES;Rouges maternelles ;clémentine;15/05/2025;1;0.38;0;0.67;0;0;
D06;Réduire son temps devant les écrans (Télé, ordinateurs, tablette, jeux vidéos...);Electricité;ROUGES;Rouges maternelles ;clémentine;15/05/2025;1;0.017374;0;0.183462;0;0;
C01;Eteindre les lumières quand on quitte une pièce ou si il fait jour dehors;Electricité;ROUGES;Rouges maternelles ;clémentine;15/05/2025;1;13.7935;0;0;0;0;
D10;Couper l’eau quand on se savonne les mains;Eau;ROUGES;Rouges maternelles ;clémentine;15/05/2025;1;0.54243;0;0.21;12.6;0;
D09;Eviter de prendre des bains (préférer la douche rapide);Eau;ROUGES;Rouges maternelles ;clémentine;15/05/2025;1;0.0623;0;1.75;357;0;
T06;Ne pas tuer les petites bêtes et les remettre dehors (c'est la nourriture de oiseaux);Biodiversité;ROUGES;Rouges maternelles ;clémentine;15/05/2025;1;1.518;0;0;0;0;
D06;Acheter d’occasion plutôt que neuf;Courses;ROUGES;Rouges maternelles ;clémentine;15/05/2025;1;0.017374;0;0.183462;0;0.134615385;
E01;Acheter juste ce dont on a besoin;Courses;ROUGES;Rouges maternelles ;clémentine;15/05/2025;1;0.027408;0;0;0;0.134615385;
E03;Acheter des produits recyclables et utiliser les bacs de tri;Déchets;ROUGES;Rouges maternelles ;clémentine;15/05/2025;1;0.15988;0;0;0;0;
D02;Tout manger ce qu'il y a dans nos assiettes (cantine, maison);Déchets;ROUGES;Rouges maternelles ;clémentine;15/05/2025;1;2.453511;0;1.390385;0;1.390384615;
W04;Fermer ses volets quand il fait froid et nuit;Electricité;ROUGES;Rouges maternelles ;pomme;15/05/2025;1;0.006501;16.5;0;0;0;
D10;Couper l’eau quand on se savonne les mains;Eau;ROUGES;Rouges maternelles ;pomme;15/05/2025;1;0.54243;0;0.21;12.6;0;
E08;Fermer le robinet quand on se brosse les dents;Eau;ROUGES;Rouges maternelles ;pomme;15/05/2025;1;0.000173;0;0;28;0;
D06;Acheter d’occasion plutôt que neuf;Courses;ROUGES;Rouges maternelles ;pomme;15/05/2025;1;0.017374;0;0.183462;0;0.134615385;
E08;Acheter des fruits ou légumes de saison;Courses;ROUGES;Rouges maternelles ;pomme;15/05/2025;1;0.000173;0;0;0;0;
D11;Ne pas prendre sa voiture si c'est possble : préférer la marche et le vélo (pour les petits trajets), le covoiturage…;Transport;ROUGES;Rouges maternelles ;radis;19/05/2025;1;0.38;0;0.67;0;0;
E04;Eteindre les appareils électriques lorsqu'on ne s'en sert pas (Télé, ordinateur...);Electricité;ROUGES;Rouges maternelles ;radis;19/05/2025;1;0.15988;0;1;0;0;
D10;Couper l’eau quand on se savonne les mains;Eau;ROUGES;Rouges maternelles ;radis;19/05/2025;1;0.54243;0;0.21;12.6;0;
D09;Eviter de prendre des bains (préférer la douche rapide);Eau;ROUGES;Rouges maternelles ;radis;19/05/2025;1;0.0623;0;1.75;357;0;
T06;Ne pas tuer les petites bêtes et les remettre dehors (c'est la nourriture de oiseaux);Biodiversité;ROUGES;Rouges maternelles ;radis;19/05/2025;1;1.518;0;0;0;0;
W03;Préférer les produits réutilisables plutôt que jetables;Courses;ROUGES;Rouges maternelles ;radis;19/05/2025;1;0.004964;12.6;0;0;0;
E08;Acheter des fruits ou légumes de saison;Courses;ROUGES;Rouges maternelles ;radis;19/05/2025;1;0.000173;0;0;0;0;
E08;Ramasser les papiers et les déchets par terre pour les mettre à la poubelle;Déchets;ROUGES;Rouges maternelles ;radis;19/05/2025;1;0.000173;0;0;0;0.1;
D06;Réduire son temps devant les écrans (Télé, ordinateurs, tablette, jeux vidéos...);Electricité;ROUGES;Rouges maternelles ;radis;22/05/2025;1;0.017374;0;0.183462;0;0;
D06;Réduire son temps devant les écrans (Télé, ordinateurs, tablette, jeux vidéos...);Electricité;ROUGES;Rouges maternelles ;fruits;23/05/2025;1;0.017374;0;0.183462;0;0;
C01;Eteindre les lumières quand on quitte une pièce ou si il fait jour dehors;Electricité;ROUGES;Rouges maternelles ;fruits;23/05/2025;1;13.7935;0;0;0;0;
W02;Ne pas gaspiller l'eau de son verre;Eau;ROUGES;Rouges maternelles ;fruits;23/05/2025;1;0.05;28;0;35;0;
E08;Fermer le robinet quand on se brosse les dents;Eau;ROUGES;Rouges maternelles ;fruits;23/05/2025;1;0.000173;0;0;28;0;
W03;Préférer les produits réutilisables plutôt que jetables;Courses;ROUGES;Rouges maternelles ;fruits;23/05/2025;1;0.004964;12.6;0;0;0;
E08;Acheter des fruits ou légumes de saison;Courses;ROUGES;Rouges maternelles ;fruits;23/05/2025;1;0.000173;0;0;0;0;
D02;Tout manger ce qu'il y a dans nos assiettes (cantine, maison);Déchets;ROUGES;Rouges maternelles ;fruits;23/05/2025;1;2.453511;0;1.390385;0;1.390384615;
D11;Ne pas prendre sa voiture si c'est possble : préférer la marche et le vélo (pour les petits trajets), le covoiturage…;Transport;ROUGES;Rouges maternelles ;clémentine;27/05/2025;1;0.38;0;0.67;0;0;
W04;Fermer ses volets quand il fait froid et nuit;Electricité;ROUGES;Rouges maternelles ;clémentine;27/05/2025;1;0.006501;16.5;0;0;0;
D06;Réduire son temps devant les écrans (Télé, ordinateurs, tablette, jeux vidéos...);Electricité;ROUGES;Rouges maternelles ;clémentine;27/05/2025;1;0.017374;0;0.183462;0;0;
E04;Eteindre les appareils électriques lorsqu'on ne s'en sert pas (Télé, ordinateur...);Electricité;ROUGES;Rouges maternelles ;clémentine;27/05/2025;1;0.15988;0;1;0;0;
C01;Eteindre les lumières quand on quitte une pièce ou si il fait jour dehors;Electricité;ROUGES;Rouges maternelles ;clémentine;27/05/2025;1;13.7935;0;0;0;0;
D05;Récupérer l'eau de pluie pour arroser;Eau;ROUGES;Rouges maternelles ;clémentine;27/05/2025;1;0.000239;0;0.134615;35;0;
D10;Couper l’eau quand on se savonne les mains;Eau;ROUGES;Rouges maternelles ;clémentine;27/05/2025;1;0.54243;0;0.21;12.6;0;
W02;Ne pas gaspiller l'eau de son verre;Eau;ROUGES;Rouges maternelles ;clémentine;27/05/2025;1;0.05;28;0;35;0;
D09;Eviter de prendre des bains (préférer la douche rapide);Eau;ROUGES;Rouges maternelles ;clémentine;27/05/2025;1;0.0623;0;1.75;357;0;
E08;Fermer le robinet quand on se brosse les dents;Eau;ROUGES;Rouges maternelles ;clémentine;27/05/2025;1;0.000173;0;0;28;0;
T06;Ne pas tuer les petites bêtes et les remettre dehors (c'est la nourriture de oiseaux);Biodiversité;ROUGES;Rouges maternelles ;clémentine;27/05/2025;1;1.518;0;0;0;0;
T04;Acheter des produits avec moins d'emballages (éviter emballages individuels);Courses;ROUGES;Rouges maternelles ;clémentine;27/05/2025;1;0.506;0;0;0;34.86;
D06;Acheter d’occasion plutôt que neuf;Courses;ROUGES;Rouges maternelles ;clémentine;27/05/2025;1;0.017374;0;0.183462;0;0.134615385;
W03;Préférer les produits réutilisables plutôt que jetables;Courses;ROUGES;Rouges maternelles ;clémentine;27/05/2025;1;0.004964;12.6;0;0;0;
E01;Acheter juste ce dont on a besoin;Courses;ROUGES;Rouges maternelles ;clémentine;27/05/2025;1;0.027408;0;0;0;0.134615385;
E08;Acheter des fruits ou légumes de saison;Courses;ROUGES;Rouges maternelles ;clémentine;27/05/2025;1;0.000173;0;0;0;0;
E03;Acheter des produits recyclables et utiliser les bacs de tri;Déchets;ROUGES;Rouges maternelles ;clémentine;27/05/2025;1;0.15988;0;0;0;0;
E08;Ramasser les papiers et les déchets par terre pour les mettre à la poubelle;Déchets;ROUGES;Rouges maternelles ;clémentine;27/05/2025;1;0.000173;0;0;0;0.1;
D02;Tout manger ce qu'il y a dans nos assiettes (cantine, maison);Déchets;ROUGES;Rouges maternelles ;clémentine;27/05/2025;1;2.453511;0;1.390385;0;1.390384615;
D11;Ne pas prendre sa voiture si c'est possble : préférer la marche et le vélo (pour les petits trajets), le covoiturage…;Transport;ROUGES;Rouges maternelles ;fruits;08/06/2025;1;0.38;0;0.67;0;0;
D06;Réduire son temps devant les écrans (Télé, ordinateurs, tablette, jeux vidéos...);Electricité;ROUGES;Rouges maternelles ;fruits;08/06/2025;1;0.017374;0;0.183462;0;0;
C01;Eteindre les lumières quand on quitte une pièce ou si il fait jour dehors;Electricité;ROUGES;Rouges maternelles ;fruits;08/06/2025;1;13.7935;0;0;0;0;
D10;Couper l’eau quand on se savonne les mains;Eau;ROUGES;Rouges maternelles ;fruits;08/06/2025;1;0.54243;0;0.21;12.6;0;
D09;Eviter de prendre des bains (préférer la douche rapide);Eau;ROUGES;Rouges maternelles ;fruits;08/06/2025;1;0.0623;0;1.75;357;0;
T04;Acheter des produits avec moins d'emballages (éviter emballages individuels);Courses;ROUGES;Rouges maternelles ;fruits;08/06/2025;1;0.506;0;0;0;34.86;
W03;Préférer les produits réutilisables plutôt que jetables;Courses;ROUGES;Rouges maternelles ;fruits;08/06/2025;1;0.004964;12.6;0;0;0;
E08;Acheter des fruits ou légumes de saison;Courses;ROUGES;Rouges maternelles ;fruits;08/06/2025;1;0.000173;0;0;0;0;
D02;Tout manger ce qu'il y a dans nos assiettes (cantine, maison);Déchets;ROUGES;Rouges maternelles ;fruits;08/06/2025;1;2.453511;0;1.390385;0;1.390384615;
W04;Fermer ses volets quand il fait froid et nuit;Electricité;ROUGES;Rouges maternelles ;châtaigne;11/06/2025;1;0.006501;16.5;0;0;0;
E04;Eteindre les appareils électriques lorsqu'on ne s'en sert pas (Télé, ordinateur...);Electricité;ROUGES;Rouges maternelles ;châtaigne;11/06/2025;1;0.15988;0;1;0;0;
D05;Récupérer l'eau de pluie pour arroser;Eau;ROUGES;Rouges maternelles ;châtaigne;11/06/2025;1;0.000239;0;0.134615;35;0;
W02;Ne pas gaspiller l'eau de son verre;Eau;ROUGES;Rouges maternelles ;châtaigne;11/06/2025;1;0.05;28;0;35;0;
E08;Fermer le robinet quand on se brosse les dents;Eau;ROUGES;Rouges maternelles ;châtaigne;11/06/2025;1;0.000173;0;0;28;0;
T04;Acheter des produits avec moins d'emballages (éviter emballages individuels);Courses;ROUGES;Rouges maternelles ;châtaigne;11/06/2025;1;0.506;0;0;0;34.86;
W03;Préférer les produits réutilisables plutôt que jetables;Courses;ROUGES;Rouges maternelles ;châtaigne;11/06/2025;1;0.004964;12.6;0;0;0;
E08;Acheter des fruits ou légumes de saison;Courses;ROUGES;Rouges maternelles ;châtaigne;11/06/2025;1;0.000173;0;0;0;0;
E08;Ramasser les papiers et les déchets par terre pour les mettre à la poubelle;Déchets;ROUGES;Rouges maternelles ;châtaigne;11/06/2025;1;0.000173;0;0;0;0.1;
T06;Ne pas tuer les petites bêtes et les remettre dehors (c'est la nourriture de oiseaux);Biodiversité;ROUGES;Rouges maternelles ;fruits;17/06/2025;1;1.518;0;0;0;0;
W04;Fermer ses volets quand il fait froid et nuit;Electricité;ROUGES;Rouges maternelles ;châtaigne;17/06/2025;1;0.006501;16.5;0;0;0;
D06;Réduire son temps devant les écrans (Télé, ordinateurs, tablette, jeux vidéos...);Electricité;ROUGES;Rouges maternelles ;châtaigne;17/06/2025;1;0.017374;0;0.183462;0;0;
W02;Ne pas gaspiller l'eau de son verre;Eau;ROUGES;Rouges maternelles ;châtaigne;17/06/2025;1;0.05;28;0;35;0;
E08;Fermer le robinet quand on se brosse les dents;Eau;ROUGES;Rouges maternelles ;châtaigne;17/06/2025;1;0.000173;0;0;28;0;
D05;Récupérer l'eau de pluie pour arroser;Eau;ROUGES;Rouges maternelles ;châtaigne;17/06/2025;1;0.000239;0;0.134615;35;0;
T04;Acheter des produits avec moins d'emballages (éviter emballages individuels);Courses;ROUGES;Rouges maternelles ;châtaigne;17/06/2025;1;0.506;0;0;0;34.86;
W04;Fermer ses volets quand il fait froid et nuit;Electricité;ROUGES;Rouges maternelles ;fruits;08/06/2025;1;0.006501;16.5;0;0;0;
E04;Eteindre les appareils électriques lorsqu'on ne s'en sert pas (Télé, ordinateur...);Electricité;ROUGES;Rouges maternelles ;fruits;08/06/2025;1;0.15988;0;1;0;0;
D05;Récupérer l'eau de pluie pour arroser;Eau;ROUGES;Rouges maternelles ;fruits;08/06/2025;1;0.000239;0;0.134615;35;0;
W02;Ne pas gaspiller l'eau de son verre;Eau;ROUGES;Rouges maternelles ;fruits;08/06/2025;1;0.05;28;0;35;0;
E08;Fermer le robinet quand on se brosse les dents;Eau;ROUGES;Rouges maternelles ;fruits;08/06/2025;1;0.000173;0;0;28;0;
D06;Acheter d’occasion plutôt que neuf;Courses;ROUGES;Rouges maternelles ;fruits;08/06/2025;1;0.017374;0;0.183462;0;0.134615385;
E01;Acheter juste ce dont on a besoin;Courses;ROUGES;Rouges maternelles ;fruits;08/06/2025;1;0.027408;0;0;0;0.134615385;
E03;Acheter des produits recyclables et utiliser les bacs de tri;Déchets;ROUGES;Rouges maternelles ;fruits;08/06/2025;1;0.15988;0;0;0;0;
D11;Ne pas prendre sa voiture si c'est possble : préférer la marche et le vélo (pour les petits trajets), le covoiturage…;Transport;ROUGES;Rouges maternelles ;châtaigne;11/06/2025;1;0.38;0;0.67;0;0;
D06;Réduire son temps devant les écrans (Télé, ordinateurs, tablette, jeux vidéos...);Electricité;ROUGES;Rouges maternelles ;châtaigne;11/06/2025;1;0.017374;0;0.183462;0;0;
C01;Eteindre les lumières quand on quitte une pièce ou si il fait jour dehors;Electricité;ROUGES;Rouges maternelles ;châtaigne;11/06/2025;1;13.7935;0;0;0;0;
D10;Couper l’eau quand on se savonne les mains;Eau;ROUGES;Rouges maternelles ;châtaigne;11/06/2025;1;0.54243;0;0.21;12.6;0;
D09;Eviter de prendre des bains (préférer la douche rapide);Eau;ROUGES;Rouges maternelles ;châtaigne;11/06/2025;1;0.0623;0;1.75;357;0;
T06;Ne pas tuer les petites bêtes et les remettre dehors (c'est la nourriture de oiseaux);Biodiversité;ROUGES;Rouges maternelles ;châtaigne;11/06/2025;1;1.518;0;0;0;0;
D06;Acheter d’occasion plutôt que neuf;Courses;ROUGES;Rouges maternelles ;châtaigne;11/06/2025;1;0.017374;0;0.183462;0;0.134615385;
E01;Acheter juste ce dont on a besoin;Courses;ROUGES;Rouges maternelles ;châtaigne;11/06/2025;1;0.027408;0;0;0;0.134615385;
E03;Acheter des produits recyclables et utiliser les bacs de tri;Déchets;ROUGES;Rouges maternelles ;châtaigne;11/06/2025;1;0.15988;0;0;0;0;
D02;Tout manger ce qu'il y a dans nos assiettes (cantine, maison);Déchets;ROUGES;Rouges maternelles ;châtaigne;11/06/2025;1;2.453511;0;1.390385;0;1.390384615;
D11;Ne pas prendre sa voiture si c'est possble : préférer la marche et le vélo (pour les petits trajets), le covoiturage…;Transport;ROUGES;Rouges maternelles ;châtaigne;17/06/2025;1;0.38;0;0.67;0;0;
E04;Eteindre les appareils électriques lorsqu'on ne s'en sert pas (Télé, ordinateur...);Electricité;ROUGES;Rouges maternelles ;châtaigne;17/06/2025;1;0.15988;0;1;0;0;
C01;Eteindre les lumières quand on quitte une pièce ou si il fait jour dehors;Electricité;ROUGES;Rouges maternelles ;châtaigne;17/06/2025;1;13.7935;0;0;0;0;
D10;Couper l’eau quand on se savonne les mains;Eau;ROUGES;Rouges maternelles ;châtaigne;17/06/2025;1;0.54243;0;0.21;12.6;0;
D09;Eviter de prendre des bains (préférer la douche rapide);Eau;ROUGES;Rouges maternelles ;châtaigne;17/06/2025;1;0.0623;0;1.75;357;0;
T06;Ne pas tuer les petites bêtes et les remettre dehors (c'est la nourriture de oiseaux);Biodiversité;ROUGES;Rouges maternelles ;châtaigne;17/06/2025;1;1.518;0;0;0;0;
D06;Acheter d’occasion plutôt que neuf;Courses;ROUGES;Rouges maternelles ;châtaigne;17/06/2025;1;0.017374;0;0.183462;0;0.134615385;
E01;Acheter juste ce dont on a besoin;Courses;ROUGES;Rouges maternelles ;châtaigne;17/06/2025;1;0.027408;0;0;0;0.134615385;
E03;Acheter des produits recyclables et utiliser les bacs de tri;Déchets;ROUGES;Rouges maternelles ;châtaigne;17/06/2025;1;0.15988;0;0;0;0;
D02;Tout manger ce qu'il y a dans nos assiettes (cantine, maison);Déchets;ROUGES;Rouges maternelles ;châtaigne;17/06/2025;1;2.453511;0;1.390385;0;1.390384615;
W03;Préférer les produits réutilisables plutôt que jetables;Courses;ROUGES;Rouges maternelles ;châtaigne;17/06/2025;1;0.004964;12.6;0;0;0;
E08;Acheter des fruits ou légumes de saison;Courses;ROUGES;Rouges maternelles ;châtaigne;17/06/2025;1;0.000173;0;0;0;0;
E08;Ramasser les papiers et les déchets par terre pour les mettre à la poubelle;Déchets;ROUGES;Rouges maternelles ;châtaigne;17/06/2025;1;0.000173;0;0;0;0.1;
W04;Fermer ses volets quand il fait froid et nuit;Electricité;ROUGES;Rouges maternelles ;radis;01/06/2025;1;0.006501;16.5;0;0;0;
E04;Eteindre les appareils électriques lorsqu'on ne s'en sert pas (Télé, ordinateur...);Electricité;ROUGES;Rouges maternelles ;radis;01/06/2025;1;0.15988;0;1;0;0;
D11;Ne pas prendre sa voiture si c'est possble : préférer la marche et le vélo (pour les petits trajets), le covoiturage…;Transport;ROUGES;Rouges maternelles ;clémentine;02/06/2025;1;0.38;0;0.67;0;0;
D06;Réduire son temps devant les écrans (Télé, ordinateurs, tablette, jeux vidéos...);Electricité;ROUGES;Rouges maternelles ;clémentine;02/06/2025;1;0.017374;0;0.183462;0;0;
C01;Eteindre les lumières quand on quitte une pièce ou si il fait jour dehors;Electricité;ROUGES;Rouges maternelles ;clémentine;02/06/2025;1;13.7935;0;0;0;0;
D10;Couper l’eau quand on se savonne les mains;Eau;ROUGES;Rouges maternelles ;clémentine;02/06/2025;1;0.54243;0;0.21;12.6;0;
D09;Eviter de prendre des bains (préférer la douche rapide);Eau;ROUGES;Rouges maternelles ;clémentine;02/06/2025;1;0.0623;0;1.75;357;0;
T06;Ne pas tuer les petites bêtes et les remettre dehors (c'est la nourriture de oiseaux);Biodiversité;ROUGES;Rouges maternelles ;clémentine;02/06/2025;1;1.518;0;0;0;0;
D06;Acheter d’occasion plutôt que neuf;Courses;ROUGES;Rouges maternelles ;clémentine;02/06/2025;1;0.017374;0;0.183462;0;0.134615385;
E01;Acheter juste ce dont on a besoin;Courses;ROUGES;Rouges maternelles ;clémentine;02/06/2025;1;0.027408;0;0;0;0.134615385;
E03;Acheter des produits recyclables et utiliser les bacs de tri;Déchets;ROUGES;Rouges maternelles ;clémentine;02/06/2025;1;0.15988;0;0;0;0;
D02;Tout manger ce qu'il y a dans nos assiettes (cantine, maison);Déchets;ROUGES;Rouges maternelles ;clémentine;02/06/2025;1;2.453511;0;1.390385;0;1.390384615;
D11;Ne pas prendre sa voiture si c'est possble : préférer la marche et le vélo (pour les petits trajets), le covoiturage…;Transport;ROUGES;Rouges maternelles ;radis;01/06/2025;1;0.38;0;0.67;0;0;
D06;Réduire son temps devant les écrans (Télé, ordinateurs, tablette, jeux vidéos...);Electricité;ROUGES;Rouges maternelles ;radis;01/06/2025;1;0.017374;0;0.183462;0;0;
C01;Eteindre les lumières quand on quitte une pièce ou si il fait jour dehors;Electricité;ROUGES;Rouges maternelles ;radis;01/06/2025;1;13.7935;0;0;0;0;
W04;Fermer ses volets quand il fait froid et nuit;Electricité;ROUGES;Rouges maternelles ;clémentine;02/06/2025;1;0.006501;16.5;0;0;0;
E04;Eteindre les appareils électriques lorsqu'on ne s'en sert pas (Télé, ordinateur...);Electricité;ROUGES;Rouges maternelles ;clémentine;02/06/2025;1;0.15988;0;1;0;0;
D05;Récupérer l'eau de pluie pour arroser;Eau;ROUGES;Rouges maternelles ;clémentine;02/06/2025;1;0.000239;0;0.134615;35;0;
W02;Ne pas gaspiller l'eau de son verre;Eau;ROUGES;Rouges maternelles ;clémentine;02/06/2025;1;0.05;28;0;35;0;
E08;Fermer le robinet quand on se brosse les dents;Eau;ROUGES;Rouges maternelles ;clémentine;02/06/2025;1;0.000173;0;0;28;0;
T04;Acheter des produits avec moins d'emballages (éviter emballages individuels);Courses;ROUGES;Rouges maternelles ;clémentine;02/06/2025;1;0.506;0;0;0;34.86;
W03;Préférer les produits réutilisables plutôt que jetables;Courses;ROUGES;Rouges maternelles ;clémentine;02/06/2025;1;0.004964;12.6;0;0;0;
E08;Acheter des fruits ou légumes de saison;Courses;ROUGES;Rouges maternelles ;clémentine;02/06/2025;1;0.000173;0;0;0;0;
E08;Ramasser les papiers et les déchets par terre pour les mettre à la poubelle;Déchets;ROUGES;Rouges maternelles ;clémentine;02/06/2025;1;0.000173;0;0;0;0.1;
D11;Ne pas prendre sa voiture si c'est possble : préférer la marche et le vélo (pour les petits trajets), le covoiturage…;Transport;ROUGES;Rouges maternelles ;petits pois;17/06/2025;1;0.38;0;0.67;0;0;
E03;Acheter des produits recyclables et utiliser les bacs de tri;Déchets;ROUGES;Rouges maternelles ;petits pois;17/06/2025;1;0.15988;0;0;0;0;
E08;Ramasser les papiers et les déchets par terre pour les mettre à la poubelle;Déchets;ROUGES;Rouges maternelles ;petits pois;17/06/2025;1;0.000173;0;0;0;0.1;
D02;Tout manger ce qu'il y a dans nos assiettes (cantine, maison);Déchets;ROUGES;Rouges maternelles ;petits pois;17/06/2025;1;2.453511;0;1.390385;0;1.390384615;
W04;Fermer ses volets quand il fait froid et nuit;Electricité;ROUGES;Rouges maternelles ;petits pois;17/06/2025;1;0.006501;16.5;0;0;0;
D06;Réduire son temps devant les écrans (Télé, ordinateurs, tablette, jeux vidéos...);Electricité;ROUGES;Rouges maternelles ;petits pois;17/06/2025;1;0.017374;0;0.183462;0;0;
E04;Eteindre les appareils électriques lorsqu'on ne s'en sert pas (Télé, ordinateur...);Electricité;ROUGES;Rouges maternelles ;petits pois;17/06/2025;1;0.15988;0;1;0;0;
C01;Eteindre les lumières quand on quitte une pièce ou si il fait jour dehors;Electricité;ROUGES;Rouges maternelles ;petits pois;17/06/2025;1;13.7935;0;0;0;0;
D05;Récupérer l'eau de pluie pour arroser;Eau;ROUGES;Rouges maternelles ;petits pois;17/06/2025;1;0.000239;0;0.134615;35;0;
D10;Couper l’eau quand on se savonne les mains;Eau;ROUGES;Rouges maternelles ;petits pois;17/06/2025;1;0.54243;0;0.21;12.6;0;
W02;Ne pas gaspiller l'eau de son verre;Eau;ROUGES;Rouges maternelles ;petits pois;17/06/2025;1;0.05;28;0;35;0;
D09;Eviter de prendre des bains (préférer la douche rapide);Eau;ROUGES;Rouges maternelles ;petits pois;17/06/2025;1;0.0623;0;1.75;357;0;
E08;Fermer le robinet quand on se brosse les dents;Eau;ROUGES;Rouges maternelles ;petits pois;17/06/2025;1;0.000173;0;0;28;0;
T06;Ne pas tuer les petites bêtes et les remettre dehors (c'est la nourriture de oiseaux);Biodiversité;ROUGES;Rouges maternelles ;petits pois;17/06/2025;1;1.518;0;0;0;0;
D11;Ne pas prendre sa voiture si c'est possble : préférer la marche et le vélo (pour les petits trajets), le covoiturage…;Transport;ROUGES;Rouges maternelles ;radis;17/06/2025;1;0.38;0;0.67;0;0;
W04;Fermer ses volets quand il fait froid et nuit;Electricité;ROUGES;Rouges maternelles ;radis;17/06/2025;1;0.006501;16.5;0;0;0;
E04;Eteindre les appareils électriques lorsqu'on ne s'en sert pas (Télé, ordinateur...);Electricité;ROUGES;Rouges maternelles ;radis;17/06/2025;1;0.15988;0;1;0;0;
D05;Récupérer l'eau de pluie pour arroser;Eau;ROUGES;Rouges maternelles ;radis;17/06/2025;1;0.000239;0;0.134615;35;0;
W02;Ne pas gaspiller l'eau de son verre;Eau;ROUGES;Rouges maternelles ;radis;17/06/2025;1;0.05;28;0;35;0;
E08;Fermer le robinet quand on se brosse les dents;Eau;ROUGES;Rouges maternelles ;radis;17/06/2025;1;0.000173;0;0;28;0;
T04;Acheter des produits avec moins d'emballages (éviter emballages individuels);Courses;ROUGES;Rouges maternelles ;radis;17/06/2025;1;0.506;0;0;0;34.86;
W03;Préférer les produits réutilisables plutôt que jetables;Courses;ROUGES;Rouges maternelles ;radis;17/06/2025;1;0.004964;12.6;0;0;0;
E08;Acheter des fruits ou légumes de saison;Courses;ROUGES;Rouges maternelles ;radis;17/06/2025;1;0.000173;0;0;0;0;
E08;Ramasser les papiers et les déchets par terre pour les mettre à la poubelle;Déchets;ROUGES;Rouges maternelles ;radis;17/06/2025;1;0.000173;0;0;0;0.1;
D11;Ne pas prendre sa voiture si c'est possble : préférer la marche et le vélo (pour les petits trajets), le covoiturage…;Transport;ROUGES;Rouges maternelles ;fruits;01/07/2025;1;0.38;0;0.67;0;0;
D06;Réduire son temps devant les écrans (Télé, ordinateurs, tablette, jeux vidéos...);Electricité;ROUGES;Rouges maternelles ;fruits;01/07/2025;1;0.017374;0;0.183462;0;0;
C01;Eteindre les lumières quand on quitte une pièce ou si il fait jour dehors;Electricité;ROUGES;Rouges maternelles ;fruits;01/07/2025;1;13.7935;0;0;0;0;
D10;Couper l’eau quand on se savonne les mains;Eau;ROUGES;Rouges maternelles ;fruits;01/07/2025;1;0.54243;0;0.21;12.6;0;
D09;Eviter de prendre des bains (préférer la douche rapide);Eau;ROUGES;Rouges maternelles ;fruits;01/07/2025;1;0.0623;0;1.75;357;0;
T04;Acheter des produits avec moins d'emballages (éviter emballages individuels);Courses;ROUGES;Rouges maternelles ;fruits;01/07/2025;1;0.506;0;0;0;34.86;
E08;Acheter des fruits ou légumes de saison;Courses;ROUGES;Rouges maternelles ;fruits;01/07/2025;1;0.000173;0;0;0;0;
W03;Préférer les produits réutilisables plutôt que jetables;Courses;ROUGES;Rouges maternelles ;fruits;01/07/2025;1;0.004964;12.6;0;0;0;
E08;Ramasser les papiers et les déchets par terre pour les mettre à la poubelle;Déchets;ROUGES;Rouges maternelles ;fruits;01/07/2025;1;0.000173;0;0;0;0.1;
D11;Ne pas prendre sa voiture si c'est possble : préférer la marche et le vélo (pour les petits trajets), le covoiturage…;Transport;ROUGES;Rouges maternelles ;radis;03/07/2025;1;0.38;0;0.67;0;0;
D06;Réduire son temps devant les écrans (Télé, ordinateurs, tablette, jeux vidéos...);Electricité;ROUGES;Rouges maternelles ;radis;03/07/2025;1;0.017374;0;0.183462;0;0;
C01;Eteindre les lumières quand on quitte une pièce ou si il fait jour dehors;Electricité;ROUGES;Rouges maternelles ;radis;03/07/2025;1;13.7935;0;0;0;0;
D10;Couper l’eau quand on se savonne les mains;Eau;ROUGES;Rouges maternelles ;radis;03/07/2025;1;0.54243;0;0.21;12.6;0;
D09;Eviter de prendre des bains (préférer la douche rapide);Eau;ROUGES;Rouges maternelles ;radis;03/07/2025;1;0.0623;0;1.75;357;0;
T06;Ne pas tuer les petites bêtes et les remettre dehors (c'est la nourriture de oiseaux);Biodiversité;ROUGES;Rouges maternelles ;radis;03/07/2025;1;1.518;0;0;0;0;
D06;Acheter d’occasion plutôt que neuf;Courses;ROUGES;Rouges maternelles ;radis;03/07/2025;1;0.017374;0;0.183462;0;0.134615385;
E01;Acheter juste ce dont on a besoin;Courses;ROUGES;Rouges maternelles ;radis;03/07/2025;1;0.027408;0;0;0;0.134615385;
E03;Acheter des produits recyclables et utiliser les bacs de tri;Déchets;ROUGES;Rouges maternelles ;radis;03/07/2025;1;0.15988;0;0;0;0;
D02;Tout manger ce qu'il y a dans nos assiettes (cantine, maison);Déchets;ROUGES;Rouges maternelles ;radis;03/07/2025;1;2.453511;0;1.390385;0;1.390384615;
D11;Ne pas prendre sa voiture si c'est possble : préférer la marche et le vélo (pour les petits trajets), le covoiturage…;Transport;ROUGES;Rouges maternelles ;radis;30/07/2025;1;0.38;0;0.67;0;0;
D06;Réduire son temps devant les écrans (Télé, ordinateurs, tablette, jeux vidéos...);Electricité;ROUGES;Rouges maternelles ;radis;30/07/2025;1;0.017374;0;0.183462;0;0;
C01;Eteindre les lumières quand on quitte une pièce ou si il fait jour dehors;Electricité;ROUGES;Rouges maternelles ;radis;30/07/2025;1;13.7935;0;0;0;0;
W02;Ne pas gaspiller l'eau de son verre;Eau;ROUGES;Rouges maternelles ;radis;30/07/2025;1;0.05;28;0;35;0;
E08;Fermer le robinet quand on se brosse les dents;Eau;ROUGES;Rouges maternelles ;radis;30/07/2025;1;0.000173;0;0;28;0;
D06;Acheter d’occasion plutôt que neuf;Courses;ROUGES;Rouges maternelles ;radis;30/07/2025;1;0.017374;0;0.183462;0;0.134615385;
E01;Acheter juste ce dont on a besoin;Courses;ROUGES;Rouges maternelles ;radis;30/07/2025;1;0.027408;0;0;0;0.134615385;
E03;Acheter des produits recyclables et utiliser les bacs de tri;Déchets;ROUGES;Rouges maternelles ;radis;30/07/2025;1;0.15988;0;0;0;0;
D02;Tout manger ce qu'il y a dans nos assiettes (cantine, maison);Déchets;ROUGES;Rouges maternelles ;radis;30/07/2025;1;2.453511;0;1.390385;0;1.390384615;
W04;Fermer ses volets quand il fait froid et nuit;Electricité;ROUGES;Rouges maternelles ;fruits;01/08/2025;1;0.006501;16.5;0;0;0;
E04;Eteindre les appareils électriques lorsqu'on ne s'en sert pas (Télé, ordinateur...);Electricité;ROUGES;Rouges maternelles ;fruits;01/08/2025;1;0.15988;0;1;0;0;
D05;Récupérer l'eau de pluie pour arroser;Eau;ROUGES;Rouges maternelles ;fruits;01/08/2025;1;0.000239;0;0.134615;35;0;
W02;Ne pas gaspiller l'eau de son verre;Eau;ROUGES;Rouges maternelles ;fruits;01/08/2025;1;0.05;28;0;35;0;
E08;Fermer le robinet quand on se brosse les dents;Eau;ROUGES;Rouges maternelles ;fruits;01/08/2025;1;0.000173;0;0;28;0;
D06;Acheter d’occasion plutôt que neuf;Courses;ROUGES;Rouges maternelles ;fruits;01/08/2025;1;0.017374;0;0.183462;0;0.134615385;
E01;Acheter juste ce dont on a besoin;Courses;ROUGES;Rouges maternelles ;fruits;01/08/2025;1;0.027408;0;0;0;0.134615385;
E03;Acheter des produits recyclables et utiliser les bacs de tri;Déchets;ROUGES;Rouges maternelles ;fruits;01/08/2025;1;0.15988;0;0;0;0;
D11;Ne pas prendre sa voiture si c'est possble : préférer la marche et le vélo (pour les petits trajets), le covoiturage…;Transport;ROUGES;Rouges maternelles ;radis;25/08/2025;1;0.38;0;0.67;0;0;
D06;Réduire son temps devant les écrans (Télé, ordinateurs, tablette, jeux vidéos...);Electricité;ROUGES;Rouges maternelles ;radis;25/08/2025;1;0.017374;0;0.183462;0;0;
C01;Eteindre les lumières quand on quitte une pièce ou si il fait jour dehors;Electricité;ROUGES;Rouges maternelles ;radis;25/08/2025;1;13.7935;0;0;0;0;
W02;Ne pas gaspiller l'eau de son verre;Eau;ROUGES;Rouges maternelles ;radis;25/08/2025;1;0.05;28;0;35;0;
E08;Fermer le robinet quand on se brosse les dents;Eau;ROUGES;Rouges maternelles ;radis;25/08/2025;1;0.000173;0;0;28;0;
D06;Réduire son temps devant les écrans (Télé, ordinateurs, tablette, jeux vidéos...);Electricité;ROUGES;Rouges maternelles ;radis;17/06/2025;1;0.017374;0;0.183462;0;0;
C01;Eteindre les lumières quand on quitte une pièce ou si il fait jour dehors;Electricité;ROUGES;Rouges maternelles ;radis;17/06/2025;1;13.7935;0;0;0;0;
D10;Couper l’eau quand on se savonne les mains;Eau;ROUGES;Rouges maternelles ;radis;17/06/2025;1;0.54243;0;0.21;12.6;0;
D09;Eviter de prendre des bains (préférer la douche rapide);Eau;ROUGES;Rouges maternelles ;radis;17/06/2025;1;0.0623;0;1.75;357;0;
T06;Ne pas tuer les petites bêtes et les remettre dehors (c'est la nourriture de oiseaux);Biodiversité;ROUGES;Rouges maternelles ;radis;17/06/2025;1;1.518;0;0;0;0;
D06;Acheter d’occasion plutôt que neuf;Courses;ROUGES;Rouges maternelles ;radis;17/06/2025;1;0.017374;0;0.183462;0;0.134615385;
E01;Acheter juste ce dont on a besoin;Courses;ROUGES;Rouges maternelles ;radis;17/06/2025;1;0.027408;0;0;0;0.134615385;
E03;Acheter des produits recyclables et utiliser les bacs de tri;Déchets;ROUGES;Rouges maternelles ;radis;17/06/2025;1;0.15988;0;0;0;0;
D02;Tout manger ce qu'il y a dans nos assiettes (cantine, maison);Déchets;ROUGES;Rouges maternelles ;radis;17/06/2025;1;2.453511;0;1.390385;0;1.390384615;
W04;Fermer ses volets quand il fait froid et nuit;Electricité;ROUGES;Rouges maternelles ;fruits;01/07/2025;1;0.006501;16.5;0;0;0;
E04;Eteindre les appareils électriques lorsqu'on ne s'en sert pas (Télé, ordinateur...);Electricité;ROUGES;Rouges maternelles ;fruits;01/07/2025;1;0.15988;0;1;0;0;
D05;Récupérer l'eau de pluie pour arroser;Eau;ROUGES;Rouges maternelles ;fruits;01/07/2025;1;0.000239;0;0.134615;35;0;
W02;Ne pas gaspiller l'eau de son verre;Eau;ROUGES;Rouges maternelles ;fruits;01/07/2025;1;0.05;28;0;35;0;
E08;Fermer le robinet quand on se brosse les dents;Eau;ROUGES;Rouges maternelles ;fruits;01/07/2025;1;0.000173;0;0;28;0;
D06;Acheter d’occasion plutôt que neuf;Courses;ROUGES;Rouges maternelles ;fruits;01/07/2025;1;0.017374;0;0.183462;0;0.134615385;
E01;Acheter juste ce dont on a besoin;Courses;ROUGES;Rouges maternelles ;fruits;01/07/2025;1;0.027408;0;0;0;0.134615385;
E03;Acheter des produits recyclables et utiliser les bacs de tri;Déchets;ROUGES;Rouges maternelles ;fruits;01/07/2025;1;0.15988;0;0;0;0;
D02;Tout manger ce qu'il y a dans nos assiettes (cantine, maison);Déchets;ROUGES;Rouges maternelles ;fruits;01/07/2025;1;2.453511;0;1.390385;0;1.390384615;
W04;Fermer ses volets quand il fait froid et nuit;Electricité;ROUGES;Rouges maternelles ;radis;03/07/2025;1;0.006501;16.5;0;0;0;
E04;Eteindre les appareils électriques lorsqu'on ne s'en sert pas (Télé, ordinateur...);Electricité;ROUGES;Rouges maternelles ;radis;03/07/2025;1;0.15988;0;1;0;0;
D05;Récupérer l'eau de pluie pour arroser;Eau;ROUGES;Rouges maternelles ;radis;03/07/2025;1;0.000239;0;0.134615;35;0;
W02;Ne pas gaspiller l'eau de son verre;Eau;ROUGES;Rouges maternelles ;radis;03/07/2025;1;0.05;28;0;35;0;
E08;Fermer le robinet quand on se brosse les dents;Eau;ROUGES;Rouges maternelles ;radis;03/07/2025;1;0.000173;0;0;28;0;
T04;Acheter des produits avec moins d'emballages (éviter emballages individuels);Courses;ROUGES;Rouges maternelles ;radis;03/07/2025;1;0.506;0;0;0;34.86;
W03;Préférer les produits réutilisables plutôt que jetables;Courses;ROUGES;Rouges maternelles ;radis;03/07/2025;1;0.004964;12.6;0;0;0;
E08;Acheter des fruits ou légumes de saison;Courses;ROUGES;Rouges maternelles ;radis;03/07/2025;1;0.000173;0;0;0;0;
E08;Ramasser les papiers et les déchets par terre pour les mettre à la poubelle;Déchets;ROUGES;Rouges maternelles ;radis;03/07/2025;1;0.000173;0;0;0;0.1;
W04;Fermer ses volets quand il fait froid et nuit;Electricité;ROUGES;Rouges maternelles ;radis;30/07/2025;1;0.006501;16.5;0;0;0;
E04;Eteindre les appareils électriques lorsqu'on ne s'en sert pas (Télé, ordinateur...);Electricité;ROUGES;Rouges maternelles ;radis;30/07/2025;1;0.15988;0;1;0;0;
D10;Couper l’eau quand on se savonne les mains;Eau;ROUGES;Rouges maternelles ;radis;30/07/2025;1;0.54243;0;0.21;12.6;0;
D09;Eviter de prendre des bains (préférer la douche rapide);Eau;ROUGES;Rouges maternelles ;radis;30/07/2025;1;0.0623;0;1.75;357;0;
T06;Ne pas tuer les petites bêtes et les remettre dehors (c'est la nourriture de oiseaux);Biodiversité;ROUGES;Rouges maternelles ;radis;30/07/2025;1;1.518;0;0;0;0;
W03;Préférer les produits réutilisables plutôt que jetables;Courses;ROUGES;Rouges maternelles ;radis;30/07/2025;1;0.004964;12.6;0;0;0;
E08;Acheter des fruits ou légumes de saison;Courses;ROUGES;Rouges maternelles ;radis;30/07/2025;1;0.000173;0;0;0;0;
E08;Ramasser les papiers et les déchets par terre pour les mettre à la poubelle;Déchets;ROUGES;Rouges maternelles ;radis;30/07/2025;1;0.000173;0;0;0;0.1;
D11;Ne pas prendre sa voiture si c'est possble : préférer la marche et le vélo (pour les petits trajets), le covoiturage…;Transport;ROUGES;Rouges maternelles ;fruits;01/08/2025;1;0.38;0;0.67;0;0;
D06;Réduire son temps devant les écrans (Télé, ordinateurs, tablette, jeux vidéos...);Electricité;ROUGES;Rouges maternelles ;fruits;01/08/2025;1;0.017374;0;0.183462;0;0;
C01;Eteindre les lumières quand on quitte une pièce ou si il fait jour dehors;Electricité;ROUGES;Rouges maternelles ;fruits;01/08/2025;1;13.7935;0;0;0;0;
D10;Couper l’eau quand on se savonne les mains;Eau;ROUGES;Rouges maternelles ;fruits;01/08/2025;1;0.54243;0;0.21;12.6;0;
D09;Eviter de prendre des bains (préférer la douche rapide);Eau;ROUGES;Rouges maternelles ;fruits;01/08/2025;1;0.0623;0;1.75;357;0;
T04;Acheter des produits avec moins d'emballages (éviter emballages individuels);Courses;ROUGES;Rouges maternelles ;fruits;01/08/2025;1;0.506;0;0;0;34.86;
W03;Préférer les produits réutilisables plutôt que jetables;Courses;ROUGES;Rouges maternelles ;fruits;01/08/2025;1;0.004964;12.6;0;0;0;
E08;Acheter des fruits ou légumes de saison;Courses;ROUGES;Rouges maternelles ;fruits;01/08/2025;1;0.000173;0;0;0;0;
D02;Tout manger ce qu'il y a dans nos assiettes (cantine, maison);Déchets;ROUGES;Rouges maternelles ;fruits;01/08/2025;1;2.453511;0;1.390385;0;1.390384615;
W04;Fermer ses volets quand il fait froid et nuit;Electricité;ROUGES;Rouges maternelles ;radis;25/08/2025;1;0.006501;16.5;0;0;0;
E04;Eteindre les appareils électriques lorsqu'on ne s'en sert pas (Télé, ordinateur...);Electricité;ROUGES;Rouges maternelles ;radis;25/08/2025;1;0.15988;0;1;0;0;
D10;Couper l’eau quand on se savonne les mains;Eau;ROUGES;Rouges maternelles ;radis;25/08/2025;1;0.54243;0;0.21;12.6;0;
D09;Eviter de prendre des bains (préférer la douche rapide);Eau;ROUGES;Rouges maternelles ;radis;25/08/2025;1;0.0623;0;1.75;357;0;
T06;Ne pas tuer les petites bêtes et les remettre dehors (c'est la nourriture de oiseaux);Biodiversité;ROUGES;Rouges maternelles ;radis;25/08/2025;1;1.518;0;0;0;0;
D06;Acheter d’occasion plutôt que neuf;Courses;ROUGES;Rouges maternelles ;radis;25/08/2025;1;0.017374;0;0.183462;0;0.134615385;
E01;Acheter juste ce dont on a besoin;Courses;ROUGES;Rouges maternelles ;radis;25/08/2025;1;0.027408;0;0;0;0.134615385;
E03;Acheter des produits recyclables et utiliser les bacs de tri;Déchets;ROUGES;Rouges maternelles ;radis;25/08/2025;1;0.15988;0;0;0;0;
T04;Acheter des produits avec moins d'emballages (éviter emballages individuels);Courses;ROUGES;Rouges maternelles ;radis;25/08/2025;1;0.506;0;0;0;34.86;
W03;Préférer les produits réutilisables plutôt que jetables;Courses;ROUGES;Rouges maternelles ;radis;25/08/2025;1;0.004964;12.6;0;0;0;
E08;Acheter des fruits ou légumes de saison;Courses;ROUGES;Rouges maternelles ;radis;25/08/2025;1;0.000173;0;0;0;0;
E08;Ramasser les papiers et les déchets par terre pour les mettre à la poubelle;Déchets;ROUGES;Rouges maternelles ;radis;25/08/2025;1;0.000173;0;0;0;0.1;
D02;Tout manger ce qu'il y a dans nos assiettes (cantine, maison);Déchets;ROUGES;Rouges maternelles ;radis;25/08/2025;1;2.453511;0;1.390385;0;1.390384615;
D11;Ne pas prendre sa voiture si c'est possble : préférer la marche et le vélo (pour les petits trajets), le covoiturage…;Transport;VERTS;Verts maternelles;ninja;22/11/2024;1;0.38;0;0.67;0;0;
W04;Fermer ses volets quand il fait froid et nuit;Electricité;VERTS;Verts maternelles;ninja;22/11/2024;1;0.006501;16.5;0;0;0;
D06;Réduire son temps devant les écrans (Télé, ordinateurs, tablette, jeux vidéos...);Electricité;VERTS;Verts maternelles;ninja;22/11/2024;1;0.017374;0;0.183462;0;0;
E04;Eteindre les appareils électriques lorsqu'on ne s'en sert pas (Télé, ordinateur...);Electricité;VERTS;Verts maternelles;ninja;22/11/2024;1;0.15988;0;1;0;0;
C01;Eteindre les lumières quand on quitte une pièce ou si il fait jour dehors;Electricité;VERTS;Verts maternelles;ninja;22/11/2024;1;13.7935;0;0;0;0;
D10;Couper l’eau quand on se savonne les mains;Eau;VERTS;Verts maternelles;ninja;22/11/2024;1;0.54243;0;0.21;12.6;0;
W02;Ne pas gaspiller l'eau de son verre;Eau;VERTS;Verts maternelles;ninja;22/11/2024;1;0.05;28;0;35;0;
D09;Eviter de prendre des bains (préférer la douche rapide);Eau;VERTS;Verts maternelles;ninja;22/11/2024;1;0.0623;0;1.75;357;0;
E08;Fermer le robinet quand on se brosse les dents;Eau;VERTS;Verts maternelles;ninja;22/11/2024;1;0.000173;0;0;28;0;
T06;Ne pas tuer les petites bêtes et les remettre dehors (c'est la nourriture de oiseaux);Biodiversité;VERTS;Verts maternelles;ninja;22/11/2024;1;1.518;0;0;0;0;
T04;Acheter des produits avec moins d'emballages (éviter emballages individuels);Courses;VERTS;Verts maternelles;ninja;22/11/2024;1;0.506;0;0;0;34.86;
D06;Acheter d’occasion plutôt que neuf;Courses;VERTS;Verts maternelles;ninja;22/11/2024;1;0.017374;0;0.183462;0;0.134615385;
W03;Préférer les produits réutilisables plutôt que jetables;Courses;VERTS;Verts maternelles;ninja;22/11/2024;1;0.004964;12.6;0;0;0;
E01;Acheter juste ce dont on a besoin;Courses;VERTS;Verts maternelles;ninja;22/11/2024;1;0.027408;0;0;0;0.134615385;
E08;Acheter des fruits ou légumes de saison;Courses;VERTS;Verts maternelles;ninja;22/11/2024;1;0.000173;0;0;0;0;
E03;Acheter des produits recyclables et utiliser les bacs de tri;Déchets;VERTS;Verts maternelles;ninja;22/11/2024;1;0.15988;0;0;0;0;
E08;Ramasser les papiers et les déchets par terre pour les mettre à la poubelle;Déchets;VERTS;Verts maternelles;ninja;22/11/2024;1;0.000173;0;0;0;0.1;
D02;Tout manger ce qu'il y a dans nos assiettes (cantine, maison);Déchets;VERTS;Verts maternelles;ninja;22/11/2024;1;2.453511;0;1.390385;0;1.390384615;
W04;Fermer ses volets quand il fait froid et nuit;Electricité;VERTS;Verts maternelles;heros;14/12/2024;1;0.006501;16.5;0;0;0;
D06;Réduire son temps devant les écrans (Télé, ordinateurs, tablette, jeux vidéos...);Electricité;VERTS;Verts maternelles;heros;14/12/2024;1;0.017374;0;0.183462;0;0;
C01;Eteindre les lumières quand on quitte une pièce ou si il fait jour dehors;Electricité;VERTS;Verts maternelles;heros;14/12/2024;1;13.7935;0;0;0;0;
D10;Couper l’eau quand on se savonne les mains;Eau;VERTS;Verts maternelles;heros;14/12/2024;1;0.54243;0;0.21;12.6;0;
W02;Ne pas gaspiller l'eau de son verre;Eau;VERTS;Verts maternelles;heros;14/12/2024;1;0.05;28;0;35;0;
D09;Eviter de prendre des bains (préférer la douche rapide);Eau;VERTS;Verts maternelles;heros;14/12/2024;1;0.0623;0;1.75;357;0;
E08;Fermer le robinet quand on se brosse les dents;Eau;VERTS;Verts maternelles;heros;14/12/2024;1;0.000173;0;0;28;0;
T06;Ne pas tuer les petites bêtes et les remettre dehors (c'est la nourriture de oiseaux);Biodiversité;VERTS;Verts maternelles;heros;14/12/2024;1;1.518;0;0;0;0;
D06;Acheter d’occasion plutôt que neuf;Courses;VERTS;Verts maternelles;heros;14/12/2024;1;0.017374;0;0.183462;0;0.134615385;
W03;Préférer les produits réutilisables plutôt que jetables;Courses;VERTS;Verts maternelles;heros;14/12/2024;1;0.004964;12.6;0;0;0;
E01;Acheter juste ce dont on a besoin;Courses;VERTS;Verts maternelles;heros;14/12/2024;1;0.027408;0;0;0;0.134615385;
E08;Acheter des fruits ou légumes de saison;Courses;VERTS;Verts maternelles;heros;14/12/2024;1;0.000173;0;0;0;0;
D11;Ne pas prendre sa voiture si c'est possble : préférer la marche et le vélo (pour les petits trajets), le covoiturage…;Transport;VERTS;Verts maternelles;dragon;19/12/2024;1;0.38;0;0.67;0;0;
W04;Fermer ses volets quand il fait froid et nuit;Electricité;VERTS;Verts maternelles;dragon;19/12/2024;1;0.006501;16.5;0;0;0;
D06;Réduire son temps devant les écrans (Télé, ordinateurs, tablette, jeux vidéos...);Electricité;VERTS;Verts maternelles;dragon;19/12/2024;1;0.017374;0;0.183462;0;0;
E04;Eteindre les appareils électriques lorsqu'on ne s'en sert pas (Télé, ordinateur...);Electricité;VERTS;Verts maternelles;dragon;19/12/2024;1;0.15988;0;1;0;0;
C01;Eteindre les lumières quand on quitte une pièce ou si il fait jour dehors;Electricité;VERTS;Verts maternelles;dragon;19/12/2024;1;13.7935;0;0;0;0;
D10;Couper l’eau quand on se savonne les mains;Eau;VERTS;Verts maternelles;dragon;19/12/2024;1;0.54243;0;0.21;12.6;0;
W02;Ne pas gaspiller l'eau de son verre;Eau;VERTS;Verts maternelles;dragon;19/12/2024;1;0.05;28;0;35;0;
D09;Eviter de prendre des bains (préférer la douche rapide);Eau;VERTS;Verts maternelles;dragon;19/12/2024;1;0.0623;0;1.75;357;0;
E08;Fermer le robinet quand on se brosse les dents;Eau;VERTS;Verts maternelles;dragon;19/12/2024;1;0.000173;0;0;28;0;
T06;Ne pas tuer les petites bêtes et les remettre dehors (c'est la nourriture de oiseaux);Biodiversité;VERTS;Verts maternelles;dragon;19/12/2024;1;1.518;0;0;0;0;
T04;Acheter des produits avec moins d'emballages (éviter emballages individuels);Courses;VERTS;Verts maternelles;dragon;19/12/2024;1;0.506;0;0;0;34.86;
D06;Acheter d’occasion plutôt que neuf;Courses;VERTS;Verts maternelles;dragon;19/12/2024;1;0.017374;0;0.183462;0;0.134615385;
W03;Préférer les produits réutilisables plutôt que jetables;Courses;VERTS;Verts maternelles;dragon;19/12/2024;1;0.004964;12.6;0;0;0;
E01;Acheter juste ce dont on a besoin;Courses;VERTS;Verts maternelles;dragon;19/12/2024;1;0.027408;0;0;0;0.134615385;
E08;Acheter des fruits ou légumes de saison;Courses;VERTS;Verts maternelles;dragon;19/12/2024;1;0.000173;0;0;0;0;
E03;Acheter des produits recyclables et utiliser les bacs de tri;Déchets;VERTS;Verts maternelles;dragon;19/12/2024;1;0.15988;0;0;0;0;
E08;Ramasser les papiers et les déchets par terre pour les mettre à la poubelle;Déchets;VERTS;Verts maternelles;dragon;19/12/2024;1;0.000173;0;0;0;0.1;
W04;Fermer ses volets quand il fait froid et nuit;Electricité;VERTS;Verts maternelles;vaiana;25/12/2024;1;0.006501;16.5;0;0;0;
E04;Eteindre les appareils électriques lorsqu'on ne s'en sert pas (Télé, ordinateur...);Electricité;VERTS;Verts maternelles;vaiana;25/12/2024;1;0.15988;0;1;0;0;
C01;Eteindre les lumières quand on quitte une pièce ou si il fait jour dehors;Electricité;VERTS;Verts maternelles;vaiana;25/12/2024;1;13.7935;0;0;0;0;
D05;Récupérer l'eau de pluie pour arroser;Eau;VERTS;Verts maternelles;vaiana;25/12/2024;1;0.000239;0;0.134615;35;0;
D10;Couper l’eau quand on se savonne les mains;Eau;VERTS;Verts maternelles;vaiana;25/12/2024;1;0.54243;0;0.21;12.6;0;
T06;Ne pas tuer les petites bêtes et les remettre dehors (c'est la nourriture de oiseaux);Biodiversité;VERTS;Verts maternelles;vaiana;25/12/2024;1;1.518;0;0;0;0;
D06;Acheter d’occasion plutôt que neuf;Courses;VERTS;Verts maternelles;vaiana;25/12/2024;1;0.017374;0;0.183462;0;0.134615385;
E08;Acheter des fruits ou légumes de saison;Courses;VERTS;Verts maternelles;vaiana;25/12/2024;1;0.000173;0;0;0;0;
W04;Fermer ses volets quand il fait froid et nuit;Electricité;VERTS;Verts maternelles;heros;07/01/2025;1;0.006501;16.5;0;0;0;
D06;Réduire son temps devant les écrans (Télé, ordinateurs, tablette, jeux vidéos...);Electricité;VERTS;Verts maternelles;heros;07/01/2025;1;0.017374;0;0.183462;0;0;
E04;Eteindre les appareils électriques lorsqu'on ne s'en sert pas (Télé, ordinateur...);Electricité;VERTS;Verts maternelles;heros;07/01/2025;1;0.15988;0;1;0;0;
D10;Couper l’eau quand on se savonne les mains;Eau;VERTS;Verts maternelles;heros;07/01/2025;1;0.54243;0;0.21;12.6;0;
W02;Ne pas gaspiller l'eau de son verre;Eau;VERTS;Verts maternelles;heros;07/01/2025;1;0.05;28;0;35;0;
T06;Ne pas tuer les petites bêtes et les remettre dehors (c'est la nourriture de oiseaux);Biodiversité;VERTS;Verts maternelles;heros;07/01/2025;1;1.518;0;0;0;0;
D06;Acheter d’occasion plutôt que neuf;Courses;VERTS;Verts maternelles;heros;07/01/2025;1;0.017374;0;0.183462;0;0.134615385;
W03;Préférer les produits réutilisables plutôt que jetables;Courses;VERTS;Verts maternelles;heros;07/01/2025;1;0.004964;12.6;0;0;0;
E08;Fermer le robinet quand on se brosse les dents;Eau;VERTS;Verts maternelles;heros;08/01/2025;1;0.000173;0;0;28;0;
D09;Eviter de prendre des bains (préférer la douche rapide);Eau;VERTS;Verts maternelles;heros;08/01/2025;1;0.0623;0;1.75;357;0;
E01;Acheter juste ce dont on a besoin;Courses;VERTS;Verts maternelles;heros;08/01/2025;1;0.027408;0;0;0;0.134615385;
E03;Acheter des produits recyclables et utiliser les bacs de tri;Déchets;VERTS;Verts maternelles;heros;08/01/2025;1;0.15988;0;0;0;0;
D02;Tout manger ce qu'il y a dans nos assiettes (cantine, maison);Déchets;VERTS;Verts maternelles;heros;08/01/2025;1;2.453511;0;1.390385;0;1.390384615;
W04;Fermer ses volets quand il fait froid et nuit;Electricité;VERTS;Verts maternelles;raya;09/01/2025;1;0.006501;16.5;0;0;0;
E04;Eteindre les appareils électriques lorsqu'on ne s'en sert pas (Télé, ordinateur...);Electricité;VERTS;Verts maternelles;raya;09/01/2025;1;0.15988;0;1;0;0;
D10;Couper l’eau quand on se savonne les mains;Eau;VERTS;Verts maternelles;raya;09/01/2025;1;0.54243;0;0.21;12.6;0;
D09;Eviter de prendre des bains (préférer la douche rapide);Eau;VERTS;Verts maternelles;raya;09/01/2025;1;0.0623;0;1.75;357;0;
T06;Ne pas tuer les petites bêtes et les remettre dehors (c'est la nourriture de oiseaux);Biodiversité;VERTS;Verts maternelles;raya;09/01/2025;1;1.518;0;0;0;0;
E08;Ramasser les papiers et les déchets par terre pour les mettre à la poubelle;Déchets;VERTS;Verts maternelles;raya;09/01/2025;1;0.000173;0;0;0;0.1;
T04;Acheter des produits avec moins d'emballages (éviter emballages individuels);Courses;VERTS;Verts maternelles;raya;09/01/2025;1;0.506;0;0;0;34.86;
W03;Préférer les produits réutilisables plutôt que jetables;Courses;VERTS;Verts maternelles;raya;09/01/2025;1;0.004964;12.6;0;0;0;
E08;Acheter des fruits ou légumes de saison;Courses;VERTS;Verts maternelles;raya;09/01/2025;1;0.000173;0;0;0;0;
W04;Fermer ses volets quand il fait froid et nuit;Electricité;VERTS;Verts maternelles;dragon;06/02/2025;1;0.006501;16.5;0;0;0;
E04;Eteindre les appareils électriques lorsqu'on ne s'en sert pas (Télé, ordinateur...);Electricité;VERTS;Verts maternelles;dragon;06/02/2025;1;0.15988;0;1;0;0;
D05;Récupérer l'eau de pluie pour arroser;Eau;VERTS;Verts maternelles;dragon;06/02/2025;1;0.000239;0;0.134615;35;0;
W02;Ne pas gaspiller l'eau de son verre;Eau;VERTS;Verts maternelles;dragon;06/02/2025;1;0.05;28;0;35;0;
E08;Fermer le robinet quand on se brosse les dents;Eau;VERTS;Verts maternelles;dragon;06/02/2025;1;0.000173;0;0;28;0;
T04;Acheter des produits avec moins d'emballages (éviter emballages individuels);Courses;VERTS;Verts maternelles;dragon;06/02/2025;1;0.506;0;0;0;34.86;
W03;Préférer les produits réutilisables plutôt que jetables;Courses;VERTS;Verts maternelles;dragon;06/02/2025;1;0.004964;12.6;0;0;0;
E08;Acheter des fruits ou légumes de saison;Courses;VERTS;Verts maternelles;dragon;06/02/2025;1;0.000173;0;0;0;0;
E08;Ramasser les papiers et les déchets par terre pour les mettre à la poubelle;Déchets;VERTS;Verts maternelles;dragon;06/02/2025;1;0.000173;0;0;0;0.1;
W04;Fermer ses volets quand il fait froid et nuit;Electricité;VERTS;Verts maternelles;mario;06/02/2025;1;0.006501;16.5;0;0;0;
E04;Eteindre les appareils électriques lorsqu'on ne s'en sert pas (Télé, ordinateur...);Electricité;VERTS;Verts maternelles;mario;06/02/2025;1;0.15988;0;1;0;0;
D10;Couper l’eau quand on se savonne les mains;Eau;VERTS;Verts maternelles;mario;06/02/2025;1;0.54243;0;0.21;12.6;0;
D09;Eviter de prendre des bains (préférer la douche rapide);Eau;VERTS;Verts maternelles;mario;06/02/2025;1;0.0623;0;1.75;357;0;
T06;Ne pas tuer les petites bêtes et les remettre dehors (c'est la nourriture de oiseaux);Biodiversité;VERTS;Verts maternelles;mario;06/02/2025;1;1.518;0;0;0;0;
E08;Acheter des fruits ou légumes de saison;Courses;VERTS;Verts maternelles;mario;06/02/2025;1;0.000173;0;0;0;0;
D02;Tout manger ce qu'il y a dans nos assiettes (cantine, maison);Déchets;VERTS;Verts maternelles;mario;06/02/2025;1;2.453511;0;1.390385;0;1.390384615;
D06;Acheter d’occasion plutôt que neuf;Courses;VERTS;Verts maternelles;heros;06/02/2025;1;0.017374;0;0.183462;0;0.134615385;
D11;Ne pas prendre sa voiture si c'est possble : préférer la marche et le vélo (pour les petits trajets), le covoiturage…;Transport;VERTS;Verts maternelles;heros;06/02/2025;1;0.38;0;0.67;0;0;
D05;Récupérer l'eau de pluie pour arroser;Eau;VERTS;Verts maternelles;raya;07/02/2025;1;0.000239;0;0.134615;35;0;
W02;Ne pas gaspiller l'eau de son verre;Eau;VERTS;Verts maternelles;raya;07/02/2025;1;0.05;28;0;35;0;
E08;Fermer le robinet quand on se brosse les dents;Eau;VERTS;Verts maternelles;raya;07/02/2025;1;0.000173;0;0;28;0;
W04;Fermer ses volets quand il fait froid et nuit;Electricité;VERTS;Verts maternelles;raya;07/02/2025;1;0.006501;16.5;0;0;0;
E04;Eteindre les appareils électriques lorsqu'on ne s'en sert pas (Télé, ordinateur...);Electricité;VERTS;Verts maternelles;raya;07/02/2025;1;0.15988;0;1;0;0;
T06;Ne pas tuer les petites bêtes et les remettre dehors (c'est la nourriture de oiseaux);Biodiversité;VERTS;Verts maternelles;raya;07/02/2025;1;1.518;0;0;0;0;
D06;Acheter d’occasion plutôt que neuf;Courses;VERTS;Verts maternelles;raya;07/02/2025;1;0.017374;0;0.183462;0;0.134615385;
E01;Acheter juste ce dont on a besoin;Courses;VERTS;Verts maternelles;raya;07/02/2025;1;0.027408;0;0;0;0.134615385;
E03;Acheter des produits recyclables et utiliser les bacs de tri;Déchets;VERTS;Verts maternelles;raya;07/02/2025;1;0.15988;0;0;0;0;
D02;Tout manger ce qu'il y a dans nos assiettes (cantine, maison);Déchets;VERTS;Verts maternelles;raya;07/02/2025;1;2.453511;0;1.390385;0;1.390384615;
W04;Fermer ses volets quand il fait froid et nuit;Electricité;VERTS;Verts maternelles;vaiana;07/02/2025;1;0.006501;16.5;0;0;0;
C01;Eteindre les lumières quand on quitte une pièce ou si il fait jour dehors;Electricité;VERTS;Verts maternelles;vaiana;07/02/2025;1;13.7935;0;0;0;0;
D06;Réduire son temps devant les écrans (Télé, ordinateurs, tablette, jeux vidéos...);Electricité;VERTS;Verts maternelles;heros;01/02/2025;1;0.017374;0;0.183462;0;0;
C01;Eteindre les lumières quand on quitte une pièce ou si il fait jour dehors;Electricité;VERTS;Verts maternelles;heros;01/02/2025;1;13.7935;0;0;0;0;
W02;Ne pas gaspiller l'eau de son verre;Eau;VERTS;Verts maternelles;heros;01/02/2025;1;0.05;28;0;35;0;
E08;Fermer le robinet quand on se brosse les dents;Eau;VERTS;Verts maternelles;heros;01/02/2025;1;0.000173;0;0;28;0;
W03;Préférer les produits réutilisables plutôt que jetables;Courses;VERTS;Verts maternelles;heros;01/02/2025;1;0.004964;12.6;0;0;0;
E03;Acheter des produits recyclables et utiliser les bacs de tri;Déchets;VERTS;Verts maternelles;heros;01/02/2025;1;0.15988;0;0;0;0;
D02;Tout manger ce qu'il y a dans nos assiettes (cantine, maison);Déchets;VERTS;Verts maternelles;heros;01/02/2025;1;2.453511;0;1.390385;0;1.390384615;
E08;Ramasser les papiers et les déchets par terre pour les mettre à la poubelle;Déchets;VERTS;Verts maternelles;patpatrouille;02/02/2025;1;0.000173;0;0;0;0.1;
T04;Acheter des produits avec moins d'emballages (éviter emballages individuels);Courses;VERTS;Verts maternelles;patpatrouille;02/02/2025;1;0.506;0;0;0;34.86;
W03;Préférer les produits réutilisables plutôt que jetables;Courses;VERTS;Verts maternelles;patpatrouille;02/02/2025;1;0.004964;12.6;0;0;0;
E08;Acheter des fruits ou légumes de saison;Courses;VERTS;Verts maternelles;patpatrouille;02/02/2025;1;0.000173;0;0;0;0;
W04;Fermer ses volets quand il fait froid et nuit;Electricité;VERTS;Verts maternelles;patpatrouille;02/02/2025;1;0.006501;16.5;0;0;0;
C01;Eteindre les lumières quand on quitte une pièce ou si il fait jour dehors;Electricité;VERTS;Verts maternelles;patpatrouille;02/02/2025;1;13.7935;0;0;0;0;
D10;Couper l’eau quand on se savonne les mains;Eau;VERTS;Verts maternelles;patpatrouille;02/02/2025;1;0.54243;0;0.21;12.6;0;
D10;Couper l’eau quand on se savonne les mains;Eau;VERTS;Verts maternelles;vaiana;07/02/2025;1;0.54243;0;0.21;12.6;0;
D09;Eviter de prendre des bains (préférer la douche rapide);Eau;VERTS;Verts maternelles;vaiana;07/02/2025;1;0.0623;0;1.75;357;0;
T06;Ne pas tuer les petites bêtes et les remettre dehors (c'est la nourriture de oiseaux);Biodiversité;VERTS;Verts maternelles;vaiana;07/02/2025;1;1.518;0;0;0;0;
D06;Acheter d’occasion plutôt que neuf;Courses;VERTS;Verts maternelles;vaiana;07/02/2025;1;0.017374;0;0.183462;0;0.134615385;
E01;Acheter juste ce dont on a besoin;Courses;VERTS;Verts maternelles;vaiana;07/02/2025;1;0.027408;0;0;0;0.134615385;
E03;Acheter des produits recyclables et utiliser les bacs de tri;Déchets;VERTS;Verts maternelles;vaiana;07/02/2025;1;0.15988;0;0;0;0;
E08;Acheter des fruits ou légumes de saison;Courses;VERTS;Verts maternelles;heros;08/01/2025;1;0.000173;0;0;0;0;
E08;Ramasser les papiers et les déchets par terre pour les mettre à la poubelle;Déchets;VERTS;Verts maternelles;heros;08/01/2025;1;0.000173;0;0;0;0.1;
D06;Réduire son temps devant les écrans (Télé, ordinateurs, tablette, jeux vidéos...);Electricité;VERTS;Verts maternelles;raya;09/01/2025;1;0.017374;0;0.183462;0;0;
C01;Eteindre les lumières quand on quitte une pièce ou si il fait jour dehors;Electricité;VERTS;Verts maternelles;raya;09/01/2025;1;13.7935;0;0;0;0;
W02;Ne pas gaspiller l'eau de son verre;Eau;VERTS;Verts maternelles;raya;09/01/2025;1;0.05;28;0;35;0;
E08;Fermer le robinet quand on se brosse les dents;Eau;VERTS;Verts maternelles;raya;09/01/2025;1;0.000173;0;0;28;0;
E03;Acheter des produits recyclables et utiliser les bacs de tri;Déchets;VERTS;Verts maternelles;raya;09/01/2025;1;0.15988;0;0;0;0;
D02;Tout manger ce qu'il y a dans nos assiettes (cantine, maison);Déchets;VERTS;Verts maternelles;raya;09/01/2025;1;2.453511;0;1.390385;0;1.390384615;
D06;Acheter d’occasion plutôt que neuf;Courses;VERTS;Verts maternelles;raya;09/01/2025;1;0.017374;0;0.183462;0;0.134615385;
E01;Acheter juste ce dont on a besoin;Courses;VERTS;Verts maternelles;raya;09/01/2025;1;0.027408;0;0;0;0.134615385;
D11;Ne pas prendre sa voiture si c'est possble : préférer la marche et le vélo (pour les petits trajets), le covoiturage…;Transport;VERTS;Verts maternelles;dragon;09/01/2025;1;0.38;0;0.67;0;0;
W04;Fermer ses volets quand il fait froid et nuit;Electricité;VERTS;Verts maternelles;dragon;09/01/2025;1;0.006501;16.5;0;0;0;
D06;Réduire son temps devant les écrans (Télé, ordinateurs, tablette, jeux vidéos...);Electricité;VERTS;Verts maternelles;dragon;09/01/2025;1;0.017374;0;0.183462;0;0;
E04;Eteindre les appareils électriques lorsqu'on ne s'en sert pas (Télé, ordinateur...);Electricité;VERTS;Verts maternelles;dragon;09/01/2025;1;0.15988;0;1;0;0;
C01;Eteindre les lumières quand on quitte une pièce ou si il fait jour dehors;Electricité;VERTS;Verts maternelles;dragon;09/01/2025;1;13.7935;0;0;0;0;
D05;Récupérer l'eau de pluie pour arroser;Eau;VERTS;Verts maternelles;dragon;09/01/2025;1;0.000239;0;0.134615;35;0;
D10;Couper l’eau quand on se savonne les mains;Eau;VERTS;Verts maternelles;dragon;09/01/2025;1;0.54243;0;0.21;12.6;0;
W02;Ne pas gaspiller l'eau de son verre;Eau;VERTS;Verts maternelles;dragon;09/01/2025;1;0.05;28;0;35;0;
D09;Eviter de prendre des bains (préférer la douche rapide);Eau;VERTS;Verts maternelles;dragon;09/01/2025;1;0.0623;0;1.75;357;0;
E08;Fermer le robinet quand on se brosse les dents;Eau;VERTS;Verts maternelles;dragon;09/01/2025;1;0.000173;0;0;28;0;
T06;Ne pas tuer les petites bêtes et les remettre dehors (c'est la nourriture de oiseaux);Biodiversité;VERTS;Verts maternelles;dragon;09/01/2025;1;1.518;0;0;0;0;
T04;Acheter des produits avec moins d'emballages (éviter emballages individuels);Courses;VERTS;Verts maternelles;dragon;09/01/2025;1;0.506;0;0;0;34.86;
D06;Acheter d’occasion plutôt que neuf;Courses;VERTS;Verts maternelles;dragon;09/01/2025;1;0.017374;0;0.183462;0;0.134615385;
W03;Préférer les produits réutilisables plutôt que jetables;Courses;VERTS;Verts maternelles;dragon;09/01/2025;1;0.004964;12.6;0;0;0;
E01;Acheter juste ce dont on a besoin;Courses;VERTS;Verts maternelles;dragon;09/01/2025;1;0.027408;0;0;0;0.134615385;
E08;Acheter des fruits ou légumes de saison;Courses;VERTS;Verts maternelles;dragon;09/01/2025;1;0.000173;0;0;0;0;
E03;Acheter des produits recyclables et utiliser les bacs de tri;Déchets;VERTS;Verts maternelles;dragon;09/01/2025;1;0.15988;0;0;0;0;
E08;Ramasser les papiers et les déchets par terre pour les mettre à la poubelle;Déchets;VERTS;Verts maternelles;dragon;09/01/2025;1;0.000173;0;0;0;0.1;
D02;Tout manger ce qu'il y a dans nos assiettes (cantine, maison);Déchets;VERTS;Verts maternelles;dragon;09/01/2025;1;2.453511;0;1.390385;0;1.390384615;
D11;Ne pas prendre sa voiture si c'est possble : préférer la marche et le vélo (pour les petits trajets), le covoiturage…;Transport;VERTS;Verts maternelles;panthere;09/01/2025;1;0.38;0;0.67;0;0;
W04;Fermer ses volets quand il fait froid et nuit;Electricité;VERTS;Verts maternelles;panthere;09/01/2025;1;0.006501;16.5;0;0;0;
D06;Réduire son temps devant les écrans (Télé, ordinateurs, tablette, jeux vidéos...);Electricité;VERTS;Verts maternelles;panthere;09/01/2025;1;0.017374;0;0.183462;0;0;
E04;Eteindre les appareils électriques lorsqu'on ne s'en sert pas (Télé, ordinateur...);Electricité;VERTS;Verts maternelles;panthere;09/01/2025;1;0.15988;0;1;0;0;
C01;Eteindre les lumières quand on quitte une pièce ou si il fait jour dehors;Electricité;VERTS;Verts maternelles;panthere;09/01/2025;1;13.7935;0;0;0;0;
D05;Récupérer l'eau de pluie pour arroser;Eau;VERTS;Verts maternelles;panthere;09/01/2025;1;0.000239;0;0.134615;35;0;
D10;Couper l’eau quand on se savonne les mains;Eau;VERTS;Verts maternelles;panthere;09/01/2025;1;0.54243;0;0.21;12.6;0;
W02;Ne pas gaspiller l'eau de son verre;Eau;VERTS;Verts maternelles;panthere;09/01/2025;1;0.05;28;0;35;0;
D09;Eviter de prendre des bains (préférer la douche rapide);Eau;VERTS;Verts maternelles;panthere;09/01/2025;1;0.0623;0;1.75;357;0;
E08;Fermer le robinet quand on se brosse les dents;Eau;VERTS;Verts maternelles;panthere;09/01/2025;1;0.000173;0;0;28;0;
T06;Ne pas tuer les petites bêtes et les remettre dehors (c'est la nourriture de oiseaux);Biodiversité;VERTS;Verts maternelles;panthere;09/01/2025;1;1.518;0;0;0;0;
D06;Acheter d’occasion plutôt que neuf;Courses;VERTS;Verts maternelles;panthere;09/01/2025;1;0.017374;0;0.183462;0;0.134615385;
W03;Préférer les produits réutilisables plutôt que jetables;Courses;VERTS;Verts maternelles;panthere;09/01/2025;1;0.004964;12.6;0;0;0;
E08;Acheter des fruits ou légumes de saison;Courses;VERTS;Verts maternelles;panthere;09/01/2025;1;0.000173;0;0;0;0;
E01;Acheter juste ce dont on a besoin;Courses;VERTS;Verts maternelles;panthere;09/01/2025;1;0.027408;0;0;0;0.134615385;
E03;Acheter des produits recyclables et utiliser les bacs de tri;Déchets;VERTS;Verts maternelles;panthere;09/01/2025;1;0.15988;0;0;0;0;
E08;Ramasser les papiers et les déchets par terre pour les mettre à la poubelle;Déchets;VERTS;Verts maternelles;panthere;09/01/2025;1;0.000173;0;0;0;0.1;
D11;Ne pas prendre sa voiture si c'est possble : préférer la marche et le vélo (pour les petits trajets), le covoiturage…;Transport;VERTS;Verts maternelles;hulk;10/01/2025;1;0.38;0;0.67;0;0;
W04;Fermer ses volets quand il fait froid et nuit;Electricité;VERTS;Verts maternelles;hulk;10/01/2025;1;0.006501;16.5;0;0;0;
D06;Réduire son temps devant les écrans (Télé, ordinateurs, tablette, jeux vidéos...);Electricité;VERTS;Verts maternelles;hulk;10/01/2025;1;0.017374;0;0.183462;0;0;
E04;Eteindre les appareils électriques lorsqu'on ne s'en sert pas (Télé, ordinateur...);Electricité;VERTS;Verts maternelles;hulk;10/01/2025;1;0.15988;0;1;0;0;
C01;Eteindre les lumières quand on quitte une pièce ou si il fait jour dehors;Electricité;VERTS;Verts maternelles;hulk;10/01/2025;1;13.7935;0;0;0;0;
T06;Ne pas tuer les petites bêtes et les remettre dehors (c'est la nourriture de oiseaux);Biodiversité;VERTS;Verts maternelles;hulk;10/01/2025;1;1.518;0;0;0;0;
W04;Fermer ses volets quand il fait froid et nuit;Electricité;VERTS;Verts maternelles;vaiana;11/01/2025;1;0.006501;16.5;0;0;0;
E04;Eteindre les appareils électriques lorsqu'on ne s'en sert pas (Télé, ordinateur...);Electricité;VERTS;Verts maternelles;vaiana;11/01/2025;1;0.15988;0;1;0;0;
C01;Eteindre les lumières quand on quitte une pièce ou si il fait jour dehors;Electricité;VERTS;Verts maternelles;vaiana;11/01/2025;1;13.7935;0;0;0;0;
D05;Récupérer l'eau de pluie pour arroser;Eau;VERTS;Verts maternelles;vaiana;11/01/2025;1;0.000239;0;0.134615;35;0;
D10;Couper l’eau quand on se savonne les mains;Eau;VERTS;Verts maternelles;vaiana;11/01/2025;1;0.54243;0;0.21;12.6;0;
D09;Eviter de prendre des bains (préférer la douche rapide);Eau;VERTS;Verts maternelles;vaiana;11/01/2025;1;0.0623;0;1.75;357;0;
E08;Fermer le robinet quand on se brosse les dents;Eau;VERTS;Verts maternelles;vaiana;11/01/2025;1;0.000173;0;0;28;0;
T06;Ne pas tuer les petites bêtes et les remettre dehors (c'est la nourriture de oiseaux);Biodiversité;VERTS;Verts maternelles;vaiana;11/01/2025;1;1.518;0;0;0;0;
W03;Préférer les produits réutilisables plutôt que jetables;Courses;VERTS;Verts maternelles;vaiana;11/01/2025;1;0.004964;12.6;0;0;0;
E01;Acheter juste ce dont on a besoin;Courses;VERTS;Verts maternelles;vaiana;11/01/2025;1;0.027408;0;0;0;0.134615385;
E08;Acheter des fruits ou légumes de saison;Courses;VERTS;Verts maternelles;vaiana;11/01/2025;1;0.000173;0;0;0;0;
E03;Acheter des produits recyclables et utiliser les bacs de tri;Déchets;VERTS;Verts maternelles;vaiana;11/01/2025;1;0.15988;0;0;0;0;
E08;Ramasser les papiers et les déchets par terre pour les mettre à la poubelle;Déchets;VERTS;Verts maternelles;vaiana;11/01/2025;1;0.000173;0;0;0;0.1;
D02;Tout manger ce qu'il y a dans nos assiettes (cantine, maison);Déchets;VERTS;Verts maternelles;vaiana;11/01/2025;1;2.453511;0;1.390385;0;1.390384615;
W04;Fermer ses volets quand il fait froid et nuit;Electricité;VERTS;Verts maternelles;mario;12/01/2025;1;0.006501;16.5;0;0;0;
D06;Réduire son temps devant les écrans (Télé, ordinateurs, tablette, jeux vidéos...);Electricité;VERTS;Verts maternelles;mario;12/01/2025;1;0.017374;0;0.183462;0;0;
D05;Récupérer l'eau de pluie pour arroser;Eau;VERTS;Verts maternelles;mario;12/01/2025;1;0.000239;0;0.134615;35;0;
W02;Ne pas gaspiller l'eau de son verre;Eau;VERTS;Verts maternelles;mario;12/01/2025;1;0.05;28;0;35;0;
D09;Eviter de prendre des bains (préférer la douche rapide);Eau;VERTS;Verts maternelles;mario;12/01/2025;1;0.0623;0;1.75;357;0;
E08;Fermer le robinet quand on se brosse les dents;Eau;VERTS;Verts maternelles;mario;12/01/2025;1;0.000173;0;0;28;0;
T04;Acheter des produits avec moins d'emballages (éviter emballages individuels);Courses;VERTS;Verts maternelles;mario;12/01/2025;1;0.506;0;0;0;34.86;
E08;Acheter des fruits ou légumes de saison;Courses;VERTS;Verts maternelles;mario;12/01/2025;1;0.000173;0;0;0;0;
W04;Fermer ses volets quand il fait froid et nuit;Electricité;VERTS;Verts maternelles;heros;13/01/2025;1;0.006501;16.5;0;0;0;
E04;Eteindre les appareils électriques lorsqu'on ne s'en sert pas (Télé, ordinateur...);Electricité;VERTS;Verts maternelles;heros;13/01/2025;1;0.15988;0;1;0;0;
D11;Ne pas prendre sa voiture si c'est possble : préférer la marche et le vélo (pour les petits trajets), le covoiturage…;Transport;VERTS;Verts maternelles;panthere;05/02/2025;1;0.38;0;0.67;0;0;
D06;Réduire son temps devant les écrans (Télé, ordinateurs, tablette, jeux vidéos...);Electricité;VERTS;Verts maternelles;panthere;05/02/2025;1;0.017374;0;0.183462;0;0;
C01;Eteindre les lumières quand on quitte une pièce ou si il fait jour dehors;Electricité;VERTS;Verts maternelles;panthere;05/02/2025;1;13.7935;0;0;0;0;
W02;Ne pas gaspiller l'eau de son verre;Eau;VERTS;Verts maternelles;panthere;05/02/2025;1;0.05;28;0;35;0;
E08;Fermer le robinet quand on se brosse les dents;Eau;VERTS;Verts maternelles;panthere;05/02/2025;1;0.000173;0;0;28;0;
T06;Ne pas tuer les petites bêtes et les remettre dehors (c'est la nourriture de oiseaux);Biodiversité;VERTS;Verts maternelles;panthere;05/02/2025;1;1.518;0;0;0;0;
D06;Acheter d’occasion plutôt que neuf;Courses;VERTS;Verts maternelles;panthere;05/02/2025;1;0.017374;0;0.183462;0;0.134615385;
E08;Acheter des fruits ou légumes de saison;Courses;VERTS;Verts maternelles;panthere;05/02/2025;1;0.000173;0;0;0;0;
E03;Acheter des produits recyclables et utiliser les bacs de tri;Déchets;VERTS;Verts maternelles;batman;05/02/2025;1;0.15988;0;0;0;0;
E08;Ramasser les papiers et les déchets par terre pour les mettre à la poubelle;Déchets;VERTS;Verts maternelles;batman;05/02/2025;1;0.000173;0;0;0;0.1;
D02;Tout manger ce qu'il y a dans nos assiettes (cantine, maison);Déchets;VERTS;Verts maternelles;batman;05/02/2025;1;2.453511;0;1.390385;0;1.390384615;
W04;Fermer ses volets quand il fait froid et nuit;Electricité;VERTS;Verts maternelles;batman;05/02/2025;1;0.006501;16.5;0;0;0;
D06;Réduire son temps devant les écrans (Télé, ordinateurs, tablette, jeux vidéos...);Electricité;VERTS;Verts maternelles;batman;05/02/2025;1;0.017374;0;0.183462;0;0;
E04;Eteindre les appareils électriques lorsqu'on ne s'en sert pas (Télé, ordinateur...);Electricité;VERTS;Verts maternelles;batman;05/02/2025;1;0.15988;0;1;0;0;
C01;Eteindre les lumières quand on quitte une pièce ou si il fait jour dehors;Electricité;VERTS;Verts maternelles;batman;05/02/2025;1;13.7935;0;0;0;0;
D05;Récupérer l'eau de pluie pour arroser;Eau;VERTS;Verts maternelles;batman;05/02/2025;1;0.000239;0;0.134615;35;0;
D10;Couper l’eau quand on se savonne les mains;Eau;VERTS;Verts maternelles;batman;05/02/2025;1;0.54243;0;0.21;12.6;0;
W02;Ne pas gaspiller l'eau de son verre;Eau;VERTS;Verts maternelles;batman;05/02/2025;1;0.05;28;0;35;0;
D09;Eviter de prendre des bains (préférer la douche rapide);Eau;VERTS;Verts maternelles;batman;05/02/2025;1;0.0623;0;1.75;357;0;
E08;Fermer le robinet quand on se brosse les dents;Eau;VERTS;Verts maternelles;batman;05/02/2025;1;0.000173;0;0;28;0;
T06;Ne pas tuer les petites bêtes et les remettre dehors (c'est la nourriture de oiseaux);Biodiversité;VERTS;Verts maternelles;batman;05/02/2025;1;1.518;0;0;0;0;
T04;Acheter des produits avec moins d'emballages (éviter emballages individuels);Courses;VERTS;Verts maternelles;batman;05/02/2025;1;0.506;0;0;0;34.86;
W03;Préférer les produits réutilisables plutôt que jetables;Courses;VERTS;Verts maternelles;batman;05/02/2025;1;0.004964;12.6;0;0;0;
E01;Acheter juste ce dont on a besoin;Courses;VERTS;Verts maternelles;batman;05/02/2025;1;0.027408;0;0;0;0.134615385;
E08;Acheter des fruits ou légumes de saison;Courses;VERTS;Verts maternelles;batman;05/02/2025;1;0.000173;0;0;0;0;
D06;Acheter d’occasion plutôt que neuf;Courses;VERTS;Verts maternelles;batman;05/02/2025;1;0.017374;0;0.183462;0;0.134615385;
D11;Ne pas prendre sa voiture si c'est possble : préférer la marche et le vélo (pour les petits trajets), le covoiturage…;Transport;VERTS;Verts maternelles;belle;05/02/2025;1;0.38;0;0.67;0;0;
W04;Fermer ses volets quand il fait froid et nuit;Electricité;VERTS;Verts maternelles;belle;05/02/2025;1;0.006501;16.5;0;0;0;
D06;Réduire son temps devant les écrans (Télé, ordinateurs, tablette, jeux vidéos...);Electricité;VERTS;Verts maternelles;belle;05/02/2025;1;0.017374;0;0.183462;0;0;
E04;Eteindre les appareils électriques lorsqu'on ne s'en sert pas (Télé, ordinateur...);Electricité;VERTS;Verts maternelles;belle;05/02/2025;1;0.15988;0;1;0;0;
D10;Couper l’eau quand on se savonne les mains;Eau;VERTS;Verts maternelles;belle;05/02/2025;1;0.54243;0;0.21;12.6;0;
W02;Ne pas gaspiller l'eau de son verre;Eau;VERTS;Verts maternelles;belle;05/02/2025;1;0.05;28;0;35;0;
D09;Eviter de prendre des bains (préférer la douche rapide);Eau;VERTS;Verts maternelles;belle;05/02/2025;1;0.0623;0;1.75;357;0;
E08;Fermer le robinet quand on se brosse les dents;Eau;VERTS;Verts maternelles;belle;05/02/2025;1;0.000173;0;0;28;0;
C01;Eteindre les lumières quand on quitte une pièce ou si il fait jour dehors;Electricité;VERTS;Verts maternelles;belle;05/02/2025;1;13.7935;0;0;0;0;
D11;Ne pas prendre sa voiture si c'est possble : préférer la marche et le vélo (pour les petits trajets), le covoiturage…;Transport;VERTS;Verts maternelles;dragon;06/02/2025;1;0.38;0;0.67;0;0;
D06;Réduire son temps devant les écrans (Télé, ordinateurs, tablette, jeux vidéos...);Electricité;VERTS;Verts maternelles;dragon;06/02/2025;1;0.017374;0;0.183462;0;0;
C01;Eteindre les lumières quand on quitte une pièce ou si il fait jour dehors;Electricité;VERTS;Verts maternelles;dragon;06/02/2025;1;13.7935;0;0;0;0;
D10;Couper l’eau quand on se savonne les mains;Eau;VERTS;Verts maternelles;dragon;06/02/2025;1;0.54243;0;0.21;12.6;0;
D09;Eviter de prendre des bains (préférer la douche rapide);Eau;VERTS;Verts maternelles;dragon;06/02/2025;1;0.0623;0;1.75;357;0;
T06;Ne pas tuer les petites bêtes et les remettre dehors (c'est la nourriture de oiseaux);Biodiversité;VERTS;Verts maternelles;dragon;06/02/2025;1;1.518;0;0;0;0;
D06;Acheter d’occasion plutôt que neuf;Courses;VERTS;Verts maternelles;dragon;06/02/2025;1;0.017374;0;0.183462;0;0.134615385;
E01;Acheter juste ce dont on a besoin;Courses;VERTS;Verts maternelles;dragon;06/02/2025;1;0.027408;0;0;0;0.134615385;
E03;Acheter des produits recyclables et utiliser les bacs de tri;Déchets;VERTS;Verts maternelles;dragon;06/02/2025;1;0.15988;0;0;0;0;
D02;Tout manger ce qu'il y a dans nos assiettes (cantine, maison);Déchets;VERTS;Verts maternelles;dragon;06/02/2025;1;2.453511;0;1.390385;0;1.390384615;
D11;Ne pas prendre sa voiture si c'est possble : préférer la marche et le vélo (pour les petits trajets), le covoiturage…;Transport;VERTS;Verts maternelles;mario;06/02/2025;1;0.38;0;0.67;0;0;
D06;Réduire son temps devant les écrans (Télé, ordinateurs, tablette, jeux vidéos...);Electricité;VERTS;Verts maternelles;mario;06/02/2025;1;0.017374;0;0.183462;0;0;
D05;Récupérer l'eau de pluie pour arroser;Eau;VERTS;Verts maternelles;mario;06/02/2025;1;0.000239;0;0.134615;35;0;
W02;Ne pas gaspiller l'eau de son verre;Eau;VERTS;Verts maternelles;mario;06/02/2025;1;0.05;28;0;35;0;
E08;Fermer le robinet quand on se brosse les dents;Eau;VERTS;Verts maternelles;mario;06/02/2025;1;0.000173;0;0;28;0;
T04;Acheter des produits avec moins d'emballages (éviter emballages individuels);Courses;VERTS;Verts maternelles;mario;06/02/2025;1;0.506;0;0;0;34.86;
E01;Acheter juste ce dont on a besoin;Courses;VERTS;Verts maternelles;mario;06/02/2025;1;0.027408;0;0;0;0.134615385;
W03;Préférer les produits réutilisables plutôt que jetables;Courses;VERTS;Verts maternelles;mario;06/02/2025;1;0.004964;12.6;0;0;0;
E03;Acheter des produits recyclables et utiliser les bacs de tri;Déchets;VERTS;Verts maternelles;mario;06/02/2025;1;0.15988;0;0;0;0;
E08;Ramasser les papiers et les déchets par terre pour les mettre à la poubelle;Déchets;VERTS;Verts maternelles;mario;06/02/2025;1;0.000173;0;0;0;0.1;
T04;Acheter des produits avec moins d'emballages (éviter emballages individuels);Courses;VERTS;Verts maternelles;heros;06/02/2025;1;0.506;0;0;0;34.86;
D05;Récupérer l'eau de pluie pour arroser;Eau;VERTS;Verts maternelles;heros;06/02/2025;1;0.000239;0;0.134615;35;0;
D10;Couper l’eau quand on se savonne les mains;Eau;VERTS;Verts maternelles;raya;07/02/2025;1;0.54243;0;0.21;12.6;0;
D09;Eviter de prendre des bains (préférer la douche rapide);Eau;VERTS;Verts maternelles;raya;07/02/2025;1;0.0623;0;1.75;357;0;
D11;Ne pas prendre sa voiture si c'est possble : préférer la marche et le vélo (pour les petits trajets), le covoiturage…;Transport;VERTS;Verts maternelles;raya;07/02/2025;1;0.38;0;0.67;0;0;
D06;Réduire son temps devant les écrans (Télé, ordinateurs, tablette, jeux vidéos...);Electricité;VERTS;Verts maternelles;raya;07/02/2025;1;0.017374;0;0.183462;0;0;
C01;Eteindre les lumières quand on quitte une pièce ou si il fait jour dehors;Electricité;VERTS;Verts maternelles;raya;07/02/2025;1;13.7935;0;0;0;0;
D11;Ne pas prendre sa voiture si c'est possble : préférer la marche et le vélo (pour les petits trajets), le covoiturage…;Transport;VERTS;Verts maternelles;mario;12/01/2025;1;0.38;0;0.67;0;0;
E04;Eteindre les appareils électriques lorsqu'on ne s'en sert pas (Télé, ordinateur...);Electricité;VERTS;Verts maternelles;mario;12/01/2025;1;0.15988;0;1;0;0;
D10;Couper l’eau quand on se savonne les mains;Eau;VERTS;Verts maternelles;mario;12/01/2025;1;0.54243;0;0.21;12.6;0;
T06;Ne pas tuer les petites bêtes et les remettre dehors (c'est la nourriture de oiseaux);Biodiversité;VERTS;Verts maternelles;mario;12/01/2025;1;1.518;0;0;0;0;
D06;Acheter d’occasion plutôt que neuf;Courses;VERTS;Verts maternelles;mario;12/01/2025;1;0.017374;0;0.183462;0;0.134615385;
E08;Ramasser les papiers et les déchets par terre pour les mettre à la poubelle;Déchets;VERTS;Verts maternelles;mario;12/01/2025;1;0.000173;0;0;0;0.1;
D06;Réduire son temps devant les écrans (Télé, ordinateurs, tablette, jeux vidéos...);Electricité;VERTS;Verts maternelles;heros;13/01/2025;1;0.017374;0;0.183462;0;0;
C01;Eteindre les lumières quand on quitte une pièce ou si il fait jour dehors;Electricité;VERTS;Verts maternelles;heros;13/01/2025;1;13.7935;0;0;0;0;
D10;Couper l’eau quand on se savonne les mains;Eau;VERTS;Verts maternelles;heros;13/01/2025;1;0.54243;0;0.21;12.6;0;
W02;Ne pas gaspiller l'eau de son verre;Eau;VERTS;Verts maternelles;heros;13/01/2025;1;0.05;28;0;35;0;
D09;Eviter de prendre des bains (préférer la douche rapide);Eau;VERTS;Verts maternelles;heros;13/01/2025;1;0.0623;0;1.75;357;0;
T06;Ne pas tuer les petites bêtes et les remettre dehors (c'est la nourriture de oiseaux);Biodiversité;VERTS;Verts maternelles;heros;13/01/2025;1;1.518;0;0;0;0;
D06;Acheter d’occasion plutôt que neuf;Courses;VERTS;Verts maternelles;heros;13/01/2025;1;0.017374;0;0.183462;0;0.134615385;
W03;Préférer les produits réutilisables plutôt que jetables;Courses;VERTS;Verts maternelles;heros;13/01/2025;1;0.004964;12.6;0;0;0;
E01;Acheter juste ce dont on a besoin;Courses;VERTS;Verts maternelles;heros;13/01/2025;1;0.027408;0;0;0;0.134615385;
E08;Acheter des fruits ou légumes de saison;Courses;VERTS;Verts maternelles;heros;13/01/2025;1;0.000173;0;0;0;0;
E03;Acheter des produits recyclables et utiliser les bacs de tri;Déchets;VERTS;Verts maternelles;heros;13/01/2025;1;0.15988;0;0;0;0;
D02;Tout manger ce qu'il y a dans nos assiettes (cantine, maison);Déchets;VERTS;Verts maternelles;heros;13/01/2025;1;2.453511;0;1.390385;0;1.390384615;
D11;Ne pas prendre sa voiture si c'est possble : préférer la marche et le vélo (pour les petits trajets), le covoiturage…;Transport;VERTS;Verts maternelles;heros;13/01/2025;1;0.38;0;0.67;0;0;
D11;Ne pas prendre sa voiture si c'est possble : préférer la marche et le vélo (pour les petits trajets), le covoiturage…;Transport;VERTS;Verts maternelles;ninja;13/01/2025;1;0.38;0;0.67;0;0;
W04;Fermer ses volets quand il fait froid et nuit;Electricité;VERTS;Verts maternelles;ninja;13/01/2025;1;0.006501;16.5;0;0;0;
D06;Réduire son temps devant les écrans (Télé, ordinateurs, tablette, jeux vidéos...);Electricité;VERTS;Verts maternelles;ninja;13/01/2025;1;0.017374;0;0.183462;0;0;
E04;Eteindre les appareils électriques lorsqu'on ne s'en sert pas (Télé, ordinateur...);Electricité;VERTS;Verts maternelles;ninja;13/01/2025;1;0.15988;0;1;0;0;
C01;Eteindre les lumières quand on quitte une pièce ou si il fait jour dehors;Electricité;VERTS;Verts maternelles;ninja;13/01/2025;1;13.7935;0;0;0;0;
D10;Couper l’eau quand on se savonne les mains;Eau;VERTS;Verts maternelles;ninja;13/01/2025;1;0.54243;0;0.21;12.6;0;
W02;Ne pas gaspiller l'eau de son verre;Eau;VERTS;Verts maternelles;ninja;13/01/2025;1;0.05;28;0;35;0;
D09;Eviter de prendre des bains (préférer la douche rapide);Eau;VERTS;Verts maternelles;ninja;13/01/2025;1;0.0623;0;1.75;357;0;
E08;Fermer le robinet quand on se brosse les dents;Eau;VERTS;Verts maternelles;ninja;13/01/2025;1;0.000173;0;0;28;0;
T06;Ne pas tuer les petites bêtes et les remettre dehors (c'est la nourriture de oiseaux);Biodiversité;VERTS;Verts maternelles;ninja;13/01/2025;1;1.518;0;0;0;0;
T04;Acheter des produits avec moins d'emballages (éviter emballages individuels);Courses;VERTS;Verts maternelles;ninja;13/01/2025;1;0.506;0;0;0;34.86;
D06;Acheter d’occasion plutôt que neuf;Courses;VERTS;Verts maternelles;ninja;13/01/2025;1;0.017374;0;0.183462;0;0.134615385;
W03;Préférer les produits réutilisables plutôt que jetables;Courses;VERTS;Verts maternelles;ninja;13/01/2025;1;0.004964;12.6;0;0;0;
E01;Acheter juste ce dont on a besoin;Courses;VERTS;Verts maternelles;ninja;13/01/2025;1;0.027408;0;0;0;0.134615385;
E08;Acheter des fruits ou légumes de saison;Courses;VERTS;Verts maternelles;ninja;13/01/2025;1;0.000173;0;0;0;0;
E03;Acheter des produits recyclables et utiliser les bacs de tri;Déchets;VERTS;Verts maternelles;ninja;13/01/2025;1;0.15988;0;0;0;0;
E08;Ramasser les papiers et les déchets par terre pour les mettre à la poubelle;Déchets;VERTS;Verts maternelles;ninja;13/01/2025;1;0.000173;0;0;0;0.1;
D02;Tout manger ce qu'il y a dans nos assiettes (cantine, maison);Déchets;VERTS;Verts maternelles;ninja;13/01/2025;1;2.453511;0;1.390385;0;1.390384615;
D11;Ne pas prendre sa voiture si c'est possble : préférer la marche et le vélo (pour les petits trajets), le covoiturage…;Transport;VERTS;Verts maternelles;hulk;13/01/2025;1;0.38;0;0.67;0;0;
E03;Acheter des produits recyclables et utiliser les bacs de tri;Déchets;VERTS;Verts maternelles;hulk;13/01/2025;1;0.15988;0;0;0;0;
E08;Ramasser les papiers et les déchets par terre pour les mettre à la poubelle;Déchets;VERTS;Verts maternelles;hulk;13/01/2025;1;0.000173;0;0;0;0.1;
D02;Tout manger ce qu'il y a dans nos assiettes (cantine, maison);Déchets;VERTS;Verts maternelles;hulk;13/01/2025;1;2.453511;0;1.390385;0;1.390384615;
W04;Fermer ses volets quand il fait froid et nuit;Electricité;VERTS;Verts maternelles;hulk;13/01/2025;1;0.006501;16.5;0;0;0;
E04;Eteindre les appareils électriques lorsqu'on ne s'en sert pas (Télé, ordinateur...);Electricité;VERTS;Verts maternelles;hulk;13/01/2025;1;0.15988;0;1;0;0;
D06;Réduire son temps devant les écrans (Télé, ordinateurs, tablette, jeux vidéos...);Electricité;VERTS;Verts maternelles;hulk;13/01/2025;1;0.017374;0;0.183462;0;0;
C01;Eteindre les lumières quand on quitte une pièce ou si il fait jour dehors;Electricité;VERTS;Verts maternelles;hulk;13/01/2025;1;13.7935;0;0;0;0;
D05;Récupérer l'eau de pluie pour arroser;Eau;VERTS;Verts maternelles;hulk;13/01/2025;1;0.000239;0;0.134615;35;0;
D10;Couper l’eau quand on se savonne les mains;Eau;VERTS;Verts maternelles;hulk;13/01/2025;1;0.54243;0;0.21;12.6;0;
W02;Ne pas gaspiller l'eau de son verre;Eau;VERTS;Verts maternelles;hulk;13/01/2025;1;0.05;28;0;35;0;
D09;Eviter de prendre des bains (préférer la douche rapide);Eau;VERTS;Verts maternelles;hulk;13/01/2025;1;0.0623;0;1.75;357;0;
E08;Fermer le robinet quand on se brosse les dents;Eau;VERTS;Verts maternelles;hulk;13/01/2025;1;0.000173;0;0;28;0;
T06;Ne pas tuer les petites bêtes et les remettre dehors (c'est la nourriture de oiseaux);Biodiversité;VERTS;Verts maternelles;hulk;13/01/2025;1;1.518;0;0;0;0;
D06;Acheter d’occasion plutôt que neuf;Courses;VERTS;Verts maternelles;hulk;13/01/2025;1;0.017374;0;0.183462;0;0.134615385;
W03;Préférer les produits réutilisables plutôt que jetables;Courses;VERTS;Verts maternelles;hulk;13/01/2025;1;0.004964;12.6;0;0;0;
E01;Acheter juste ce dont on a besoin;Courses;VERTS;Verts maternelles;hulk;13/01/2025;1;0.027408;0;0;0;0.134615385;
E08;Acheter des fruits ou légumes de saison;Courses;VERTS;Verts maternelles;hulk;13/01/2025;1;0.000173;0;0;0;0;
T04;Acheter des produits avec moins d'emballages (éviter emballages individuels);Courses;VERTS;Verts maternelles;hulk;13/01/2025;1;0.506;0;0;0;34.86;
W04;Fermer ses volets quand il fait froid et nuit;Electricité;VERTS;Verts maternelles;rebelle;15/01/2025;1;0.006501;16.5;0;0;0;
E04;Eteindre les appareils électriques lorsqu'on ne s'en sert pas (Télé, ordinateur...);Electricité;VERTS;Verts maternelles;rebelle;15/01/2025;1;0.15988;0;1;0;0;
C01;Eteindre les lumières quand on quitte une pièce ou si il fait jour dehors;Electricité;VERTS;Verts maternelles;rebelle;15/01/2025;1;13.7935;0;0;0;0;
D10;Couper l’eau quand on se savonne les mains;Eau;VERTS;Verts maternelles;rebelle;15/01/2025;1;0.54243;0;0.21;12.6;0;
W02;Ne pas gaspiller l'eau de son verre;Eau;VERTS;Verts maternelles;rebelle;15/01/2025;1;0.05;28;0;35;0;
D09;Eviter de prendre des bains (préférer la douche rapide);Eau;VERTS;Verts maternelles;rebelle;15/01/2025;1;0.0623;0;1.75;357;0;
E08;Fermer le robinet quand on se brosse les dents;Eau;VERTS;Verts maternelles;rebelle;15/01/2025;1;0.000173;0;0;28;0;
T06;Ne pas tuer les petites bêtes et les remettre dehors (c'est la nourriture de oiseaux);Biodiversité;VERTS;Verts maternelles;rebelle;15/01/2025;1;1.518;0;0;0;0;
D06;Acheter d’occasion plutôt que neuf;Courses;VERTS;Verts maternelles;rebelle;15/01/2025;1;0.017374;0;0.183462;0;0.134615385;
W03;Préférer les produits réutilisables plutôt que jetables;Courses;VERTS;Verts maternelles;rebelle;15/01/2025;1;0.004964;12.6;0;0;0;
E08;Acheter des fruits ou légumes de saison;Courses;VERTS;Verts maternelles;rebelle;15/01/2025;1;0.000173;0;0;0;0;
E03;Acheter des produits recyclables et utiliser les bacs de tri;Déchets;VERTS;Verts maternelles;rebelle;15/01/2025;1;0.15988;0;0;0;0;
D11;Ne pas prendre sa voiture si c'est possble : préférer la marche et le vélo (pour les petits trajets), le covoiturage…;Transport;VERTS;Verts maternelles;dragon;16/01/2025;1;0.38;0;0.67;0;0;
W04;Fermer ses volets quand il fait froid et nuit;Electricité;VERTS;Verts maternelles;dragon;16/01/2025;1;0.006501;16.5;0;0;0;
D06;Réduire son temps devant les écrans (Télé, ordinateurs, tablette, jeux vidéos...);Electricité;VERTS;Verts maternelles;dragon;16/01/2025;1;0.017374;0;0.183462;0;0;
E04;Eteindre les appareils électriques lorsqu'on ne s'en sert pas (Télé, ordinateur...);Electricité;VERTS;Verts maternelles;dragon;16/01/2025;1;0.15988;0;1;0;0;
C01;Eteindre les lumières quand on quitte une pièce ou si il fait jour dehors;Electricité;VERTS;Verts maternelles;dragon;16/01/2025;1;13.7935;0;0;0;0;
D05;Récupérer l'eau de pluie pour arroser;Eau;VERTS;Verts maternelles;dragon;16/01/2025;1;0.000239;0;0.134615;35;0;
D10;Couper l’eau quand on se savonne les mains;Eau;VERTS;Verts maternelles;dragon;16/01/2025;1;0.54243;0;0.21;12.6;0;
W02;Ne pas gaspiller l'eau de son verre;Eau;VERTS;Verts maternelles;dragon;16/01/2025;1;0.05;28;0;35;0;
D09;Eviter de prendre des bains (préférer la douche rapide);Eau;VERTS;Verts maternelles;dragon;16/01/2025;1;0.0623;0;1.75;357;0;
E08;Fermer le robinet quand on se brosse les dents;Eau;VERTS;Verts maternelles;dragon;16/01/2025;1;0.000173;0;0;28;0;
T04;Acheter des produits avec moins d'emballages (éviter emballages individuels);Courses;VERTS;Verts maternelles;dragon;16/01/2025;1;0.506;0;0;0;34.86;
W03;Préférer les produits réutilisables plutôt que jetables;Courses;VERTS;Verts maternelles;dragon;16/01/2025;1;0.004964;12.6;0;0;0;
E08;Acheter des fruits ou légumes de saison;Courses;VERTS;Verts maternelles;dragon;16/01/2025;1;0.000173;0;0;0;0;
E08;Ramasser les papiers et les déchets par terre pour les mettre à la poubelle;Déchets;VERTS;Verts maternelles;dragon;16/01/2025;1;0.000173;0;0;0;0.1;
D11;Ne pas prendre sa voiture si c'est possble : préférer la marche et le vélo (pour les petits trajets), le covoiturage…;Transport;VERTS;Verts maternelles;raya;16/01/2025;1;0.38;0;0.67;0;0;
D06;Réduire son temps devant les écrans (Télé, ordinateurs, tablette, jeux vidéos...);Electricité;VERTS;Verts maternelles;raya;16/01/2025;1;0.017374;0;0.183462;0;0;
C01;Eteindre les lumières quand on quitte une pièce ou si il fait jour dehors;Electricité;VERTS;Verts maternelles;raya;16/01/2025;1;13.7935;0;0;0;0;
W02;Ne pas gaspiller l'eau de son verre;Eau;VERTS;Verts maternelles;raya;16/01/2025;1;0.05;28;0;35;0;
E08;Fermer le robinet quand on se brosse les dents;Eau;VERTS;Verts maternelles;raya;16/01/2025;1;0.000173;0;0;28;0;
D06;Acheter d’occasion plutôt que neuf;Courses;VERTS;Verts maternelles;raya;16/01/2025;1;0.017374;0;0.183462;0;0.134615385;
T04;Acheter des produits avec moins d'emballages (éviter emballages individuels);Courses;VERTS;Verts maternelles;raya;07/02/2025;1;0.506;0;0;0;34.86;
D11;Ne pas prendre sa voiture si c'est possble : préférer la marche et le vélo (pour les petits trajets), le covoiturage…;Transport;VERTS;Verts maternelles;patpatrouille;26/01/2025;1;0.38;0;0.67;0;0;
W03;Préférer les produits réutilisables plutôt que jetables;Courses;VERTS;Verts maternelles;raya;07/02/2025;1;0.004964;12.6;0;0;0;
E04;Eteindre les appareils électriques lorsqu'on ne s'en sert pas (Télé, ordinateur...);Electricité;VERTS;Verts maternelles;patpatrouille;26/01/2025;1;0.15988;0;1;0;0;
D05;Récupérer l'eau de pluie pour arroser;Eau;VERTS;Verts maternelles;patpatrouille;26/01/2025;1;0.000239;0;0.134615;35;0;
E08;Acheter des fruits ou légumes de saison;Courses;VERTS;Verts maternelles;raya;07/02/2025;1;0.000173;0;0;0;0;
W02;Ne pas gaspiller l'eau de son verre;Eau;VERTS;Verts maternelles;patpatrouille;26/01/2025;1;0.05;28;0;35;0;
E08;Ramasser les papiers et les déchets par terre pour les mettre à la poubelle;Déchets;VERTS;Verts maternelles;raya;07/02/2025;1;0.000173;0;0;0;0.1;
D09;Eviter de prendre des bains (préférer la douche rapide);Eau;VERTS;Verts maternelles;patpatrouille;26/01/2025;1;0.0623;0;1.75;357;0;
E08;Fermer le robinet quand on se brosse les dents;Eau;VERTS;Verts maternelles;patpatrouille;26/01/2025;1;0.000173;0;0;28;0;
T06;Ne pas tuer les petites bêtes et les remettre dehors (c'est la nourriture de oiseaux);Biodiversité;VERTS;Verts maternelles;patpatrouille;26/01/2025;1;1.518;0;0;0;0;
D06;Acheter d’occasion plutôt que neuf;Courses;VERTS;Verts maternelles;patpatrouille;26/01/2025;1;0.017374;0;0.183462;0;0.134615385;
E01;Acheter juste ce dont on a besoin;Courses;VERTS;Verts maternelles;patpatrouille;26/01/2025;1;0.027408;0;0;0;0.134615385;
D02;Tout manger ce qu'il y a dans nos assiettes (cantine, maison);Déchets;VERTS;Verts maternelles;patpatrouille;26/01/2025;1;2.453511;0;1.390385;0;1.390384615;
W04;Fermer ses volets quand il fait froid et nuit;Electricité;VERTS;Verts maternelles;mario;27/01/2025;1;0.006501;16.5;0;0;0;
E04;Eteindre les appareils électriques lorsqu'on ne s'en sert pas (Télé, ordinateur...);Electricité;VERTS;Verts maternelles;mario;27/01/2025;1;0.15988;0;1;0;0;
D10;Couper l’eau quand on se savonne les mains;Eau;VERTS;Verts maternelles;mario;27/01/2025;1;0.54243;0;0.21;12.6;0;
D09;Eviter de prendre des bains (préférer la douche rapide);Eau;VERTS;Verts maternelles;mario;27/01/2025;1;0.0623;0;1.75;357;0;
T06;Ne pas tuer les petites bêtes et les remettre dehors (c'est la nourriture de oiseaux);Biodiversité;VERTS;Verts maternelles;mario;27/01/2025;1;1.518;0;0;0;0;
E01;Acheter juste ce dont on a besoin;Courses;VERTS;Verts maternelles;mario;27/01/2025;1;0.027408;0;0;0;0.134615385;
E03;Acheter des produits recyclables et utiliser les bacs de tri;Déchets;VERTS;Verts maternelles;mario;27/01/2025;1;0.15988;0;0;0;0;
D02;Tout manger ce qu'il y a dans nos assiettes (cantine, maison);Déchets;VERTS;Verts maternelles;mario;27/01/2025;1;2.453511;0;1.390385;0;1.390384615;
W04;Fermer ses volets quand il fait froid et nuit;Electricité;VERTS;Verts maternelles;panthere;05/02/2025;1;0.006501;16.5;0;0;0;
E04;Eteindre les appareils électriques lorsqu'on ne s'en sert pas (Télé, ordinateur...);Electricité;VERTS;Verts maternelles;panthere;05/02/2025;1;0.15988;0;1;0;0;
D10;Couper l’eau quand on se savonne les mains;Eau;VERTS;Verts maternelles;panthere;05/02/2025;1;0.54243;0;0.21;12.6;0;
D11;Ne pas prendre sa voiture si c'est possble : préférer la marche et le vélo (pour les petits trajets), le covoiturage…;Transport;VERTS;Verts maternelles;vaiana;07/02/2025;1;0.38;0;0.67;0;0;
E04;Eteindre les appareils électriques lorsqu'on ne s'en sert pas (Télé, ordinateur...);Electricité;VERTS;Verts maternelles;vaiana;07/02/2025;1;0.15988;0;1;0;0;
D05;Récupérer l'eau de pluie pour arroser;Eau;VERTS;Verts maternelles;vaiana;07/02/2025;1;0.000239;0;0.134615;35;0;
W02;Ne pas gaspiller l'eau de son verre;Eau;VERTS;Verts maternelles;vaiana;07/02/2025;1;0.05;28;0;35;0;
E08;Fermer le robinet quand on se brosse les dents;Eau;VERTS;Verts maternelles;vaiana;07/02/2025;1;0.000173;0;0;28;0;
T04;Acheter des produits avec moins d'emballages (éviter emballages individuels);Courses;VERTS;Verts maternelles;vaiana;07/02/2025;1;0.506;0;0;0;34.86;
W03;Préférer les produits réutilisables plutôt que jetables;Courses;VERTS;Verts maternelles;vaiana;07/02/2025;1;0.004964;12.6;0;0;0;
E08;Acheter des fruits ou légumes de saison;Courses;VERTS;Verts maternelles;vaiana;07/02/2025;1;0.000173;0;0;0;0;
D02;Tout manger ce qu'il y a dans nos assiettes (cantine, maison);Déchets;VERTS;Verts maternelles;vaiana;07/02/2025;1;2.453511;0;1.390385;0;1.390384615;
T06;Ne pas tuer les petites bêtes et les remettre dehors (c'est la nourriture de oiseaux);Biodiversité;VERTS;Verts maternelles;dragon;16/01/2025;1;1.518;0;0;0;0;
D06;Acheter d’occasion plutôt que neuf;Courses;VERTS;Verts maternelles;dragon;16/01/2025;1;0.017374;0;0.183462;0;0.134615385;
E01;Acheter juste ce dont on a besoin;Courses;VERTS;Verts maternelles;dragon;16/01/2025;1;0.027408;0;0;0;0.134615385;
E03;Acheter des produits recyclables et utiliser les bacs de tri;Déchets;VERTS;Verts maternelles;dragon;16/01/2025;1;0.15988;0;0;0;0;
D02;Tout manger ce qu'il y a dans nos assiettes (cantine, maison);Déchets;VERTS;Verts maternelles;dragon;16/01/2025;1;2.453511;0;1.390385;0;1.390384615;
W04;Fermer ses volets quand il fait froid et nuit;Electricité;VERTS;Verts maternelles;raya;16/01/2025;1;0.006501;16.5;0;0;0;
E04;Eteindre les appareils électriques lorsqu'on ne s'en sert pas (Télé, ordinateur...);Electricité;VERTS;Verts maternelles;raya;16/01/2025;1;0.15988;0;1;0;0;
D10;Couper l’eau quand on se savonne les mains;Eau;VERTS;Verts maternelles;raya;16/01/2025;1;0.54243;0;0.21;12.6;0;
D09;Eviter de prendre des bains (préférer la douche rapide);Eau;VERTS;Verts maternelles;raya;16/01/2025;1;0.0623;0;1.75;357;0;
T06;Ne pas tuer les petites bêtes et les remettre dehors (c'est la nourriture de oiseaux);Biodiversité;VERTS;Verts maternelles;raya;16/01/2025;1;1.518;0;0;0;0;
W03;Préférer les produits réutilisables plutôt que jetables;Courses;VERTS;Verts maternelles;raya;16/01/2025;1;0.004964;12.6;0;0;0;
E01;Acheter juste ce dont on a besoin;Courses;VERTS;Verts maternelles;raya;16/01/2025;1;0.027408;0;0;0;0.134615385;
E08;Acheter des fruits ou légumes de saison;Courses;VERTS;Verts maternelles;raya;16/01/2025;1;0.000173;0;0;0;0;
E03;Acheter des produits recyclables et utiliser les bacs de tri;Déchets;VERTS;Verts maternelles;raya;16/01/2025;1;0.15988;0;0;0;0;
E08;Ramasser les papiers et les déchets par terre pour les mettre à la poubelle;Déchets;VERTS;Verts maternelles;raya;16/01/2025;1;0.000173;0;0;0;0.1;
D02;Tout manger ce qu'il y a dans nos assiettes (cantine, maison);Déchets;VERTS;Verts maternelles;raya;16/01/2025;1;2.453511;0;1.390385;0;1.390384615;
E08;Ramasser les papiers et les déchets par terre pour les mettre à la poubelle;Déchets;VERTS;Verts maternelles;superman;17/01/2025;1;0.000173;0;0;0;0.1;
D02;Tout manger ce qu'il y a dans nos assiettes (cantine, maison);Déchets;VERTS;Verts maternelles;superman;17/01/2025;1;2.453511;0;1.390385;0;1.390384615;
T06;Ne pas tuer les petites bêtes et les remettre dehors (c'est la nourriture de oiseaux);Biodiversité;VERTS;Verts maternelles;superman;17/01/2025;1;1.518;0;0;0;0;
E08;Fermer le robinet quand on se brosse les dents;Eau;VERTS;Verts maternelles;superman;17/01/2025;1;0.000173;0;0;28;0;
W04;Fermer ses volets quand il fait froid et nuit;Electricité;VERTS;Verts maternelles;superman;17/01/2025;1;0.006501;16.5;0;0;0;
D06;Réduire son temps devant les écrans (Télé, ordinateurs, tablette, jeux vidéos...);Electricité;VERTS;Verts maternelles;superman;17/01/2025;1;0.017374;0;0.183462;0;0;
E03;Acheter des produits recyclables et utiliser les bacs de tri;Déchets;VERTS;Verts maternelles;superman;17/01/2025;1;0.15988;0;0;0;0;
E08;Ramasser les papiers et les déchets par terre pour les mettre à la poubelle;Déchets;VERTS;Verts maternelles;heros;17/01/2025;1;0.000173;0;0;0;0.1;
W04;Fermer ses volets quand il fait froid et nuit;Electricité;VERTS;Verts maternelles;patpatrouille;26/01/2025;1;0.006501;16.5;0;0;0;
C01;Eteindre les lumières quand on quitte une pièce ou si il fait jour dehors;Electricité;VERTS;Verts maternelles;patpatrouille;26/01/2025;1;13.7935;0;0;0;0;
D10;Couper l’eau quand on se savonne les mains;Eau;VERTS;Verts maternelles;patpatrouille;26/01/2025;1;0.54243;0;0.21;12.6;0;
T04;Acheter des produits avec moins d'emballages (éviter emballages individuels);Courses;VERTS;Verts maternelles;patpatrouille;26/01/2025;1;0.506;0;0;0;34.86;
W03;Préférer les produits réutilisables plutôt que jetables;Courses;VERTS;Verts maternelles;patpatrouille;26/01/2025;1;0.004964;12.6;0;0;0;
E08;Acheter des fruits ou légumes de saison;Courses;VERTS;Verts maternelles;patpatrouille;26/01/2025;1;0.000173;0;0;0;0;
E03;Acheter des produits recyclables et utiliser les bacs de tri;Déchets;VERTS;Verts maternelles;patpatrouille;26/01/2025;1;0.15988;0;0;0;0;
E08;Ramasser les papiers et les déchets par terre pour les mettre à la poubelle;Déchets;VERTS;Verts maternelles;patpatrouille;26/01/2025;1;0.000173;0;0;0;0.1;
D11;Ne pas prendre sa voiture si c'est possble : préférer la marche et le vélo (pour les petits trajets), le covoiturage…;Transport;VERTS;Verts maternelles;mario;27/01/2025;1;0.38;0;0.67;0;0;
D06;Réduire son temps devant les écrans (Télé, ordinateurs, tablette, jeux vidéos...);Electricité;VERTS;Verts maternelles;mario;27/01/2025;1;0.017374;0;0.183462;0;0;
D05;Récupérer l'eau de pluie pour arroser;Eau;VERTS;Verts maternelles;mario;27/01/2025;1;0.000239;0;0.134615;35;0;
W02;Ne pas gaspiller l'eau de son verre;Eau;VERTS;Verts maternelles;mario;27/01/2025;1;0.05;28;0;35;0;
E08;Fermer le robinet quand on se brosse les dents;Eau;VERTS;Verts maternelles;mario;27/01/2025;1;0.000173;0;0;28;0;
W03;Préférer les produits réutilisables plutôt que jetables;Courses;VERTS;Verts maternelles;mario;27/01/2025;1;0.004964;12.6;0;0;0;
E08;Acheter des fruits ou légumes de saison;Courses;VERTS;Verts maternelles;mario;27/01/2025;1;0.000173;0;0;0;0;
E08;Ramasser les papiers et les déchets par terre pour les mettre à la poubelle;Déchets;VERTS;Verts maternelles;mario;27/01/2025;1;0.000173;0;0;0;0.1;
D02;Tout manger ce qu'il y a dans nos assiettes (cantine, maison);Déchets;VERTS;Verts maternelles;patpatrouille;19/01/2025;1;2.453511;0;1.390385;0;1.390384615;
C01;Eteindre les lumières quand on quitte une pièce ou si il fait jour dehors;Electricité;VERTS;Verts maternelles;patpatrouille;19/01/2025;1;13.7935;0;0;0;0;
E04;Eteindre les appareils électriques lorsqu'on ne s'en sert pas (Télé, ordinateur...);Electricité;VERTS;Verts maternelles;patpatrouille;19/01/2025;1;0.15988;0;1;0;0;
D06;Réduire son temps devant les écrans (Télé, ordinateurs, tablette, jeux vidéos...);Electricité;VERTS;Verts maternelles;patpatrouille;19/01/2025;1;0.017374;0;0.183462;0;0;
W04;Fermer ses volets quand il fait froid et nuit;Electricité;VERTS;Verts maternelles;patpatrouille;19/01/2025;1;0.006501;16.5;0;0;0;
T06;Ne pas tuer les petites bêtes et les remettre dehors (c'est la nourriture de oiseaux);Biodiversité;VERTS;Verts maternelles;patpatrouille;19/01/2025;1;1.518;0;0;0;0;
D10;Couper l’eau quand on se savonne les mains;Eau;VERTS;Verts maternelles;patpatrouille;19/01/2025;1;0.54243;0;0.21;12.6;0;
E08;Fermer le robinet quand on se brosse les dents;Eau;VERTS;Verts maternelles;patpatrouille;19/01/2025;1;0.000173;0;0;28;0;
E08;Acheter des fruits ou légumes de saison;Courses;VERTS;Verts maternelles;patpatrouille;19/01/2025;1;0.000173;0;0;0;0;
E01;Acheter juste ce dont on a besoin;Courses;VERTS;Verts maternelles;patpatrouille;19/01/2025;1;0.027408;0;0;0;0.134615385;
D06;Acheter d’occasion plutôt que neuf;Courses;VERTS;Verts maternelles;patpatrouille;19/01/2025;1;0.017374;0;0.183462;0;0.134615385;
D11;Ne pas prendre sa voiture si c'est possble : préférer la marche et le vélo (pour les petits trajets), le covoiturage…;Transport;VERTS;Verts maternelles;mario;19/01/2025;1;0.38;0;0.67;0;0;
W04;Fermer ses volets quand il fait froid et nuit;Electricité;VERTS;Verts maternelles;mario;19/01/2025;1;0.006501;16.5;0;0;0;
D06;Réduire son temps devant les écrans (Télé, ordinateurs, tablette, jeux vidéos...);Electricité;VERTS;Verts maternelles;mario;19/01/2025;1;0.017374;0;0.183462;0;0;
D05;Récupérer l'eau de pluie pour arroser;Eau;VERTS;Verts maternelles;mario;19/01/2025;1;0.000239;0;0.134615;35;0;
D10;Couper l’eau quand on se savonne les mains;Eau;VERTS;Verts maternelles;mario;19/01/2025;1;0.54243;0;0.21;12.6;0;
W02;Ne pas gaspiller l'eau de son verre;Eau;VERTS;Verts maternelles;mario;19/01/2025;1;0.05;28;0;35;0;
D09;Eviter de prendre des bains (préférer la douche rapide);Eau;VERTS;Verts maternelles;mario;19/01/2025;1;0.0623;0;1.75;357;0;
E08;Fermer le robinet quand on se brosse les dents;Eau;VERTS;Verts maternelles;mario;19/01/2025;1;0.000173;0;0;28;0;
T06;Ne pas tuer les petites bêtes et les remettre dehors (c'est la nourriture de oiseaux);Biodiversité;VERTS;Verts maternelles;mario;19/01/2025;1;1.518;0;0;0;0;
T04;Acheter des produits avec moins d'emballages (éviter emballages individuels);Courses;VERTS;Verts maternelles;mario;19/01/2025;1;0.506;0;0;0;34.86;
D06;Acheter d’occasion plutôt que neuf;Courses;VERTS;Verts maternelles;mario;19/01/2025;1;0.017374;0;0.183462;0;0.134615385;
W03;Préférer les produits réutilisables plutôt que jetables;Courses;VERTS;Verts maternelles;mario;19/01/2025;1;0.004964;12.6;0;0;0;
E08;Acheter des fruits ou légumes de saison;Courses;VERTS;Verts maternelles;mario;19/01/2025;1;0.000173;0;0;0;0;
E01;Acheter juste ce dont on a besoin;Courses;VERTS;Verts maternelles;mario;19/01/2025;1;0.027408;0;0;0;0.134615385;
E03;Acheter des produits recyclables et utiliser les bacs de tri;Déchets;VERTS;Verts maternelles;mario;19/01/2025;1;0.15988;0;0;0;0;
E08;Ramasser les papiers et les déchets par terre pour les mettre à la poubelle;Déchets;VERTS;Verts maternelles;mario;19/01/2025;1;0.000173;0;0;0;0.1;
D02;Tout manger ce qu'il y a dans nos assiettes (cantine, maison);Déchets;VERTS;Verts maternelles;mario;19/01/2025;1;2.453511;0;1.390385;0;1.390384615;
W04;Fermer ses volets quand il fait froid et nuit;Electricité;VERTS;Verts maternelles;raya;23/01/2025;1;0.006501;16.5;0;0;0;
C01;Eteindre les lumières quand on quitte une pièce ou si il fait jour dehors;Electricité;VERTS;Verts maternelles;raya;23/01/2025;1;13.7935;0;0;0;0;
E08;Ramasser les papiers et les déchets par terre pour les mettre à la poubelle;Déchets;VERTS;Verts maternelles;raya;23/01/2025;1;0.000173;0;0;0;0.1;
T04;Acheter des produits avec moins d'emballages (éviter emballages individuels);Courses;VERTS;Verts maternelles;raya;23/01/2025;1;0.506;0;0;0;34.86;
W03;Préférer les produits réutilisables plutôt que jetables;Courses;VERTS;Verts maternelles;raya;23/01/2025;1;0.004964;12.6;0;0;0;
T06;Ne pas tuer les petites bêtes et les remettre dehors (c'est la nourriture de oiseaux);Biodiversité;VERTS;Verts maternelles;raya;23/01/2025;1;1.518;0;0;0;0;
W02;Ne pas gaspiller l'eau de son verre;Eau;VERTS;Verts maternelles;raya;23/01/2025;1;0.05;28;0;35;0;
E08;Fermer le robinet quand on se brosse les dents;Eau;VERTS;Verts maternelles;raya;23/01/2025;1;0.000173;0;0;28;0;
D11;Ne pas prendre sa voiture si c'est possble : préférer la marche et le vélo (pour les petits trajets), le covoiturage…;Transport;VERTS;Verts maternelles;hulk;23/01/2025;1;0.38;0;0.67;0;0;
D06;Réduire son temps devant les écrans (Télé, ordinateurs, tablette, jeux vidéos...);Electricité;VERTS;Verts maternelles;hulk;23/01/2025;1;0.017374;0;0.183462;0;0;
D05;Récupérer l'eau de pluie pour arroser;Eau;VERTS;Verts maternelles;hulk;23/01/2025;1;0.000239;0;0.134615;35;0;
W04;Fermer ses volets quand il fait froid et nuit;Electricité;VERTS;Verts maternelles;vaiana;28/01/2025;1;0.006501;16.5;0;0;0;
D06;Acheter d’occasion plutôt que neuf;Courses;VERTS;Verts maternelles;hulk;23/01/2025;1;0.017374;0;0.183462;0;0.134615385;
E08;Acheter des fruits ou légumes de saison;Courses;VERTS;Verts maternelles;hulk;23/01/2025;1;0.000173;0;0;0;0;
E08;Ramasser les papiers et les déchets par terre pour les mettre à la poubelle;Déchets;VERTS;Verts maternelles;hulk;23/01/2025;1;0.000173;0;0;0;0.1;
W04;Fermer ses volets quand il fait froid et nuit;Electricité;VERTS;Verts maternelles;heros;23/01/2025;1;0.006501;16.5;0;0;0;
E04;Eteindre les appareils électriques lorsqu'on ne s'en sert pas (Télé, ordinateur...);Electricité;VERTS;Verts maternelles;heros;23/01/2025;1;0.15988;0;1;0;0;
D10;Couper l’eau quand on se savonne les mains;Eau;VERTS;Verts maternelles;heros;23/01/2025;1;0.54243;0;0.21;12.6;0;
D09;Eviter de prendre des bains (préférer la douche rapide);Eau;VERTS;Verts maternelles;heros;23/01/2025;1;0.0623;0;1.75;357;0;
T06;Ne pas tuer les petites bêtes et les remettre dehors (c'est la nourriture de oiseaux);Biodiversité;VERTS;Verts maternelles;heros;23/01/2025;1;1.518;0;0;0;0;
E03;Acheter des produits recyclables et utiliser les bacs de tri;Déchets;VERTS;Verts maternelles;heros;23/01/2025;1;0.15988;0;0;0;0;
E08;Ramasser les papiers et les déchets par terre pour les mettre à la poubelle;Déchets;VERTS;Verts maternelles;heros;23/01/2025;1;0.000173;0;0;0;0.1;
W04;Fermer ses volets quand il fait froid et nuit;Electricité;VERTS;Verts maternelles;dragon;23/01/2025;1;0.006501;16.5;0;0;0;
E04;Eteindre les appareils électriques lorsqu'on ne s'en sert pas (Télé, ordinateur...);Electricité;VERTS;Verts maternelles;dragon;23/01/2025;1;0.15988;0;1;0;0;
D05;Récupérer l'eau de pluie pour arroser;Eau;VERTS;Verts maternelles;dragon;23/01/2025;1;0.000239;0;0.134615;35;0;
W02;Ne pas gaspiller l'eau de son verre;Eau;VERTS;Verts maternelles;dragon;23/01/2025;1;0.05;28;0;35;0;
E04;Eteindre les appareils électriques lorsqu'on ne s'en sert pas (Télé, ordinateur...);Electricité;VERTS;Verts maternelles;vaiana;28/01/2025;1;0.15988;0;1;0;0;
D05;Récupérer l'eau de pluie pour arroser;Eau;VERTS;Verts maternelles;vaiana;28/01/2025;1;0.000239;0;0.134615;35;0;
W02;Ne pas gaspiller l'eau de son verre;Eau;VERTS;Verts maternelles;vaiana;28/01/2025;1;0.05;28;0;35;0;
E08;Fermer le robinet quand on se brosse les dents;Eau;VERTS;Verts maternelles;vaiana;28/01/2025;1;0.000173;0;0;28;0;
T04;Acheter des produits avec moins d'emballages (éviter emballages individuels);Courses;VERTS;Verts maternelles;vaiana;28/01/2025;1;0.506;0;0;0;34.86;
W03;Préférer les produits réutilisables plutôt que jetables;Courses;VERTS;Verts maternelles;vaiana;28/01/2025;1;0.004964;12.6;0;0;0;
E03;Acheter des produits recyclables et utiliser les bacs de tri;Déchets;VERTS;Verts maternelles;vaiana;28/01/2025;1;0.15988;0;0;0;0;
D02;Tout manger ce qu'il y a dans nos assiettes (cantine, maison);Déchets;VERTS;Verts maternelles;vaiana;28/01/2025;1;2.453511;0;1.390385;0;1.390384615;
D11;Ne pas prendre sa voiture si c'est possble : préférer la marche et le vélo (pour les petits trajets), le covoiturage…;Transport;VERTS;Verts maternelles;dragon;30/01/2025;1;0.38;0;0.67;0;0;
D06;Réduire son temps devant les écrans (Télé, ordinateurs, tablette, jeux vidéos...);Electricité;VERTS;Verts maternelles;dragon;30/01/2025;1;0.017374;0;0.183462;0;0;
C01;Eteindre les lumières quand on quitte une pièce ou si il fait jour dehors;Electricité;VERTS;Verts maternelles;dragon;30/01/2025;1;13.7935;0;0;0;0;
D10;Couper l’eau quand on se savonne les mains;Eau;VERTS;Verts maternelles;dragon;30/01/2025;1;0.54243;0;0.21;12.6;0;
D09;Eviter de prendre des bains (préférer la douche rapide);Eau;VERTS;Verts maternelles;dragon;30/01/2025;1;0.0623;0;1.75;357;0;
T06;Ne pas tuer les petites bêtes et les remettre dehors (c'est la nourriture de oiseaux);Biodiversité;VERTS;Verts maternelles;dragon;30/01/2025;1;1.518;0;0;0;0;
D06;Acheter d’occasion plutôt que neuf;Courses;VERTS;Verts maternelles;dragon;30/01/2025;1;0.017374;0;0.183462;0;0.134615385;
E01;Acheter juste ce dont on a besoin;Courses;VERTS;Verts maternelles;dragon;30/01/2025;1;0.027408;0;0;0;0.134615385;
E03;Acheter des produits recyclables et utiliser les bacs de tri;Déchets;VERTS;Verts maternelles;dragon;30/01/2025;1;0.15988;0;0;0;0;
D02;Tout manger ce qu'il y a dans nos assiettes (cantine, maison);Déchets;VERTS;Verts maternelles;dragon;30/01/2025;1;2.453511;0;1.390385;0;1.390384615;
W04;Fermer ses volets quand il fait froid et nuit;Electricité;VERTS;Verts maternelles;raya;30/01/2025;1;0.006501;16.5;0;0;0;
C01;Eteindre les lumières quand on quitte une pièce ou si il fait jour dehors;Electricité;VERTS;Verts maternelles;raya;30/01/2025;1;13.7935;0;0;0;0;
D10;Couper l’eau quand on se savonne les mains;Eau;VERTS;Verts maternelles;raya;30/01/2025;1;0.54243;0;0.21;12.6;0;
D09;Eviter de prendre des bains (préférer la douche rapide);Eau;VERTS;Verts maternelles;raya;30/01/2025;1;0.0623;0;1.75;357;0;
T06;Ne pas tuer les petites bêtes et les remettre dehors (c'est la nourriture de oiseaux);Biodiversité;VERTS;Verts maternelles;raya;30/01/2025;1;1.518;0;0;0;0;
D06;Acheter d’occasion plutôt que neuf;Courses;VERTS;Verts maternelles;raya;30/01/2025;1;0.017374;0;0.183462;0;0.134615385;
E08;Acheter des fruits ou légumes de saison;Courses;VERTS;Verts maternelles;raya;30/01/2025;1;0.000173;0;0;0;0;
E08;Ramasser les papiers et les déchets par terre pour les mettre à la poubelle;Déchets;VERTS;Verts maternelles;raya;30/01/2025;1;0.000173;0;0;0;0.1;
E04;Eteindre les appareils électriques lorsqu'on ne s'en sert pas (Télé, ordinateur...);Electricité;VERTS;Verts maternelles;raya;23/01/2025;1;0.15988;0;1;0;0;
E03;Acheter des produits recyclables et utiliser les bacs de tri;Déchets;VERTS;Verts maternelles;raya;23/01/2025;1;0.15988;0;0;0;0;
D02;Tout manger ce qu'il y a dans nos assiettes (cantine, maison);Déchets;VERTS;Verts maternelles;raya;23/01/2025;1;2.453511;0;1.390385;0;1.390384615;
D06;Acheter d’occasion plutôt que neuf;Courses;VERTS;Verts maternelles;raya;23/01/2025;1;0.017374;0;0.183462;0;0.134615385;
E08;Acheter des fruits ou légumes de saison;Courses;VERTS;Verts maternelles;raya;23/01/2025;1;0.000173;0;0;0;0;
D10;Couper l’eau quand on se savonne les mains;Eau;VERTS;Verts maternelles;raya;23/01/2025;1;0.54243;0;0.21;12.6;0;
D09;Eviter de prendre des bains (préférer la douche rapide);Eau;VERTS;Verts maternelles;raya;23/01/2025;1;0.0623;0;1.75;357;0;
D11;Ne pas prendre sa voiture si c'est possble : préférer la marche et le vélo (pour les petits trajets), le covoiturage…;Transport;VERTS;Verts maternelles;raya;23/01/2025;1;0.38;0;0.67;0;0;
W04;Fermer ses volets quand il fait froid et nuit;Electricité;VERTS;Verts maternelles;hulk;23/01/2025;1;0.006501;16.5;0;0;0;
E04;Eteindre les appareils électriques lorsqu'on ne s'en sert pas (Télé, ordinateur...);Electricité;VERTS;Verts maternelles;hulk;23/01/2025;1;0.15988;0;1;0;0;
D10;Couper l’eau quand on se savonne les mains;Eau;VERTS;Verts maternelles;hulk;23/01/2025;1;0.54243;0;0.21;12.6;0;
E08;Fermer le robinet quand on se brosse les dents;Eau;VERTS;Verts maternelles;hulk;23/01/2025;1;0.000173;0;0;28;0;
W03;Préférer les produits réutilisables plutôt que jetables;Courses;VERTS;Verts maternelles;hulk;23/01/2025;1;0.004964;12.6;0;0;0;
E03;Acheter des produits recyclables et utiliser les bacs de tri;Déchets;VERTS;Verts maternelles;hulk;23/01/2025;1;0.15988;0;0;0;0;
D11;Ne pas prendre sa voiture si c'est possble : préférer la marche et le vélo (pour les petits trajets), le covoiturage…;Transport;VERTS;Verts maternelles;heros;23/01/2025;1;0.38;0;0.67;0;0;
D06;Réduire son temps devant les écrans (Télé, ordinateurs, tablette, jeux vidéos...);Electricité;VERTS;Verts maternelles;heros;23/01/2025;1;0.017374;0;0.183462;0;0;
C01;Eteindre les lumières quand on quitte une pièce ou si il fait jour dehors;Electricité;VERTS;Verts maternelles;heros;23/01/2025;1;13.7935;0;0;0;0;
W02;Ne pas gaspiller l'eau de son verre;Eau;VERTS;Verts maternelles;heros;23/01/2025;1;0.05;28;0;35;0;
E08;Fermer le robinet quand on se brosse les dents;Eau;VERTS;Verts maternelles;heros;23/01/2025;1;0.000173;0;0;28;0;
E01;Acheter juste ce dont on a besoin;Courses;VERTS;Verts maternelles;heros;23/01/2025;1;0.027408;0;0;0;0.134615385;
D02;Tout manger ce qu'il y a dans nos assiettes (cantine, maison);Déchets;VERTS;Verts maternelles;heros;23/01/2025;1;2.453511;0;1.390385;0;1.390384615;
D11;Ne pas prendre sa voiture si c'est possble : préférer la marche et le vélo (pour les petits trajets), le covoiturage…;Transport;VERTS;Verts maternelles;dragon;23/01/2025;1;0.38;0;0.67;0;0;
D06;Réduire son temps devant les écrans (Télé, ordinateurs, tablette, jeux vidéos...);Electricité;VERTS;Verts maternelles;dragon;23/01/2025;1;0.017374;0;0.183462;0;0;
C01;Eteindre les lumières quand on quitte une pièce ou si il fait jour dehors;Electricité;VERTS;Verts maternelles;dragon;23/01/2025;1;13.7935;0;0;0;0;
D10;Couper l’eau quand on se savonne les mains;Eau;VERTS;Verts maternelles;dragon;23/01/2025;1;0.54243;0;0.21;12.6;0;
D09;Eviter de prendre des bains (préférer la douche rapide);Eau;VERTS;Verts maternelles;dragon;23/01/2025;1;0.0623;0;1.75;357;0;
E08;Fermer le robinet quand on se brosse les dents;Eau;VERTS;Verts maternelles;dragon;23/01/2025;1;0.000173;0;0;28;0;
T06;Ne pas tuer les petites bêtes et les remettre dehors (c'est la nourriture de oiseaux);Biodiversité;VERTS;Verts maternelles;dragon;23/01/2025;1;1.518;0;0;0;0;
T04;Acheter des produits avec moins d'emballages (éviter emballages individuels);Courses;VERTS;Verts maternelles;dragon;23/01/2025;1;0.506;0;0;0;34.86;
D06;Acheter d’occasion plutôt que neuf;Courses;VERTS;Verts maternelles;dragon;23/01/2025;1;0.017374;0;0.183462;0;0.134615385;
W03;Préférer les produits réutilisables plutôt que jetables;Courses;VERTS;Verts maternelles;dragon;23/01/2025;1;0.004964;12.6;0;0;0;
E01;Acheter juste ce dont on a besoin;Courses;VERTS;Verts maternelles;dragon;23/01/2025;1;0.027408;0;0;0;0.134615385;
E08;Acheter des fruits ou légumes de saison;Courses;VERTS;Verts maternelles;dragon;23/01/2025;1;0.000173;0;0;0;0;
E03;Acheter des produits recyclables et utiliser les bacs de tri;Déchets;VERTS;Verts maternelles;dragon;23/01/2025;1;0.15988;0;0;0;0;
E08;Ramasser les papiers et les déchets par terre pour les mettre à la poubelle;Déchets;VERTS;Verts maternelles;dragon;23/01/2025;1;0.000173;0;0;0;0.1;
D02;Tout manger ce qu'il y a dans nos assiettes (cantine, maison);Déchets;VERTS;Verts maternelles;dragon;23/01/2025;1;2.453511;0;1.390385;0;1.390384615;
T04;Acheter des produits avec moins d'emballages (éviter emballages individuels);Courses;VERTS;Verts maternelles;hulk;24/01/2025;1;0.506;0;0;0;34.86;
D02;Tout manger ce qu'il y a dans nos assiettes (cantine, maison);Déchets;VERTS;Verts maternelles;hulk;24/01/2025;1;2.453511;0;1.390385;0;1.390384615;
E01;Acheter juste ce dont on a besoin;Courses;VERTS;Verts maternelles;hulk;24/01/2025;1;0.027408;0;0;0;0.134615385;
T06;Ne pas tuer les petites bêtes et les remettre dehors (c'est la nourriture de oiseaux);Biodiversité;VERTS;Verts maternelles;hulk;24/01/2025;1;1.518;0;0;0;0;
W02;Ne pas gaspiller l'eau de son verre;Eau;VERTS;Verts maternelles;hulk;24/01/2025;1;0.05;28;0;35;0;
D09;Eviter de prendre des bains (préférer la douche rapide);Eau;VERTS;Verts maternelles;hulk;24/01/2025;1;0.0623;0;1.75;357;0;
C01;Eteindre les lumières quand on quitte une pièce ou si il fait jour dehors;Electricité;VERTS;Verts maternelles;hulk;24/01/2025;1;13.7935;0;0;0;0;
D11;Ne pas prendre sa voiture si c'est possble : préférer la marche et le vélo (pour les petits trajets), le covoiturage…;Transport;VERTS;Verts maternelles;ninja;24/01/2025;1;0.38;0;0.67;0;0;
W04;Fermer ses volets quand il fait froid et nuit;Electricité;VERTS;Verts maternelles;ninja;24/01/2025;1;0.006501;16.5;0;0;0;
D06;Réduire son temps devant les écrans (Télé, ordinateurs, tablette, jeux vidéos...);Electricité;VERTS;Verts maternelles;ninja;24/01/2025;1;0.017374;0;0.183462;0;0;
E04;Eteindre les appareils électriques lorsqu'on ne s'en sert pas (Télé, ordinateur...);Electricité;VERTS;Verts maternelles;ninja;24/01/2025;1;0.15988;0;1;0;0;
C01;Eteindre les lumières quand on quitte une pièce ou si il fait jour dehors;Electricité;VERTS;Verts maternelles;ninja;24/01/2025;1;13.7935;0;0;0;0;
D05;Récupérer l'eau de pluie pour arroser;Eau;VERTS;Verts maternelles;ninja;24/01/2025;1;0.000239;0;0.134615;35;0;
D09;Eviter de prendre des bains (préférer la douche rapide);Eau;VERTS;Verts maternelles;ninja;24/01/2025;1;0.0623;0;1.75;357;0;
E08;Fermer le robinet quand on se brosse les dents;Eau;VERTS;Verts maternelles;ninja;24/01/2025;1;0.000173;0;0;28;0;
D10;Couper l’eau quand on se savonne les mains;Eau;VERTS;Verts maternelles;ninja;24/01/2025;1;0.54243;0;0.21;12.6;0;
W02;Ne pas gaspiller l'eau de son verre;Eau;VERTS;Verts maternelles;ninja;24/01/2025;1;0.05;28;0;35;0;
T06;Ne pas tuer les petites bêtes et les remettre dehors (c'est la nourriture de oiseaux);Biodiversité;VERTS;Verts maternelles;ninja;24/01/2025;1;1.518;0;0;0;0;
D06;Acheter d’occasion plutôt que neuf;Courses;VERTS;Verts maternelles;ninja;24/01/2025;1;0.017374;0;0.183462;0;0.134615385;
W03;Préférer les produits réutilisables plutôt que jetables;Courses;VERTS;Verts maternelles;ninja;24/01/2025;1;0.004964;12.6;0;0;0;
E01;Acheter juste ce dont on a besoin;Courses;VERTS;Verts maternelles;ninja;24/01/2025;1;0.027408;0;0;0;0.134615385;
E08;Acheter des fruits ou légumes de saison;Courses;VERTS;Verts maternelles;ninja;24/01/2025;1;0.000173;0;0;0;0;
E03;Acheter des produits recyclables et utiliser les bacs de tri;Déchets;VERTS;Verts maternelles;ninja;24/01/2025;1;0.15988;0;0;0;0;
E08;Ramasser les papiers et les déchets par terre pour les mettre à la poubelle;Déchets;VERTS;Verts maternelles;ninja;24/01/2025;1;0.000173;0;0;0;0.1;
D02;Tout manger ce qu'il y a dans nos assiettes (cantine, maison);Déchets;VERTS;Verts maternelles;ninja;24/01/2025;1;2.453511;0;1.390385;0;1.390384615;
W04;Fermer ses volets quand il fait froid et nuit;Electricité;VERTS;Verts maternelles;superman;25/01/2025;1;0.006501;16.5;0;0;0;
D06;Réduire son temps devant les écrans (Télé, ordinateurs, tablette, jeux vidéos...);Electricité;VERTS;Verts maternelles;superman;25/01/2025;1;0.017374;0;0.183462;0;0;
D05;Récupérer l'eau de pluie pour arroser;Eau;VERTS;Verts maternelles;superman;25/01/2025;1;0.000239;0;0.134615;35;0;
D10;Couper l’eau quand on se savonne les mains;Eau;VERTS;Verts maternelles;superman;25/01/2025;1;0.54243;0;0.21;12.6;0;
T06;Ne pas tuer les petites bêtes et les remettre dehors (c'est la nourriture de oiseaux);Biodiversité;VERTS;Verts maternelles;superman;25/01/2025;1;1.518;0;0;0;0;
D09;Eviter de prendre des bains (préférer la douche rapide);Eau;VERTS;Verts maternelles;superman;25/01/2025;1;0.0623;0;1.75;357;0;
T04;Acheter des produits avec moins d'emballages (éviter emballages individuels);Courses;VERTS;Verts maternelles;superman;25/01/2025;1;0.506;0;0;0;34.86;
W03;Préférer les produits réutilisables plutôt que jetables;Courses;VERTS;Verts maternelles;superman;25/01/2025;1;0.004964;12.6;0;0;0;
E01;Acheter juste ce dont on a besoin;Courses;VERTS;Verts maternelles;superman;25/01/2025;1;0.027408;0;0;0;0.134615385;
E08;Acheter des fruits ou légumes de saison;Courses;VERTS;Verts maternelles;superman;25/01/2025;1;0.000173;0;0;0;0;
E03;Acheter des produits recyclables et utiliser les bacs de tri;Déchets;VERTS;Verts maternelles;superman;25/01/2025;1;0.15988;0;0;0;0;
E08;Ramasser les papiers et les déchets par terre pour les mettre à la poubelle;Déchets;VERTS;Verts maternelles;superman;25/01/2025;1;0.000173;0;0;0;0.1;
D02;Tout manger ce qu'il y a dans nos assiettes (cantine, maison);Déchets;VERTS;Verts maternelles;superman;25/01/2025;1;2.453511;0;1.390385;0;1.390384615;
D11;Ne pas prendre sa voiture si c'est possble : préférer la marche et le vélo (pour les petits trajets), le covoiturage…;Transport;VERTS;Verts maternelles;vaiana;28/01/2025;1;0.38;0;0.67;0;0;
D06;Réduire son temps devant les écrans (Télé, ordinateurs, tablette, jeux vidéos...);Electricité;VERTS;Verts maternelles;vaiana;28/01/2025;1;0.017374;0;0.183462;0;0;
C01;Eteindre les lumières quand on quitte une pièce ou si il fait jour dehors;Electricité;VERTS;Verts maternelles;vaiana;28/01/2025;1;13.7935;0;0;0;0;
D10;Couper l’eau quand on se savonne les mains;Eau;VERTS;Verts maternelles;vaiana;28/01/2025;1;0.54243;0;0.21;12.6;0;
D09;Eviter de prendre des bains (préférer la douche rapide);Eau;VERTS;Verts maternelles;vaiana;28/01/2025;1;0.0623;0;1.75;357;0;
T06;Ne pas tuer les petites bêtes et les remettre dehors (c'est la nourriture de oiseaux);Biodiversité;VERTS;Verts maternelles;vaiana;28/01/2025;1;1.518;0;0;0;0;
D06;Acheter d’occasion plutôt que neuf;Courses;VERTS;Verts maternelles;vaiana;28/01/2025;1;0.017374;0;0.183462;0;0.134615385;
E08;Acheter des fruits ou légumes de saison;Courses;VERTS;Verts maternelles;vaiana;28/01/2025;1;0.000173;0;0;0;0;
E08;Ramasser les papiers et les déchets par terre pour les mettre à la poubelle;Déchets;VERTS;Verts maternelles;vaiana;28/01/2025;1;0.000173;0;0;0;0.1;
W04;Fermer ses volets quand il fait froid et nuit;Electricité;VERTS;Verts maternelles;dragon;30/01/2025;1;0.006501;16.5;0;0;0;
E04;Eteindre les appareils électriques lorsqu'on ne s'en sert pas (Télé, ordinateur...);Electricité;VERTS;Verts maternelles;dragon;30/01/2025;1;0.15988;0;1;0;0;
D05;Récupérer l'eau de pluie pour arroser;Eau;VERTS;Verts maternelles;dragon;30/01/2025;1;0.000239;0;0.134615;35;0;
W02;Ne pas gaspiller l'eau de son verre;Eau;VERTS;Verts maternelles;dragon;30/01/2025;1;0.05;28;0;35;0;
E08;Fermer le robinet quand on se brosse les dents;Eau;VERTS;Verts maternelles;dragon;30/01/2025;1;0.000173;0;0;28;0;
T04;Acheter des produits avec moins d'emballages (éviter emballages individuels);Courses;VERTS;Verts maternelles;dragon;30/01/2025;1;0.506;0;0;0;34.86;
W03;Préférer les produits réutilisables plutôt que jetables;Courses;VERTS;Verts maternelles;dragon;30/01/2025;1;0.004964;12.6;0;0;0;
E08;Acheter des fruits ou légumes de saison;Courses;VERTS;Verts maternelles;dragon;30/01/2025;1;0.000173;0;0;0;0;
E08;Ramasser les papiers et les déchets par terre pour les mettre à la poubelle;Déchets;VERTS;Verts maternelles;dragon;30/01/2025;1;0.000173;0;0;0;0.1;
D11;Ne pas prendre sa voiture si c'est possble : préférer la marche et le vélo (pour les petits trajets), le covoiturage…;Transport;VERTS;Verts maternelles;raya;30/01/2025;1;0.38;0;0.67;0;0;
E04;Eteindre les appareils électriques lorsqu'on ne s'en sert pas (Télé, ordinateur...);Electricité;VERTS;Verts maternelles;raya;30/01/2025;1;0.15988;0;1;0;0;
D05;Récupérer l'eau de pluie pour arroser;Eau;VERTS;Verts maternelles;raya;30/01/2025;1;0.000239;0;0.134615;35;0;
W02;Ne pas gaspiller l'eau de son verre;Eau;VERTS;Verts maternelles;raya;30/01/2025;1;0.05;28;0;35;0;
E08;Fermer le robinet quand on se brosse les dents;Eau;VERTS;Verts maternelles;raya;30/01/2025;1;0.000173;0;0;28;0;
T04;Acheter des produits avec moins d'emballages (éviter emballages individuels);Courses;VERTS;Verts maternelles;raya;30/01/2025;1;0.506;0;0;0;34.86;
W03;Préférer les produits réutilisables plutôt que jetables;Courses;VERTS;Verts maternelles;raya;30/01/2025;1;0.004964;12.6;0;0;0;
E03;Acheter des produits recyclables et utiliser les bacs de tri;Déchets;VERTS;Verts maternelles;raya;30/01/2025;1;0.15988;0;0;0;0;
D02;Tout manger ce qu'il y a dans nos assiettes (cantine, maison);Déchets;VERTS;Verts maternelles;raya;30/01/2025;1;2.453511;0;1.390385;0;1.390384615;
T06;Ne pas tuer les petites bêtes et les remettre dehors (c'est la nourriture de oiseaux);Biodiversité;VERTS;Verts maternelles;belle;05/02/2025;1;1.518;0;0;0;0;
T04;Acheter des produits avec moins d'emballages (éviter emballages individuels);Courses;VERTS;Verts maternelles;belle;05/02/2025;1;0.506;0;0;0;34.86;
D06;Acheter d’occasion plutôt que neuf;Courses;VERTS;Verts maternelles;belle;05/02/2025;1;0.017374;0;0.183462;0;0.134615385;
E08;Acheter des fruits ou légumes de saison;Courses;VERTS;Verts maternelles;belle;05/02/2025;1;0.000173;0;0;0;0;
E01;Acheter juste ce dont on a besoin;Courses;VERTS;Verts maternelles;belle;05/02/2025;1;0.027408;0;0;0;0.134615385;
W03;Préférer les produits réutilisables plutôt que jetables;Courses;VERTS;Verts maternelles;belle;05/02/2025;1;0.004964;12.6;0;0;0;
E03;Acheter des produits recyclables et utiliser les bacs de tri;Déchets;VERTS;Verts maternelles;belle;05/02/2025;1;0.15988;0;0;0;0;
E08;Ramasser les papiers et les déchets par terre pour les mettre à la poubelle;Déchets;VERTS;Verts maternelles;belle;05/02/2025;1;0.000173;0;0;0;0.1;
D02;Tout manger ce qu'il y a dans nos assiettes (cantine, maison);Déchets;VERTS;Verts maternelles;belle;05/02/2025;1;2.453511;0;1.390385;0;1.390384615;
D11;Ne pas prendre sa voiture si c'est possble : préférer la marche et le vélo (pour les petits trajets), le covoiturage…;Transport;VERTS;Verts maternelles;belle;05/03/2025;1;0.38;0;0.67;0;0;
W04;Fermer ses volets quand il fait froid et nuit;Electricité;VERTS;Verts maternelles;belle;05/03/2025;1;0.006501;16.5;0;0;0;
D06;Réduire son temps devant les écrans (Télé, ordinateurs, tablette, jeux vidéos...);Electricité;VERTS;Verts maternelles;belle;05/03/2025;1;0.017374;0;0.183462;0;0;
E04;Eteindre les appareils électriques lorsqu'on ne s'en sert pas (Télé, ordinateur...);Electricité;VERTS;Verts maternelles;belle;05/03/2025;1;0.15988;0;1;0;0;
C01;Eteindre les lumières quand on quitte une pièce ou si il fait jour dehors;Electricité;VERTS;Verts maternelles;belle;05/03/2025;1;13.7935;0;0;0;0;
D05;Récupérer l'eau de pluie pour arroser;Eau;VERTS;Verts maternelles;belle;05/03/2025;1;0.000239;0;0.134615;35;0;
D10;Couper l’eau quand on se savonne les mains;Eau;VERTS;Verts maternelles;belle;05/03/2025;1;0.54243;0;0.21;12.6;0;
W02;Ne pas gaspiller l'eau de son verre;Eau;VERTS;Verts maternelles;belle;05/03/2025;1;0.05;28;0;35;0;
D09;Eviter de prendre des bains (préférer la douche rapide);Eau;VERTS;Verts maternelles;belle;05/03/2025;1;0.0623;0;1.75;357;0;
E08;Fermer le robinet quand on se brosse les dents;Eau;VERTS;Verts maternelles;belle;05/03/2025;1;0.000173;0;0;28;0;
T06;Ne pas tuer les petites bêtes et les remettre dehors (c'est la nourriture de oiseaux);Biodiversité;VERTS;Verts maternelles;belle;05/03/2025;1;1.518;0;0;0;0;
T04;Acheter des produits avec moins d'emballages (éviter emballages individuels);Courses;VERTS;Verts maternelles;belle;05/03/2025;1;0.506;0;0;0;34.86;
D06;Acheter d’occasion plutôt que neuf;Courses;VERTS;Verts maternelles;belle;05/03/2025;1;0.017374;0;0.183462;0;0.134615385;
W03;Préférer les produits réutilisables plutôt que jetables;Courses;VERTS;Verts maternelles;belle;05/03/2025;1;0.004964;12.6;0;0;0;
E01;Acheter juste ce dont on a besoin;Courses;VERTS;Verts maternelles;belle;05/03/2025;1;0.027408;0;0;0;0.134615385;
E08;Acheter des fruits ou légumes de saison;Courses;VERTS;Verts maternelles;belle;05/03/2025;1;0.000173;0;0;0;0;
E03;Acheter des produits recyclables et utiliser les bacs de tri;Déchets;VERTS;Verts maternelles;belle;05/03/2025;1;0.15988;0;0;0;0;
E08;Ramasser les papiers et les déchets par terre pour les mettre à la poubelle;Déchets;VERTS;Verts maternelles;belle;05/03/2025;1;0.000173;0;0;0;0.1;
D02;Tout manger ce qu'il y a dans nos assiettes (cantine, maison);Déchets;VERTS;Verts maternelles;belle;05/03/2025;1;2.453511;0;1.390385;0;1.390384615;
T06;Ne pas tuer les petites bêtes et les remettre dehors (c'est la nourriture de oiseaux);Biodiversité;VERTS;Verts maternelles;patpatrouille;02/02/2025;1;1.518;0;0;0;0;
D09;Eviter de prendre des bains (préférer la douche rapide);Eau;VERTS;Verts maternelles;panthere;05/02/2025;1;0.0623;0;1.75;357;0;
E03;Acheter des produits recyclables et utiliser les bacs de tri;Déchets;VERTS;Verts maternelles;panthere;05/02/2025;1;0.15988;0;0;0;0;
T04;Acheter des produits avec moins d'emballages (éviter emballages individuels);Courses;VERTS;Verts maternelles;panthere;05/02/2025;1;0.506;0;0;0;34.86;
E01;Acheter juste ce dont on a besoin;Courses;VERTS;Verts maternelles;panthere;05/02/2025;1;0.027408;0;0;0;0.134615385;
W03;Préférer les produits réutilisables plutôt que jetables;Courses;VERTS;Verts maternelles;panthere;05/02/2025;1;0.004964;12.6;0;0;0;
D11;Ne pas prendre sa voiture si c'est possble : préférer la marche et le vélo (pour les petits trajets), le covoiturage…;Transport;VERTS;Verts maternelles;vaiana;22/03/2025;1;0.38;0;0.67;0;0;
D06;Réduire son temps devant les écrans (Télé, ordinateurs, tablette, jeux vidéos...);Electricité;VERTS;Verts maternelles;vaiana;22/03/2025;1;0.017374;0;0.183462;0;0;
C01;Eteindre les lumières quand on quitte une pièce ou si il fait jour dehors;Electricité;VERTS;Verts maternelles;vaiana;22/03/2025;1;13.7935;0;0;0;0;
D10;Couper l’eau quand on se savonne les mains;Eau;VERTS;Verts maternelles;vaiana;22/03/2025;1;0.54243;0;0.21;12.6;0;
D09;Eviter de prendre des bains (préférer la douche rapide);Eau;VERTS;Verts maternelles;vaiana;22/03/2025;1;0.0623;0;1.75;357;0;
T06;Ne pas tuer les petites bêtes et les remettre dehors (c'est la nourriture de oiseaux);Biodiversité;VERTS;Verts maternelles;vaiana;22/03/2025;1;1.518;0;0;0;0;
W04;Fermer ses volets quand il fait froid et nuit;Electricité;VERTS;Verts maternelles;heros;01/02/2025;1;0.006501;16.5;0;0;0;
E04;Eteindre les appareils électriques lorsqu'on ne s'en sert pas (Télé, ordinateur...);Electricité;VERTS;Verts maternelles;heros;01/02/2025;1;0.15988;0;1;0;0;
D10;Couper l’eau quand on se savonne les mains;Eau;VERTS;Verts maternelles;heros;01/02/2025;1;0.54243;0;0.21;12.6;0;
D09;Eviter de prendre des bains (préférer la douche rapide);Eau;VERTS;Verts maternelles;heros;01/02/2025;1;0.0623;0;1.75;357;0;
T06;Ne pas tuer les petites bêtes et les remettre dehors (c'est la nourriture de oiseaux);Biodiversité;VERTS;Verts maternelles;heros;01/02/2025;1;1.518;0;0;0;0;
E01;Acheter juste ce dont on a besoin;Courses;VERTS;Verts maternelles;heros;01/02/2025;1;0.027408;0;0;0;0.134615385;
E08;Ramasser les papiers et les déchets par terre pour les mettre à la poubelle;Déchets;VERTS;Verts maternelles;heros;01/02/2025;1;0.000173;0;0;0;0.1;
E03;Acheter des produits recyclables et utiliser les bacs de tri;Déchets;VERTS;Verts maternelles;patpatrouille;02/02/2025;1;0.15988;0;0;0;0;
D02;Tout manger ce qu'il y a dans nos assiettes (cantine, maison);Déchets;VERTS;Verts maternelles;patpatrouille;02/02/2025;1;2.453511;0;1.390385;0;1.390384615;
D06;Acheter d’occasion plutôt que neuf;Courses;VERTS;Verts maternelles;patpatrouille;02/02/2025;1;0.017374;0;0.183462;0;0.134615385;
E01;Acheter juste ce dont on a besoin;Courses;VERTS;Verts maternelles;patpatrouille;02/02/2025;1;0.027408;0;0;0;0.134615385;
D11;Ne pas prendre sa voiture si c'est possble : préférer la marche et le vélo (pour les petits trajets), le covoiturage…;Transport;VERTS;Verts maternelles;patpatrouille;02/02/2025;1;0.38;0;0.67;0;0;
E04;Eteindre les appareils électriques lorsqu'on ne s'en sert pas (Télé, ordinateur...);Electricité;VERTS;Verts maternelles;patpatrouille;02/02/2025;1;0.15988;0;1;0;0;
D05;Récupérer l'eau de pluie pour arroser;Eau;VERTS;Verts maternelles;patpatrouille;02/02/2025;1;0.000239;0;0.134615;35;0;
W02;Ne pas gaspiller l'eau de son verre;Eau;VERTS;Verts maternelles;patpatrouille;02/02/2025;1;0.05;28;0;35;0;
D09;Eviter de prendre des bains (préférer la douche rapide);Eau;VERTS;Verts maternelles;patpatrouille;02/02/2025;1;0.0623;0;1.75;357;0;
E08;Fermer le robinet quand on se brosse les dents;Eau;VERTS;Verts maternelles;patpatrouille;02/02/2025;1;0.000173;0;0;28;0;
D11;Ne pas prendre sa voiture si c'est possble : préférer la marche et le vélo (pour les petits trajets), le covoiturage…;Transport;VERTS;Verts maternelles;dragon;06/03/2025;1;0.38;0;0.67;0;0;
D06;Réduire son temps devant les écrans (Télé, ordinateurs, tablette, jeux vidéos...);Electricité;VERTS;Verts maternelles;dragon;06/03/2025;1;0.017374;0;0.183462;0;0;
C01;Eteindre les lumières quand on quitte une pièce ou si il fait jour dehors;Electricité;VERTS;Verts maternelles;dragon;06/03/2025;1;13.7935;0;0;0;0;
D10;Couper l’eau quand on se savonne les mains;Eau;VERTS;Verts maternelles;dragon;06/03/2025;1;0.54243;0;0.21;12.6;0;
D09;Eviter de prendre des bains (préférer la douche rapide);Eau;VERTS;Verts maternelles;dragon;06/03/2025;1;0.0623;0;1.75;357;0;
T06;Ne pas tuer les petites bêtes et les remettre dehors (c'est la nourriture de oiseaux);Biodiversité;VERTS;Verts maternelles;dragon;06/03/2025;1;1.518;0;0;0;0;
D06;Acheter d’occasion plutôt que neuf;Courses;VERTS;Verts maternelles;dragon;06/03/2025;1;0.017374;0;0.183462;0;0.134615385;
W03;Préférer les produits réutilisables plutôt que jetables;Courses;VERTS;Verts maternelles;dragon;06/03/2025;1;0.004964;12.6;0;0;0;
E03;Acheter des produits recyclables et utiliser les bacs de tri;Déchets;VERTS;Verts maternelles;dragon;06/03/2025;1;0.15988;0;0;0;0;
D02;Tout manger ce qu'il y a dans nos assiettes (cantine, maison);Déchets;VERTS;Verts maternelles;dragon;06/03/2025;1;2.453511;0;1.390385;0;1.390384615;
E04;Eteindre les appareils électriques lorsqu'on ne s'en sert pas (Télé, ordinateur...);Electricité;VERTS;Verts maternelles;vaiana;31/03/2025;1;0.15988;0;1;0;0;
D05;Récupérer l'eau de pluie pour arroser;Eau;VERTS;Verts maternelles;vaiana;31/03/2025;1;0.000239;0;0.134615;35;0;
W02;Ne pas gaspiller l'eau de son verre;Eau;VERTS;Verts maternelles;vaiana;31/03/2025;1;0.05;28;0;35;0;
E08;Fermer le robinet quand on se brosse les dents;Eau;VERTS;Verts maternelles;vaiana;31/03/2025;1;0.000173;0;0;28;0;
T04;Acheter des produits avec moins d'emballages (éviter emballages individuels);Courses;VERTS;Verts maternelles;vaiana;31/03/2025;1;0.506;0;0;0;34.86;
W03;Préférer les produits réutilisables plutôt que jetables;Courses;VERTS;Verts maternelles;vaiana;31/03/2025;1;0.004964;12.6;0;0;0;
E08;Acheter des fruits ou légumes de saison;Courses;VERTS;Verts maternelles;vaiana;31/03/2025;1;0.000173;0;0;0;0;
E08;Ramasser les papiers et les déchets par terre pour les mettre à la poubelle;Déchets;VERTS;Verts maternelles;vaiana;31/03/2025;1;0.000173;0;0;0;0.1;
D11;Ne pas prendre sa voiture si c'est possble : préférer la marche et le vélo (pour les petits trajets), le covoiturage…;Transport;VERTS;Verts maternelles;panthere;01/04/2025;1;0.38;0;0.67;0;0;
D06;Réduire son temps devant les écrans (Télé, ordinateurs, tablette, jeux vidéos...);Electricité;VERTS;Verts maternelles;panthere;01/04/2025;1;0.017374;0;0.183462;0;0;
C01;Eteindre les lumières quand on quitte une pièce ou si il fait jour dehors;Electricité;VERTS;Verts maternelles;panthere;01/04/2025;1;13.7935;0;0;0;0;
W02;Ne pas gaspiller l'eau de son verre;Eau;VERTS;Verts maternelles;panthere;01/04/2025;1;0.05;28;0;35;0;
E08;Fermer le robinet quand on se brosse les dents;Eau;VERTS;Verts maternelles;panthere;01/04/2025;1;0.000173;0;0;28;0;
T04;Acheter des produits avec moins d'emballages (éviter emballages individuels);Courses;VERTS;Verts maternelles;panthere;01/04/2025;1;0.506;0;0;0;34.86;
E01;Acheter juste ce dont on a besoin;Courses;VERTS;Verts maternelles;panthere;01/04/2025;1;0.027408;0;0;0;0.134615385;
E03;Acheter des produits recyclables et utiliser les bacs de tri;Déchets;VERTS;Verts maternelles;panthere;01/04/2025;1;0.15988;0;0;0;0;
D02;Tout manger ce qu'il y a dans nos assiettes (cantine, maison);Déchets;VERTS;Verts maternelles;batman;12/02/2025;1;2.453511;0;1.390385;0;1.390384615;
D06;Réduire son temps devant les écrans (Télé, ordinateurs, tablette, jeux vidéos...);Electricité;VERTS;Verts maternelles;patpatrouille;12/02/2025;1;0.017374;0;0.183462;0;0;
W04;Fermer ses volets quand il fait froid et nuit;Electricité;VERTS;Verts maternelles;dragon;06/03/2025;1;0.006501;16.5;0;0;0;
E04;Eteindre les appareils électriques lorsqu'on ne s'en sert pas (Télé, ordinateur...);Electricité;VERTS;Verts maternelles;dragon;06/03/2025;1;0.15988;0;1;0;0;
D05;Récupérer l'eau de pluie pour arroser;Eau;VERTS;Verts maternelles;dragon;06/03/2025;1;0.000239;0;0.134615;35;0;
W02;Ne pas gaspiller l'eau de son verre;Eau;VERTS;Verts maternelles;dragon;06/03/2025;1;0.05;28;0;35;0;
E08;Fermer le robinet quand on se brosse les dents;Eau;VERTS;Verts maternelles;dragon;06/03/2025;1;0.000173;0;0;28;0;
T04;Acheter des produits avec moins d'emballages (éviter emballages individuels);Courses;VERTS;Verts maternelles;dragon;06/03/2025;1;0.506;0;0;0;34.86;
E01;Acheter juste ce dont on a besoin;Courses;VERTS;Verts maternelles;dragon;06/03/2025;1;0.027408;0;0;0;0.134615385;
E08;Acheter des fruits ou légumes de saison;Courses;VERTS;Verts maternelles;dragon;06/03/2025;1;0.000173;0;0;0;0;
E08;Ramasser les papiers et les déchets par terre pour les mettre à la poubelle;Déchets;VERTS;Verts maternelles;dragon;06/03/2025;1;0.000173;0;0;0;0.1;
W04;Fermer ses volets quand il fait froid et nuit;Electricité;VERTS;Verts maternelles;heros;10/03/2025;1;0.006501;16.5;0;0;0;
E04;Eteindre les appareils électriques lorsqu'on ne s'en sert pas (Télé, ordinateur...);Electricité;VERTS;Verts maternelles;heros;10/03/2025;1;0.15988;0;1;0;0;
D10;Couper l’eau quand on se savonne les mains;Eau;VERTS;Verts maternelles;heros;10/03/2025;1;0.54243;0;0.21;12.6;0;
D09;Eviter de prendre des bains (préférer la douche rapide);Eau;VERTS;Verts maternelles;heros;10/03/2025;1;0.0623;0;1.75;357;0;
T06;Ne pas tuer les petites bêtes et les remettre dehors (c'est la nourriture de oiseaux);Biodiversité;VERTS;Verts maternelles;heros;10/03/2025;1;1.518;0;0;0;0;
W03;Préférer les produits réutilisables plutôt que jetables;Courses;VERTS;Verts maternelles;heros;10/03/2025;1;0.004964;12.6;0;0;0;
E08;Acheter des fruits ou légumes de saison;Courses;VERTS;Verts maternelles;heros;10/03/2025;1;0.000173;0;0;0;0;
E08;Ramasser les papiers et les déchets par terre pour les mettre à la poubelle;Déchets;VERTS;Verts maternelles;heros;10/03/2025;1;0.000173;0;0;0;0.1;
D11;Ne pas prendre sa voiture si c'est possble : préférer la marche et le vélo (pour les petits trajets), le covoiturage…;Transport;VERTS;Verts maternelles;heros;10/03/2025;1;0.38;0;0.67;0;0;
E04;Eteindre les appareils électriques lorsqu'on ne s'en sert pas (Télé, ordinateur...);Electricité;VERTS;Verts maternelles;superman;09/04/2025;1;0.15988;0;1;0;0;
W04;Fermer ses volets quand il fait froid et nuit;Electricité;VERTS;Verts maternelles;superman;09/04/2025;1;0.006501;16.5;0;0;0;
D10;Couper l’eau quand on se savonne les mains;Eau;VERTS;Verts maternelles;superman;09/04/2025;1;0.54243;0;0.21;12.6;0;
E08;Fermer le robinet quand on se brosse les dents;Eau;VERTS;Verts maternelles;superman;09/04/2025;1;0.000173;0;0;28;0;
T04;Acheter des produits avec moins d'emballages (éviter emballages individuels);Courses;VERTS;Verts maternelles;superman;09/04/2025;1;0.506;0;0;0;34.86;
E01;Acheter juste ce dont on a besoin;Courses;VERTS;Verts maternelles;superman;09/04/2025;1;0.027408;0;0;0;0.134615385;
E08;Ramasser les papiers et les déchets par terre pour les mettre à la poubelle;Déchets;VERTS;Verts maternelles;superman;09/04/2025;1;0.000173;0;0;0;0.1;
D11;Ne pas prendre sa voiture si c'est possble : préférer la marche et le vélo (pour les petits trajets), le covoiturage…;Transport;VERTS;Verts maternelles;panthere;09/04/2025;1;0.38;0;0.67;0;0;
D06;Réduire son temps devant les écrans (Télé, ordinateurs, tablette, jeux vidéos...);Electricité;VERTS;Verts maternelles;panthere;09/04/2025;1;0.017374;0;0.183462;0;0;
C01;Eteindre les lumières quand on quitte une pièce ou si il fait jour dehors;Electricité;VERTS;Verts maternelles;panthere;09/04/2025;1;13.7935;0;0;0;0;
W02;Ne pas gaspiller l'eau de son verre;Eau;VERTS;Verts maternelles;panthere;09/04/2025;1;0.05;28;0;35;0;
D09;Eviter de prendre des bains (préférer la douche rapide);Eau;VERTS;Verts maternelles;panthere;09/04/2025;1;0.0623;0;1.75;357;0;
T04;Acheter des produits avec moins d'emballages (éviter emballages individuels);Courses;VERTS;Verts maternelles;panthere;09/04/2025;1;0.506;0;0;0;34.86;
E08;Acheter des fruits ou légumes de saison;Courses;VERTS;Verts maternelles;panthere;09/04/2025;1;0.000173;0;0;0;0;
E03;Acheter des produits recyclables et utiliser les bacs de tri;Déchets;VERTS;Verts maternelles;panthere;09/04/2025;1;0.15988;0;0;0;0;
E08;Ramasser les papiers et les déchets par terre pour les mettre à la poubelle;Déchets;VERTS;Verts maternelles;panthere;09/04/2025;1;0.000173;0;0;0;0.1;
W04;Fermer ses volets quand il fait froid et nuit;Electricité;VERTS;Verts maternelles;heros;10/04/2025;1;0.006501;16.5;0;0;0;
E04;Eteindre les appareils électriques lorsqu'on ne s'en sert pas (Télé, ordinateur...);Electricité;VERTS;Verts maternelles;heros;10/04/2025;1;0.15988;0;1;0;0;
D05;Récupérer l'eau de pluie pour arroser;Eau;VERTS;Verts maternelles;heros;10/04/2025;1;0.000239;0;0.134615;35;0;
D09;Eviter de prendre des bains (préférer la douche rapide);Eau;VERTS;Verts maternelles;heros;10/04/2025;1;0.0623;0;1.75;357;0;
T06;Ne pas tuer les petites bêtes et les remettre dehors (c'est la nourriture de oiseaux);Biodiversité;VERTS;Verts maternelles;heros;10/04/2025;1;1.518;0;0;0;0;
W03;Préférer les produits réutilisables plutôt que jetables;Courses;VERTS;Verts maternelles;heros;10/04/2025;1;0.004964;12.6;0;0;0;
E08;Acheter des fruits ou légumes de saison;Courses;VERTS;Verts maternelles;heros;10/04/2025;1;0.000173;0;0;0;0;
D06;Acheter d’occasion plutôt que neuf;Courses;VERTS;Verts maternelles;heros;10/04/2025;1;0.017374;0;0.183462;0;0.134615385;
E03;Acheter des produits recyclables et utiliser les bacs de tri;Déchets;VERTS;Verts maternelles;heros;10/04/2025;1;0.15988;0;0;0;0;
W04;Fermer ses volets quand il fait froid et nuit;Electricité;VERTS;Verts maternelles;dragon;13/03/2025;1;0.006501;16.5;0;0;0;
E04;Eteindre les appareils électriques lorsqu'on ne s'en sert pas (Télé, ordinateur...);Electricité;VERTS;Verts maternelles;dragon;13/03/2025;1;0.15988;0;1;0;0;
D05;Récupérer l'eau de pluie pour arroser;Eau;VERTS;Verts maternelles;dragon;13/03/2025;1;0.000239;0;0.134615;35;0;
W02;Ne pas gaspiller l'eau de son verre;Eau;VERTS;Verts maternelles;dragon;13/03/2025;1;0.05;28;0;35;0;
E08;Fermer le robinet quand on se brosse les dents;Eau;VERTS;Verts maternelles;dragon;13/03/2025;1;0.000173;0;0;28;0;
T04;Acheter des produits avec moins d'emballages (éviter emballages individuels);Courses;VERTS;Verts maternelles;dragon;13/03/2025;1;0.506;0;0;0;34.86;
W03;Préférer les produits réutilisables plutôt que jetables;Courses;VERTS;Verts maternelles;dragon;13/03/2025;1;0.004964;12.6;0;0;0;
E08;Acheter des fruits ou légumes de saison;Courses;VERTS;Verts maternelles;dragon;13/03/2025;1;0.000173;0;0;0;0;
E08;Ramasser les papiers et les déchets par terre pour les mettre à la poubelle;Déchets;VERTS;Verts maternelles;dragon;13/03/2025;1;0.000173;0;0;0;0.1;
D11;Ne pas prendre sa voiture si c'est possble : préférer la marche et le vélo (pour les petits trajets), le covoiturage…;Transport;VERTS;Verts maternelles;panthere;13/03/2025;1;0.38;0;0.67;0;0;
D06;Réduire son temps devant les écrans (Télé, ordinateurs, tablette, jeux vidéos...);Electricité;VERTS;Verts maternelles;panthere;13/03/2025;1;0.017374;0;0.183462;0;0;
C01;Eteindre les lumières quand on quitte une pièce ou si il fait jour dehors;Electricité;VERTS;Verts maternelles;panthere;13/03/2025;1;13.7935;0;0;0;0;
W02;Ne pas gaspiller l'eau de son verre;Eau;VERTS;Verts maternelles;panthere;13/03/2025;1;0.05;28;0;35;0;
E08;Fermer le robinet quand on se brosse les dents;Eau;VERTS;Verts maternelles;panthere;13/03/2025;1;0.000173;0;0;28;0;
T04;Acheter des produits avec moins d'emballages (éviter emballages individuels);Courses;VERTS;Verts maternelles;panthere;13/03/2025;1;0.506;0;0;0;34.86;
W03;Préférer les produits réutilisables plutôt que jetables;Courses;VERTS;Verts maternelles;panthere;13/03/2025;1;0.004964;12.6;0;0;0;
E08;Acheter des fruits ou légumes de saison;Courses;VERTS;Verts maternelles;panthere;13/03/2025;1;0.000173;0;0;0;0;
E08;Ramasser les papiers et les déchets par terre pour les mettre à la poubelle;Déchets;VERTS;Verts maternelles;panthere;13/03/2025;1;0.000173;0;0;0;0.1;
W04;Fermer ses volets quand il fait froid et nuit;Electricité;VERTS;Verts maternelles;rebelle;14/03/2025;1;0.006501;16.5;0;0;0;
E04;Eteindre les appareils électriques lorsqu'on ne s'en sert pas (Télé, ordinateur...);Electricité;VERTS;Verts maternelles;rebelle;14/03/2025;1;0.15988;0;1;0;0;
D05;Récupérer l'eau de pluie pour arroser;Eau;VERTS;Verts maternelles;rebelle;14/03/2025;1;0.000239;0;0.134615;35;0;
W02;Ne pas gaspiller l'eau de son verre;Eau;VERTS;Verts maternelles;rebelle;14/03/2025;1;0.05;28;0;35;0;
E08;Fermer le robinet quand on se brosse les dents;Eau;VERTS;Verts maternelles;rebelle;14/03/2025;1;0.000173;0;0;28;0;
T04;Acheter des produits avec moins d'emballages (éviter emballages individuels);Courses;VERTS;Verts maternelles;rebelle;14/03/2025;1;0.506;0;0;0;34.86;
W03;Préférer les produits réutilisables plutôt que jetables;Courses;VERTS;Verts maternelles;rebelle;14/03/2025;1;0.004964;12.6;0;0;0;
E08;Acheter des fruits ou légumes de saison;Courses;VERTS;Verts maternelles;rebelle;14/03/2025;1;0.000173;0;0;0;0;
E08;Ramasser les papiers et les déchets par terre pour les mettre à la poubelle;Déchets;VERTS;Verts maternelles;rebelle;14/03/2025;1;0.000173;0;0;0;0.1;
W04;Fermer ses volets quand il fait froid et nuit;Electricité;VERTS;Verts maternelles;belle;14/03/2025;1;0.006501;16.5;0;0;0;
E04;Eteindre les appareils électriques lorsqu'on ne s'en sert pas (Télé, ordinateur...);Electricité;VERTS;Verts maternelles;belle;14/03/2025;1;0.15988;0;1;0;0;
D05;Récupérer l'eau de pluie pour arroser;Eau;VERTS;Verts maternelles;belle;14/03/2025;1;0.000239;0;0.134615;35;0;
W02;Ne pas gaspiller l'eau de son verre;Eau;VERTS;Verts maternelles;belle;14/03/2025;1;0.05;28;0;35;0;
E08;Fermer le robinet quand on se brosse les dents;Eau;VERTS;Verts maternelles;belle;14/03/2025;1;0.000173;0;0;28;0;
T04;Acheter des produits avec moins d'emballages (éviter emballages individuels);Courses;VERTS;Verts maternelles;belle;14/03/2025;1;0.506;0;0;0;34.86;
W03;Préférer les produits réutilisables plutôt que jetables;Courses;VERTS;Verts maternelles;belle;14/03/2025;1;0.004964;12.6;0;0;0;
E08;Acheter des fruits ou légumes de saison;Courses;VERTS;Verts maternelles;belle;14/03/2025;1;0.000173;0;0;0;0;
E08;Ramasser les papiers et les déchets par terre pour les mettre à la poubelle;Déchets;VERTS;Verts maternelles;belle;14/03/2025;1;0.000173;0;0;0;0.1;
D11;Ne pas prendre sa voiture si c'est possble : préférer la marche et le vélo (pour les petits trajets), le covoiturage…;Transport;VERTS;Verts maternelles;mario;14/03/2025;1;0.38;0;0.67;0;0;
D06;Réduire son temps devant les écrans (Télé, ordinateurs, tablette, jeux vidéos...);Electricité;VERTS;Verts maternelles;mario;14/03/2025;1;0.017374;0;0.183462;0;0;
D05;Récupérer l'eau de pluie pour arroser;Eau;VERTS;Verts maternelles;mario;14/03/2025;1;0.000239;0;0.134615;35;0;
W02;Ne pas gaspiller l'eau de son verre;Eau;VERTS;Verts maternelles;mario;14/03/2025;1;0.05;28;0;35;0;
E08;Fermer le robinet quand on se brosse les dents;Eau;VERTS;Verts maternelles;mario;14/03/2025;1;0.000173;0;0;28;0;
T04;Acheter des produits avec moins d'emballages (éviter emballages individuels);Courses;VERTS;Verts maternelles;mario;14/03/2025;1;0.506;0;0;0;34.86;
W03;Préférer les produits réutilisables plutôt que jetables;Courses;VERTS;Verts maternelles;mario;14/03/2025;1;0.004964;12.6;0;0;0;
E03;Acheter des produits recyclables et utiliser les bacs de tri;Déchets;VERTS;Verts maternelles;mario;14/03/2025;1;0.15988;0;0;0;0;
W04;Fermer ses volets quand il fait froid et nuit;Electricité;VERTS;Verts maternelles;vaiana;14/03/2025;1;0.006501;16.5;0;0;0;
E04;Eteindre les appareils électriques lorsqu'on ne s'en sert pas (Télé, ordinateur...);Electricité;VERTS;Verts maternelles;vaiana;14/03/2025;1;0.15988;0;1;0;0;
D10;Couper l’eau quand on se savonne les mains;Eau;VERTS;Verts maternelles;vaiana;14/03/2025;1;0.54243;0;0.21;12.6;0;
D09;Eviter de prendre des bains (préférer la douche rapide);Eau;VERTS;Verts maternelles;vaiana;14/03/2025;1;0.0623;0;1.75;357;0;
W03;Préférer les produits réutilisables plutôt que jetables;Courses;VERTS;Verts maternelles;vaiana;14/03/2025;1;0.004964;12.6;0;0;0;
E08;Acheter des fruits ou légumes de saison;Courses;VERTS;Verts maternelles;vaiana;14/03/2025;1;0.000173;0;0;0;0;
E03;Acheter des produits recyclables et utiliser les bacs de tri;Déchets;VERTS;Verts maternelles;vaiana;14/03/2025;1;0.15988;0;0;0;0;
D02;Tout manger ce qu'il y a dans nos assiettes (cantine, maison);Déchets;VERTS;Verts maternelles;vaiana;14/03/2025;1;2.453511;0;1.390385;0;1.390384615;
D11;Ne pas prendre sa voiture si c'est possble : préférer la marche et le vélo (pour les petits trajets), le covoiturage…;Transport;VERTS;Verts maternelles;vaiana;14/03/2025;1;0.38;0;0.67;0;0;
C01;Eteindre les lumières quand on quitte une pièce ou si il fait jour dehors;Electricité;VERTS;Verts maternelles;superman;09/04/2025;1;13.7935;0;0;0;0;
D06;Réduire son temps devant les écrans (Télé, ordinateurs, tablette, jeux vidéos...);Electricité;VERTS;Verts maternelles;superman;09/04/2025;1;0.017374;0;0.183462;0;0;
D05;Récupérer l'eau de pluie pour arroser;Eau;VERTS;Verts maternelles;superman;09/04/2025;1;0.000239;0;0.134615;35;0;
D09;Eviter de prendre des bains (préférer la douche rapide);Eau;VERTS;Verts maternelles;superman;09/04/2025;1;0.0623;0;1.75;357;0;
T06;Ne pas tuer les petites bêtes et les remettre dehors (c'est la nourriture de oiseaux);Biodiversité;VERTS;Verts maternelles;superman;09/04/2025;1;1.518;0;0;0;0;
D06;Acheter d’occasion plutôt que neuf;Courses;VERTS;Verts maternelles;superman;09/04/2025;1;0.017374;0;0.183462;0;0.134615385;
E03;Acheter des produits recyclables et utiliser les bacs de tri;Déchets;VERTS;Verts maternelles;superman;09/04/2025;1;0.15988;0;0;0;0;
D02;Tout manger ce qu'il y a dans nos assiettes (cantine, maison);Déchets;VERTS;Verts maternelles;superman;09/04/2025;1;2.453511;0;1.390385;0;1.390384615;
W04;Fermer ses volets quand il fait froid et nuit;Electricité;VERTS;Verts maternelles;panthere;09/04/2025;1;0.006501;16.5;0;0;0;
E04;Eteindre les appareils électriques lorsqu'on ne s'en sert pas (Télé, ordinateur...);Electricité;VERTS;Verts maternelles;panthere;09/04/2025;1;0.15988;0;1;0;0;
D10;Couper l’eau quand on se savonne les mains;Eau;VERTS;Verts maternelles;panthere;09/04/2025;1;0.54243;0;0.21;12.6;0;
E08;Fermer le robinet quand on se brosse les dents;Eau;VERTS;Verts maternelles;panthere;09/04/2025;1;0.000173;0;0;28;0;
W04;Fermer ses volets quand il fait froid et nuit;Electricité;VERTS;Verts maternelles;belle;17/02/2025;1;0.006501;16.5;0;0;0;
D06;Réduire son temps devant les écrans (Télé, ordinateurs, tablette, jeux vidéos...);Electricité;VERTS;Verts maternelles;belle;17/02/2025;1;0.017374;0;0.183462;0;0;
E04;Eteindre les appareils électriques lorsqu'on ne s'en sert pas (Télé, ordinateur...);Electricité;VERTS;Verts maternelles;belle;17/02/2025;1;0.15988;0;1;0;0;
C01;Eteindre les lumières quand on quitte une pièce ou si il fait jour dehors;Electricité;VERTS;Verts maternelles;belle;17/02/2025;1;13.7935;0;0;0;0;
D11;Ne pas prendre sa voiture si c'est possble : préférer la marche et le vélo (pour les petits trajets), le covoiturage…;Transport;VERTS;Verts maternelles;belle;17/02/2025;1;0.38;0;0.67;0;0;
T06;Ne pas tuer les petites bêtes et les remettre dehors (c'est la nourriture de oiseaux);Biodiversité;VERTS;Verts maternelles;belle;17/02/2025;1;1.518;0;0;0;0;
T04;Acheter des produits avec moins d'emballages (éviter emballages individuels);Courses;VERTS;Verts maternelles;belle;17/02/2025;1;0.506;0;0;0;34.86;
D06;Acheter d’occasion plutôt que neuf;Courses;VERTS;Verts maternelles;belle;17/02/2025;1;0.017374;0;0.183462;0;0.134615385;
W03;Préférer les produits réutilisables plutôt que jetables;Courses;VERTS;Verts maternelles;belle;17/02/2025;1;0.004964;12.6;0;0;0;
E01;Acheter juste ce dont on a besoin;Courses;VERTS;Verts maternelles;belle;17/02/2025;1;0.027408;0;0;0;0.134615385;
E08;Acheter des fruits ou légumes de saison;Courses;VERTS;Verts maternelles;belle;17/02/2025;1;0.000173;0;0;0;0;
E03;Acheter des produits recyclables et utiliser les bacs de tri;Déchets;VERTS;Verts maternelles;belle;17/02/2025;1;0.15988;0;0;0;0;
E08;Ramasser les papiers et les déchets par terre pour les mettre à la poubelle;Déchets;VERTS;Verts maternelles;belle;17/02/2025;1;0.000173;0;0;0;0.1;
D02;Tout manger ce qu'il y a dans nos assiettes (cantine, maison);Déchets;VERTS;Verts maternelles;belle;17/02/2025;1;2.453511;0;1.390385;0;1.390384615;
D05;Récupérer l'eau de pluie pour arroser;Eau;VERTS;Verts maternelles;belle;17/02/2025;1;0.000239;0;0.134615;35;0;
D10;Couper l’eau quand on se savonne les mains;Eau;VERTS;Verts maternelles;belle;17/02/2025;1;0.54243;0;0.21;12.6;0;
W02;Ne pas gaspiller l'eau de son verre;Eau;VERTS;Verts maternelles;belle;17/02/2025;1;0.05;28;0;35;0;
D09;Eviter de prendre des bains (préférer la douche rapide);Eau;VERTS;Verts maternelles;belle;17/02/2025;1;0.0623;0;1.75;357;0;
E08;Fermer le robinet quand on se brosse les dents;Eau;VERTS;Verts maternelles;belle;17/02/2025;1;0.000173;0;0;28;0;
D11;Ne pas prendre sa voiture si c'est possble : préférer la marche et le vélo (pour les petits trajets), le covoiturage…;Transport;VERTS;Verts maternelles;patpatrouille;18/02/2025;1;0.38;0;0.67;0;0;
W04;Fermer ses volets quand il fait froid et nuit;Electricité;VERTS;Verts maternelles;patpatrouille;18/02/2025;1;0.006501;16.5;0;0;0;
E04;Eteindre les appareils électriques lorsqu'on ne s'en sert pas (Télé, ordinateur...);Electricité;VERTS;Verts maternelles;patpatrouille;18/02/2025;1;0.15988;0;1;0;0;
D06;Réduire son temps devant les écrans (Télé, ordinateurs, tablette, jeux vidéos...);Electricité;VERTS;Verts maternelles;patpatrouille;18/02/2025;1;0.017374;0;0.183462;0;0;
C01;Eteindre les lumières quand on quitte une pièce ou si il fait jour dehors;Electricité;VERTS;Verts maternelles;patpatrouille;18/02/2025;1;13.7935;0;0;0;0;
D05;Récupérer l'eau de pluie pour arroser;Eau;VERTS;Verts maternelles;patpatrouille;18/02/2025;1;0.000239;0;0.134615;35;0;
D10;Couper l’eau quand on se savonne les mains;Eau;VERTS;Verts maternelles;patpatrouille;18/02/2025;1;0.54243;0;0.21;12.6;0;
W02;Ne pas gaspiller l'eau de son verre;Eau;VERTS;Verts maternelles;patpatrouille;18/02/2025;1;0.05;28;0;35;0;
D09;Eviter de prendre des bains (préférer la douche rapide);Eau;VERTS;Verts maternelles;patpatrouille;18/02/2025;1;0.0623;0;1.75;357;0;
E08;Fermer le robinet quand on se brosse les dents;Eau;VERTS;Verts maternelles;patpatrouille;18/02/2025;1;0.000173;0;0;28;0;
T06;Ne pas tuer les petites bêtes et les remettre dehors (c'est la nourriture de oiseaux);Biodiversité;VERTS;Verts maternelles;patpatrouille;18/02/2025;1;1.518;0;0;0;0;
T04;Acheter des produits avec moins d'emballages (éviter emballages individuels);Courses;VERTS;Verts maternelles;patpatrouille;18/02/2025;1;0.506;0;0;0;34.86;
D06;Acheter d’occasion plutôt que neuf;Courses;VERTS;Verts maternelles;patpatrouille;18/02/2025;1;0.017374;0;0.183462;0;0.134615385;
W03;Préférer les produits réutilisables plutôt que jetables;Courses;VERTS;Verts maternelles;patpatrouille;18/02/2025;1;0.004964;12.6;0;0;0;
E01;Acheter juste ce dont on a besoin;Courses;VERTS;Verts maternelles;patpatrouille;18/02/2025;1;0.027408;0;0;0;0.134615385;
E08;Acheter des fruits ou légumes de saison;Courses;VERTS;Verts maternelles;patpatrouille;18/02/2025;1;0.000173;0;0;0;0;
E03;Acheter des produits recyclables et utiliser les bacs de tri;Déchets;VERTS;Verts maternelles;patpatrouille;18/02/2025;1;0.15988;0;0;0;0;
E08;Ramasser les papiers et les déchets par terre pour les mettre à la poubelle;Déchets;VERTS;Verts maternelles;patpatrouille;18/02/2025;1;0.000173;0;0;0;0.1;
D11;Ne pas prendre sa voiture si c'est possble : préférer la marche et le vélo (pour les petits trajets), le covoiturage…;Transport;VERTS;Verts maternelles;vaiana;18/02/2025;1;0.38;0;0.67;0;0;
D06;Réduire son temps devant les écrans (Télé, ordinateurs, tablette, jeux vidéos...);Electricité;VERTS;Verts maternelles;vaiana;18/02/2025;1;0.017374;0;0.183462;0;0;
C01;Eteindre les lumières quand on quitte une pièce ou si il fait jour dehors;Electricité;VERTS;Verts maternelles;vaiana;18/02/2025;1;13.7935;0;0;0;0;
D10;Couper l’eau quand on se savonne les mains;Eau;VERTS;Verts maternelles;vaiana;18/02/2025;1;0.54243;0;0.21;12.6;0;
D09;Eviter de prendre des bains (préférer la douche rapide);Eau;VERTS;Verts maternelles;vaiana;18/02/2025;1;0.0623;0;1.75;357;0;
T06;Ne pas tuer les petites bêtes et les remettre dehors (c'est la nourriture de oiseaux);Biodiversité;VERTS;Verts maternelles;vaiana;18/02/2025;1;1.518;0;0;0;0;
D06;Acheter d’occasion plutôt que neuf;Courses;VERTS;Verts maternelles;vaiana;18/02/2025;1;0.017374;0;0.183462;0;0.134615385;
E08;Acheter des fruits ou légumes de saison;Courses;VERTS;Verts maternelles;vaiana;18/02/2025;1;0.000173;0;0;0;0;
E08;Ramasser les papiers et les déchets par terre pour les mettre à la poubelle;Déchets;VERTS;Verts maternelles;vaiana;18/02/2025;1;0.000173;0;0;0;0.1;
T06;Ne pas tuer les petites bêtes et les remettre dehors (c'est la nourriture de oiseaux);Biodiversité;VERTS;Verts maternelles;panthere;09/04/2025;1;1.518;0;0;0;0;
W03;Préférer les produits réutilisables plutôt que jetables;Courses;VERTS;Verts maternelles;panthere;09/04/2025;1;0.004964;12.6;0;0;0;
D11;Ne pas prendre sa voiture si c'est possble : préférer la marche et le vélo (pour les petits trajets), le covoiturage…;Transport;VERTS;Verts maternelles;dragon;13/03/2025;1;0.38;0;0.67;0;0;
D06;Réduire son temps devant les écrans (Télé, ordinateurs, tablette, jeux vidéos...);Electricité;VERTS;Verts maternelles;dragon;13/03/2025;1;0.017374;0;0.183462;0;0;
C01;Eteindre les lumières quand on quitte une pièce ou si il fait jour dehors;Electricité;VERTS;Verts maternelles;dragon;13/03/2025;1;13.7935;0;0;0;0;
D10;Couper l’eau quand on se savonne les mains;Eau;VERTS;Verts maternelles;dragon;13/03/2025;1;0.54243;0;0.21;12.6;0;
D09;Eviter de prendre des bains (préférer la douche rapide);Eau;VERTS;Verts maternelles;dragon;13/03/2025;1;0.0623;0;1.75;357;0;
T06;Ne pas tuer les petites bêtes et les remettre dehors (c'est la nourriture de oiseaux);Biodiversité;VERTS;Verts maternelles;dragon;13/03/2025;1;1.518;0;0;0;0;
D06;Acheter d’occasion plutôt que neuf;Courses;VERTS;Verts maternelles;dragon;13/03/2025;1;0.017374;0;0.183462;0;0.134615385;
E01;Acheter juste ce dont on a besoin;Courses;VERTS;Verts maternelles;dragon;13/03/2025;1;0.027408;0;0;0;0.134615385;
E03;Acheter des produits recyclables et utiliser les bacs de tri;Déchets;VERTS;Verts maternelles;dragon;13/03/2025;1;0.15988;0;0;0;0;
D02;Tout manger ce qu'il y a dans nos assiettes (cantine, maison);Déchets;VERTS;Verts maternelles;dragon;13/03/2025;1;2.453511;0;1.390385;0;1.390384615;
W04;Fermer ses volets quand il fait froid et nuit;Electricité;VERTS;Verts maternelles;panthere;13/03/2025;1;0.006501;16.5;0;0;0;
E04;Eteindre les appareils électriques lorsqu'on ne s'en sert pas (Télé, ordinateur...);Electricité;VERTS;Verts maternelles;panthere;13/03/2025;1;0.15988;0;1;0;0;
D10;Couper l’eau quand on se savonne les mains;Eau;VERTS;Verts maternelles;panthere;13/03/2025;1;0.54243;0;0.21;12.6;0;
D09;Eviter de prendre des bains (préférer la douche rapide);Eau;VERTS;Verts maternelles;panthere;13/03/2025;1;0.0623;0;1.75;357;0;
T06;Ne pas tuer les petites bêtes et les remettre dehors (c'est la nourriture de oiseaux);Biodiversité;VERTS;Verts maternelles;panthere;13/03/2025;1;1.518;0;0;0;0;
D06;Acheter d’occasion plutôt que neuf;Courses;VERTS;Verts maternelles;panthere;13/03/2025;1;0.017374;0;0.183462;0;0.134615385;
E01;Acheter juste ce dont on a besoin;Courses;VERTS;Verts maternelles;panthere;13/03/2025;1;0.027408;0;0;0;0.134615385;
E03;Acheter des produits recyclables et utiliser les bacs de tri;Déchets;VERTS;Verts maternelles;panthere;13/03/2025;1;0.15988;0;0;0;0;
D11;Ne pas prendre sa voiture si c'est possble : préférer la marche et le vélo (pour les petits trajets), le covoiturage…;Transport;VERTS;Verts maternelles;rebelle;14/03/2025;1;0.38;0;0.67;0;0;
D06;Réduire son temps devant les écrans (Télé, ordinateurs, tablette, jeux vidéos...);Electricité;VERTS;Verts maternelles;rebelle;14/03/2025;1;0.017374;0;0.183462;0;0;
C01;Eteindre les lumières quand on quitte une pièce ou si il fait jour dehors;Electricité;VERTS;Verts maternelles;rebelle;14/03/2025;1;13.7935;0;0;0;0;
D10;Couper l’eau quand on se savonne les mains;Eau;VERTS;Verts maternelles;rebelle;14/03/2025;1;0.54243;0;0.21;12.6;0;
D09;Eviter de prendre des bains (préférer la douche rapide);Eau;VERTS;Verts maternelles;rebelle;14/03/2025;1;0.0623;0;1.75;357;0;
T06;Ne pas tuer les petites bêtes et les remettre dehors (c'est la nourriture de oiseaux);Biodiversité;VERTS;Verts maternelles;rebelle;14/03/2025;1;1.518;0;0;0;0;
D06;Acheter d’occasion plutôt que neuf;Courses;VERTS;Verts maternelles;rebelle;14/03/2025;1;0.017374;0;0.183462;0;0.134615385;
E01;Acheter juste ce dont on a besoin;Courses;VERTS;Verts maternelles;rebelle;14/03/2025;1;0.027408;0;0;0;0.134615385;
E03;Acheter des produits recyclables et utiliser les bacs de tri;Déchets;VERTS;Verts maternelles;rebelle;14/03/2025;1;0.15988;0;0;0;0;
D11;Ne pas prendre sa voiture si c'est possble : préférer la marche et le vélo (pour les petits trajets), le covoiturage…;Transport;VERTS;Verts maternelles;belle;14/03/2025;1;0.38;0;0.67;0;0;
D06;Réduire son temps devant les écrans (Télé, ordinateurs, tablette, jeux vidéos...);Electricité;VERTS;Verts maternelles;belle;14/03/2025;1;0.017374;0;0.183462;0;0;
C01;Eteindre les lumières quand on quitte une pièce ou si il fait jour dehors;Electricité;VERTS;Verts maternelles;belle;14/03/2025;1;13.7935;0;0;0;0;
D10;Couper l’eau quand on se savonne les mains;Eau;VERTS;Verts maternelles;belle;14/03/2025;1;0.54243;0;0.21;12.6;0;
D09;Eviter de prendre des bains (préférer la douche rapide);Eau;VERTS;Verts maternelles;belle;14/03/2025;1;0.0623;0;1.75;357;0;
T06;Ne pas tuer les petites bêtes et les remettre dehors (c'est la nourriture de oiseaux);Biodiversité;VERTS;Verts maternelles;belle;14/03/2025;1;1.518;0;0;0;0;
D06;Acheter d’occasion plutôt que neuf;Courses;VERTS;Verts maternelles;belle;14/03/2025;1;0.017374;0;0.183462;0;0.134615385;
E01;Acheter juste ce dont on a besoin;Courses;VERTS;Verts maternelles;panthere;09/04/2025;1;0.027408;0;0;0;0.134615385;
E01;Acheter juste ce dont on a besoin;Courses;VERTS;Verts maternelles;belle;14/03/2025;1;0.027408;0;0;0;0.134615385;
E03;Acheter des produits recyclables et utiliser les bacs de tri;Déchets;VERTS;Verts maternelles;belle;14/03/2025;1;0.15988;0;0;0;0;
D02;Tout manger ce qu'il y a dans nos assiettes (cantine, maison);Déchets;VERTS;Verts maternelles;belle;14/03/2025;1;2.453511;0;1.390385;0;1.390384615;
W04;Fermer ses volets quand il fait froid et nuit;Electricité;VERTS;Verts maternelles;mario;14/03/2025;1;0.006501;16.5;0;0;0;
E04;Eteindre les appareils électriques lorsqu'on ne s'en sert pas (Télé, ordinateur...);Electricité;VERTS;Verts maternelles;mario;14/03/2025;1;0.15988;0;1;0;0;
C01;Eteindre les lumières quand on quitte une pièce ou si il fait jour dehors;Electricité;VERTS;Verts maternelles;mario;14/03/2025;1;13.7935;0;0;0;0;
D10;Couper l’eau quand on se savonne les mains;Eau;VERTS;Verts maternelles;mario;14/03/2025;1;0.54243;0;0.21;12.6;0;
D09;Eviter de prendre des bains (préférer la douche rapide);Eau;VERTS;Verts maternelles;mario;14/03/2025;1;0.0623;0;1.75;357;0;
T06;Ne pas tuer les petites bêtes et les remettre dehors (c'est la nourriture de oiseaux);Biodiversité;VERTS;Verts maternelles;mario;14/03/2025;1;1.518;0;0;0;0;
D06;Acheter d’occasion plutôt que neuf;Courses;VERTS;Verts maternelles;mario;14/03/2025;1;0.017374;0;0.183462;0;0.134615385;
E01;Acheter juste ce dont on a besoin;Courses;VERTS;Verts maternelles;mario;14/03/2025;1;0.027408;0;0;0;0.134615385;
E08;Ramasser les papiers et les déchets par terre pour les mettre à la poubelle;Déchets;VERTS;Verts maternelles;mario;14/03/2025;1;0.000173;0;0;0;0.1;
D02;Tout manger ce qu'il y a dans nos assiettes (cantine, maison);Déchets;VERTS;Verts maternelles;panthere;09/04/2025;1;2.453511;0;1.390385;0;1.390384615;
D06;Réduire son temps devant les écrans (Télé, ordinateurs, tablette, jeux vidéos...);Electricité;VERTS;Verts maternelles;vaiana;14/03/2025;1;0.017374;0;0.183462;0;0;
C01;Eteindre les lumières quand on quitte une pièce ou si il fait jour dehors;Electricité;VERTS;Verts maternelles;vaiana;14/03/2025;1;13.7935;0;0;0;0;
D05;Récupérer l'eau de pluie pour arroser;Eau;VERTS;Verts maternelles;vaiana;14/03/2025;1;0.000239;0;0.134615;35;0;
W02;Ne pas gaspiller l'eau de son verre;Eau;VERTS;Verts maternelles;vaiana;14/03/2025;1;0.05;28;0;35;0;
E08;Fermer le robinet quand on se brosse les dents;Eau;VERTS;Verts maternelles;vaiana;14/03/2025;1;0.000173;0;0;28;0;
T06;Ne pas tuer les petites bêtes et les remettre dehors (c'est la nourriture de oiseaux);Biodiversité;VERTS;Verts maternelles;vaiana;14/03/2025;1;1.518;0;0;0;0;
D06;Acheter d’occasion plutôt que neuf;Courses;VERTS;Verts maternelles;vaiana;14/03/2025;1;0.017374;0;0.183462;0;0.134615385;
E01;Acheter juste ce dont on a besoin;Courses;VERTS;Verts maternelles;vaiana;14/03/2025;1;0.027408;0;0;0;0.134615385;
E08;Ramasser les papiers et les déchets par terre pour les mettre à la poubelle;Déchets;VERTS;Verts maternelles;vaiana;14/03/2025;1;0.000173;0;0;0;0.1;
D11;Ne pas prendre sa voiture si c'est possble : préférer la marche et le vélo (pour les petits trajets), le covoiturage…;Transport;VERTS;Verts maternelles;heros;10/04/2025;1;0.38;0;0.67;0;0;
D06;Réduire son temps devant les écrans (Télé, ordinateurs, tablette, jeux vidéos...);Electricité;VERTS;Verts maternelles;heros;10/04/2025;1;0.017374;0;0.183462;0;0;
C01;Eteindre les lumières quand on quitte une pièce ou si il fait jour dehors;Electricité;VERTS;Verts maternelles;heros;10/04/2025;1;13.7935;0;0;0;0;
W02;Ne pas gaspiller l'eau de son verre;Eau;VERTS;Verts maternelles;heros;10/04/2025;1;0.05;28;0;35;0;
E08;Fermer le robinet quand on se brosse les dents;Eau;VERTS;Verts maternelles;heros;10/04/2025;1;0.000173;0;0;28;0;
E01;Acheter juste ce dont on a besoin;Courses;VERTS;Verts maternelles;heros;10/04/2025;1;0.027408;0;0;0;0.134615385;
D02;Tout manger ce qu'il y a dans nos assiettes (cantine, maison);Déchets;VERTS;Verts maternelles;heros;10/04/2025;1;2.453511;0;1.390385;0;1.390384615;
D10;Couper l’eau quand on se savonne les mains;Eau;VERTS;Verts maternelles;dragon;10/04/2025;1;0.54243;0;0.21;12.6;0;
D09;Eviter de prendre des bains (préférer la douche rapide);Eau;VERTS;Verts maternelles;dragon;10/04/2025;1;0.0623;0;1.75;357;0;
W04;Fermer ses volets quand il fait froid et nuit;Electricité;VERTS;Verts maternelles;patpatrouille;30/03/2025;1;0.006501;16.5;0;0;0;
E04;Eteindre les appareils électriques lorsqu'on ne s'en sert pas (Télé, ordinateur...);Electricité;VERTS;Verts maternelles;patpatrouille;30/03/2025;1;0.15988;0;1;0;0;
W04;Fermer ses volets quand il fait froid et nuit;Electricité;VERTS;Verts maternelles;heros;26/04/2025;1;0.006501;16.5;0;0;0;
E04;Eteindre les appareils électriques lorsqu'on ne s'en sert pas (Télé, ordinateur...);Electricité;VERTS;Verts maternelles;heros;26/04/2025;1;0.15988;0;1;0;0;
D05;Récupérer l'eau de pluie pour arroser;Eau;VERTS;Verts maternelles;heros;26/04/2025;1;0.000239;0;0.134615;35;0;
W02;Ne pas gaspiller l'eau de son verre;Eau;VERTS;Verts maternelles;heros;26/04/2025;1;0.05;28;0;35;0;
E08;Fermer le robinet quand on se brosse les dents;Eau;VERTS;Verts maternelles;heros;26/04/2025;1;0.000173;0;0;28;0;
T04;Acheter des produits avec moins d'emballages (éviter emballages individuels);Courses;VERTS;Verts maternelles;heros;26/04/2025;1;0.506;0;0;0;34.86;
W03;Préférer les produits réutilisables plutôt que jetables;Courses;VERTS;Verts maternelles;heros;26/04/2025;1;0.004964;12.6;0;0;0;
E08;Acheter des fruits ou légumes de saison;Courses;VERTS;Verts maternelles;heros;26/04/2025;1;0.000173;0;0;0;0;
E08;Ramasser les papiers et les déchets par terre pour les mettre à la poubelle;Déchets;VERTS;Verts maternelles;heros;26/04/2025;1;0.000173;0;0;0;0.1;
D02;Tout manger ce qu'il y a dans nos assiettes (cantine, maison);Déchets;VERTS;Verts maternelles;patpatrouille;18/02/2025;1;2.453511;0;1.390385;0;1.390384615;
W04;Fermer ses volets quand il fait froid et nuit;Electricité;VERTS;Verts maternelles;vaiana;18/02/2025;1;0.006501;16.5;0;0;0;
E04;Eteindre les appareils électriques lorsqu'on ne s'en sert pas (Télé, ordinateur...);Electricité;VERTS;Verts maternelles;vaiana;18/02/2025;1;0.15988;0;1;0;0;
D05;Récupérer l'eau de pluie pour arroser;Eau;VERTS;Verts maternelles;vaiana;18/02/2025;1;0.000239;0;0.134615;35;0;
W02;Ne pas gaspiller l'eau de son verre;Eau;VERTS;Verts maternelles;vaiana;18/02/2025;1;0.05;28;0;35;0;
E08;Fermer le robinet quand on se brosse les dents;Eau;VERTS;Verts maternelles;vaiana;18/02/2025;1;0.000173;0;0;28;0;
T04;Acheter des produits avec moins d'emballages (éviter emballages individuels);Courses;VERTS;Verts maternelles;vaiana;18/02/2025;1;0.506;0;0;0;34.86;
W03;Préférer les produits réutilisables plutôt que jetables;Courses;VERTS;Verts maternelles;vaiana;18/02/2025;1;0.004964;12.6;0;0;0;
E03;Acheter des produits recyclables et utiliser les bacs de tri;Déchets;VERTS;Verts maternelles;vaiana;18/02/2025;1;0.15988;0;0;0;0;
D02;Tout manger ce qu'il y a dans nos assiettes (cantine, maison);Déchets;VERTS;Verts maternelles;vaiana;18/02/2025;1;2.453511;0;1.390385;0;1.390384615;
W04;Fermer ses volets quand il fait froid et nuit;Electricité;VERTS;Verts maternelles;batman;12/02/2025;1;0.006501;16.5;0;0;0;
E04;Eteindre les appareils électriques lorsqu'on ne s'en sert pas (Télé, ordinateur...);Electricité;VERTS;Verts maternelles;batman;12/02/2025;1;0.15988;0;1;0;0;
D10;Couper l’eau quand on se savonne les mains;Eau;VERTS;Verts maternelles;batman;12/02/2025;1;0.54243;0;0.21;12.6;0;
D09;Eviter de prendre des bains (préférer la douche rapide);Eau;VERTS;Verts maternelles;batman;12/02/2025;1;0.0623;0;1.75;357;0;
T06;Ne pas tuer les petites bêtes et les remettre dehors (c'est la nourriture de oiseaux);Biodiversité;VERTS;Verts maternelles;batman;12/02/2025;1;1.518;0;0;0;0;
D06;Acheter d’occasion plutôt que neuf;Courses;VERTS;Verts maternelles;batman;12/02/2025;1;0.017374;0;0.183462;0;0.134615385;
E01;Acheter juste ce dont on a besoin;Courses;VERTS;Verts maternelles;batman;12/02/2025;1;0.027408;0;0;0;0.134615385;
E08;Acheter des fruits ou légumes de saison;Courses;VERTS;Verts maternelles;batman;12/02/2025;1;0.000173;0;0;0;0;
E03;Acheter des produits recyclables et utiliser les bacs de tri;Déchets;VERTS;Verts maternelles;batman;12/02/2025;1;0.15988;0;0;0;0;
E08;Ramasser les papiers et les déchets par terre pour les mettre à la poubelle;Déchets;VERTS;Verts maternelles;batman;12/02/2025;1;0.000173;0;0;0;0.1;
T04;Acheter des produits avec moins d'emballages (éviter emballages individuels);Courses;VERTS;Verts maternelles;batman;12/02/2025;1;0.506;0;0;0;34.86;
W03;Préférer les produits réutilisables plutôt que jetables;Courses;VERTS;Verts maternelles;batman;12/02/2025;1;0.004964;12.6;0;0;0;
W04;Fermer ses volets quand il fait froid et nuit;Electricité;VERTS;Verts maternelles;vaiana;09/02/2025;1;0.006501;16.5;0;0;0;
C01;Eteindre les lumières quand on quitte une pièce ou si il fait jour dehors;Electricité;VERTS;Verts maternelles;vaiana;09/02/2025;1;13.7935;0;0;0;0;
D10;Couper l’eau quand on se savonne les mains;Eau;VERTS;Verts maternelles;vaiana;09/02/2025;1;0.54243;0;0.21;12.6;0;
D09;Eviter de prendre des bains (préférer la douche rapide);Eau;VERTS;Verts maternelles;vaiana;09/02/2025;1;0.0623;0;1.75;357;0;
E08;Fermer le robinet quand on se brosse les dents;Eau;VERTS;Verts maternelles;vaiana;09/02/2025;1;0.000173;0;0;28;0;
T06;Ne pas tuer les petites bêtes et les remettre dehors (c'est la nourriture de oiseaux);Biodiversité;VERTS;Verts maternelles;vaiana;09/02/2025;1;1.518;0;0;0;0;
W03;Préférer les produits réutilisables plutôt que jetables;Courses;VERTS;Verts maternelles;vaiana;09/02/2025;1;0.004964;12.6;0;0;0;
E08;Acheter des fruits ou légumes de saison;Courses;VERTS;Verts maternelles;vaiana;09/02/2025;1;0.000173;0;0;0;0;
E04;Eteindre les appareils électriques lorsqu'on ne s'en sert pas (Télé, ordinateur...);Electricité;VERTS;Verts maternelles;vaiana;09/02/2025;1;0.15988;0;1;0;0;
D05;Récupérer l'eau de pluie pour arroser;Eau;VERTS;Verts maternelles;vaiana;09/02/2025;1;0.000239;0;0.134615;35;0;
W02;Ne pas gaspiller l'eau de son verre;Eau;VERTS;Verts maternelles;vaiana;09/02/2025;1;0.05;28;0;35;0;
T04;Acheter des produits avec moins d'emballages (éviter emballages individuels);Courses;VERTS;Verts maternelles;vaiana;09/02/2025;1;0.506;0;0;0;34.86;
D06;Acheter d’occasion plutôt que neuf;Courses;VERTS;Verts maternelles;vaiana;09/02/2025;1;0.017374;0;0.183462;0;0.134615385;
E01;Acheter juste ce dont on a besoin;Courses;VERTS;Verts maternelles;vaiana;09/02/2025;1;0.027408;0;0;0;0.134615385;
D11;Ne pas prendre sa voiture si c'est possble : préférer la marche et le vélo (pour les petits trajets), le covoiturage…;Transport;VERTS;Verts maternelles;batman;12/02/2025;1;0.38;0;0.67;0;0;
D06;Réduire son temps devant les écrans (Télé, ordinateurs, tablette, jeux vidéos...);Electricité;VERTS;Verts maternelles;batman;12/02/2025;1;0.017374;0;0.183462;0;0;
C01;Eteindre les lumières quand on quitte une pièce ou si il fait jour dehors;Electricité;VERTS;Verts maternelles;batman;12/02/2025;1;13.7935;0;0;0;0;
W02;Ne pas gaspiller l'eau de son verre;Eau;VERTS;Verts maternelles;batman;12/02/2025;1;0.05;28;0;35;0;
E08;Fermer le robinet quand on se brosse les dents;Eau;VERTS;Verts maternelles;batman;12/02/2025;1;0.000173;0;0;28;0;
D11;Ne pas prendre sa voiture si c'est possble : préférer la marche et le vélo (pour les petits trajets), le covoiturage…;Transport;VERTS;Verts maternelles;patpatrouille;12/02/2025;1;0.38;0;0.67;0;0;
W04;Fermer ses volets quand il fait froid et nuit;Electricité;VERTS;Verts maternelles;patpatrouille;12/02/2025;1;0.006501;16.5;0;0;0;
E04;Eteindre les appareils électriques lorsqu'on ne s'en sert pas (Télé, ordinateur...);Electricité;VERTS;Verts maternelles;patpatrouille;12/02/2025;1;0.15988;0;1;0;0;
C01;Eteindre les lumières quand on quitte une pièce ou si il fait jour dehors;Electricité;VERTS;Verts maternelles;patpatrouille;12/02/2025;1;13.7935;0;0;0;0;
D05;Récupérer l'eau de pluie pour arroser;Eau;VERTS;Verts maternelles;patpatrouille;12/02/2025;1;0.000239;0;0.134615;35;0;
D10;Couper l’eau quand on se savonne les mains;Eau;VERTS;Verts maternelles;patpatrouille;12/02/2025;1;0.54243;0;0.21;12.6;0;
W02;Ne pas gaspiller l'eau de son verre;Eau;VERTS;Verts maternelles;patpatrouille;12/02/2025;1;0.05;28;0;35;0;
E08;Fermer le robinet quand on se brosse les dents;Eau;VERTS;Verts maternelles;patpatrouille;12/02/2025;1;0.000173;0;0;28;0;
T06;Ne pas tuer les petites bêtes et les remettre dehors (c'est la nourriture de oiseaux);Biodiversité;VERTS;Verts maternelles;patpatrouille;12/02/2025;1;1.518;0;0;0;0;
T04;Acheter des produits avec moins d'emballages (éviter emballages individuels);Courses;VERTS;Verts maternelles;patpatrouille;12/02/2025;1;0.506;0;0;0;34.86;
D06;Acheter d’occasion plutôt que neuf;Courses;VERTS;Verts maternelles;patpatrouille;12/02/2025;1;0.017374;0;0.183462;0;0.134615385;
W03;Préférer les produits réutilisables plutôt que jetables;Courses;VERTS;Verts maternelles;patpatrouille;12/02/2025;1;0.004964;12.6;0;0;0;
E01;Acheter juste ce dont on a besoin;Courses;VERTS;Verts maternelles;patpatrouille;12/02/2025;1;0.027408;0;0;0;0.134615385;
E08;Acheter des fruits ou légumes de saison;Courses;VERTS;Verts maternelles;patpatrouille;12/02/2025;1;0.000173;0;0;0;0;
E03;Acheter des produits recyclables et utiliser les bacs de tri;Déchets;VERTS;Verts maternelles;patpatrouille;12/02/2025;1;0.15988;0;0;0;0;
E08;Ramasser les papiers et les déchets par terre pour les mettre à la poubelle;Déchets;VERTS;Verts maternelles;patpatrouille;12/02/2025;1;0.000173;0;0;0;0.1;
D02;Tout manger ce qu'il y a dans nos assiettes (cantine, maison);Déchets;VERTS;Verts maternelles;patpatrouille;12/02/2025;1;2.453511;0;1.390385;0;1.390384615;
D11;Ne pas prendre sa voiture si c'est possble : préférer la marche et le vélo (pour les petits trajets), le covoiturage…;Transport;VERTS;Verts maternelles;dragon;13/02/2025;1;0.38;0;0.67;0;0;
E03;Acheter des produits recyclables et utiliser les bacs de tri;Déchets;VERTS;Verts maternelles;dragon;13/02/2025;1;0.15988;0;0;0;0;
E08;Ramasser les papiers et les déchets par terre pour les mettre à la poubelle;Déchets;VERTS;Verts maternelles;dragon;13/02/2025;1;0.000173;0;0;0;0.1;
D02;Tout manger ce qu'il y a dans nos assiettes (cantine, maison);Déchets;VERTS;Verts maternelles;dragon;13/02/2025;1;2.453511;0;1.390385;0;1.390384615;
T04;Acheter des produits avec moins d'emballages (éviter emballages individuels);Courses;VERTS;Verts maternelles;dragon;13/02/2025;1;0.506;0;0;0;34.86;
D06;Acheter d’occasion plutôt que neuf;Courses;VERTS;Verts maternelles;dragon;13/02/2025;1;0.017374;0;0.183462;0;0.134615385;
W03;Préférer les produits réutilisables plutôt que jetables;Courses;VERTS;Verts maternelles;dragon;13/02/2025;1;0.004964;12.6;0;0;0;
E01;Acheter juste ce dont on a besoin;Courses;VERTS;Verts maternelles;dragon;13/02/2025;1;0.027408;0;0;0;0.134615385;
E08;Acheter des fruits ou légumes de saison;Courses;VERTS;Verts maternelles;dragon;13/02/2025;1;0.000173;0;0;0;0;
T06;Ne pas tuer les petites bêtes et les remettre dehors (c'est la nourriture de oiseaux);Biodiversité;VERTS;Verts maternelles;dragon;13/02/2025;1;1.518;0;0;0;0;
D05;Récupérer l'eau de pluie pour arroser;Eau;VERTS;Verts maternelles;dragon;13/02/2025;1;0.000239;0;0.134615;35;0;
D10;Couper l’eau quand on se savonne les mains;Eau;VERTS;Verts maternelles;dragon;13/02/2025;1;0.54243;0;0.21;12.6;0;
D11;Ne pas prendre sa voiture si c'est possble : préférer la marche et le vélo (pour les petits trajets), le covoiturage…;Transport;VERTS;Verts maternelles;belle;13/02/2025;1;0.38;0;0.67;0;0;
W02;Ne pas gaspiller l'eau de son verre;Eau;VERTS;Verts maternelles;dragon;13/02/2025;1;0.05;28;0;35;0;
D09;Eviter de prendre des bains (préférer la douche rapide);Eau;VERTS;Verts maternelles;dragon;13/02/2025;1;0.0623;0;1.75;357;0;
E08;Fermer le robinet quand on se brosse les dents;Eau;VERTS;Verts maternelles;dragon;13/02/2025;1;0.000173;0;0;28;0;
E03;Acheter des produits recyclables et utiliser les bacs de tri;Déchets;VERTS;Verts maternelles;belle;13/02/2025;1;0.15988;0;0;0;0;
E08;Ramasser les papiers et les déchets par terre pour les mettre à la poubelle;Déchets;VERTS;Verts maternelles;belle;13/02/2025;1;0.000173;0;0;0;0.1;
D02;Tout manger ce qu'il y a dans nos assiettes (cantine, maison);Déchets;VERTS;Verts maternelles;belle;13/02/2025;1;2.453511;0;1.390385;0;1.390384615;
W04;Fermer ses volets quand il fait froid et nuit;Electricité;VERTS;Verts maternelles;dragon;13/02/2025;1;0.006501;16.5;0;0;0;
D06;Réduire son temps devant les écrans (Télé, ordinateurs, tablette, jeux vidéos...);Electricité;VERTS;Verts maternelles;dragon;13/02/2025;1;0.017374;0;0.183462;0;0;
W04;Fermer ses volets quand il fait froid et nuit;Electricité;VERTS;Verts maternelles;belle;13/02/2025;1;0.006501;16.5;0;0;0;
E04;Eteindre les appareils électriques lorsqu'on ne s'en sert pas (Télé, ordinateur...);Electricité;VERTS;Verts maternelles;belle;13/02/2025;1;0.15988;0;1;0;0;
C01;Eteindre les lumières quand on quitte une pièce ou si il fait jour dehors;Electricité;VERTS;Verts maternelles;belle;13/02/2025;1;13.7935;0;0;0;0;
D05;Récupérer l'eau de pluie pour arroser;Eau;VERTS;Verts maternelles;belle;13/02/2025;1;0.000239;0;0.134615;35;0;
D10;Couper l’eau quand on se savonne les mains;Eau;VERTS;Verts maternelles;belle;13/02/2025;1;0.54243;0;0.21;12.6;0;
E04;Eteindre les appareils électriques lorsqu'on ne s'en sert pas (Télé, ordinateur...);Electricité;VERTS;Verts maternelles;dragon;13/02/2025;1;0.15988;0;1;0;0;
W02;Ne pas gaspiller l'eau de son verre;Eau;VERTS;Verts maternelles;belle;13/02/2025;1;0.05;28;0;35;0;
C01;Eteindre les lumières quand on quitte une pièce ou si il fait jour dehors;Electricité;VERTS;Verts maternelles;dragon;13/02/2025;1;13.7935;0;0;0;0;
D09;Eviter de prendre des bains (préférer la douche rapide);Eau;VERTS;Verts maternelles;belle;13/02/2025;1;0.0623;0;1.75;357;0;
E08;Fermer le robinet quand on se brosse les dents;Eau;VERTS;Verts maternelles;belle;13/02/2025;1;0.000173;0;0;28;0;
T06;Ne pas tuer les petites bêtes et les remettre dehors (c'est la nourriture de oiseaux);Biodiversité;VERTS;Verts maternelles;belle;13/02/2025;1;1.518;0;0;0;0;
D06;Acheter d’occasion plutôt que neuf;Courses;VERTS;Verts maternelles;belle;13/02/2025;1;0.017374;0;0.183462;0;0.134615385;
W03;Préférer les produits réutilisables plutôt que jetables;Courses;VERTS;Verts maternelles;belle;13/02/2025;1;0.004964;12.6;0;0;0;
E01;Acheter juste ce dont on a besoin;Courses;VERTS;Verts maternelles;belle;13/02/2025;1;0.027408;0;0;0;0.134615385;
E08;Acheter des fruits ou légumes de saison;Courses;VERTS;Verts maternelles;belle;13/02/2025;1;0.000173;0;0;0;0;
T04;Acheter des produits avec moins d'emballages (éviter emballages individuels);Courses;VERTS;Verts maternelles;belle;13/02/2025;1;0.506;0;0;0;34.86;
D11;Ne pas prendre sa voiture si c'est possble : préférer la marche et le vélo (pour les petits trajets), le covoiturage…;Transport;VERTS;Verts maternelles;rebelle;13/02/2025;1;0.38;0;0.67;0;0;
W04;Fermer ses volets quand il fait froid et nuit;Electricité;VERTS;Verts maternelles;rebelle;13/02/2025;1;0.006501;16.5;0;0;0;
D06;Réduire son temps devant les écrans (Télé, ordinateurs, tablette, jeux vidéos...);Electricité;VERTS;Verts maternelles;rebelle;13/02/2025;1;0.017374;0;0.183462;0;0;
E04;Eteindre les appareils électriques lorsqu'on ne s'en sert pas (Télé, ordinateur...);Electricité;VERTS;Verts maternelles;rebelle;13/02/2025;1;0.15988;0;1;0;0;
C01;Eteindre les lumières quand on quitte une pièce ou si il fait jour dehors;Electricité;VERTS;Verts maternelles;rebelle;13/02/2025;1;13.7935;0;0;0;0;
D10;Couper l’eau quand on se savonne les mains;Eau;VERTS;Verts maternelles;rebelle;13/02/2025;1;0.54243;0;0.21;12.6;0;
E08;Fermer le robinet quand on se brosse les dents;Eau;VERTS;Verts maternelles;rebelle;13/02/2025;1;0.000173;0;0;28;0;
T06;Ne pas tuer les petites bêtes et les remettre dehors (c'est la nourriture de oiseaux);Biodiversité;VERTS;Verts maternelles;rebelle;13/02/2025;1;1.518;0;0;0;0;
T04;Acheter des produits avec moins d'emballages (éviter emballages individuels);Courses;VERTS;Verts maternelles;rebelle;13/02/2025;1;0.506;0;0;0;34.86;
D06;Acheter d’occasion plutôt que neuf;Courses;VERTS;Verts maternelles;rebelle;13/02/2025;1;0.017374;0;0.183462;0;0.134615385;
W03;Préférer les produits réutilisables plutôt que jetables;Courses;VERTS;Verts maternelles;rebelle;13/02/2025;1;0.004964;12.6;0;0;0;
E08;Acheter des fruits ou légumes de saison;Courses;VERTS;Verts maternelles;rebelle;13/02/2025;1;0.000173;0;0;0;0;
E03;Acheter des produits recyclables et utiliser les bacs de tri;Déchets;VERTS;Verts maternelles;rebelle;13/02/2025;1;0.15988;0;0;0;0;
E08;Ramasser les papiers et les déchets par terre pour les mettre à la poubelle;Déchets;VERTS;Verts maternelles;rebelle;13/02/2025;1;0.000173;0;0;0;0.1;
W04;Fermer ses volets quand il fait froid et nuit;Electricité;VERTS;Verts maternelles;superman;14/02/2025;1;0.006501;16.5;0;0;0;
D06;Réduire son temps devant les écrans (Télé, ordinateurs, tablette, jeux vidéos...);Electricité;VERTS;Verts maternelles;superman;14/02/2025;1;0.017374;0;0.183462;0;0;
C01;Eteindre les lumières quand on quitte une pièce ou si il fait jour dehors;Electricité;VERTS;Verts maternelles;superman;14/02/2025;1;13.7935;0;0;0;0;
D05;Récupérer l'eau de pluie pour arroser;Eau;VERTS;Verts maternelles;superman;14/02/2025;1;0.000239;0;0.134615;35;0;
D10;Couper l’eau quand on se savonne les mains;Eau;VERTS;Verts maternelles;superman;14/02/2025;1;0.54243;0;0.21;12.6;0;
W02;Ne pas gaspiller l'eau de son verre;Eau;VERTS;Verts maternelles;superman;14/02/2025;1;0.05;28;0;35;0;
D09;Eviter de prendre des bains (préférer la douche rapide);Eau;VERTS;Verts maternelles;superman;14/02/2025;1;0.0623;0;1.75;357;0;
E08;Fermer le robinet quand on se brosse les dents;Eau;VERTS;Verts maternelles;superman;14/02/2025;1;0.000173;0;0;28;0;
T06;Ne pas tuer les petites bêtes et les remettre dehors (c'est la nourriture de oiseaux);Biodiversité;VERTS;Verts maternelles;superman;14/02/2025;1;1.518;0;0;0;0;
T04;Acheter des produits avec moins d'emballages (éviter emballages individuels);Courses;VERTS;Verts maternelles;superman;14/02/2025;1;0.506;0;0;0;34.86;
D06;Acheter d’occasion plutôt que neuf;Courses;VERTS;Verts maternelles;superman;14/02/2025;1;0.017374;0;0.183462;0;0.134615385;
W03;Préférer les produits réutilisables plutôt que jetables;Courses;VERTS;Verts maternelles;superman;14/02/2025;1;0.004964;12.6;0;0;0;
E01;Acheter juste ce dont on a besoin;Courses;VERTS;Verts maternelles;superman;14/02/2025;1;0.027408;0;0;0;0.134615385;
E03;Acheter des produits recyclables et utiliser les bacs de tri;Déchets;VERTS;Verts maternelles;superman;14/02/2025;1;0.15988;0;0;0;0;
E08;Ramasser les papiers et les déchets par terre pour les mettre à la poubelle;Déchets;VERTS;Verts maternelles;superman;14/02/2025;1;0.000173;0;0;0;0.1;
D02;Tout manger ce qu'il y a dans nos assiettes (cantine, maison);Déchets;VERTS;Verts maternelles;superman;14/02/2025;1;2.453511;0;1.390385;0;1.390384615;
D11;Ne pas prendre sa voiture si c'est possble : préférer la marche et le vélo (pour les petits trajets), le covoiturage…;Transport;VERTS;Verts maternelles;panthere;14/02/2025;1;0.38;0;0.67;0;0;
W04;Fermer ses volets quand il fait froid et nuit;Electricité;VERTS;Verts maternelles;panthere;14/02/2025;1;0.006501;16.5;0;0;0;
D06;Réduire son temps devant les écrans (Télé, ordinateurs, tablette, jeux vidéos...);Electricité;VERTS;Verts maternelles;panthere;14/02/2025;1;0.017374;0;0.183462;0;0;
E04;Eteindre les appareils électriques lorsqu'on ne s'en sert pas (Télé, ordinateur...);Electricité;VERTS;Verts maternelles;panthere;14/02/2025;1;0.15988;0;1;0;0;
C01;Eteindre les lumières quand on quitte une pièce ou si il fait jour dehors;Electricité;VERTS;Verts maternelles;panthere;14/02/2025;1;13.7935;0;0;0;0;
D10;Couper l’eau quand on se savonne les mains;Eau;VERTS;Verts maternelles;panthere;14/02/2025;1;0.54243;0;0.21;12.6;0;
W02;Ne pas gaspiller l'eau de son verre;Eau;VERTS;Verts maternelles;panthere;14/02/2025;1;0.05;28;0;35;0;
D09;Eviter de prendre des bains (préférer la douche rapide);Eau;VERTS;Verts maternelles;panthere;14/02/2025;1;0.0623;0;1.75;357;0;
E08;Fermer le robinet quand on se brosse les dents;Eau;VERTS;Verts maternelles;panthere;14/02/2025;1;0.000173;0;0;28;0;
T06;Ne pas tuer les petites bêtes et les remettre dehors (c'est la nourriture de oiseaux);Biodiversité;VERTS;Verts maternelles;panthere;14/02/2025;1;1.518;0;0;0;0;
T04;Acheter des produits avec moins d'emballages (éviter emballages individuels);Courses;VERTS;Verts maternelles;panthere;14/02/2025;1;0.506;0;0;0;34.86;
W03;Préférer les produits réutilisables plutôt que jetables;Courses;VERTS;Verts maternelles;panthere;14/02/2025;1;0.004964;12.6;0;0;0;
E01;Acheter juste ce dont on a besoin;Courses;VERTS;Verts maternelles;panthere;14/02/2025;1;0.027408;0;0;0;0.134615385;
E08;Acheter des fruits ou légumes de saison;Courses;VERTS;Verts maternelles;panthere;14/02/2025;1;0.000173;0;0;0;0;
E03;Acheter des produits recyclables et utiliser les bacs de tri;Déchets;VERTS;Verts maternelles;panthere;14/02/2025;1;0.15988;0;0;0;0;
W04;Fermer ses volets quand il fait froid et nuit;Electricité;VERTS;Verts maternelles;heros;20/02/2025;1;0.006501;16.5;0;0;0;
D06;Réduire son temps devant les écrans (Télé, ordinateurs, tablette, jeux vidéos...);Electricité;VERTS;Verts maternelles;heros;20/02/2025;1;0.017374;0;0.183462;0;0;
E04;Eteindre les appareils électriques lorsqu'on ne s'en sert pas (Télé, ordinateur...);Electricité;VERTS;Verts maternelles;heros;20/02/2025;1;0.15988;0;1;0;0;
C01;Eteindre les lumières quand on quitte une pièce ou si il fait jour dehors;Electricité;VERTS;Verts maternelles;heros;20/02/2025;1;13.7935;0;0;0;0;
D05;Récupérer l'eau de pluie pour arroser;Eau;VERTS;Verts maternelles;heros;20/02/2025;1;0.000239;0;0.134615;35;0;
D10;Couper l’eau quand on se savonne les mains;Eau;VERTS;Verts maternelles;heros;20/02/2025;1;0.54243;0;0.21;12.6;0;
W02;Ne pas gaspiller l'eau de son verre;Eau;VERTS;Verts maternelles;heros;20/02/2025;1;0.05;28;0;35;0;
D09;Eviter de prendre des bains (préférer la douche rapide);Eau;VERTS;Verts maternelles;heros;20/02/2025;1;0.0623;0;1.75;357;0;
E08;Fermer le robinet quand on se brosse les dents;Eau;VERTS;Verts maternelles;heros;20/02/2025;1;0.000173;0;0;28;0;
T06;Ne pas tuer les petites bêtes et les remettre dehors (c'est la nourriture de oiseaux);Biodiversité;VERTS;Verts maternelles;heros;20/02/2025;1;1.518;0;0;0;0;
D06;Acheter d’occasion plutôt que neuf;Courses;VERTS;Verts maternelles;heros;20/02/2025;1;0.017374;0;0.183462;0;0.134615385;
W03;Préférer les produits réutilisables plutôt que jetables;Courses;VERTS;Verts maternelles;heros;20/02/2025;1;0.004964;12.6;0;0;0;
E01;Acheter juste ce dont on a besoin;Courses;VERTS;Verts maternelles;heros;20/02/2025;1;0.027408;0;0;0;0.134615385;
E08;Acheter des fruits ou légumes de saison;Courses;VERTS;Verts maternelles;heros;20/02/2025;1;0.000173;0;0;0;0;
E03;Acheter des produits recyclables et utiliser les bacs de tri;Déchets;VERTS;Verts maternelles;heros;20/02/2025;1;0.15988;0;0;0;0;
E08;Ramasser les papiers et les déchets par terre pour les mettre à la poubelle;Déchets;VERTS;Verts maternelles;heros;20/02/2025;1;0.000173;0;0;0;0.1;
D02;Tout manger ce qu'il y a dans nos assiettes (cantine, maison);Déchets;VERTS;Verts maternelles;heros;20/02/2025;1;2.453511;0;1.390385;0;1.390384615;
D11;Ne pas prendre sa voiture si c'est possble : préférer la marche et le vélo (pour les petits trajets), le covoiturage…;Transport;VERTS;Verts maternelles;dragon;20/02/2025;1;0.38;0;0.67;0;0;
W04;Fermer ses volets quand il fait froid et nuit;Electricité;VERTS;Verts maternelles;dragon;20/02/2025;1;0.006501;16.5;0;0;0;
D06;Réduire son temps devant les écrans (Télé, ordinateurs, tablette, jeux vidéos...);Electricité;VERTS;Verts maternelles;dragon;20/02/2025;1;0.017374;0;0.183462;0;0;
E04;Eteindre les appareils électriques lorsqu'on ne s'en sert pas (Télé, ordinateur...);Electricité;VERTS;Verts maternelles;dragon;20/02/2025;1;0.15988;0;1;0;0;
C01;Eteindre les lumières quand on quitte une pièce ou si il fait jour dehors;Electricité;VERTS;Verts maternelles;dragon;20/02/2025;1;13.7935;0;0;0;0;
D05;Récupérer l'eau de pluie pour arroser;Eau;VERTS;Verts maternelles;dragon;20/02/2025;1;0.000239;0;0.134615;35;0;
D10;Couper l’eau quand on se savonne les mains;Eau;VERTS;Verts maternelles;dragon;20/02/2025;1;0.54243;0;0.21;12.6;0;
W02;Ne pas gaspiller l'eau de son verre;Eau;VERTS;Verts maternelles;dragon;20/02/2025;1;0.05;28;0;35;0;
D09;Eviter de prendre des bains (préférer la douche rapide);Eau;VERTS;Verts maternelles;dragon;20/02/2025;1;0.0623;0;1.75;357;0;
E08;Fermer le robinet quand on se brosse les dents;Eau;VERTS;Verts maternelles;dragon;20/02/2025;1;0.000173;0;0;28;0;
T06;Ne pas tuer les petites bêtes et les remettre dehors (c'est la nourriture de oiseaux);Biodiversité;VERTS;Verts maternelles;dragon;20/02/2025;1;1.518;0;0;0;0;
T04;Acheter des produits avec moins d'emballages (éviter emballages individuels);Courses;VERTS;Verts maternelles;dragon;20/02/2025;1;0.506;0;0;0;34.86;
D06;Acheter d’occasion plutôt que neuf;Courses;VERTS;Verts maternelles;dragon;20/02/2025;1;0.017374;0;0.183462;0;0.134615385;
W03;Préférer les produits réutilisables plutôt que jetables;Courses;VERTS;Verts maternelles;dragon;20/02/2025;1;0.004964;12.6;0;0;0;
E01;Acheter juste ce dont on a besoin;Courses;VERTS;Verts maternelles;dragon;20/02/2025;1;0.027408;0;0;0;0.134615385;
E08;Acheter des fruits ou légumes de saison;Courses;VERTS;Verts maternelles;dragon;20/02/2025;1;0.000173;0;0;0;0;
E03;Acheter des produits recyclables et utiliser les bacs de tri;Déchets;VERTS;Verts maternelles;dragon;20/02/2025;1;0.15988;0;0;0;0;
E08;Ramasser les papiers et les déchets par terre pour les mettre à la poubelle;Déchets;VERTS;Verts maternelles;dragon;20/02/2025;1;0.000173;0;0;0;0.1;
D02;Tout manger ce qu'il y a dans nos assiettes (cantine, maison);Déchets;VERTS;Verts maternelles;dragon;20/02/2025;1;2.453511;0;1.390385;0;1.390384615;
D11;Ne pas prendre sa voiture si c'est possble : préférer la marche et le vélo (pour les petits trajets), le covoiturage…;Transport;VERTS;Verts maternelles;batman;21/02/2025;1;0.38;0;0.67;0;0;
D06;Réduire son temps devant les écrans (Télé, ordinateurs, tablette, jeux vidéos...);Electricité;VERTS;Verts maternelles;batman;21/02/2025;1;0.017374;0;0.183462;0;0;
C01;Eteindre les lumières quand on quitte une pièce ou si il fait jour dehors;Electricité;VERTS;Verts maternelles;batman;21/02/2025;1;13.7935;0;0;0;0;
D10;Couper l’eau quand on se savonne les mains;Eau;VERTS;Verts maternelles;batman;21/02/2025;1;0.54243;0;0.21;12.6;0;
D09;Eviter de prendre des bains (préférer la douche rapide);Eau;VERTS;Verts maternelles;batman;21/02/2025;1;0.0623;0;1.75;357;0;
T06;Ne pas tuer les petites bêtes et les remettre dehors (c'est la nourriture de oiseaux);Biodiversité;VERTS;Verts maternelles;batman;21/02/2025;1;1.518;0;0;0;0;
D06;Acheter d’occasion plutôt que neuf;Courses;VERTS;Verts maternelles;batman;21/02/2025;1;0.017374;0;0.183462;0;0.134615385;
E01;Acheter juste ce dont on a besoin;Courses;VERTS;Verts maternelles;batman;21/02/2025;1;0.027408;0;0;0;0.134615385;
E03;Acheter des produits recyclables et utiliser les bacs de tri;Déchets;VERTS;Verts maternelles;batman;21/02/2025;1;0.15988;0;0;0;0;
D02;Tout manger ce qu'il y a dans nos assiettes (cantine, maison);Déchets;VERTS;Verts maternelles;batman;21/02/2025;1;2.453511;0;1.390385;0;1.390384615;
D06;Réduire son temps devant les écrans (Télé, ordinateurs, tablette, jeux vidéos...);Electricité;VERTS;Verts maternelles;heros;10/03/2025;1;0.017374;0;0.183462;0;0;
C01;Eteindre les lumières quand on quitte une pièce ou si il fait jour dehors;Electricité;VERTS;Verts maternelles;heros;10/03/2025;1;13.7935;0;0;0;0;
W02;Ne pas gaspiller l'eau de son verre;Eau;VERTS;Verts maternelles;heros;10/03/2025;1;0.05;28;0;35;0;
E08;Fermer le robinet quand on se brosse les dents;Eau;VERTS;Verts maternelles;heros;10/03/2025;1;0.000173;0;0;28;0;
D06;Acheter d’occasion plutôt que neuf;Courses;VERTS;Verts maternelles;heros;10/03/2025;1;0.017374;0;0.183462;0;0.134615385;
E01;Acheter juste ce dont on a besoin;Courses;VERTS;Verts maternelles;heros;10/03/2025;1;0.027408;0;0;0;0.134615385;
E03;Acheter des produits recyclables et utiliser les bacs de tri;Déchets;VERTS;Verts maternelles;heros;10/03/2025;1;0.15988;0;0;0;0;
D02;Tout manger ce qu'il y a dans nos assiettes (cantine, maison);Déchets;VERTS;Verts maternelles;heros;10/03/2025;1;2.453511;0;1.390385;0;1.390384615;
E08;Ramasser les papiers et les déchets par terre pour les mettre à la poubelle;Déchets;VERTS;Verts maternelles;patpatrouille;23/02/2025;1;0.000173;0;0;0;0.1;
D11;Ne pas prendre sa voiture si c'est possble : préférer la marche et le vélo (pour les petits trajets), le covoiturage…;Transport;VERTS;Verts maternelles;patpatrouille;23/02/2025;1;0.38;0;0.67;0;0;
W04;Fermer ses volets quand il fait froid et nuit;Electricité;VERTS;Verts maternelles;patpatrouille;23/02/2025;1;0.006501;16.5;0;0;0;
E04;Eteindre les appareils électriques lorsqu'on ne s'en sert pas (Télé, ordinateur...);Electricité;VERTS;Verts maternelles;patpatrouille;23/02/2025;1;0.15988;0;1;0;0;
D05;Récupérer l'eau de pluie pour arroser;Eau;VERTS;Verts maternelles;patpatrouille;23/02/2025;1;0.000239;0;0.134615;35;0;
W02;Ne pas gaspiller l'eau de son verre;Eau;VERTS;Verts maternelles;patpatrouille;23/02/2025;1;0.05;28;0;35;0;
E08;Fermer le robinet quand on se brosse les dents;Eau;VERTS;Verts maternelles;patpatrouille;23/02/2025;1;0.000173;0;0;28;0;
T04;Acheter des produits avec moins d'emballages (éviter emballages individuels);Courses;VERTS;Verts maternelles;patpatrouille;23/02/2025;1;0.506;0;0;0;34.86;
W03;Préférer les produits réutilisables plutôt que jetables;Courses;VERTS;Verts maternelles;patpatrouille;23/02/2025;1;0.004964;12.6;0;0;0;
E08;Acheter des fruits ou légumes de saison;Courses;VERTS;Verts maternelles;patpatrouille;23/02/2025;1;0.000173;0;0;0;0;
W04;Fermer ses volets quand il fait froid et nuit;Electricité;VERTS;Verts maternelles;batman;21/02/2025;1;0.006501;16.5;0;0;0;
E04;Eteindre les appareils électriques lorsqu'on ne s'en sert pas (Télé, ordinateur...);Electricité;VERTS;Verts maternelles;batman;21/02/2025;1;0.15988;0;1;0;0;
D05;Récupérer l'eau de pluie pour arroser;Eau;VERTS;Verts maternelles;batman;21/02/2025;1;0.000239;0;0.134615;35;0;
W02;Ne pas gaspiller l'eau de son verre;Eau;VERTS;Verts maternelles;batman;21/02/2025;1;0.05;28;0;35;0;
E08;Fermer le robinet quand on se brosse les dents;Eau;VERTS;Verts maternelles;batman;21/02/2025;1;0.000173;0;0;28;0;
T04;Acheter des produits avec moins d'emballages (éviter emballages individuels);Courses;VERTS;Verts maternelles;batman;21/02/2025;1;0.506;0;0;0;34.86;
W03;Préférer les produits réutilisables plutôt que jetables;Courses;VERTS;Verts maternelles;batman;21/02/2025;1;0.004964;12.6;0;0;0;
E08;Acheter des fruits ou légumes de saison;Courses;VERTS;Verts maternelles;batman;21/02/2025;1;0.000173;0;0;0;0;
E08;Ramasser les papiers et les déchets par terre pour les mettre à la poubelle;Déchets;VERTS;Verts maternelles;batman;21/02/2025;1;0.000173;0;0;0;0.1;
D05;Récupérer l'eau de pluie pour arroser;Eau;VERTS;Verts maternelles;dragon;10/04/2025;1;0.000239;0;0.134615;35;0;
W02;Ne pas gaspiller l'eau de son verre;Eau;VERTS;Verts maternelles;dragon;10/04/2025;1;0.05;28;0;35;0;
E08;Fermer le robinet quand on se brosse les dents;Eau;VERTS;Verts maternelles;dragon;10/04/2025;1;0.000173;0;0;28;0;
T06;Ne pas tuer les petites bêtes et les remettre dehors (c'est la nourriture de oiseaux);Biodiversité;VERTS;Verts maternelles;rebelle;18/04/2025;1;1.518;0;0;0;0;
D06;Acheter d’occasion plutôt que neuf;Courses;VERTS;Verts maternelles;rebelle;18/04/2025;1;0.017374;0;0.183462;0;0.134615385;
E01;Acheter juste ce dont on a besoin;Courses;VERTS;Verts maternelles;rebelle;18/04/2025;1;0.027408;0;0;0;0.134615385;
E03;Acheter des produits recyclables et utiliser les bacs de tri;Déchets;VERTS;Verts maternelles;rebelle;18/04/2025;1;0.15988;0;0;0;0;
D02;Tout manger ce qu'il y a dans nos assiettes (cantine, maison);Déchets;VERTS;Verts maternelles;rebelle;18/04/2025;1;2.453511;0;1.390385;0;1.390384615;
W04;Fermer ses volets quand il fait froid et nuit;Electricité;VERTS;Verts maternelles;patpatrouille;19/04/2025;1;0.006501;16.5;0;0;0;
E04;Eteindre les appareils électriques lorsqu'on ne s'en sert pas (Télé, ordinateur...);Electricité;VERTS;Verts maternelles;patpatrouille;19/04/2025;1;0.15988;0;1;0;0;
D05;Récupérer l'eau de pluie pour arroser;Eau;VERTS;Verts maternelles;patpatrouille;19/04/2025;1;0.000239;0;0.134615;35;0;
W02;Ne pas gaspiller l'eau de son verre;Eau;VERTS;Verts maternelles;patpatrouille;19/04/2025;1;0.05;28;0;35;0;
E08;Fermer le robinet quand on se brosse les dents;Eau;VERTS;Verts maternelles;patpatrouille;19/04/2025;1;0.000173;0;0;28;0;
T04;Acheter des produits avec moins d'emballages (éviter emballages individuels);Courses;VERTS;Verts maternelles;patpatrouille;19/04/2025;1;0.506;0;0;0;34.86;
W03;Préférer les produits réutilisables plutôt que jetables;Courses;VERTS;Verts maternelles;patpatrouille;19/04/2025;1;0.004964;12.6;0;0;0;
E08;Acheter des fruits ou légumes de saison;Courses;VERTS;Verts maternelles;patpatrouille;19/04/2025;1;0.000173;0;0;0;0;
E08;Ramasser les papiers et les déchets par terre pour les mettre à la poubelle;Déchets;VERTS;Verts maternelles;patpatrouille;19/04/2025;1;0.000173;0;0;0;0.1;
D10;Couper l’eau quand on se savonne les mains;Eau;VERTS;Verts maternelles;superman;22/04/2025;1;0.54243;0;0.21;12.6;0;
E08;Fermer le robinet quand on se brosse les dents;Eau;VERTS;Verts maternelles;superman;22/04/2025;1;0.000173;0;0;28;0;
W03;Préférer les produits réutilisables plutôt que jetables;Courses;VERTS;Verts maternelles;superman;22/04/2025;1;0.004964;12.6;0;0;0;
E03;Acheter des produits recyclables et utiliser les bacs de tri;Déchets;VERTS;Verts maternelles;superman;22/04/2025;1;0.15988;0;0;0;0;
D02;Tout manger ce qu'il y a dans nos assiettes (cantine, maison);Déchets;VERTS;Verts maternelles;superman;22/04/2025;1;2.453511;0;1.390385;0;1.390384615;
D06;Réduire son temps devant les écrans (Télé, ordinateurs, tablette, jeux vidéos...);Electricité;VERTS;Verts maternelles;superman;22/04/2025;1;0.017374;0;0.183462;0;0;
E03;Acheter des produits recyclables et utiliser les bacs de tri;Déchets;VERTS;Verts maternelles;patpatrouille;23/02/2025;1;0.15988;0;0;0;0;
D02;Tout manger ce qu'il y a dans nos assiettes (cantine, maison);Déchets;VERTS;Verts maternelles;patpatrouille;23/02/2025;1;2.453511;0;1.390385;0;1.390384615;
D06;Réduire son temps devant les écrans (Télé, ordinateurs, tablette, jeux vidéos...);Electricité;VERTS;Verts maternelles;patpatrouille;23/02/2025;1;0.017374;0;0.183462;0;0;
C01;Eteindre les lumières quand on quitte une pièce ou si il fait jour dehors;Electricité;VERTS;Verts maternelles;patpatrouille;23/02/2025;1;13.7935;0;0;0;0;
D10;Couper l’eau quand on se savonne les mains;Eau;VERTS;Verts maternelles;patpatrouille;23/02/2025;1;0.54243;0;0.21;12.6;0;
D09;Eviter de prendre des bains (préférer la douche rapide);Eau;VERTS;Verts maternelles;patpatrouille;23/02/2025;1;0.0623;0;1.75;357;0;
T06;Ne pas tuer les petites bêtes et les remettre dehors (c'est la nourriture de oiseaux);Biodiversité;VERTS;Verts maternelles;patpatrouille;23/02/2025;1;1.518;0;0;0;0;
D06;Acheter d’occasion plutôt que neuf;Courses;VERTS;Verts maternelles;patpatrouille;23/02/2025;1;0.017374;0;0.183462;0;0.134615385;
E01;Acheter juste ce dont on a besoin;Courses;VERTS;Verts maternelles;patpatrouille;23/02/2025;1;0.027408;0;0;0;0.134615385;
D11;Ne pas prendre sa voiture si c'est possble : préférer la marche et le vélo (pour les petits trajets), le covoiturage…;Transport;VERTS;Verts maternelles;patpatrouille;15/03/2025;1;0.38;0;0.67;0;0;
D06;Réduire son temps devant les écrans (Télé, ordinateurs, tablette, jeux vidéos...);Electricité;VERTS;Verts maternelles;patpatrouille;15/03/2025;1;0.017374;0;0.183462;0;0;
C01;Eteindre les lumières quand on quitte une pièce ou si il fait jour dehors;Electricité;VERTS;Verts maternelles;patpatrouille;15/03/2025;1;13.7935;0;0;0;0;
D10;Couper l’eau quand on se savonne les mains;Eau;VERTS;Verts maternelles;patpatrouille;15/03/2025;1;0.54243;0;0.21;12.6;0;
D09;Eviter de prendre des bains (préférer la douche rapide);Eau;VERTS;Verts maternelles;patpatrouille;15/03/2025;1;0.0623;0;1.75;357;0;
T06;Ne pas tuer les petites bêtes et les remettre dehors (c'est la nourriture de oiseaux);Biodiversité;VERTS;Verts maternelles;patpatrouille;15/03/2025;1;1.518;0;0;0;0;
D06;Acheter d’occasion plutôt que neuf;Courses;VERTS;Verts maternelles;patpatrouille;15/03/2025;1;0.017374;0;0.183462;0;0.134615385;
E01;Acheter juste ce dont on a besoin;Courses;VERTS;Verts maternelles;patpatrouille;15/03/2025;1;0.027408;0;0;0;0.134615385;
E03;Acheter des produits recyclables et utiliser les bacs de tri;Déchets;VERTS;Verts maternelles;patpatrouille;15/03/2025;1;0.15988;0;0;0;0;
D02;Tout manger ce qu'il y a dans nos assiettes (cantine, maison);Déchets;VERTS;Verts maternelles;patpatrouille;15/03/2025;1;2.453511;0;1.390385;0;1.390384615;
D11;Ne pas prendre sa voiture si c'est possble : préférer la marche et le vélo (pour les petits trajets), le covoiturage…;Transport;VERTS;Verts maternelles;panthere;19/03/2025;1;0.38;0;0.67;0;0;
D06;Réduire son temps devant les écrans (Télé, ordinateurs, tablette, jeux vidéos...);Electricité;VERTS;Verts maternelles;panthere;19/03/2025;1;0.017374;0;0.183462;0;0;
C01;Eteindre les lumières quand on quitte une pièce ou si il fait jour dehors;Electricité;VERTS;Verts maternelles;panthere;19/03/2025;1;13.7935;0;0;0;0;
W02;Ne pas gaspiller l'eau de son verre;Eau;VERTS;Verts maternelles;panthere;19/03/2025;1;0.05;28;0;35;0;
E08;Fermer le robinet quand on se brosse les dents;Eau;VERTS;Verts maternelles;panthere;19/03/2025;1;0.000173;0;0;28;0;
T04;Acheter des produits avec moins d'emballages (éviter emballages individuels);Courses;VERTS;Verts maternelles;panthere;19/03/2025;1;0.506;0;0;0;34.86;
W03;Préférer les produits réutilisables plutôt que jetables;Courses;VERTS;Verts maternelles;panthere;19/03/2025;1;0.004964;12.6;0;0;0;
E08;Acheter des fruits ou légumes de saison;Courses;VERTS;Verts maternelles;panthere;19/03/2025;1;0.000173;0;0;0;0;
D11;Ne pas prendre sa voiture si c'est possble : préférer la marche et le vélo (pour les petits trajets), le covoiturage…;Transport;VERTS;Verts maternelles;batman;20/03/2025;1;0.38;0;0.67;0;0;
D06;Réduire son temps devant les écrans (Télé, ordinateurs, tablette, jeux vidéos...);Electricité;VERTS;Verts maternelles;batman;20/03/2025;1;0.017374;0;0.183462;0;0;
D10;Couper l’eau quand on se savonne les mains;Eau;VERTS;Verts maternelles;batman;20/03/2025;1;0.54243;0;0.21;12.6;0;
D09;Eviter de prendre des bains (préférer la douche rapide);Eau;VERTS;Verts maternelles;batman;20/03/2025;1;0.0623;0;1.75;357;0;
T06;Ne pas tuer les petites bêtes et les remettre dehors (c'est la nourriture de oiseaux);Biodiversité;VERTS;Verts maternelles;batman;20/03/2025;1;1.518;0;0;0;0;
D06;Acheter d’occasion plutôt que neuf;Courses;VERTS;Verts maternelles;batman;20/03/2025;1;0.017374;0;0.183462;0;0.134615385;
E01;Acheter juste ce dont on a besoin;Courses;VERTS;Verts maternelles;batman;20/03/2025;1;0.027408;0;0;0;0.134615385;
T04;Acheter des produits avec moins d'emballages (éviter emballages individuels);Courses;VERTS;Verts maternelles;dragon;20/03/2025;1;0.506;0;0;0;34.86;
W03;Préférer les produits réutilisables plutôt que jetables;Courses;VERTS;Verts maternelles;dragon;20/03/2025;1;0.004964;12.6;0;0;0;
E08;Acheter des fruits ou légumes de saison;Courses;VERTS;Verts maternelles;dragon;20/03/2025;1;0.000173;0;0;0;0;
E08;Ramasser les papiers et les déchets par terre pour les mettre à la poubelle;Déchets;VERTS;Verts maternelles;dragon;20/03/2025;1;0.000173;0;0;0;0.1;
D11;Ne pas prendre sa voiture si c'est possble : préférer la marche et le vélo (pour les petits trajets), le covoiturage…;Transport;VERTS;Verts maternelles;dragon;20/03/2025;1;0.38;0;0.67;0;0;
D06;Réduire son temps devant les écrans (Télé, ordinateurs, tablette, jeux vidéos...);Electricité;VERTS;Verts maternelles;dragon;20/03/2025;1;0.017374;0;0.183462;0;0;
C01;Eteindre les lumières quand on quitte une pièce ou si il fait jour dehors;Electricité;VERTS;Verts maternelles;dragon;20/03/2025;1;13.7935;0;0;0;0;
D10;Couper l’eau quand on se savonne les mains;Eau;VERTS;Verts maternelles;dragon;20/03/2025;1;0.54243;0;0.21;12.6;0;
D09;Eviter de prendre des bains (préférer la douche rapide);Eau;VERTS;Verts maternelles;dragon;20/03/2025;1;0.0623;0;1.75;357;0;
T06;Ne pas tuer les petites bêtes et les remettre dehors (c'est la nourriture de oiseaux);Biodiversité;VERTS;Verts maternelles;dragon;20/03/2025;1;1.518;0;0;0;0;
D11;Ne pas prendre sa voiture si c'est possble : préférer la marche et le vélo (pour les petits trajets), le covoiturage…;Transport;VERTS;Verts maternelles;rebelle;20/03/2025;1;0.38;0;0.67;0;0;
D06;Réduire son temps devant les écrans (Télé, ordinateurs, tablette, jeux vidéos...);Electricité;VERTS;Verts maternelles;rebelle;20/03/2025;1;0.017374;0;0.183462;0;0;
C01;Eteindre les lumières quand on quitte une pièce ou si il fait jour dehors;Electricité;VERTS;Verts maternelles;rebelle;20/03/2025;1;13.7935;0;0;0;0;
W04;Fermer ses volets quand il fait froid et nuit;Electricité;VERTS;Verts maternelles;patpatrouille;15/03/2025;1;0.006501;16.5;0;0;0;
E04;Eteindre les appareils électriques lorsqu'on ne s'en sert pas (Télé, ordinateur...);Electricité;VERTS;Verts maternelles;patpatrouille;15/03/2025;1;0.15988;0;1;0;0;
D05;Récupérer l'eau de pluie pour arroser;Eau;VERTS;Verts maternelles;patpatrouille;15/03/2025;1;0.000239;0;0.134615;35;0;
W02;Ne pas gaspiller l'eau de son verre;Eau;VERTS;Verts maternelles;patpatrouille;15/03/2025;1;0.05;28;0;35;0;
E08;Fermer le robinet quand on se brosse les dents;Eau;VERTS;Verts maternelles;patpatrouille;15/03/2025;1;0.000173;0;0;28;0;
T04;Acheter des produits avec moins d'emballages (éviter emballages individuels);Courses;VERTS;Verts maternelles;patpatrouille;15/03/2025;1;0.506;0;0;0;34.86;
W03;Préférer les produits réutilisables plutôt que jetables;Courses;VERTS;Verts maternelles;patpatrouille;15/03/2025;1;0.004964;12.6;0;0;0;
E08;Acheter des fruits ou légumes de saison;Courses;VERTS;Verts maternelles;patpatrouille;15/03/2025;1;0.000173;0;0;0;0;
E08;Ramasser les papiers et les déchets par terre pour les mettre à la poubelle;Déchets;VERTS;Verts maternelles;patpatrouille;15/03/2025;1;0.000173;0;0;0;0.1;
W04;Fermer ses volets quand il fait froid et nuit;Electricité;VERTS;Verts maternelles;panthere;19/03/2025;1;0.006501;16.5;0;0;0;
E04;Eteindre les appareils électriques lorsqu'on ne s'en sert pas (Télé, ordinateur...);Electricité;VERTS;Verts maternelles;panthere;19/03/2025;1;0.15988;0;1;0;0;
D10;Couper l’eau quand on se savonne les mains;Eau;VERTS;Verts maternelles;panthere;19/03/2025;1;0.54243;0;0.21;12.6;0;
D09;Eviter de prendre des bains (préférer la douche rapide);Eau;VERTS;Verts maternelles;panthere;19/03/2025;1;0.0623;0;1.75;357;0;
T06;Ne pas tuer les petites bêtes et les remettre dehors (c'est la nourriture de oiseaux);Biodiversité;VERTS;Verts maternelles;panthere;19/03/2025;1;1.518;0;0;0;0;
D06;Acheter d’occasion plutôt que neuf;Courses;VERTS;Verts maternelles;panthere;19/03/2025;1;0.017374;0;0.183462;0;0.134615385;
E01;Acheter juste ce dont on a besoin;Courses;VERTS;Verts maternelles;panthere;19/03/2025;1;0.027408;0;0;0;0.134615385;
E03;Acheter des produits recyclables et utiliser les bacs de tri;Déchets;VERTS;Verts maternelles;panthere;19/03/2025;1;0.15988;0;0;0;0;
W04;Fermer ses volets quand il fait froid et nuit;Electricité;VERTS;Verts maternelles;batman;20/03/2025;1;0.006501;16.5;0;0;0;
C01;Eteindre les lumières quand on quitte une pièce ou si il fait jour dehors;Electricité;VERTS;Verts maternelles;batman;20/03/2025;1;13.7935;0;0;0;0;
W02;Ne pas gaspiller l'eau de son verre;Eau;VERTS;Verts maternelles;batman;20/03/2025;1;0.05;28;0;35;0;
E08;Fermer le robinet quand on se brosse les dents;Eau;VERTS;Verts maternelles;batman;20/03/2025;1;0.000173;0;0;28;0;
T04;Acheter des produits avec moins d'emballages (éviter emballages individuels);Courses;VERTS;Verts maternelles;batman;20/03/2025;1;0.506;0;0;0;34.86;
W03;Préférer les produits réutilisables plutôt que jetables;Courses;VERTS;Verts maternelles;batman;20/03/2025;1;0.004964;12.6;0;0;0;
E08;Acheter des fruits ou légumes de saison;Courses;VERTS;Verts maternelles;batman;20/03/2025;1;0.000173;0;0;0;0;
T06;Ne pas tuer les petites bêtes et les remettre dehors (c'est la nourriture de oiseaux);Biodiversité;VERTS;Verts maternelles;dragon;10/04/2025;1;1.518;0;0;0;0;
D06;Acheter d’occasion plutôt que neuf;Courses;VERTS;Verts maternelles;dragon;10/04/2025;1;0.017374;0;0.183462;0;0.134615385;
E01;Acheter juste ce dont on a besoin;Courses;VERTS;Verts maternelles;dragon;10/04/2025;1;0.027408;0;0;0;0.134615385;
E03;Acheter des produits recyclables et utiliser les bacs de tri;Déchets;VERTS;Verts maternelles;dragon;10/04/2025;1;0.15988;0;0;0;0;
D02;Tout manger ce qu'il y a dans nos assiettes (cantine, maison);Déchets;VERTS;Verts maternelles;dragon;10/04/2025;1;2.453511;0;1.390385;0;1.390384615;
W04;Fermer ses volets quand il fait froid et nuit;Electricité;VERTS;Verts maternelles;dragon;10/04/2025;1;0.006501;16.5;0;0;0;
E04;Eteindre les appareils électriques lorsqu'on ne s'en sert pas (Télé, ordinateur...);Electricité;VERTS;Verts maternelles;dragon;10/04/2025;1;0.15988;0;1;0;0;
D11;Ne pas prendre sa voiture si c'est possble : préférer la marche et le vélo (pour les petits trajets), le covoiturage…;Transport;VERTS;Verts maternelles;patpatrouille;10/04/2025;1;0.38;0;0.67;0;0;
E08;Ramasser les papiers et les déchets par terre pour les mettre à la poubelle;Déchets;VERTS;Verts maternelles;patpatrouille;10/04/2025;1;0.000173;0;0;0;0.1;
T06;Ne pas tuer les petites bêtes et les remettre dehors (c'est la nourriture de oiseaux);Biodiversité;VERTS;Verts maternelles;patpatrouille;10/04/2025;1;1.518;0;0;0;0;
D06;Acheter d’occasion plutôt que neuf;Courses;VERTS;Verts maternelles;patpatrouille;10/04/2025;1;0.017374;0;0.183462;0;0.134615385;
E01;Acheter juste ce dont on a besoin;Courses;VERTS;Verts maternelles;patpatrouille;10/04/2025;1;0.027408;0;0;0;0.134615385;
W04;Fermer ses volets quand il fait froid et nuit;Electricité;VERTS;Verts maternelles;patpatrouille;10/04/2025;1;0.006501;16.5;0;0;0;
E04;Eteindre les appareils électriques lorsqu'on ne s'en sert pas (Télé, ordinateur...);Electricité;VERTS;Verts maternelles;patpatrouille;10/04/2025;1;0.15988;0;1;0;0;
D05;Récupérer l'eau de pluie pour arroser;Eau;VERTS;Verts maternelles;patpatrouille;10/04/2025;1;0.000239;0;0.134615;35;0;
W02;Ne pas gaspiller l'eau de son verre;Eau;VERTS;Verts maternelles;patpatrouille;10/04/2025;1;0.05;28;0;35;0;
E08;Fermer le robinet quand on se brosse les dents;Eau;VERTS;Verts maternelles;patpatrouille;10/04/2025;1;0.000173;0;0;28;0;
D11;Ne pas prendre sa voiture si c'est possble : préférer la marche et le vélo (pour les petits trajets), le covoiturage…;Transport;VERTS;Verts maternelles;vaiana;11/04/2025;1;0.38;0;0.67;0;0;
D06;Réduire son temps devant les écrans (Télé, ordinateurs, tablette, jeux vidéos...);Electricité;VERTS;Verts maternelles;vaiana;11/04/2025;1;0.017374;0;0.183462;0;0;
D05;Récupérer l'eau de pluie pour arroser;Eau;VERTS;Verts maternelles;vaiana;11/04/2025;1;0.000239;0;0.134615;35;0;
W02;Ne pas gaspiller l'eau de son verre;Eau;VERTS;Verts maternelles;vaiana;11/04/2025;1;0.05;28;0;35;0;
E08;Fermer le robinet quand on se brosse les dents;Eau;VERTS;Verts maternelles;vaiana;11/04/2025;1;0.000173;0;0;28;0;
T04;Acheter des produits avec moins d'emballages (éviter emballages individuels);Courses;VERTS;Verts maternelles;vaiana;11/04/2025;1;0.506;0;0;0;34.86;
E01;Acheter juste ce dont on a besoin;Courses;VERTS;Verts maternelles;vaiana;11/04/2025;1;0.027408;0;0;0;0.134615385;
E03;Acheter des produits recyclables et utiliser les bacs de tri;Déchets;VERTS;Verts maternelles;vaiana;11/04/2025;1;0.15988;0;0;0;0;
D02;Tout manger ce qu'il y a dans nos assiettes (cantine, maison);Déchets;VERTS;Verts maternelles;vaiana;11/04/2025;1;2.453511;0;1.390385;0;1.390384615;
D06;Acheter d’occasion plutôt que neuf;Courses;VERTS;Verts maternelles;dragon;20/03/2025;1;0.017374;0;0.183462;0;0.134615385;
E01;Acheter juste ce dont on a besoin;Courses;VERTS;Verts maternelles;dragon;20/03/2025;1;0.027408;0;0;0;0.134615385;
E03;Acheter des produits recyclables et utiliser les bacs de tri;Déchets;VERTS;Verts maternelles;dragon;20/03/2025;1;0.15988;0;0;0;0;
D02;Tout manger ce qu'il y a dans nos assiettes (cantine, maison);Déchets;VERTS;Verts maternelles;dragon;20/03/2025;1;2.453511;0;1.390385;0;1.390384615;
W04;Fermer ses volets quand il fait froid et nuit;Electricité;VERTS;Verts maternelles;dragon;20/03/2025;1;0.006501;16.5;0;0;0;
E04;Eteindre les appareils électriques lorsqu'on ne s'en sert pas (Télé, ordinateur...);Electricité;VERTS;Verts maternelles;dragon;20/03/2025;1;0.15988;0;1;0;0;
D05;Récupérer l'eau de pluie pour arroser;Eau;VERTS;Verts maternelles;dragon;20/03/2025;1;0.000239;0;0.134615;35;0;
W02;Ne pas gaspiller l'eau de son verre;Eau;VERTS;Verts maternelles;dragon;20/03/2025;1;0.05;28;0;35;0;
E08;Fermer le robinet quand on se brosse les dents;Eau;VERTS;Verts maternelles;dragon;20/03/2025;1;0.000173;0;0;28;0;
W04;Fermer ses volets quand il fait froid et nuit;Electricité;VERTS;Verts maternelles;rebelle;20/03/2025;1;0.006501;16.5;0;0;0;
E04;Eteindre les appareils électriques lorsqu'on ne s'en sert pas (Télé, ordinateur...);Electricité;VERTS;Verts maternelles;rebelle;20/03/2025;1;0.15988;0;1;0;0;
D10;Couper l’eau quand on se savonne les mains;Eau;VERTS;Verts maternelles;rebelle;20/03/2025;1;0.54243;0;0.21;12.6;0;
E08;Fermer le robinet quand on se brosse les dents;Eau;VERTS;Verts maternelles;rebelle;20/03/2025;1;0.000173;0;0;28;0;
T04;Acheter des produits avec moins d'emballages (éviter emballages individuels);Courses;VERTS;Verts maternelles;rebelle;20/03/2025;1;0.506;0;0;0;34.86;
W03;Préférer les produits réutilisables plutôt que jetables;Courses;VERTS;Verts maternelles;rebelle;20/03/2025;1;0.004964;12.6;0;0;0;
E08;Acheter des fruits ou légumes de saison;Courses;VERTS;Verts maternelles;rebelle;20/03/2025;1;0.000173;0;0;0;0;
E08;Ramasser les papiers et les déchets par terre pour les mettre à la poubelle;Déchets;VERTS;Verts maternelles;rebelle;20/03/2025;1;0.000173;0;0;0;0.1;
D11;Ne pas prendre sa voiture si c'est possble : préférer la marche et le vélo (pour les petits trajets), le covoiturage…;Transport;VERTS;Verts maternelles;belle;20/03/2025;1;0.38;0;0.67;0;0;
D06;Réduire son temps devant les écrans (Télé, ordinateurs, tablette, jeux vidéos...);Electricité;VERTS;Verts maternelles;belle;20/03/2025;1;0.017374;0;0.183462;0;0;
C01;Eteindre les lumières quand on quitte une pièce ou si il fait jour dehors;Electricité;VERTS;Verts maternelles;belle;20/03/2025;1;13.7935;0;0;0;0;
D10;Couper l’eau quand on se savonne les mains;Eau;VERTS;Verts maternelles;belle;20/03/2025;1;0.54243;0;0.21;12.6;0;
D09;Eviter de prendre des bains (préférer la douche rapide);Eau;VERTS;Verts maternelles;belle;20/03/2025;1;0.0623;0;1.75;357;0;
T06;Ne pas tuer les petites bêtes et les remettre dehors (c'est la nourriture de oiseaux);Biodiversité;VERTS;Verts maternelles;belle;20/03/2025;1;1.518;0;0;0;0;
D06;Acheter d’occasion plutôt que neuf;Courses;VERTS;Verts maternelles;belle;20/03/2025;1;0.017374;0;0.183462;0;0.134615385;
E01;Acheter juste ce dont on a besoin;Courses;VERTS;Verts maternelles;belle;20/03/2025;1;0.027408;0;0;0;0.134615385;
E03;Acheter des produits recyclables et utiliser les bacs de tri;Déchets;VERTS;Verts maternelles;belle;20/03/2025;1;0.15988;0;0;0;0;
D02;Tout manger ce qu'il y a dans nos assiettes (cantine, maison);Déchets;VERTS;Verts maternelles;belle;20/03/2025;1;2.453511;0;1.390385;0;1.390384615;
W04;Fermer ses volets quand il fait froid et nuit;Electricité;VERTS;Verts maternelles;vaiana;27/02/2025;1;0.006501;16.5;0;0;0;
D06;Réduire son temps devant les écrans (Télé, ordinateurs, tablette, jeux vidéos...);Electricité;VERTS;Verts maternelles;vaiana;27/02/2025;1;0.017374;0;0.183462;0;0;
E04;Eteindre les appareils électriques lorsqu'on ne s'en sert pas (Télé, ordinateur...);Electricité;VERTS;Verts maternelles;vaiana;27/02/2025;1;0.15988;0;1;0;0;
C01;Eteindre les lumières quand on quitte une pièce ou si il fait jour dehors;Electricité;VERTS;Verts maternelles;vaiana;27/02/2025;1;13.7935;0;0;0;0;
D05;Récupérer l'eau de pluie pour arroser;Eau;VERTS;Verts maternelles;vaiana;27/02/2025;1;0.000239;0;0.134615;35;0;
D10;Couper l’eau quand on se savonne les mains;Eau;VERTS;Verts maternelles;vaiana;27/02/2025;1;0.54243;0;0.21;12.6;0;
W02;Ne pas gaspiller l'eau de son verre;Eau;VERTS;Verts maternelles;vaiana;27/02/2025;1;0.05;28;0;35;0;
D09;Eviter de prendre des bains (préférer la douche rapide);Eau;VERTS;Verts maternelles;vaiana;27/02/2025;1;0.0623;0;1.75;357;0;
E08;Fermer le robinet quand on se brosse les dents;Eau;VERTS;Verts maternelles;vaiana;27/02/2025;1;0.000173;0;0;28;0;
T06;Ne pas tuer les petites bêtes et les remettre dehors (c'est la nourriture de oiseaux);Biodiversité;VERTS;Verts maternelles;vaiana;27/02/2025;1;1.518;0;0;0;0;
D06;Acheter d’occasion plutôt que neuf;Courses;VERTS;Verts maternelles;vaiana;27/02/2025;1;0.017374;0;0.183462;0;0.134615385;
W03;Préférer les produits réutilisables plutôt que jetables;Courses;VERTS;Verts maternelles;vaiana;27/02/2025;1;0.004964;12.6;0;0;0;
E01;Acheter juste ce dont on a besoin;Courses;VERTS;Verts maternelles;vaiana;27/02/2025;1;0.027408;0;0;0;0.134615385;
E08;Acheter des fruits ou légumes de saison;Courses;VERTS;Verts maternelles;vaiana;27/02/2025;1;0.000173;0;0;0;0;
E03;Acheter des produits recyclables et utiliser les bacs de tri;Déchets;VERTS;Verts maternelles;vaiana;27/02/2025;1;0.15988;0;0;0;0;
D11;Ne pas prendre sa voiture si c'est possble : préférer la marche et le vélo (pour les petits trajets), le covoiturage…;Transport;VERTS;Verts maternelles;belle;27/02/2025;1;0.38;0;0.67;0;0;
D06;Réduire son temps devant les écrans (Télé, ordinateurs, tablette, jeux vidéos...);Electricité;VERTS;Verts maternelles;belle;27/02/2025;1;0.017374;0;0.183462;0;0;
W04;Fermer ses volets quand il fait froid et nuit;Electricité;VERTS;Verts maternelles;belle;27/02/2025;1;0.006501;16.5;0;0;0;
E04;Eteindre les appareils électriques lorsqu'on ne s'en sert pas (Télé, ordinateur...);Electricité;VERTS;Verts maternelles;belle;27/02/2025;1;0.15988;0;1;0;0;
C01;Eteindre les lumières quand on quitte une pièce ou si il fait jour dehors;Electricité;VERTS;Verts maternelles;belle;27/02/2025;1;13.7935;0;0;0;0;
D05;Récupérer l'eau de pluie pour arroser;Eau;VERTS;Verts maternelles;belle;27/02/2025;1;0.000239;0;0.134615;35;0;
D10;Couper l’eau quand on se savonne les mains;Eau;VERTS;Verts maternelles;belle;27/02/2025;1;0.54243;0;0.21;12.6;0;
W02;Ne pas gaspiller l'eau de son verre;Eau;VERTS;Verts maternelles;belle;27/02/2025;1;0.05;28;0;35;0;
D09;Eviter de prendre des bains (préférer la douche rapide);Eau;VERTS;Verts maternelles;belle;27/02/2025;1;0.0623;0;1.75;357;0;
E08;Fermer le robinet quand on se brosse les dents;Eau;VERTS;Verts maternelles;belle;27/02/2025;1;0.000173;0;0;28;0;
T06;Ne pas tuer les petites bêtes et les remettre dehors (c'est la nourriture de oiseaux);Biodiversité;VERTS;Verts maternelles;belle;27/02/2025;1;1.518;0;0;0;0;
E03;Acheter des produits recyclables et utiliser les bacs de tri;Déchets;VERTS;Verts maternelles;belle;27/02/2025;1;0.15988;0;0;0;0;
E08;Ramasser les papiers et les déchets par terre pour les mettre à la poubelle;Déchets;VERTS;Verts maternelles;belle;27/02/2025;1;0.000173;0;0;0;0.1;
D02;Tout manger ce qu'il y a dans nos assiettes (cantine, maison);Déchets;VERTS;Verts maternelles;belle;27/02/2025;1;2.453511;0;1.390385;0;1.390384615;
T04;Acheter des produits avec moins d'emballages (éviter emballages individuels);Courses;VERTS;Verts maternelles;belle;27/02/2025;1;0.506;0;0;0;34.86;
D06;Acheter d’occasion plutôt que neuf;Courses;VERTS;Verts maternelles;belle;27/02/2025;1;0.017374;0;0.183462;0;0.134615385;
E01;Acheter juste ce dont on a besoin;Courses;VERTS;Verts maternelles;belle;27/02/2025;1;0.027408;0;0;0;0.134615385;
W03;Préférer les produits réutilisables plutôt que jetables;Courses;VERTS;Verts maternelles;belle;27/02/2025;1;0.004964;12.6;0;0;0;
E08;Acheter des fruits ou légumes de saison;Courses;VERTS;Verts maternelles;belle;27/02/2025;1;0.000173;0;0;0;0;
D11;Ne pas prendre sa voiture si c'est possble : préférer la marche et le vélo (pour les petits trajets), le covoiturage…;Transport;VERTS;Verts maternelles;dragon;28/02/2025;1;0.38;0;0.67;0;0;
W04;Fermer ses volets quand il fait froid et nuit;Electricité;VERTS;Verts maternelles;dragon;28/02/2025;1;0.006501;16.5;0;0;0;
D06;Réduire son temps devant les écrans (Télé, ordinateurs, tablette, jeux vidéos...);Electricité;VERTS;Verts maternelles;dragon;28/02/2025;1;0.017374;0;0.183462;0;0;
E04;Eteindre les appareils électriques lorsqu'on ne s'en sert pas (Télé, ordinateur...);Electricité;VERTS;Verts maternelles;dragon;28/02/2025;1;0.15988;0;1;0;0;
C01;Eteindre les lumières quand on quitte une pièce ou si il fait jour dehors;Electricité;VERTS;Verts maternelles;dragon;28/02/2025;1;13.7935;0;0;0;0;
D05;Récupérer l'eau de pluie pour arroser;Eau;VERTS;Verts maternelles;dragon;28/02/2025;1;0.000239;0;0.134615;35;0;
D10;Couper l’eau quand on se savonne les mains;Eau;VERTS;Verts maternelles;dragon;28/02/2025;1;0.54243;0;0.21;12.6;0;
W02;Ne pas gaspiller l'eau de son verre;Eau;VERTS;Verts maternelles;dragon;28/02/2025;1;0.05;28;0;35;0;
D09;Eviter de prendre des bains (préférer la douche rapide);Eau;VERTS;Verts maternelles;dragon;28/02/2025;1;0.0623;0;1.75;357;0;
E08;Fermer le robinet quand on se brosse les dents;Eau;VERTS;Verts maternelles;dragon;28/02/2025;1;0.000173;0;0;28;0;
T06;Ne pas tuer les petites bêtes et les remettre dehors (c'est la nourriture de oiseaux);Biodiversité;VERTS;Verts maternelles;dragon;28/02/2025;1;1.518;0;0;0;0;
T04;Acheter des produits avec moins d'emballages (éviter emballages individuels);Courses;VERTS;Verts maternelles;dragon;28/02/2025;1;0.506;0;0;0;34.86;
D06;Acheter d’occasion plutôt que neuf;Courses;VERTS;Verts maternelles;dragon;28/02/2025;1;0.017374;0;0.183462;0;0.134615385;
W03;Préférer les produits réutilisables plutôt que jetables;Courses;VERTS;Verts maternelles;dragon;28/02/2025;1;0.004964;12.6;0;0;0;
E01;Acheter juste ce dont on a besoin;Courses;VERTS;Verts maternelles;dragon;28/02/2025;1;0.027408;0;0;0;0.134615385;
E08;Acheter des fruits ou légumes de saison;Courses;VERTS;Verts maternelles;dragon;28/02/2025;1;0.000173;0;0;0;0;
E03;Acheter des produits recyclables et utiliser les bacs de tri;Déchets;VERTS;Verts maternelles;dragon;28/02/2025;1;0.15988;0;0;0;0;
E08;Ramasser les papiers et les déchets par terre pour les mettre à la poubelle;Déchets;VERTS;Verts maternelles;dragon;28/02/2025;1;0.000173;0;0;0;0.1;
D02;Tout manger ce qu'il y a dans nos assiettes (cantine, maison);Déchets;VERTS;Verts maternelles;dragon;28/02/2025;1;2.453511;0;1.390385;0;1.390384615;
D09;Eviter de prendre des bains (préférer la douche rapide);Eau;VERTS;Verts maternelles;rebelle;20/03/2025;1;0.0623;0;1.75;357;0;
T06;Ne pas tuer les petites bêtes et les remettre dehors (c'est la nourriture de oiseaux);Biodiversité;VERTS;Verts maternelles;rebelle;20/03/2025;1;1.518;0;0;0;0;
D06;Acheter d’occasion plutôt que neuf;Courses;VERTS;Verts maternelles;rebelle;20/03/2025;1;0.017374;0;0.183462;0;0.134615385;
E01;Acheter juste ce dont on a besoin;Courses;VERTS;Verts maternelles;rebelle;20/03/2025;1;0.027408;0;0;0;0.134615385;
E03;Acheter des produits recyclables et utiliser les bacs de tri;Déchets;VERTS;Verts maternelles;rebelle;20/03/2025;1;0.15988;0;0;0;0;
D02;Tout manger ce qu'il y a dans nos assiettes (cantine, maison);Déchets;VERTS;Verts maternelles;rebelle;20/03/2025;1;2.453511;0;1.390385;0;1.390384615;
W04;Fermer ses volets quand il fait froid et nuit;Electricité;VERTS;Verts maternelles;belle;20/03/2025;1;0.006501;16.5;0;0;0;
E04;Eteindre les appareils électriques lorsqu'on ne s'en sert pas (Télé, ordinateur...);Electricité;VERTS;Verts maternelles;belle;20/03/2025;1;0.15988;0;1;0;0;
D05;Récupérer l'eau de pluie pour arroser;Eau;VERTS;Verts maternelles;belle;20/03/2025;1;0.000239;0;0.134615;35;0;
W02;Ne pas gaspiller l'eau de son verre;Eau;VERTS;Verts maternelles;belle;20/03/2025;1;0.05;28;0;35;0;
E08;Fermer le robinet quand on se brosse les dents;Eau;VERTS;Verts maternelles;belle;20/03/2025;1;0.000173;0;0;28;0;
T04;Acheter des produits avec moins d'emballages (éviter emballages individuels);Courses;VERTS;Verts maternelles;belle;20/03/2025;1;0.506;0;0;0;34.86;
W03;Préférer les produits réutilisables plutôt que jetables;Courses;VERTS;Verts maternelles;belle;20/03/2025;1;0.004964;12.6;0;0;0;
E08;Acheter des fruits ou légumes de saison;Courses;VERTS;Verts maternelles;belle;20/03/2025;1;0.000173;0;0;0;0;
E08;Ramasser les papiers et les déchets par terre pour les mettre à la poubelle;Déchets;VERTS;Verts maternelles;belle;20/03/2025;1;0.000173;0;0;0;0.1;
T04;Acheter des produits avec moins d'emballages (éviter emballages individuels);Courses;VERTS;Verts maternelles;dragon;10/04/2025;1;0.506;0;0;0;34.86;
W03;Préférer les produits réutilisables plutôt que jetables;Courses;VERTS;Verts maternelles;dragon;10/04/2025;1;0.004964;12.6;0;0;0;
E08;Acheter des fruits ou légumes de saison;Courses;VERTS;Verts maternelles;dragon;10/04/2025;1;0.000173;0;0;0;0;
E08;Ramasser les papiers et les déchets par terre pour les mettre à la poubelle;Déchets;VERTS;Verts maternelles;dragon;10/04/2025;1;0.000173;0;0;0;0.1;
D11;Ne pas prendre sa voiture si c'est possble : préférer la marche et le vélo (pour les petits trajets), le covoiturage…;Transport;VERTS;Verts maternelles;dragon;10/04/2025;1;0.38;0;0.67;0;0;
D06;Réduire son temps devant les écrans (Télé, ordinateurs, tablette, jeux vidéos...);Electricité;VERTS;Verts maternelles;dragon;10/04/2025;1;0.017374;0;0.183462;0;0;
C01;Eteindre les lumières quand on quitte une pièce ou si il fait jour dehors;Electricité;VERTS;Verts maternelles;dragon;10/04/2025;1;13.7935;0;0;0;0;
E03;Acheter des produits recyclables et utiliser les bacs de tri;Déchets;VERTS;Verts maternelles;patpatrouille;10/04/2025;1;0.15988;0;0;0;0;
D02;Tout manger ce qu'il y a dans nos assiettes (cantine, maison);Déchets;VERTS;Verts maternelles;patpatrouille;10/04/2025;1;2.453511;0;1.390385;0;1.390384615;
T04;Acheter des produits avec moins d'emballages (éviter emballages individuels);Courses;VERTS;Verts maternelles;patpatrouille;10/04/2025;1;0.506;0;0;0;34.86;
W03;Préférer les produits réutilisables plutôt que jetables;Courses;VERTS;Verts maternelles;patpatrouille;10/04/2025;1;0.004964;12.6;0;0;0;
E08;Acheter des fruits ou légumes de saison;Courses;VERTS;Verts maternelles;patpatrouille;10/04/2025;1;0.000173;0;0;0;0;
D06;Réduire son temps devant les écrans (Télé, ordinateurs, tablette, jeux vidéos...);Electricité;VERTS;Verts maternelles;patpatrouille;10/04/2025;1;0.017374;0;0.183462;0;0;
C01;Eteindre les lumières quand on quitte une pièce ou si il fait jour dehors;Electricité;VERTS;Verts maternelles;patpatrouille;10/04/2025;1;13.7935;0;0;0;0;
D10;Couper l’eau quand on se savonne les mains;Eau;VERTS;Verts maternelles;patpatrouille;10/04/2025;1;0.54243;0;0.21;12.6;0;
D09;Eviter de prendre des bains (préférer la douche rapide);Eau;VERTS;Verts maternelles;patpatrouille;10/04/2025;1;0.0623;0;1.75;357;0;
W02;Ne pas gaspiller l'eau de son verre;Eau;VERTS;Verts maternelles;superman;11/04/2025;1;0.05;28;0;35;0;
W04;Fermer ses volets quand il fait froid et nuit;Electricité;VERTS;Verts maternelles;vaiana;11/04/2025;1;0.006501;16.5;0;0;0;
E04;Eteindre les appareils électriques lorsqu'on ne s'en sert pas (Télé, ordinateur...);Electricité;VERTS;Verts maternelles;vaiana;11/04/2025;1;0.15988;0;1;0;0;
D10;Couper l’eau quand on se savonne les mains;Eau;VERTS;Verts maternelles;vaiana;11/04/2025;1;0.54243;0;0.21;12.6;0;
D09;Eviter de prendre des bains (préférer la douche rapide);Eau;VERTS;Verts maternelles;vaiana;11/04/2025;1;0.0623;0;1.75;357;0;
T06;Ne pas tuer les petites bêtes et les remettre dehors (c'est la nourriture de oiseaux);Biodiversité;VERTS;Verts maternelles;vaiana;11/04/2025;1;1.518;0;0;0;0;
W03;Préférer les produits réutilisables plutôt que jetables;Courses;VERTS;Verts maternelles;vaiana;11/04/2025;1;0.004964;12.6;0;0;0;
E08;Acheter des fruits ou légumes de saison;Courses;VERTS;Verts maternelles;vaiana;11/04/2025;1;0.000173;0;0;0;0;
E08;Ramasser les papiers et les déchets par terre pour les mettre à la poubelle;Déchets;VERTS;Verts maternelles;vaiana;11/04/2025;1;0.000173;0;0;0;0.1;
W04;Fermer ses volets quand il fait froid et nuit;Electricité;VERTS;Verts maternelles;heros;17/04/2025;1;0.006501;16.5;0;0;0;
E04;Eteindre les appareils électriques lorsqu'on ne s'en sert pas (Télé, ordinateur...);Electricité;VERTS;Verts maternelles;heros;17/04/2025;1;0.15988;0;1;0;0;
D05;Récupérer l'eau de pluie pour arroser;Eau;VERTS;Verts maternelles;heros;17/04/2025;1;0.000239;0;0.134615;35;0;
W02;Ne pas gaspiller l'eau de son verre;Eau;VERTS;Verts maternelles;heros;17/04/2025;1;0.05;28;0;35;0;
E08;Fermer le robinet quand on se brosse les dents;Eau;VERTS;Verts maternelles;heros;17/04/2025;1;0.000173;0;0;28;0;
D06;Acheter d’occasion plutôt que neuf;Courses;VERTS;Verts maternelles;heros;17/04/2025;1;0.017374;0;0.183462;0;0.134615385;
E01;Acheter juste ce dont on a besoin;Courses;VERTS;Verts maternelles;heros;17/04/2025;1;0.027408;0;0;0;0.134615385;
E03;Acheter des produits recyclables et utiliser les bacs de tri;Déchets;VERTS;Verts maternelles;heros;17/04/2025;1;0.15988;0;0;0;0;
D02;Tout manger ce qu'il y a dans nos assiettes (cantine, maison);Déchets;VERTS;Verts maternelles;heros;17/04/2025;1;2.453511;0;1.390385;0;1.390384615;
D06;Réduire son temps devant les écrans (Télé, ordinateurs, tablette, jeux vidéos...);Electricité;VERTS;Verts maternelles;rebelle;18/04/2025;1;0.017374;0;0.183462;0;0;
C01;Eteindre les lumières quand on quitte une pièce ou si il fait jour dehors;Electricité;VERTS;Verts maternelles;rebelle;18/04/2025;1;13.7935;0;0;0;0;
W02;Ne pas gaspiller l'eau de son verre;Eau;VERTS;Verts maternelles;rebelle;18/04/2025;1;0.05;28;0;35;0;
D09;Eviter de prendre des bains (préférer la douche rapide);Eau;VERTS;Verts maternelles;rebelle;18/04/2025;1;0.0623;0;1.75;357;0;
T04;Acheter des produits avec moins d'emballages (éviter emballages individuels);Courses;VERTS;Verts maternelles;rebelle;18/04/2025;1;0.506;0;0;0;34.86;
W03;Préférer les produits réutilisables plutôt que jetables;Courses;VERTS;Verts maternelles;rebelle;18/04/2025;1;0.004964;12.6;0;0;0;
E08;Acheter des fruits ou légumes de saison;Courses;VERTS;Verts maternelles;rebelle;18/04/2025;1;0.000173;0;0;0;0;
E08;Ramasser les papiers et les déchets par terre pour les mettre à la poubelle;Déchets;VERTS;Verts maternelles;rebelle;18/04/2025;1;0.000173;0;0;0;0.1;
D11;Ne pas prendre sa voiture si c'est possble : préférer la marche et le vélo (pour les petits trajets), le covoiturage…;Transport;VERTS;Verts maternelles;rebelle;18/04/2025;1;0.38;0;0.67;0;0;
D11;Ne pas prendre sa voiture si c'est possble : préférer la marche et le vélo (pour les petits trajets), le covoiturage…;Transport;VERTS;Verts maternelles;patpatrouille;19/04/2025;1;0.38;0;0.67;0;0;
D06;Réduire son temps devant les écrans (Télé, ordinateurs, tablette, jeux vidéos...);Electricité;VERTS;Verts maternelles;patpatrouille;19/04/2025;1;0.017374;0;0.183462;0;0;
C01;Eteindre les lumières quand on quitte une pièce ou si il fait jour dehors;Electricité;VERTS;Verts maternelles;patpatrouille;19/04/2025;1;13.7935;0;0;0;0;
D10;Couper l’eau quand on se savonne les mains;Eau;VERTS;Verts maternelles;patpatrouille;19/04/2025;1;0.54243;0;0.21;12.6;0;
D09;Eviter de prendre des bains (préférer la douche rapide);Eau;VERTS;Verts maternelles;patpatrouille;19/04/2025;1;0.0623;0;1.75;357;0;
T06;Ne pas tuer les petites bêtes et les remettre dehors (c'est la nourriture de oiseaux);Biodiversité;VERTS;Verts maternelles;patpatrouille;19/04/2025;1;1.518;0;0;0;0;
D06;Acheter d’occasion plutôt que neuf;Courses;VERTS;Verts maternelles;patpatrouille;19/04/2025;1;0.017374;0;0.183462;0;0.134615385;
E01;Acheter juste ce dont on a besoin;Courses;VERTS;Verts maternelles;patpatrouille;19/04/2025;1;0.027408;0;0;0;0.134615385;
E03;Acheter des produits recyclables et utiliser les bacs de tri;Déchets;VERTS;Verts maternelles;patpatrouille;19/04/2025;1;0.15988;0;0;0;0;
D02;Tout manger ce qu'il y a dans nos assiettes (cantine, maison);Déchets;VERTS;Verts maternelles;patpatrouille;19/04/2025;1;2.453511;0;1.390385;0;1.390384615;
D11;Ne pas prendre sa voiture si c'est possble : préférer la marche et le vélo (pour les petits trajets), le covoiturage…;Transport;VERTS;Verts maternelles;heros;17/04/2025;1;0.38;0;0.67;0;0;
D06;Réduire son temps devant les écrans (Télé, ordinateurs, tablette, jeux vidéos...);Electricité;VERTS;Verts maternelles;heros;17/04/2025;1;0.017374;0;0.183462;0;0;
C01;Eteindre les lumières quand on quitte une pièce ou si il fait jour dehors;Electricité;VERTS;Verts maternelles;heros;17/04/2025;1;13.7935;0;0;0;0;
D10;Couper l’eau quand on se savonne les mains;Eau;VERTS;Verts maternelles;heros;17/04/2025;1;0.54243;0;0.21;12.6;0;
D09;Eviter de prendre des bains (préférer la douche rapide);Eau;VERTS;Verts maternelles;heros;17/04/2025;1;0.0623;0;1.75;357;0;
T06;Ne pas tuer les petites bêtes et les remettre dehors (c'est la nourriture de oiseaux);Biodiversité;VERTS;Verts maternelles;heros;17/04/2025;1;1.518;0;0;0;0;
W03;Préférer les produits réutilisables plutôt que jetables;Courses;VERTS;Verts maternelles;heros;17/04/2025;1;0.004964;12.6;0;0;0;
E08;Acheter des fruits ou légumes de saison;Courses;VERTS;Verts maternelles;heros;17/04/2025;1;0.000173;0;0;0;0;
E08;Ramasser les papiers et les déchets par terre pour les mettre à la poubelle;Déchets;VERTS;Verts maternelles;heros;17/04/2025;1;0.000173;0;0;0;0.1;
W04;Fermer ses volets quand il fait froid et nuit;Electricité;VERTS;Verts maternelles;rebelle;18/04/2025;1;0.006501;16.5;0;0;0;
E04;Eteindre les appareils électriques lorsqu'on ne s'en sert pas (Télé, ordinateur...);Electricité;VERTS;Verts maternelles;rebelle;18/04/2025;1;0.15988;0;1;0;0;
D10;Couper l’eau quand on se savonne les mains;Eau;VERTS;Verts maternelles;rebelle;18/04/2025;1;0.54243;0;0.21;12.6;0;
E08;Fermer le robinet quand on se brosse les dents;Eau;VERTS;Verts maternelles;rebelle;18/04/2025;1;0.000173;0;0;28;0;
D05;Récupérer l'eau de pluie pour arroser;Eau;VERTS;Verts maternelles;superman;22/04/2025;1;0.000239;0;0.134615;35;0;
D09;Eviter de prendre des bains (préférer la douche rapide);Eau;VERTS;Verts maternelles;superman;22/04/2025;1;0.0623;0;1.75;357;0;
T06;Ne pas tuer les petites bêtes et les remettre dehors (c'est la nourriture de oiseaux);Biodiversité;VERTS;Verts maternelles;superman;22/04/2025;1;1.518;0;0;0;0;
E08;Acheter des fruits ou légumes de saison;Courses;VERTS;Verts maternelles;superman;22/04/2025;1;0.000173;0;0;0;0;
E08;Ramasser les papiers et les déchets par terre pour les mettre à la poubelle;Déchets;VERTS;Verts maternelles;superman;22/04/2025;1;0.000173;0;0;0;0.1;
W04;Fermer ses volets quand il fait froid et nuit;Electricité;VERTS;Verts maternelles;superman;22/04/2025;1;0.006501;16.5;0;0;0;
E04;Eteindre les appareils électriques lorsqu'on ne s'en sert pas (Télé, ordinateur...);Electricité;VERTS;Verts maternelles;superman;22/04/2025;1;0.15988;0;1;0;0;
D11;Ne pas prendre sa voiture si c'est possble : préférer la marche et le vélo (pour les petits trajets), le covoiturage…;Transport;VERTS;Verts maternelles;heros;26/04/2025;1;0.38;0;0.67;0;0;
D06;Réduire son temps devant les écrans (Télé, ordinateurs, tablette, jeux vidéos...);Electricité;VERTS;Verts maternelles;heros;26/04/2025;1;0.017374;0;0.183462;0;0;
C01;Eteindre les lumières quand on quitte une pièce ou si il fait jour dehors;Electricité;VERTS;Verts maternelles;heros;26/04/2025;1;13.7935;0;0;0;0;
D10;Couper l’eau quand on se savonne les mains;Eau;VERTS;Verts maternelles;heros;26/04/2025;1;0.54243;0;0.21;12.6;0;
D09;Eviter de prendre des bains (préférer la douche rapide);Eau;VERTS;Verts maternelles;heros;26/04/2025;1;0.0623;0;1.75;357;0;
T06;Ne pas tuer les petites bêtes et les remettre dehors (c'est la nourriture de oiseaux);Biodiversité;VERTS;Verts maternelles;heros;26/04/2025;1;1.518;0;0;0;0;
D06;Acheter d’occasion plutôt que neuf;Courses;VERTS;Verts maternelles;heros;26/04/2025;1;0.017374;0;0.183462;0;0.134615385;
E01;Acheter juste ce dont on a besoin;Courses;VERTS;Verts maternelles;heros;26/04/2025;1;0.027408;0;0;0;0.134615385;
E03;Acheter des produits recyclables et utiliser les bacs de tri;Déchets;VERTS;Verts maternelles;heros;26/04/2025;1;0.15988;0;0;0;0;
D02;Tout manger ce qu'il y a dans nos assiettes (cantine, maison);Déchets;VERTS;Verts maternelles;heros;26/04/2025;1;2.453511;0;1.390385;0;1.390384615;
D11;Ne pas prendre sa voiture si c'est possble : préférer la marche et le vélo (pour les petits trajets), le covoiturage…;Transport;VERTS;Verts maternelles;belle;27/04/2025;1;0.38;0;0.67;0;0;
W04;Fermer ses volets quand il fait froid et nuit;Electricité;VERTS;Verts maternelles;belle;27/04/2025;1;0.006501;16.5;0;0;0;
D06;Réduire son temps devant les écrans (Télé, ordinateurs, tablette, jeux vidéos...);Electricité;VERTS;Verts maternelles;belle;27/04/2025;1;0.017374;0;0.183462;0;0;
E04;Eteindre les appareils électriques lorsqu'on ne s'en sert pas (Télé, ordinateur...);Electricité;VERTS;Verts maternelles;belle;27/04/2025;1;0.15988;0;1;0;0;
C01;Eteindre les lumières quand on quitte une pièce ou si il fait jour dehors;Electricité;VERTS;Verts maternelles;belle;27/04/2025;1;13.7935;0;0;0;0;
D05;Récupérer l'eau de pluie pour arroser;Eau;VERTS;Verts maternelles;belle;27/04/2025;1;0.000239;0;0.134615;35;0;
D10;Couper l’eau quand on se savonne les mains;Eau;VERTS;Verts maternelles;belle;27/04/2025;1;0.54243;0;0.21;12.6;0;
W02;Ne pas gaspiller l'eau de son verre;Eau;VERTS;Verts maternelles;belle;27/04/2025;1;0.05;28;0;35;0;
D09;Eviter de prendre des bains (préférer la douche rapide);Eau;VERTS;Verts maternelles;belle;27/04/2025;1;0.0623;0;1.75;357;0;
E08;Fermer le robinet quand on se brosse les dents;Eau;VERTS;Verts maternelles;belle;27/04/2025;1;0.000173;0;0;28;0;
T06;Ne pas tuer les petites bêtes et les remettre dehors (c'est la nourriture de oiseaux);Biodiversité;VERTS;Verts maternelles;belle;27/04/2025;1;1.518;0;0;0;0;
D05;Récupérer l'eau de pluie pour arroser;Eau;VERTS;Verts maternelles;patpatrouille;30/03/2025;1;0.000239;0;0.134615;35;0;
W02;Ne pas gaspiller l'eau de son verre;Eau;VERTS;Verts maternelles;patpatrouille;30/03/2025;1;0.05;28;0;35;0;
E08;Fermer le robinet quand on se brosse les dents;Eau;VERTS;Verts maternelles;patpatrouille;30/03/2025;1;0.000173;0;0;28;0;
T04;Acheter des produits avec moins d'emballages (éviter emballages individuels);Courses;VERTS;Verts maternelles;patpatrouille;30/03/2025;1;0.506;0;0;0;34.86;
W03;Préférer les produits réutilisables plutôt que jetables;Courses;VERTS;Verts maternelles;patpatrouille;30/03/2025;1;0.004964;12.6;0;0;0;
E08;Acheter des fruits ou légumes de saison;Courses;VERTS;Verts maternelles;patpatrouille;30/03/2025;1;0.000173;0;0;0;0;
E08;Ramasser les papiers et les déchets par terre pour les mettre à la poubelle;Déchets;VERTS;Verts maternelles;patpatrouille;30/03/2025;1;0.000173;0;0;0;0.1;
W04;Fermer ses volets quand il fait froid et nuit;Electricité;VERTS;Verts maternelles;vaiana;31/03/2025;1;0.006501;16.5;0;0;0;
D11;Ne pas prendre sa voiture si c'est possble : préférer la marche et le vélo (pour les petits trajets), le covoiturage…;Transport;VERTS;Verts maternelles;heros;03/04/2025;1;0.38;0;0.67;0;0;
D06;Réduire son temps devant les écrans (Télé, ordinateurs, tablette, jeux vidéos...);Electricité;VERTS;Verts maternelles;heros;03/04/2025;1;0.017374;0;0.183462;0;0;
C01;Eteindre les lumières quand on quitte une pièce ou si il fait jour dehors;Electricité;VERTS;Verts maternelles;heros;03/04/2025;1;13.7935;0;0;0;0;
D10;Couper l’eau quand on se savonne les mains;Eau;VERTS;Verts maternelles;heros;03/04/2025;1;0.54243;0;0.21;12.6;0;
D09;Eviter de prendre des bains (préférer la douche rapide);Eau;VERTS;Verts maternelles;heros;03/04/2025;1;0.0623;0;1.75;357;0;
T06;Ne pas tuer les petites bêtes et les remettre dehors (c'est la nourriture de oiseaux);Biodiversité;VERTS;Verts maternelles;heros;03/04/2025;1;1.518;0;0;0;0;
W03;Préférer les produits réutilisables plutôt que jetables;Courses;VERTS;Verts maternelles;heros;03/04/2025;1;0.004964;12.6;0;0;0;
E08;Acheter des fruits ou légumes de saison;Courses;VERTS;Verts maternelles;heros;03/04/2025;1;0.000173;0;0;0;0;
E08;Ramasser les papiers et les déchets par terre pour les mettre à la poubelle;Déchets;VERTS;Verts maternelles;heros;03/04/2025;1;0.000173;0;0;0;0.1;
T04;Acheter des produits avec moins d'emballages (éviter emballages individuels);Courses;VERTS;Verts maternelles;dragon;03/04/2025;1;0.506;0;0;0;34.86;
W03;Préférer les produits réutilisables plutôt que jetables;Courses;VERTS;Verts maternelles;dragon;03/04/2025;1;0.004964;12.6;0;0;0;
E08;Acheter des fruits ou légumes de saison;Courses;VERTS;Verts maternelles;dragon;03/04/2025;1;0.000173;0;0;0;0;
E08;Ramasser les papiers et les déchets par terre pour les mettre à la poubelle;Déchets;VERTS;Verts maternelles;dragon;03/04/2025;1;0.000173;0;0;0;0.1;
D11;Ne pas prendre sa voiture si c'est possble : préférer la marche et le vélo (pour les petits trajets), le covoiturage…;Transport;VERTS;Verts maternelles;dragon;03/04/2025;1;0.38;0;0.67;0;0;
D06;Réduire son temps devant les écrans (Télé, ordinateurs, tablette, jeux vidéos...);Electricité;VERTS;Verts maternelles;dragon;03/04/2025;1;0.017374;0;0.183462;0;0;
C01;Eteindre les lumières quand on quitte une pièce ou si il fait jour dehors;Electricité;VERTS;Verts maternelles;dragon;03/04/2025;1;13.7935;0;0;0;0;
D10;Couper l’eau quand on se savonne les mains;Eau;VERTS;Verts maternelles;dragon;03/04/2025;1;0.54243;0;0.21;12.6;0;
D09;Eviter de prendre des bains (préférer la douche rapide);Eau;VERTS;Verts maternelles;dragon;03/04/2025;1;0.0623;0;1.75;357;0;
D11;Ne pas prendre sa voiture si c'est possble : préférer la marche et le vélo (pour les petits trajets), le covoiturage…;Transport;VERTS;Verts maternelles;mario;04/04/2025;1;0.38;0;0.67;0;0;
D06;Réduire son temps devant les écrans (Télé, ordinateurs, tablette, jeux vidéos...);Electricité;VERTS;Verts maternelles;mario;04/04/2025;1;0.017374;0;0.183462;0;0;
C01;Eteindre les lumières quand on quitte une pièce ou si il fait jour dehors;Electricité;VERTS;Verts maternelles;mario;04/04/2025;1;13.7935;0;0;0;0;
D10;Couper l’eau quand on se savonne les mains;Eau;VERTS;Verts maternelles;mario;04/04/2025;1;0.54243;0;0.21;12.6;0;
E08;Fermer le robinet quand on se brosse les dents;Eau;VERTS;Verts maternelles;mario;04/04/2025;1;0.000173;0;0;28;0;
T04;Acheter des produits avec moins d'emballages (éviter emballages individuels);Courses;VERTS;Verts maternelles;mario;04/04/2025;1;0.506;0;0;0;34.86;
E03;Acheter des produits recyclables et utiliser les bacs de tri;Déchets;VERTS;Verts maternelles;mario;04/04/2025;1;0.15988;0;0;0;0;
D02;Tout manger ce qu'il y a dans nos assiettes (cantine, maison);Déchets;VERTS;Verts maternelles;mario;04/04/2025;1;2.453511;0;1.390385;0;1.390384615;
D11;Ne pas prendre sa voiture si c'est possble : préférer la marche et le vélo (pour les petits trajets), le covoiturage…;Transport;VERTS;Verts maternelles;belle;04/04/2025;1;0.38;0;0.67;0;0;
D06;Réduire son temps devant les écrans (Télé, ordinateurs, tablette, jeux vidéos...);Electricité;VERTS;Verts maternelles;belle;04/04/2025;1;0.017374;0;0.183462;0;0;
C01;Eteindre les lumières quand on quitte une pièce ou si il fait jour dehors;Electricité;VERTS;Verts maternelles;belle;04/04/2025;1;13.7935;0;0;0;0;
D10;Couper l’eau quand on se savonne les mains;Eau;VERTS;Verts maternelles;belle;04/04/2025;1;0.54243;0;0.21;12.6;0;
D09;Eviter de prendre des bains (préférer la douche rapide);Eau;VERTS;Verts maternelles;belle;04/04/2025;1;0.0623;0;1.75;357;0;
T06;Ne pas tuer les petites bêtes et les remettre dehors (c'est la nourriture de oiseaux);Biodiversité;VERTS;Verts maternelles;belle;04/04/2025;1;1.518;0;0;0;0;
D06;Acheter d’occasion plutôt que neuf;Courses;VERTS;Verts maternelles;belle;04/04/2025;1;0.017374;0;0.183462;0;0.134615385;
E01;Acheter juste ce dont on a besoin;Courses;VERTS;Verts maternelles;belle;04/04/2025;1;0.027408;0;0;0;0.134615385;
E03;Acheter des produits recyclables et utiliser les bacs de tri;Déchets;VERTS;Verts maternelles;belle;04/04/2025;1;0.15988;0;0;0;0;
D02;Tout manger ce qu'il y a dans nos assiettes (cantine, maison);Déchets;VERTS;Verts maternelles;belle;04/04/2025;1;2.453511;0;1.390385;0;1.390384615;
W04;Fermer ses volets quand il fait froid et nuit;Electricité;VERTS;Verts maternelles;heros;03/04/2025;1;0.006501;16.5;0;0;0;
E04;Eteindre les appareils électriques lorsqu'on ne s'en sert pas (Télé, ordinateur...);Electricité;VERTS;Verts maternelles;heros;03/04/2025;1;0.15988;0;1;0;0;
D05;Récupérer l'eau de pluie pour arroser;Eau;VERTS;Verts maternelles;heros;03/04/2025;1;0.000239;0;0.134615;35;0;
W02;Ne pas gaspiller l'eau de son verre;Eau;VERTS;Verts maternelles;heros;03/04/2025;1;0.05;28;0;35;0;
E08;Fermer le robinet quand on se brosse les dents;Eau;VERTS;Verts maternelles;heros;03/04/2025;1;0.000173;0;0;28;0;
D06;Acheter d’occasion plutôt que neuf;Courses;VERTS;Verts maternelles;heros;03/04/2025;1;0.017374;0;0.183462;0;0.134615385;
E01;Acheter juste ce dont on a besoin;Courses;VERTS;Verts maternelles;heros;03/04/2025;1;0.027408;0;0;0;0.134615385;
E03;Acheter des produits recyclables et utiliser les bacs de tri;Déchets;VERTS;Verts maternelles;heros;03/04/2025;1;0.15988;0;0;0;0;
D02;Tout manger ce qu'il y a dans nos assiettes (cantine, maison);Déchets;VERTS;Verts maternelles;heros;03/04/2025;1;2.453511;0;1.390385;0;1.390384615;
D06;Acheter d’occasion plutôt que neuf;Courses;VERTS;Verts maternelles;dragon;03/04/2025;1;0.017374;0;0.183462;0;0.134615385;
E01;Acheter juste ce dont on a besoin;Courses;VERTS;Verts maternelles;dragon;03/04/2025;1;0.027408;0;0;0;0.134615385;
E03;Acheter des produits recyclables et utiliser les bacs de tri;Déchets;VERTS;Verts maternelles;dragon;03/04/2025;1;0.15988;0;0;0;0;
D02;Tout manger ce qu'il y a dans nos assiettes (cantine, maison);Déchets;VERTS;Verts maternelles;dragon;03/04/2025;1;2.453511;0;1.390385;0;1.390384615;
W04;Fermer ses volets quand il fait froid et nuit;Electricité;VERTS;Verts maternelles;dragon;03/04/2025;1;0.006501;16.5;0;0;0;
E04;Eteindre les appareils électriques lorsqu'on ne s'en sert pas (Télé, ordinateur...);Electricité;VERTS;Verts maternelles;dragon;03/04/2025;1;0.15988;0;1;0;0;
D05;Récupérer l'eau de pluie pour arroser;Eau;VERTS;Verts maternelles;dragon;03/04/2025;1;0.000239;0;0.134615;35;0;
W02;Ne pas gaspiller l'eau de son verre;Eau;VERTS;Verts maternelles;dragon;03/04/2025;1;0.05;28;0;35;0;
E08;Fermer le robinet quand on se brosse les dents;Eau;VERTS;Verts maternelles;dragon;03/04/2025;1;0.000173;0;0;28;0;
W04;Fermer ses volets quand il fait froid et nuit;Electricité;VERTS;Verts maternelles;mario;04/04/2025;1;0.006501;16.5;0;0;0;
E04;Eteindre les appareils électriques lorsqu'on ne s'en sert pas (Télé, ordinateur...);Electricité;VERTS;Verts maternelles;mario;04/04/2025;1;0.15988;0;1;0;0;
D05;Récupérer l'eau de pluie pour arroser;Eau;VERTS;Verts maternelles;mario;04/04/2025;1;0.000239;0;0.134615;35;0;
W02;Ne pas gaspiller l'eau de son verre;Eau;VERTS;Verts maternelles;mario;04/04/2025;1;0.05;28;0;35;0;
T06;Ne pas tuer les petites bêtes et les remettre dehors (c'est la nourriture de oiseaux);Biodiversité;VERTS;Verts maternelles;mario;04/04/2025;1;1.518;0;0;0;0;
E08;Acheter des fruits ou légumes de saison;Courses;VERTS;Verts maternelles;mario;04/04/2025;1;0.000173;0;0;0;0;
E08;Ramasser les papiers et les déchets par terre pour les mettre à la poubelle;Déchets;VERTS;Verts maternelles;mario;04/04/2025;1;0.000173;0;0;0;0.1;
D09;Eviter de prendre des bains (préférer la douche rapide);Eau;VERTS;Verts maternelles;mario;04/04/2025;1;0.0623;0;1.75;357;0;
W04;Fermer ses volets quand il fait froid et nuit;Electricité;VERTS;Verts maternelles;belle;04/04/2025;1;0.006501;16.5;0;0;0;
E04;Eteindre les appareils électriques lorsqu'on ne s'en sert pas (Télé, ordinateur...);Electricité;VERTS;Verts maternelles;belle;04/04/2025;1;0.15988;0;1;0;0;
D05;Récupérer l'eau de pluie pour arroser;Eau;VERTS;Verts maternelles;belle;04/04/2025;1;0.000239;0;0.134615;35;0;
W02;Ne pas gaspiller l'eau de son verre;Eau;VERTS;Verts maternelles;belle;04/04/2025;1;0.05;28;0;35;0;
E08;Fermer le robinet quand on se brosse les dents;Eau;VERTS;Verts maternelles;belle;04/04/2025;1;0.000173;0;0;28;0;
T04;Acheter des produits avec moins d'emballages (éviter emballages individuels);Courses;VERTS;Verts maternelles;belle;04/04/2025;1;0.506;0;0;0;34.86;
W03;Préférer les produits réutilisables plutôt que jetables;Courses;VERTS;Verts maternelles;belle;04/04/2025;1;0.004964;12.6;0;0;0;
E08;Acheter des fruits ou légumes de saison;Courses;VERTS;Verts maternelles;belle;04/04/2025;1;0.000173;0;0;0;0;
E08;Ramasser les papiers et les déchets par terre pour les mettre à la poubelle;Déchets;VERTS;Verts maternelles;belle;04/04/2025;1;0.000173;0;0;0;0.1;
D11;Ne pas prendre sa voiture si c'est possble : préférer la marche et le vélo (pour les petits trajets), le covoiturage…;Transport;VERTS;Verts maternelles;patpatrouille;30/03/2025;1;0.38;0;0.67;0;0;
D06;Réduire son temps devant les écrans (Télé, ordinateurs, tablette, jeux vidéos...);Electricité;VERTS;Verts maternelles;patpatrouille;30/03/2025;1;0.017374;0;0.183462;0;0;
C01;Eteindre les lumières quand on quitte une pièce ou si il fait jour dehors;Electricité;VERTS;Verts maternelles;patpatrouille;30/03/2025;1;13.7935;0;0;0;0;
D10;Couper l’eau quand on se savonne les mains;Eau;VERTS;Verts maternelles;patpatrouille;30/03/2025;1;0.54243;0;0.21;12.6;0;
D09;Eviter de prendre des bains (préférer la douche rapide);Eau;VERTS;Verts maternelles;patpatrouille;30/03/2025;1;0.0623;0;1.75;357;0;
T06;Ne pas tuer les petites bêtes et les remettre dehors (c'est la nourriture de oiseaux);Biodiversité;VERTS;Verts maternelles;patpatrouille;30/03/2025;1;1.518;0;0;0;0;
D06;Acheter d’occasion plutôt que neuf;Courses;VERTS;Verts maternelles;patpatrouille;30/03/2025;1;0.017374;0;0.183462;0;0.134615385;
E01;Acheter juste ce dont on a besoin;Courses;VERTS;Verts maternelles;patpatrouille;30/03/2025;1;0.027408;0;0;0;0.134615385;
E03;Acheter des produits recyclables et utiliser les bacs de tri;Déchets;VERTS;Verts maternelles;patpatrouille;30/03/2025;1;0.15988;0;0;0;0;
D02;Tout manger ce qu'il y a dans nos assiettes (cantine, maison);Déchets;VERTS;Verts maternelles;patpatrouille;30/03/2025;1;2.453511;0;1.390385;0;1.390384615;
D11;Ne pas prendre sa voiture si c'est possble : préférer la marche et le vélo (pour les petits trajets), le covoiturage…;Transport;VERTS;Verts maternelles;vaiana;31/03/2025;1;0.38;0;0.67;0;0;
D06;Réduire son temps devant les écrans (Télé, ordinateurs, tablette, jeux vidéos...);Electricité;VERTS;Verts maternelles;vaiana;31/03/2025;1;0.017374;0;0.183462;0;0;
C01;Eteindre les lumières quand on quitte une pièce ou si il fait jour dehors;Electricité;VERTS;Verts maternelles;vaiana;31/03/2025;1;13.7935;0;0;0;0;
D10;Couper l’eau quand on se savonne les mains;Eau;VERTS;Verts maternelles;vaiana;31/03/2025;1;0.54243;0;0.21;12.6;0;
D09;Eviter de prendre des bains (préférer la douche rapide);Eau;VERTS;Verts maternelles;vaiana;31/03/2025;1;0.0623;0;1.75;357;0;
T06;Ne pas tuer les petites bêtes et les remettre dehors (c'est la nourriture de oiseaux);Biodiversité;VERTS;Verts maternelles;vaiana;31/03/2025;1;1.518;0;0;0;0;
D06;Acheter d’occasion plutôt que neuf;Courses;VERTS;Verts maternelles;vaiana;31/03/2025;1;0.017374;0;0.183462;0;0.134615385;
E01;Acheter juste ce dont on a besoin;Courses;VERTS;Verts maternelles;vaiana;31/03/2025;1;0.027408;0;0;0;0.134615385;
E03;Acheter des produits recyclables et utiliser les bacs de tri;Déchets;VERTS;Verts maternelles;vaiana;31/03/2025;1;0.15988;0;0;0;0;
D02;Tout manger ce qu'il y a dans nos assiettes (cantine, maison);Déchets;VERTS;Verts maternelles;vaiana;31/03/2025;1;2.453511;0;1.390385;0;1.390384615;
W04;Fermer ses volets quand il fait froid et nuit;Electricité;VERTS;Verts maternelles;panthere;01/04/2025;1;0.006501;16.5;0;0;0;
E04;Eteindre les appareils électriques lorsqu'on ne s'en sert pas (Télé, ordinateur...);Electricité;VERTS;Verts maternelles;panthere;01/04/2025;1;0.15988;0;1;0;0;
D10;Couper l’eau quand on se savonne les mains;Eau;VERTS;Verts maternelles;panthere;01/04/2025;1;0.54243;0;0.21;12.6;0;
D09;Eviter de prendre des bains (préférer la douche rapide);Eau;VERTS;Verts maternelles;panthere;01/04/2025;1;0.0623;0;1.75;357;0;
T06;Ne pas tuer les petites bêtes et les remettre dehors (c'est la nourriture de oiseaux);Biodiversité;VERTS;Verts maternelles;panthere;01/04/2025;1;1.518;0;0;0;0;
W03;Préférer les produits réutilisables plutôt que jetables;Courses;VERTS;Verts maternelles;panthere;01/04/2025;1;0.004964;12.6;0;0;0;
E08;Acheter des fruits ou légumes de saison;Courses;VERTS;Verts maternelles;panthere;01/04/2025;1;0.000173;0;0;0;0;
E08;Ramasser les papiers et les déchets par terre pour les mettre à la poubelle;Déchets;VERTS;Verts maternelles;panthere;01/04/2025;1;0.000173;0;0;0;0.1;
E04;Eteindre les appareils électriques lorsqu'on ne s'en sert pas (Télé, ordinateur...);Electricité;VERTS;Verts maternelles;rebelle;28/03/2025;1;0.15988;0;1;0;0;
D10;Couper l’eau quand on se savonne les mains;Eau;VERTS;Verts maternelles;rebelle;28/03/2025;1;0.54243;0;0.21;12.6;0;
E04;Eteindre les appareils électriques lorsqu'on ne s'en sert pas (Télé, ordinateur...);Electricité;VERTS;Verts maternelles;dragon;27/03/2025;1;0.15988;0;1;0;0;
T04;Acheter des produits avec moins d'emballages (éviter emballages individuels);Courses;VERTS;Verts maternelles;belle;27/04/2025;1;0.506;0;0;0;34.86;
W03;Préférer les produits réutilisables plutôt que jetables;Courses;VERTS;Verts maternelles;belle;27/04/2025;1;0.004964;12.6;0;0;0;
E08;Acheter des fruits ou légumes de saison;Courses;VERTS;Verts maternelles;belle;27/04/2025;1;0.000173;0;0;0;0;
E08;Ramasser les papiers et les déchets par terre pour les mettre à la poubelle;Déchets;VERTS;Verts maternelles;belle;27/04/2025;1;0.000173;0;0;0;0.1;
W04;Fermer ses volets quand il fait froid et nuit;Electricité;VERTS;Verts maternelles;vaiana;02/05/2025;1;0.006501;16.5;0;0;0;
E04;Eteindre les appareils électriques lorsqu'on ne s'en sert pas (Télé, ordinateur...);Electricité;VERTS;Verts maternelles;vaiana;02/05/2025;1;0.15988;0;1;0;0;
D05;Récupérer l'eau de pluie pour arroser;Eau;VERTS;Verts maternelles;vaiana;02/05/2025;1;0.000239;0;0.134615;35;0;
W02;Ne pas gaspiller l'eau de son verre;Eau;VERTS;Verts maternelles;vaiana;02/05/2025;1;0.05;28;0;35;0;
E08;Fermer le robinet quand on se brosse les dents;Eau;VERTS;Verts maternelles;vaiana;02/05/2025;1;0.000173;0;0;28;0;
T04;Acheter des produits avec moins d'emballages (éviter emballages individuels);Courses;VERTS;Verts maternelles;vaiana;02/05/2025;1;0.506;0;0;0;34.86;
W03;Préférer les produits réutilisables plutôt que jetables;Courses;VERTS;Verts maternelles;vaiana;02/05/2025;1;0.004964;12.6;0;0;0;
E08;Acheter des fruits ou légumes de saison;Courses;VERTS;Verts maternelles;vaiana;02/05/2025;1;0.000173;0;0;0;0;
E08;Ramasser les papiers et les déchets par terre pour les mettre à la poubelle;Déchets;VERTS;Verts maternelles;vaiana;02/05/2025;1;0.000173;0;0;0;0.1;
D11;Ne pas prendre sa voiture si c'est possble : préférer la marche et le vélo (pour les petits trajets), le covoiturage…;Transport;VERTS;Verts maternelles;vaiana;02/05/2025;1;0.38;0;0.67;0;0;
D06;Acheter d’occasion plutôt que neuf;Courses;VERTS;Verts maternelles;belle;27/04/2025;1;0.017374;0;0.183462;0;0.134615385;
E01;Acheter juste ce dont on a besoin;Courses;VERTS;Verts maternelles;belle;27/04/2025;1;0.027408;0;0;0;0.134615385;
E03;Acheter des produits recyclables et utiliser les bacs de tri;Déchets;VERTS;Verts maternelles;belle;27/04/2025;1;0.15988;0;0;0;0;
D02;Tout manger ce qu'il y a dans nos assiettes (cantine, maison);Déchets;VERTS;Verts maternelles;belle;27/04/2025;1;2.453511;0;1.390385;0;1.390384615;
D06;Réduire son temps devant les écrans (Télé, ordinateurs, tablette, jeux vidéos...);Electricité;VERTS;Verts maternelles;vaiana;02/05/2025;1;0.017374;0;0.183462;0;0;
C01;Eteindre les lumières quand on quitte une pièce ou si il fait jour dehors;Electricité;VERTS;Verts maternelles;vaiana;02/05/2025;1;13.7935;0;0;0;0;
D10;Couper l’eau quand on se savonne les mains;Eau;VERTS;Verts maternelles;vaiana;02/05/2025;1;0.54243;0;0.21;12.6;0;
D09;Eviter de prendre des bains (préférer la douche rapide);Eau;VERTS;Verts maternelles;vaiana;02/05/2025;1;0.0623;0;1.75;357;0;
T06;Ne pas tuer les petites bêtes et les remettre dehors (c'est la nourriture de oiseaux);Biodiversité;VERTS;Verts maternelles;vaiana;02/05/2025;1;1.518;0;0;0;0;
D06;Acheter d’occasion plutôt que neuf;Courses;VERTS;Verts maternelles;vaiana;02/05/2025;1;0.017374;0;0.183462;0;0.134615385;
E01;Acheter juste ce dont on a besoin;Courses;VERTS;Verts maternelles;vaiana;02/05/2025;1;0.027408;0;0;0;0.134615385;
E03;Acheter des produits recyclables et utiliser les bacs de tri;Déchets;VERTS;Verts maternelles;vaiana;02/05/2025;1;0.15988;0;0;0;0;
D02;Tout manger ce qu'il y a dans nos assiettes (cantine, maison);Déchets;VERTS;Verts maternelles;vaiana;02/05/2025;1;2.453511;0;1.390385;0;1.390384615;
D06;Acheter d’occasion plutôt que neuf;Courses;VERTS;Verts maternelles;vaiana;22/03/2025;1;0.017374;0;0.183462;0;0.134615385;
E01;Acheter juste ce dont on a besoin;Courses;VERTS;Verts maternelles;vaiana;22/03/2025;1;0.027408;0;0;0;0.134615385;
E03;Acheter des produits recyclables et utiliser les bacs de tri;Déchets;VERTS;Verts maternelles;vaiana;22/03/2025;1;0.15988;0;0;0;0;
D02;Tout manger ce qu'il y a dans nos assiettes (cantine, maison);Déchets;VERTS;Verts maternelles;vaiana;22/03/2025;1;2.453511;0;1.390385;0;1.390384615;
D10;Couper l’eau quand on se savonne les mains;Eau;VERTS;Verts maternelles;heros;28/03/2025;1;0.54243;0;0.21;12.6;0;
T06;Ne pas tuer les petites bêtes et les remettre dehors (c'est la nourriture de oiseaux);Biodiversité;VERTS;Verts maternelles;heros;28/03/2025;1;1.518;0;0;0;0;
W03;Préférer les produits réutilisables plutôt que jetables;Courses;VERTS;Verts maternelles;heros;28/03/2025;1;0.004964;12.6;0;0;0;
E08;Ramasser les papiers et les déchets par terre pour les mettre à la poubelle;Déchets;VERTS;Verts maternelles;heros;28/03/2025;1;0.000173;0;0;0;0.1;
C01;Eteindre les lumières quand on quitte une pièce ou si il fait jour dehors;Electricité;VERTS;Verts maternelles;heros;28/03/2025;1;13.7935;0;0;0;0;
E08;Acheter des fruits ou légumes de saison;Courses;VERTS;Verts maternelles;heros;28/03/2025;1;0.000173;0;0;0;0;
E08;Fermer le robinet quand on se brosse les dents;Eau;VERTS;Verts maternelles;heros;28/03/2025;1;0.000173;0;0;28;0;
W04;Fermer ses volets quand il fait froid et nuit;Electricité;VERTS;Verts maternelles;rebelle;28/03/2025;1;0.006501;16.5;0;0;0;
D09;Eviter de prendre des bains (préférer la douche rapide);Eau;VERTS;Verts maternelles;rebelle;28/03/2025;1;0.0623;0;1.75;357;0;
T06;Ne pas tuer les petites bêtes et les remettre dehors (c'est la nourriture de oiseaux);Biodiversité;VERTS;Verts maternelles;rebelle;28/03/2025;1;1.518;0;0;0;0;
D06;Acheter d’occasion plutôt que neuf;Courses;VERTS;Verts maternelles;rebelle;28/03/2025;1;0.017374;0;0.183462;0;0.134615385;
E01;Acheter juste ce dont on a besoin;Courses;VERTS;Verts maternelles;rebelle;28/03/2025;1;0.027408;0;0;0;0.134615385;
E03;Acheter des produits recyclables et utiliser les bacs de tri;Déchets;VERTS;Verts maternelles;rebelle;28/03/2025;1;0.15988;0;0;0;0;
D02;Tout manger ce qu'il y a dans nos assiettes (cantine, maison);Déchets;VERTS;Verts maternelles;rebelle;28/03/2025;1;2.453511;0;1.390385;0;1.390384615;
D11;Ne pas prendre sa voiture si c'est possble : préférer la marche et le vélo (pour les petits trajets), le covoiturage…;Transport;VERTS;Verts maternelles;panthere;23/03/2025;1;0.38;0;0.67;0;0;
D06;Réduire son temps devant les écrans (Télé, ordinateurs, tablette, jeux vidéos...);Electricité;VERTS;Verts maternelles;panthere;23/03/2025;1;0.017374;0;0.183462;0;0;
C01;Eteindre les lumières quand on quitte une pièce ou si il fait jour dehors;Electricité;VERTS;Verts maternelles;panthere;23/03/2025;1;13.7935;0;0;0;0;
W02;Ne pas gaspiller l'eau de son verre;Eau;VERTS;Verts maternelles;panthere;23/03/2025;1;0.05;28;0;35;0;
E08;Fermer le robinet quand on se brosse les dents;Eau;VERTS;Verts maternelles;panthere;23/03/2025;1;0.000173;0;0;28;0;
T04;Acheter des produits avec moins d'emballages (éviter emballages individuels);Courses;VERTS;Verts maternelles;panthere;23/03/2025;1;0.506;0;0;0;34.86;
E01;Acheter juste ce dont on a besoin;Courses;VERTS;Verts maternelles;panthere;23/03/2025;1;0.027408;0;0;0;0.134615385;
E03;Acheter des produits recyclables et utiliser les bacs de tri;Déchets;VERTS;Verts maternelles;panthere;23/03/2025;1;0.15988;0;0;0;0;
W04;Fermer ses volets quand il fait froid et nuit;Electricité;VERTS;Verts maternelles;vaiana;22/03/2025;1;0.006501;16.5;0;0;0;
E04;Eteindre les appareils électriques lorsqu'on ne s'en sert pas (Télé, ordinateur...);Electricité;VERTS;Verts maternelles;vaiana;22/03/2025;1;0.15988;0;1;0;0;
D05;Récupérer l'eau de pluie pour arroser;Eau;VERTS;Verts maternelles;vaiana;22/03/2025;1;0.000239;0;0.134615;35;0;
E08;Fermer le robinet quand on se brosse les dents;Eau;VERTS;Verts maternelles;superman;26/03/2025;1;0.000173;0;0;28;0;
D10;Couper l’eau quand on se savonne les mains;Eau;VERTS;Verts maternelles;superman;26/03/2025;1;0.54243;0;0.21;12.6;0;
W04;Fermer ses volets quand il fait froid et nuit;Electricité;VERTS;Verts maternelles;superman;26/03/2025;1;0.006501;16.5;0;0;0;
E04;Eteindre les appareils électriques lorsqu'on ne s'en sert pas (Télé, ordinateur...);Electricité;VERTS;Verts maternelles;superman;26/03/2025;1;0.15988;0;1;0;0;
T04;Acheter des produits avec moins d'emballages (éviter emballages individuels);Courses;VERTS;Verts maternelles;superman;26/03/2025;1;0.506;0;0;0;34.86;
W03;Préférer les produits réutilisables plutôt que jetables;Courses;VERTS;Verts maternelles;superman;26/03/2025;1;0.004964;12.6;0;0;0;
E08;Acheter des fruits ou légumes de saison;Courses;VERTS;Verts maternelles;superman;26/03/2025;1;0.000173;0;0;0;0;
E08;Ramasser les papiers et les déchets par terre pour les mettre à la poubelle;Déchets;VERTS;Verts maternelles;superman;26/03/2025;1;0.000173;0;0;0;0.1;
D11;Ne pas prendre sa voiture si c'est possble : préférer la marche et le vélo (pour les petits trajets), le covoiturage…;Transport;VERTS;Verts maternelles;belle;26/03/2025;1;0.38;0;0.67;0;0;
D06;Réduire son temps devant les écrans (Télé, ordinateurs, tablette, jeux vidéos...);Electricité;VERTS;Verts maternelles;belle;26/03/2025;1;0.017374;0;0.183462;0;0;
C01;Eteindre les lumières quand on quitte une pièce ou si il fait jour dehors;Electricité;VERTS;Verts maternelles;belle;26/03/2025;1;13.7935;0;0;0;0;
D10;Couper l’eau quand on se savonne les mains;Eau;VERTS;Verts maternelles;belle;26/03/2025;1;0.54243;0;0.21;12.6;0;
D09;Eviter de prendre des bains (préférer la douche rapide);Eau;VERTS;Verts maternelles;belle;26/03/2025;1;0.0623;0;1.75;357;0;
T06;Ne pas tuer les petites bêtes et les remettre dehors (c'est la nourriture de oiseaux);Biodiversité;VERTS;Verts maternelles;belle;26/03/2025;1;1.518;0;0;0;0;
D06;Acheter d’occasion plutôt que neuf;Courses;VERTS;Verts maternelles;belle;26/03/2025;1;0.017374;0;0.183462;0;0.134615385;
E01;Acheter juste ce dont on a besoin;Courses;VERTS;Verts maternelles;belle;26/03/2025;1;0.027408;0;0;0;0.134615385;
E03;Acheter des produits recyclables et utiliser les bacs de tri;Déchets;VERTS;Verts maternelles;belle;26/03/2025;1;0.15988;0;0;0;0;
D02;Tout manger ce qu'il y a dans nos assiettes (cantine, maison);Déchets;VERTS;Verts maternelles;belle;26/03/2025;1;2.453511;0;1.390385;0;1.390384615;
W04;Fermer ses volets quand il fait froid et nuit;Electricité;VERTS;Verts maternelles;panthere;23/03/2025;1;0.006501;16.5;0;0;0;
E04;Eteindre les appareils électriques lorsqu'on ne s'en sert pas (Télé, ordinateur...);Electricité;VERTS;Verts maternelles;panthere;23/03/2025;1;0.15988;0;1;0;0;
D10;Couper l’eau quand on se savonne les mains;Eau;VERTS;Verts maternelles;panthere;23/03/2025;1;0.54243;0;0.21;12.6;0;
D09;Eviter de prendre des bains (préférer la douche rapide);Eau;VERTS;Verts maternelles;panthere;23/03/2025;1;0.0623;0;1.75;357;0;
T06;Ne pas tuer les petites bêtes et les remettre dehors (c'est la nourriture de oiseaux);Biodiversité;VERTS;Verts maternelles;panthere;23/03/2025;1;1.518;0;0;0;0;
W03;Préférer les produits réutilisables plutôt que jetables;Courses;VERTS;Verts maternelles;panthere;23/03/2025;1;0.004964;12.6;0;0;0;
E08;Acheter des fruits ou légumes de saison;Courses;VERTS;Verts maternelles;panthere;23/03/2025;1;0.000173;0;0;0;0;
E08;Ramasser les papiers et les déchets par terre pour les mettre à la poubelle;Déchets;VERTS;Verts maternelles;panthere;23/03/2025;1;0.000173;0;0;0;0.1;
D09;Eviter de prendre des bains (préférer la douche rapide);Eau;VERTS;Verts maternelles;superman;26/03/2025;1;0.0623;0;1.75;357;0;
W02;Ne pas gaspiller l'eau de son verre;Eau;VERTS;Verts maternelles;superman;26/03/2025;1;0.05;28;0;35;0;
D05;Récupérer l'eau de pluie pour arroser;Eau;VERTS;Verts maternelles;superman;26/03/2025;1;0.000239;0;0.134615;35;0;
D06;Réduire son temps devant les écrans (Télé, ordinateurs, tablette, jeux vidéos...);Electricité;VERTS;Verts maternelles;superman;26/03/2025;1;0.017374;0;0.183462;0;0;
T06;Ne pas tuer les petites bêtes et les remettre dehors (c'est la nourriture de oiseaux);Biodiversité;VERTS;Verts maternelles;superman;26/03/2025;1;1.518;0;0;0;0;
D06;Acheter d’occasion plutôt que neuf;Courses;VERTS;Verts maternelles;superman;26/03/2025;1;0.017374;0;0.183462;0;0.134615385;
E01;Acheter juste ce dont on a besoin;Courses;VERTS;Verts maternelles;superman;26/03/2025;1;0.027408;0;0;0;0.134615385;
E03;Acheter des produits recyclables et utiliser les bacs de tri;Déchets;VERTS;Verts maternelles;superman;26/03/2025;1;0.15988;0;0;0;0;
D02;Tout manger ce qu'il y a dans nos assiettes (cantine, maison);Déchets;VERTS;Verts maternelles;superman;26/03/2025;1;2.453511;0;1.390385;0;1.390384615;
W04;Fermer ses volets quand il fait froid et nuit;Electricité;VERTS;Verts maternelles;belle;26/03/2025;1;0.006501;16.5;0;0;0;
E04;Eteindre les appareils électriques lorsqu'on ne s'en sert pas (Télé, ordinateur...);Electricité;VERTS;Verts maternelles;belle;26/03/2025;1;0.15988;0;1;0;0;
D05;Récupérer l'eau de pluie pour arroser;Eau;VERTS;Verts maternelles;belle;26/03/2025;1;0.000239;0;0.134615;35;0;
W02;Ne pas gaspiller l'eau de son verre;Eau;VERTS;Verts maternelles;belle;26/03/2025;1;0.05;28;0;35;0;
E08;Fermer le robinet quand on se brosse les dents;Eau;VERTS;Verts maternelles;belle;26/03/2025;1;0.000173;0;0;28;0;
T04;Acheter des produits avec moins d'emballages (éviter emballages individuels);Courses;VERTS;Verts maternelles;belle;26/03/2025;1;0.506;0;0;0;34.86;
W03;Préférer les produits réutilisables plutôt que jetables;Courses;VERTS;Verts maternelles;belle;26/03/2025;1;0.004964;12.6;0;0;0;
E08;Acheter des fruits ou légumes de saison;Courses;VERTS;Verts maternelles;belle;26/03/2025;1;0.000173;0;0;0;0;
E08;Ramasser les papiers et les déchets par terre pour les mettre à la poubelle;Déchets;VERTS;Verts maternelles;belle;26/03/2025;1;0.000173;0;0;0;0.1;
W04;Fermer ses volets quand il fait froid et nuit;Electricité;VERTS;Verts maternelles;batman;27/03/2025;1;0.006501;16.5;0;0;0;
E04;Eteindre les appareils électriques lorsqu'on ne s'en sert pas (Télé, ordinateur...);Electricité;VERTS;Verts maternelles;batman;27/03/2025;1;0.15988;0;1;0;0;
D10;Couper l’eau quand on se savonne les mains;Eau;VERTS;Verts maternelles;batman;27/03/2025;1;0.54243;0;0.21;12.6;0;
D09;Eviter de prendre des bains (préférer la douche rapide);Eau;VERTS;Verts maternelles;batman;27/03/2025;1;0.0623;0;1.75;357;0;
T06;Ne pas tuer les petites bêtes et les remettre dehors (c'est la nourriture de oiseaux);Biodiversité;VERTS;Verts maternelles;batman;27/03/2025;1;1.518;0;0;0;0;
D06;Acheter d’occasion plutôt que neuf;Courses;VERTS;Verts maternelles;batman;27/03/2025;1;0.017374;0;0.183462;0;0.134615385;
E01;Acheter juste ce dont on a besoin;Courses;VERTS;Verts maternelles;batman;27/03/2025;1;0.027408;0;0;0;0.134615385;
E03;Acheter des produits recyclables et utiliser les bacs de tri;Déchets;VERTS;Verts maternelles;batman;27/03/2025;1;0.15988;0;0;0;0;
D02;Tout manger ce qu'il y a dans nos assiettes (cantine, maison);Déchets;VERTS;Verts maternelles;batman;27/03/2025;1;2.453511;0;1.390385;0;1.390384615;
E08;Ramasser les papiers et les déchets par terre pour les mettre à la poubelle;Déchets;VERTS;Verts maternelles;dragon;27/03/2025;1;0.000173;0;0;0;0.1;
D11;Ne pas prendre sa voiture si c'est possble : préférer la marche et le vélo (pour les petits trajets), le covoiturage…;Transport;VERTS;Verts maternelles;dragon;27/03/2025;1;0.38;0;0.67;0;0;
D06;Réduire son temps devant les écrans (Télé, ordinateurs, tablette, jeux vidéos...);Electricité;VERTS;Verts maternelles;dragon;27/03/2025;1;0.017374;0;0.183462;0;0;
C01;Eteindre les lumières quand on quitte une pièce ou si il fait jour dehors;Electricité;VERTS;Verts maternelles;dragon;27/03/2025;1;13.7935;0;0;0;0;
D10;Couper l’eau quand on se savonne les mains;Eau;VERTS;Verts maternelles;dragon;27/03/2025;1;0.54243;0;0.21;12.6;0;
D09;Eviter de prendre des bains (préférer la douche rapide);Eau;VERTS;Verts maternelles;dragon;27/03/2025;1;0.0623;0;1.75;357;0;
T06;Ne pas tuer les petites bêtes et les remettre dehors (c'est la nourriture de oiseaux);Biodiversité;VERTS;Verts maternelles;dragon;27/03/2025;1;1.518;0;0;0;0;
D06;Acheter d’occasion plutôt que neuf;Courses;VERTS;Verts maternelles;dragon;27/03/2025;1;0.017374;0;0.183462;0;0.134615385;
E01;Acheter juste ce dont on a besoin;Courses;VERTS;Verts maternelles;dragon;27/03/2025;1;0.027408;0;0;0;0.134615385;
D11;Ne pas prendre sa voiture si c'est possble : préférer la marche et le vélo (pour les petits trajets), le covoiturage…;Transport;VERTS;Verts maternelles;batman;27/03/2025;1;0.38;0;0.67;0;0;
D06;Réduire son temps devant les écrans (Télé, ordinateurs, tablette, jeux vidéos...);Electricité;VERTS;Verts maternelles;batman;27/03/2025;1;0.017374;0;0.183462;0;0;
C01;Eteindre les lumières quand on quitte une pièce ou si il fait jour dehors;Electricité;VERTS;Verts maternelles;batman;27/03/2025;1;13.7935;0;0;0;0;
W02;Ne pas gaspiller l'eau de son verre;Eau;VERTS;Verts maternelles;batman;27/03/2025;1;0.05;28;0;35;0;
E08;Fermer le robinet quand on se brosse les dents;Eau;VERTS;Verts maternelles;batman;27/03/2025;1;0.000173;0;0;28;0;
T04;Acheter des produits avec moins d'emballages (éviter emballages individuels);Courses;VERTS;Verts maternelles;batman;27/03/2025;1;0.506;0;0;0;34.86;
W03;Préférer les produits réutilisables plutôt que jetables;Courses;VERTS;Verts maternelles;batman;27/03/2025;1;0.004964;12.6;0;0;0;
E08;Acheter des fruits ou légumes de saison;Courses;VERTS;Verts maternelles;batman;27/03/2025;1;0.000173;0;0;0;0;
E08;Ramasser les papiers et les déchets par terre pour les mettre à la poubelle;Déchets;VERTS;Verts maternelles;batman;27/03/2025;1;0.000173;0;0;0;0.1;
E03;Acheter des produits recyclables et utiliser les bacs de tri;Déchets;VERTS;Verts maternelles;dragon;27/03/2025;1;0.15988;0;0;0;0;
D02;Tout manger ce qu'il y a dans nos assiettes (cantine, maison);Déchets;VERTS;Verts maternelles;dragon;27/03/2025;1;2.453511;0;1.390385;0;1.390384615;
W04;Fermer ses volets quand il fait froid et nuit;Electricité;VERTS;Verts maternelles;dragon;27/03/2025;1;0.006501;16.5;0;0;0;
D05;Récupérer l'eau de pluie pour arroser;Eau;VERTS;Verts maternelles;dragon;27/03/2025;1;0.000239;0;0.134615;35;0;
W02;Ne pas gaspiller l'eau de son verre;Eau;VERTS;Verts maternelles;dragon;27/03/2025;1;0.05;28;0;35;0;
E08;Fermer le robinet quand on se brosse les dents;Eau;VERTS;Verts maternelles;dragon;27/03/2025;1;0.000173;0;0;28;0;
T04;Acheter des produits avec moins d'emballages (éviter emballages individuels);Courses;VERTS;Verts maternelles;dragon;27/03/2025;1;0.506;0;0;0;34.86;
W03;Préférer les produits réutilisables plutôt que jetables;Courses;VERTS;Verts maternelles;dragon;27/03/2025;1;0.004964;12.6;0;0;0;
E08;Acheter des fruits ou légumes de saison;Courses;VERTS;Verts maternelles;dragon;27/03/2025;1;0.000173;0;0;0;0;
W04;Fermer ses volets quand il fait froid et nuit;Electricité;VERTS;Verts maternelles;mario;28/03/2025;1;0.006501;16.5;0;0;0;
E04;Eteindre les appareils électriques lorsqu'on ne s'en sert pas (Télé, ordinateur...);Electricité;VERTS;Verts maternelles;mario;28/03/2025;1;0.15988;0;1;0;0;
D05;Récupérer l'eau de pluie pour arroser;Eau;VERTS;Verts maternelles;mario;28/03/2025;1;0.000239;0;0.134615;35;0;
W02;Ne pas gaspiller l'eau de son verre;Eau;VERTS;Verts maternelles;mario;28/03/2025;1;0.05;28;0;35;0;
D09;Eviter de prendre des bains (préférer la douche rapide);Eau;VERTS;Verts maternelles;mario;28/03/2025;1;0.0623;0;1.75;357;0;
E03;Acheter des produits recyclables et utiliser les bacs de tri;Déchets;VERTS;Verts maternelles;mario;28/03/2025;1;0.15988;0;0;0;0;
D06;Réduire son temps devant les écrans (Télé, ordinateurs, tablette, jeux vidéos...);Electricité;VERTS;Verts maternelles;heros;28/03/2025;1;0.017374;0;0.183462;0;0;
W04;Fermer ses volets quand il fait froid et nuit;Electricité;VERTS;Verts maternelles;heros;28/03/2025;1;0.006501;16.5;0;0;0;
W02;Ne pas gaspiller l'eau de son verre;Eau;VERTS;Verts maternelles;vaiana;22/03/2025;1;0.05;28;0;35;0;
E08;Fermer le robinet quand on se brosse les dents;Eau;VERTS;Verts maternelles;vaiana;22/03/2025;1;0.000173;0;0;28;0;
T04;Acheter des produits avec moins d'emballages (éviter emballages individuels);Courses;VERTS;Verts maternelles;vaiana;22/03/2025;1;0.506;0;0;0;34.86;
W03;Préférer les produits réutilisables plutôt que jetables;Courses;VERTS;Verts maternelles;vaiana;22/03/2025;1;0.004964;12.6;0;0;0;
E08;Acheter des fruits ou légumes de saison;Courses;VERTS;Verts maternelles;vaiana;22/03/2025;1;0.000173;0;0;0;0;
E08;Ramasser les papiers et les déchets par terre pour les mettre à la poubelle;Déchets;VERTS;Verts maternelles;vaiana;22/03/2025;1;0.000173;0;0;0;0.1;
D11;Ne pas prendre sa voiture si c'est possble : préférer la marche et le vélo (pour les petits trajets), le covoiturage…;Transport;VERTS;Verts maternelles;mario;28/03/2025;1;0.38;0;0.67;0;0;
D06;Réduire son temps devant les écrans (Télé, ordinateurs, tablette, jeux vidéos...);Electricité;VERTS;Verts maternelles;mario;28/03/2025;1;0.017374;0;0.183462;0;0;
C01;Eteindre les lumières quand on quitte une pièce ou si il fait jour dehors;Electricité;VERTS;Verts maternelles;mario;28/03/2025;1;13.7935;0;0;0;0;
D10;Couper l’eau quand on se savonne les mains;Eau;VERTS;Verts maternelles;mario;28/03/2025;1;0.54243;0;0.21;12.6;0;
E08;Fermer le robinet quand on se brosse les dents;Eau;VERTS;Verts maternelles;mario;28/03/2025;1;0.000173;0;0;28;0;
T06;Ne pas tuer les petites bêtes et les remettre dehors (c'est la nourriture de oiseaux);Biodiversité;VERTS;Verts maternelles;mario;28/03/2025;1;1.518;0;0;0;0;
E08;Ramasser les papiers et les déchets par terre pour les mettre à la poubelle;Déchets;VERTS;Verts maternelles;mario;28/03/2025;1;0.000173;0;0;0;0.1;
D02;Tout manger ce qu'il y a dans nos assiettes (cantine, maison);Déchets;VERTS;Verts maternelles;mario;28/03/2025;1;2.453511;0;1.390385;0;1.390384615;
D11;Ne pas prendre sa voiture si c'est possble : préférer la marche et le vélo (pour les petits trajets), le covoiturage…;Transport;VERTS;Verts maternelles;heros;28/03/2025;1;0.38;0;0.67;0;0;
E04;Eteindre les appareils électriques lorsqu'on ne s'en sert pas (Télé, ordinateur...);Electricité;VERTS;Verts maternelles;heros;28/03/2025;1;0.15988;0;1;0;0;
D05;Récupérer l'eau de pluie pour arroser;Eau;VERTS;Verts maternelles;heros;28/03/2025;1;0.000239;0;0.134615;35;0;
W02;Ne pas gaspiller l'eau de son verre;Eau;VERTS;Verts maternelles;heros;28/03/2025;1;0.05;28;0;35;0;
D06;Acheter d’occasion plutôt que neuf;Courses;VERTS;Verts maternelles;heros;28/03/2025;1;0.017374;0;0.183462;0;0.134615385;
E03;Acheter des produits recyclables et utiliser les bacs de tri;Déchets;VERTS;Verts maternelles;heros;28/03/2025;1;0.15988;0;0;0;0;
D02;Tout manger ce qu'il y a dans nos assiettes (cantine, maison);Déchets;VERTS;Verts maternelles;heros;28/03/2025;1;2.453511;0;1.390385;0;1.390384615;
E01;Acheter juste ce dont on a besoin;Courses;VERTS;Verts maternelles;heros;28/03/2025;1;0.027408;0;0;0;0.134615385;
D09;Eviter de prendre des bains (préférer la douche rapide);Eau;VERTS;Verts maternelles;heros;28/03/2025;1;0.0623;0;1.75;357;0;
D11;Ne pas prendre sa voiture si c'est possble : préférer la marche et le vélo (pour les petits trajets), le covoiturage…;Transport;VERTS;Verts maternelles;rebelle;28/03/2025;1;0.38;0;0.67;0;0;
D06;Réduire son temps devant les écrans (Télé, ordinateurs, tablette, jeux vidéos...);Electricité;VERTS;Verts maternelles;rebelle;28/03/2025;1;0.017374;0;0.183462;0;0;
C01;Eteindre les lumières quand on quitte une pièce ou si il fait jour dehors;Electricité;VERTS;Verts maternelles;rebelle;28/03/2025;1;13.7935;0;0;0;0;
W02;Ne pas gaspiller l'eau de son verre;Eau;VERTS;Verts maternelles;rebelle;28/03/2025;1;0.05;28;0;35;0;
E08;Fermer le robinet quand on se brosse les dents;Eau;VERTS;Verts maternelles;rebelle;28/03/2025;1;0.000173;0;0;28;0;
T04;Acheter des produits avec moins d'emballages (éviter emballages individuels);Courses;VERTS;Verts maternelles;rebelle;28/03/2025;1;0.506;0;0;0;34.86;
W03;Préférer les produits réutilisables plutôt que jetables;Courses;VERTS;Verts maternelles;rebelle;28/03/2025;1;0.004964;12.6;0;0;0;
E08;Acheter des fruits ou légumes de saison;Courses;VERTS;Verts maternelles;rebelle;28/03/2025;1;0.000173;0;0;0;0;
E08;Ramasser les papiers et les déchets par terre pour les mettre à la poubelle;Déchets;VERTS;Verts maternelles;rebelle;28/03/2025;1;0.000173;0;0;0;0.1;
E03;Acheter des produits recyclables et utiliser les bacs de tri;Déchets;VERTS;Verts maternelles;patpatrouille;04/05/2025;1;0.15988;0;0;0;0;
E08;Ramasser les papiers et les déchets par terre pour les mettre à la poubelle;Déchets;VERTS;Verts maternelles;patpatrouille;04/05/2025;1;0.000173;0;0;0;0.1;
D02;Tout manger ce qu'il y a dans nos assiettes (cantine, maison);Déchets;VERTS;Verts maternelles;patpatrouille;04/05/2025;1;2.453511;0;1.390385;0;1.390384615;
D11;Ne pas prendre sa voiture si c'est possble : préférer la marche et le vélo (pour les petits trajets), le covoiturage…;Transport;VERTS;Verts maternelles;patpatrouille;04/05/2025;1;0.38;0;0.67;0;0;
W04;Fermer ses volets quand il fait froid et nuit;Electricité;VERTS;Verts maternelles;patpatrouille;04/05/2025;1;0.006501;16.5;0;0;0;
D06;Réduire son temps devant les écrans (Télé, ordinateurs, tablette, jeux vidéos...);Electricité;VERTS;Verts maternelles;patpatrouille;04/05/2025;1;0.017374;0;0.183462;0;0;
E04;Eteindre les appareils électriques lorsqu'on ne s'en sert pas (Télé, ordinateur...);Electricité;VERTS;Verts maternelles;patpatrouille;04/05/2025;1;0.15988;0;1;0;0;
C01;Eteindre les lumières quand on quitte une pièce ou si il fait jour dehors;Electricité;VERTS;Verts maternelles;patpatrouille;04/05/2025;1;13.7935;0;0;0;0;
D05;Récupérer l'eau de pluie pour arroser;Eau;VERTS;Verts maternelles;patpatrouille;04/05/2025;1;0.000239;0;0.134615;35;0;
D10;Couper l’eau quand on se savonne les mains;Eau;VERTS;Verts maternelles;patpatrouille;04/05/2025;1;0.54243;0;0.21;12.6;0;
W02;Ne pas gaspiller l'eau de son verre;Eau;VERTS;Verts maternelles;patpatrouille;04/05/2025;1;0.05;28;0;35;0;
D09;Eviter de prendre des bains (préférer la douche rapide);Eau;VERTS;Verts maternelles;patpatrouille;04/05/2025;1;0.0623;0;1.75;357;0;
E08;Fermer le robinet quand on se brosse les dents;Eau;VERTS;Verts maternelles;patpatrouille;04/05/2025;1;0.000173;0;0;28;0;
T06;Ne pas tuer les petites bêtes et les remettre dehors (c'est la nourriture de oiseaux);Biodiversité;VERTS;Verts maternelles;patpatrouille;04/05/2025;1;1.518;0;0;0;0;
T04;Acheter des produits avec moins d'emballages (éviter emballages individuels);Courses;VERTS;Verts maternelles;patpatrouille;04/05/2025;1;0.506;0;0;0;34.86;
D06;Acheter d’occasion plutôt que neuf;Courses;VERTS;Verts maternelles;patpatrouille;04/05/2025;1;0.017374;0;0.183462;0;0.134615385;
W03;Préférer les produits réutilisables plutôt que jetables;Courses;VERTS;Verts maternelles;patpatrouille;04/05/2025;1;0.004964;12.6;0;0;0;
E01;Acheter juste ce dont on a besoin;Courses;VERTS;Verts maternelles;patpatrouille;04/05/2025;1;0.027408;0;0;0;0.134615385;
E08;Acheter des fruits ou légumes de saison;Courses;VERTS;Verts maternelles;patpatrouille;04/05/2025;1;0.000173;0;0;0;0;
E03;Acheter des produits recyclables et utiliser les bacs de tri;Déchets;VERTS;Verts maternelles;belle;08/05/2025;1;0.15988;0;0;0;0;
E08;Ramasser les papiers et les déchets par terre pour les mettre à la poubelle;Déchets;VERTS;Verts maternelles;belle;08/05/2025;1;0.000173;0;0;0;0.1;
D02;Tout manger ce qu'il y a dans nos assiettes (cantine, maison);Déchets;VERTS;Verts maternelles;belle;08/05/2025;1;2.453511;0;1.390385;0;1.390384615;
D11;Ne pas prendre sa voiture si c'est possble : préférer la marche et le vélo (pour les petits trajets), le covoiturage…;Transport;VERTS;Verts maternelles;belle;08/05/2025;1;0.38;0;0.67;0;0;
W04;Fermer ses volets quand il fait froid et nuit;Electricité;VERTS;Verts maternelles;belle;08/05/2025;1;0.006501;16.5;0;0;0;
D06;Réduire son temps devant les écrans (Télé, ordinateurs, tablette, jeux vidéos...);Electricité;VERTS;Verts maternelles;belle;08/05/2025;1;0.017374;0;0.183462;0;0;
E04;Eteindre les appareils électriques lorsqu'on ne s'en sert pas (Télé, ordinateur...);Electricité;VERTS;Verts maternelles;belle;08/05/2025;1;0.15988;0;1;0;0;
C01;Eteindre les lumières quand on quitte une pièce ou si il fait jour dehors;Electricité;VERTS;Verts maternelles;belle;08/05/2025;1;13.7935;0;0;0;0;
D05;Récupérer l'eau de pluie pour arroser;Eau;VERTS;Verts maternelles;belle;08/05/2025;1;0.000239;0;0.134615;35;0;
D10;Couper l’eau quand on se savonne les mains;Eau;VERTS;Verts maternelles;belle;08/05/2025;1;0.54243;0;0.21;12.6;0;
W02;Ne pas gaspiller l'eau de son verre;Eau;VERTS;Verts maternelles;belle;08/05/2025;1;0.05;28;0;35;0;
D09;Eviter de prendre des bains (préférer la douche rapide);Eau;VERTS;Verts maternelles;belle;08/05/2025;1;0.0623;0;1.75;357;0;
E08;Fermer le robinet quand on se brosse les dents;Eau;VERTS;Verts maternelles;belle;08/05/2025;1;0.000173;0;0;28;0;
T06;Ne pas tuer les petites bêtes et les remettre dehors (c'est la nourriture de oiseaux);Biodiversité;VERTS;Verts maternelles;belle;08/05/2025;1;1.518;0;0;0;0;
T04;Acheter des produits avec moins d'emballages (éviter emballages individuels);Courses;VERTS;Verts maternelles;belle;08/05/2025;1;0.506;0;0;0;34.86;
D06;Acheter d’occasion plutôt que neuf;Courses;VERTS;Verts maternelles;belle;08/05/2025;1;0.017374;0;0.183462;0;0.134615385;
W03;Préférer les produits réutilisables plutôt que jetables;Courses;VERTS;Verts maternelles;belle;08/05/2025;1;0.004964;12.6;0;0;0;
E01;Acheter juste ce dont on a besoin;Courses;VERTS;Verts maternelles;belle;08/05/2025;1;0.027408;0;0;0;0.134615385;
E08;Acheter des fruits ou légumes de saison;Courses;VERTS;Verts maternelles;belle;08/05/2025;1;0.000173;0;0;0;0;
W04;Fermer ses volets quand il fait froid et nuit;Electricité;VERTS;Verts maternelles;dragon;08/05/2025;1;0.006501;16.5;0;0;0;
D06;Réduire son temps devant les écrans (Télé, ordinateurs, tablette, jeux vidéos...);Electricité;VERTS;Verts maternelles;dragon;08/05/2025;1;0.017374;0;0.183462;0;0;
E04;Eteindre les appareils électriques lorsqu'on ne s'en sert pas (Télé, ordinateur...);Electricité;VERTS;Verts maternelles;dragon;08/05/2025;1;0.15988;0;1;0;0;
C01;Eteindre les lumières quand on quitte une pièce ou si il fait jour dehors;Electricité;VERTS;Verts maternelles;dragon;08/05/2025;1;13.7935;0;0;0;0;
D05;Récupérer l'eau de pluie pour arroser;Eau;VERTS;Verts maternelles;dragon;08/05/2025;1;0.000239;0;0.134615;35;0;
D10;Couper l’eau quand on se savonne les mains;Eau;VERTS;Verts maternelles;dragon;08/05/2025;1;0.54243;0;0.21;12.6;0;
W02;Ne pas gaspiller l'eau de son verre;Eau;VERTS;Verts maternelles;dragon;08/05/2025;1;0.05;28;0;35;0;
D09;Eviter de prendre des bains (préférer la douche rapide);Eau;VERTS;Verts maternelles;dragon;08/05/2025;1;0.0623;0;1.75;357;0;
E08;Fermer le robinet quand on se brosse les dents;Eau;VERTS;Verts maternelles;dragon;08/05/2025;1;0.000173;0;0;28;0;
T06;Ne pas tuer les petites bêtes et les remettre dehors (c'est la nourriture de oiseaux);Biodiversité;VERTS;Verts maternelles;dragon;08/05/2025;1;1.518;0;0;0;0;
T04;Acheter des produits avec moins d'emballages (éviter emballages individuels);Courses;VERTS;Verts maternelles;dragon;08/05/2025;1;0.506;0;0;0;34.86;
D06;Acheter d’occasion plutôt que neuf;Courses;VERTS;Verts maternelles;dragon;08/05/2025;1;0.017374;0;0.183462;0;0.134615385;
W03;Préférer les produits réutilisables plutôt que jetables;Courses;VERTS;Verts maternelles;dragon;08/05/2025;1;0.004964;12.6;0;0;0;
E08;Acheter des fruits ou légumes de saison;Courses;VERTS;Verts maternelles;dragon;08/05/2025;1;0.000173;0;0;0;0;
E01;Acheter juste ce dont on a besoin;Courses;VERTS;Verts maternelles;dragon;08/05/2025;1;0.027408;0;0;0;0.134615385;
E03;Acheter des produits recyclables et utiliser les bacs de tri;Déchets;VERTS;Verts maternelles;dragon;08/05/2025;1;0.15988;0;0;0;0;
E08;Ramasser les papiers et les déchets par terre pour les mettre à la poubelle;Déchets;VERTS;Verts maternelles;dragon;08/05/2025;1;0.000173;0;0;0;0.1;
D02;Tout manger ce qu'il y a dans nos assiettes (cantine, maison);Déchets;VERTS;Verts maternelles;dragon;08/05/2025;1;2.453511;0;1.390385;0;1.390384615;
D11;Ne pas prendre sa voiture si c'est possble : préférer la marche et le vélo (pour les petits trajets), le covoiturage…;Transport;VERTS;Verts maternelles;dragon;08/05/2025;1;0.38;0;0.67;0;0;
E08;Acheter des fruits ou légumes de saison;Courses;VERTS;Verts maternelles;raya;13/05/2025;1;0.000173;0;0;0;0;
E08;Ramasser les papiers et les déchets par terre pour les mettre à la poubelle;Déchets;VERTS;Verts maternelles;raya;13/05/2025;1;0.000173;0;0;0;0.1;
T04;Acheter des produits avec moins d'emballages (éviter emballages individuels);Courses;VERTS;Verts maternelles;patpatrouille;14/05/2025;1;0.506;0;0;0;34.86;
E01;Acheter juste ce dont on a besoin;Courses;VERTS;Verts maternelles;patpatrouille;14/05/2025;1;0.027408;0;0;0;0.134615385;
E08;Acheter des fruits ou légumes de saison;Courses;VERTS;Verts maternelles;patpatrouille;14/05/2025;1;0.000173;0;0;0;0;
E08;Ramasser les papiers et les déchets par terre pour les mettre à la poubelle;Déchets;VERTS;Verts maternelles;patpatrouille;14/05/2025;1;0.000173;0;0;0;0.1;
D11;Ne pas prendre sa voiture si c'est possble : préférer la marche et le vélo (pour les petits trajets), le covoiturage…;Transport;VERTS;Verts maternelles;patpatrouille;14/05/2025;1;0.38;0;0.67;0;0;
D06;Réduire son temps devant les écrans (Télé, ordinateurs, tablette, jeux vidéos...);Electricité;VERTS;Verts maternelles;patpatrouille;14/05/2025;1;0.017374;0;0.183462;0;0;
C01;Eteindre les lumières quand on quitte une pièce ou si il fait jour dehors;Electricité;VERTS;Verts maternelles;patpatrouille;14/05/2025;1;13.7935;0;0;0;0;
D10;Couper l’eau quand on se savonne les mains;Eau;VERTS;Verts maternelles;patpatrouille;14/05/2025;1;0.54243;0;0.21;12.6;0;
D09;Eviter de prendre des bains (préférer la douche rapide);Eau;VERTS;Verts maternelles;patpatrouille;14/05/2025;1;0.0623;0;1.75;357;0;
T06;Ne pas tuer les petites bêtes et les remettre dehors (c'est la nourriture de oiseaux);Biodiversité;VERTS;Verts maternelles;patpatrouille;14/05/2025;1;1.518;0;0;0;0;
T04;Acheter des produits avec moins d'emballages (éviter emballages individuels);Courses;VERTS;Verts maternelles;dragon;15/05/2025;1;0.506;0;0;0;34.86;
E01;Acheter juste ce dont on a besoin;Courses;VERTS;Verts maternelles;dragon;15/05/2025;1;0.027408;0;0;0;0.134615385;
E08;Acheter des fruits ou légumes de saison;Courses;VERTS;Verts maternelles;dragon;15/05/2025;1;0.000173;0;0;0;0;
E08;Ramasser les papiers et les déchets par terre pour les mettre à la poubelle;Déchets;VERTS;Verts maternelles;dragon;15/05/2025;1;0.000173;0;0;0;0.1;
D11;Ne pas prendre sa voiture si c'est possble : préférer la marche et le vélo (pour les petits trajets), le covoiturage…;Transport;VERTS;Verts maternelles;dragon;15/05/2025;1;0.38;0;0.67;0;0;
D06;Réduire son temps devant les écrans (Télé, ordinateurs, tablette, jeux vidéos...);Electricité;VERTS;Verts maternelles;dragon;15/05/2025;1;0.017374;0;0.183462;0;0;
C01;Eteindre les lumières quand on quitte une pièce ou si il fait jour dehors;Electricité;VERTS;Verts maternelles;dragon;15/05/2025;1;13.7935;0;0;0;0;
D10;Couper l’eau quand on se savonne les mains;Eau;VERTS;Verts maternelles;dragon;15/05/2025;1;0.54243;0;0.21;12.6;0;
D09;Eviter de prendre des bains (préférer la douche rapide);Eau;VERTS;Verts maternelles;dragon;15/05/2025;1;0.0623;0;1.75;357;0;
T06;Ne pas tuer les petites bêtes et les remettre dehors (c'est la nourriture de oiseaux);Biodiversité;VERTS;Verts maternelles;dragon;15/05/2025;1;1.518;0;0;0;0;
D10;Couper l’eau quand on se savonne les mains;Eau;VERTS;Verts maternelles;dragon;22/05/2025;1;0.54243;0;0.21;12.6;0;
D09;Eviter de prendre des bains (préférer la douche rapide);Eau;VERTS;Verts maternelles;dragon;22/05/2025;1;0.0623;0;1.75;357;0;
T06;Ne pas tuer les petites bêtes et les remettre dehors (c'est la nourriture de oiseaux);Biodiversité;VERTS;Verts maternelles;dragon;22/05/2025;1;1.518;0;0;0;0;
D06;Acheter d’occasion plutôt que neuf;Courses;VERTS;Verts maternelles;dragon;22/05/2025;1;0.017374;0;0.183462;0;0.134615385;
E01;Acheter juste ce dont on a besoin;Courses;VERTS;Verts maternelles;dragon;22/05/2025;1;0.027408;0;0;0;0.134615385;
E03;Acheter des produits recyclables et utiliser les bacs de tri;Déchets;VERTS;Verts maternelles;dragon;22/05/2025;1;0.15988;0;0;0;0;
D02;Tout manger ce qu'il y a dans nos assiettes (cantine, maison);Déchets;VERTS;Verts maternelles;dragon;22/05/2025;1;2.453511;0;1.390385;0;1.390384615;
W04;Fermer ses volets quand il fait froid et nuit;Electricité;VERTS;Verts maternelles;dragon;22/05/2025;1;0.006501;16.5;0;0;0;
E04;Eteindre les appareils électriques lorsqu'on ne s'en sert pas (Télé, ordinateur...);Electricité;VERTS;Verts maternelles;dragon;22/05/2025;1;0.15988;0;1;0;0;
D11;Ne pas prendre sa voiture si c'est possble : préférer la marche et le vélo (pour les petits trajets), le covoiturage…;Transport;VERTS;Verts maternelles;raya;22/05/2025;1;0.38;0;0.67;0;0;
D11;Ne pas prendre sa voiture si c'est possble : préférer la marche et le vélo (pour les petits trajets), le covoiturage…;Transport;VERTS;Verts maternelles;belle;22/05/2025;1;0.38;0;0.67;0;0;
D06;Réduire son temps devant les écrans (Télé, ordinateurs, tablette, jeux vidéos...);Electricité;VERTS;Verts maternelles;belle;22/05/2025;1;0.017374;0;0.183462;0;0;
D05;Récupérer l'eau de pluie pour arroser;Eau;VERTS;Verts maternelles;belle;22/05/2025;1;0.000239;0;0.134615;35;0;
W02;Ne pas gaspiller l'eau de son verre;Eau;VERTS;Verts maternelles;belle;22/05/2025;1;0.05;28;0;35;0;
E08;Fermer le robinet quand on se brosse les dents;Eau;VERTS;Verts maternelles;belle;22/05/2025;1;0.000173;0;0;28;0;
T04;Acheter des produits avec moins d'emballages (éviter emballages individuels);Courses;VERTS;Verts maternelles;belle;22/05/2025;1;0.506;0;0;0;34.86;
W03;Préférer les produits réutilisables plutôt que jetables;Courses;VERTS;Verts maternelles;belle;22/05/2025;1;0.004964;12.6;0;0;0;
E08;Acheter des fruits ou légumes de saison;Courses;VERTS;Verts maternelles;belle;22/05/2025;1;0.000173;0;0;0;0;
E08;Ramasser les papiers et les déchets par terre pour les mettre à la poubelle;Déchets;VERTS;Verts maternelles;belle;22/05/2025;1;0.000173;0;0;0;0.1;
D11;Ne pas prendre sa voiture si c'est possble : préférer la marche et le vélo (pour les petits trajets), le covoiturage…;Transport;VERTS;Verts maternelles;panthere;24/05/2025;1;0.38;0;0.67;0;0;
D06;Réduire son temps devant les écrans (Télé, ordinateurs, tablette, jeux vidéos...);Electricité;VERTS;Verts maternelles;panthere;24/05/2025;1;0.017374;0;0.183462;0;0;
C01;Eteindre les lumières quand on quitte une pièce ou si il fait jour dehors;Electricité;VERTS;Verts maternelles;panthere;24/05/2025;1;13.7935;0;0;0;0;
W02;Ne pas gaspiller l'eau de son verre;Eau;VERTS;Verts maternelles;panthere;24/05/2025;1;0.05;28;0;35;0;
E08;Fermer le robinet quand on se brosse les dents;Eau;VERTS;Verts maternelles;panthere;24/05/2025;1;0.000173;0;0;28;0;
T04;Acheter des produits avec moins d'emballages (éviter emballages individuels);Courses;VERTS;Verts maternelles;panthere;24/05/2025;1;0.506;0;0;0;34.86;
E08;Acheter des fruits ou légumes de saison;Courses;VERTS;Verts maternelles;panthere;24/05/2025;1;0.000173;0;0;0;0;
E08;Ramasser les papiers et les déchets par terre pour les mettre à la poubelle;Déchets;VERTS;Verts maternelles;panthere;24/05/2025;1;0.000173;0;0;0;0.1;
T04;Acheter des produits avec moins d'emballages (éviter emballages individuels);Courses;VERTS;Verts maternelles;patpatrouille;24/05/2025;1;0.506;0;0;0;34.86;
W03;Préférer les produits réutilisables plutôt que jetables;Courses;VERTS;Verts maternelles;patpatrouille;24/05/2025;1;0.004964;12.6;0;0;0;
E08;Acheter des fruits ou légumes de saison;Courses;VERTS;Verts maternelles;patpatrouille;24/05/2025;1;0.000173;0;0;0;0;
E08;Ramasser les papiers et les déchets par terre pour les mettre à la poubelle;Déchets;VERTS;Verts maternelles;patpatrouille;24/05/2025;1;0.000173;0;0;0;0.1;
D11;Ne pas prendre sa voiture si c'est possble : préférer la marche et le vélo (pour les petits trajets), le covoiturage…;Transport;VERTS;Verts maternelles;patpatrouille;24/05/2025;1;0.38;0;0.67;0;0;
D06;Réduire son temps devant les écrans (Télé, ordinateurs, tablette, jeux vidéos...);Electricité;VERTS;Verts maternelles;patpatrouille;24/05/2025;1;0.017374;0;0.183462;0;0;
C01;Eteindre les lumières quand on quitte une pièce ou si il fait jour dehors;Electricité;VERTS;Verts maternelles;patpatrouille;24/05/2025;1;13.7935;0;0;0;0;
D10;Couper l’eau quand on se savonne les mains;Eau;VERTS;Verts maternelles;patpatrouille;24/05/2025;1;0.54243;0;0.21;12.6;0;
D09;Eviter de prendre des bains (préférer la douche rapide);Eau;VERTS;Verts maternelles;patpatrouille;24/05/2025;1;0.0623;0;1.75;357;0;
E03;Acheter des produits recyclables et utiliser les bacs de tri;Déchets;VERTS;Verts maternelles;belle;24/05/2025;1;0.15988;0;0;0;0;
D11;Ne pas prendre sa voiture si c'est possble : préférer la marche et le vélo (pour les petits trajets), le covoiturage…;Transport;VERTS;Verts maternelles;belle;24/05/2025;1;0.38;0;0.67;0;0;
D06;Réduire son temps devant les écrans (Télé, ordinateurs, tablette, jeux vidéos...);Electricité;VERTS;Verts maternelles;belle;24/05/2025;1;0.017374;0;0.183462;0;0;
C01;Eteindre les lumières quand on quitte une pièce ou si il fait jour dehors;Electricité;VERTS;Verts maternelles;belle;24/05/2025;1;13.7935;0;0;0;0;
D10;Couper l’eau quand on se savonne les mains;Eau;VERTS;Verts maternelles;belle;24/05/2025;1;0.54243;0;0.21;12.6;0;
D09;Eviter de prendre des bains (préférer la douche rapide);Eau;VERTS;Verts maternelles;belle;24/05/2025;1;0.0623;0;1.75;357;0;
E03;Acheter des produits recyclables et utiliser les bacs de tri;Déchets;VERTS;Verts maternelles;raya;13/05/2025;1;0.15988;0;0;0;0;
D06;Acheter d’occasion plutôt que neuf;Courses;VERTS;Verts maternelles;patpatrouille;14/05/2025;1;0.017374;0;0.183462;0;0.134615385;
W03;Préférer les produits réutilisables plutôt que jetables;Courses;VERTS;Verts maternelles;patpatrouille;14/05/2025;1;0.004964;12.6;0;0;0;
E03;Acheter des produits recyclables et utiliser les bacs de tri;Déchets;VERTS;Verts maternelles;patpatrouille;14/05/2025;1;0.15988;0;0;0;0;
D02;Tout manger ce qu'il y a dans nos assiettes (cantine, maison);Déchets;VERTS;Verts maternelles;patpatrouille;14/05/2025;1;2.453511;0;1.390385;0;1.390384615;
W04;Fermer ses volets quand il fait froid et nuit;Electricité;VERTS;Verts maternelles;patpatrouille;14/05/2025;1;0.006501;16.5;0;0;0;
E04;Eteindre les appareils électriques lorsqu'on ne s'en sert pas (Télé, ordinateur...);Electricité;VERTS;Verts maternelles;patpatrouille;14/05/2025;1;0.15988;0;1;0;0;
D05;Récupérer l'eau de pluie pour arroser;Eau;VERTS;Verts maternelles;patpatrouille;14/05/2025;1;0.000239;0;0.134615;35;0;
W02;Ne pas gaspiller l'eau de son verre;Eau;VERTS;Verts maternelles;patpatrouille;14/05/2025;1;0.05;28;0;35;0;
E08;Fermer le robinet quand on se brosse les dents;Eau;VERTS;Verts maternelles;patpatrouille;14/05/2025;1;0.000173;0;0;28;0;
D06;Acheter d’occasion plutôt que neuf;Courses;VERTS;Verts maternelles;dragon;15/05/2025;1;0.017374;0;0.183462;0;0.134615385;
W03;Préférer les produits réutilisables plutôt que jetables;Courses;VERTS;Verts maternelles;dragon;15/05/2025;1;0.004964;12.6;0;0;0;
E03;Acheter des produits recyclables et utiliser les bacs de tri;Déchets;VERTS;Verts maternelles;dragon;15/05/2025;1;0.15988;0;0;0;0;
D02;Tout manger ce qu'il y a dans nos assiettes (cantine, maison);Déchets;VERTS;Verts maternelles;dragon;15/05/2025;1;2.453511;0;1.390385;0;1.390384615;
W04;Fermer ses volets quand il fait froid et nuit;Electricité;VERTS;Verts maternelles;dragon;15/05/2025;1;0.006501;16.5;0;0;0;
E04;Eteindre les appareils électriques lorsqu'on ne s'en sert pas (Télé, ordinateur...);Electricité;VERTS;Verts maternelles;dragon;15/05/2025;1;0.15988;0;1;0;0;
D05;Récupérer l'eau de pluie pour arroser;Eau;VERTS;Verts maternelles;dragon;15/05/2025;1;0.000239;0;0.134615;35;0;
W02;Ne pas gaspiller l'eau de son verre;Eau;VERTS;Verts maternelles;dragon;15/05/2025;1;0.05;28;0;35;0;
E08;Fermer le robinet quand on se brosse les dents;Eau;VERTS;Verts maternelles;dragon;15/05/2025;1;0.000173;0;0;28;0;
D05;Récupérer l'eau de pluie pour arroser;Eau;VERTS;Verts maternelles;dragon;22/05/2025;1;0.000239;0;0.134615;35;0;
W02;Ne pas gaspiller l'eau de son verre;Eau;VERTS;Verts maternelles;dragon;22/05/2025;1;0.05;28;0;35;0;
E08;Fermer le robinet quand on se brosse les dents;Eau;VERTS;Verts maternelles;dragon;22/05/2025;1;0.000173;0;0;28;0;
T04;Acheter des produits avec moins d'emballages (éviter emballages individuels);Courses;VERTS;Verts maternelles;dragon;22/05/2025;1;0.506;0;0;0;34.86;
W03;Préférer les produits réutilisables plutôt que jetables;Courses;VERTS;Verts maternelles;dragon;22/05/2025;1;0.004964;12.6;0;0;0;
E08;Acheter des fruits ou légumes de saison;Courses;VERTS;Verts maternelles;dragon;22/05/2025;1;0.000173;0;0;0;0;
E08;Ramasser les papiers et les déchets par terre pour les mettre à la poubelle;Déchets;VERTS;Verts maternelles;dragon;22/05/2025;1;0.000173;0;0;0;0.1;
D11;Ne pas prendre sa voiture si c'est possble : préférer la marche et le vélo (pour les petits trajets), le covoiturage…;Transport;VERTS;Verts maternelles;dragon;22/05/2025;1;0.38;0;0.67;0;0;
D06;Réduire son temps devant les écrans (Télé, ordinateurs, tablette, jeux vidéos...);Electricité;VERTS;Verts maternelles;dragon;22/05/2025;1;0.017374;0;0.183462;0;0;
C01;Eteindre les lumières quand on quitte une pièce ou si il fait jour dehors;Electricité;VERTS;Verts maternelles;dragon;22/05/2025;1;13.7935;0;0;0;0;
W04;Fermer ses volets quand il fait froid et nuit;Electricité;VERTS;Verts maternelles;belle;22/05/2025;1;0.006501;16.5;0;0;0;
E04;Eteindre les appareils électriques lorsqu'on ne s'en sert pas (Télé, ordinateur...);Electricité;VERTS;Verts maternelles;belle;22/05/2025;1;0.15988;0;1;0;0;
C01;Eteindre les lumières quand on quitte une pièce ou si il fait jour dehors;Electricité;VERTS;Verts maternelles;belle;22/05/2025;1;13.7935;0;0;0;0;
D10;Couper l’eau quand on se savonne les mains;Eau;VERTS;Verts maternelles;belle;22/05/2025;1;0.54243;0;0.21;12.6;0;
D09;Eviter de prendre des bains (préférer la douche rapide);Eau;VERTS;Verts maternelles;belle;22/05/2025;1;0.0623;0;1.75;357;0;
T06;Ne pas tuer les petites bêtes et les remettre dehors (c'est la nourriture de oiseaux);Biodiversité;VERTS;Verts maternelles;belle;22/05/2025;1;1.518;0;0;0;0;
D06;Acheter d’occasion plutôt que neuf;Courses;VERTS;Verts maternelles;belle;22/05/2025;1;0.017374;0;0.183462;0;0.134615385;
E01;Acheter juste ce dont on a besoin;Courses;VERTS;Verts maternelles;belle;22/05/2025;1;0.027408;0;0;0;0.134615385;
E03;Acheter des produits recyclables et utiliser les bacs de tri;Déchets;VERTS;Verts maternelles;belle;22/05/2025;1;0.15988;0;0;0;0;
D02;Tout manger ce qu'il y a dans nos assiettes (cantine, maison);Déchets;VERTS;Verts maternelles;belle;22/05/2025;1;2.453511;0;1.390385;0;1.390384615;
W04;Fermer ses volets quand il fait froid et nuit;Electricité;VERTS;Verts maternelles;panthere;24/05/2025;1;0.006501;16.5;0;0;0;
E04;Eteindre les appareils électriques lorsqu'on ne s'en sert pas (Télé, ordinateur...);Electricité;VERTS;Verts maternelles;panthere;24/05/2025;1;0.15988;0;1;0;0;
D10;Couper l’eau quand on se savonne les mains;Eau;VERTS;Verts maternelles;panthere;24/05/2025;1;0.54243;0;0.21;12.6;0;
D09;Eviter de prendre des bains (préférer la douche rapide);Eau;VERTS;Verts maternelles;panthere;24/05/2025;1;0.0623;0;1.75;357;0;
T06;Ne pas tuer les petites bêtes et les remettre dehors (c'est la nourriture de oiseaux);Biodiversité;VERTS;Verts maternelles;panthere;24/05/2025;1;1.518;0;0;0;0;
E01;Acheter juste ce dont on a besoin;Courses;VERTS;Verts maternelles;panthere;24/05/2025;1;0.027408;0;0;0;0.134615385;
E03;Acheter des produits recyclables et utiliser les bacs de tri;Déchets;VERTS;Verts maternelles;panthere;24/05/2025;1;0.15988;0;0;0;0;
T06;Ne pas tuer les petites bêtes et les remettre dehors (c'est la nourriture de oiseaux);Biodiversité;VERTS;Verts maternelles;patpatrouille;24/05/2025;1;1.518;0;0;0;0;
D06;Acheter d’occasion plutôt que neuf;Courses;VERTS;Verts maternelles;patpatrouille;24/05/2025;1;0.017374;0;0.183462;0;0.134615385;
E01;Acheter juste ce dont on a besoin;Courses;VERTS;Verts maternelles;patpatrouille;24/05/2025;1;0.027408;0;0;0;0.134615385;
E03;Acheter des produits recyclables et utiliser les bacs de tri;Déchets;VERTS;Verts maternelles;patpatrouille;24/05/2025;1;0.15988;0;0;0;0;
D02;Tout manger ce qu'il y a dans nos assiettes (cantine, maison);Déchets;VERTS;Verts maternelles;patpatrouille;24/05/2025;1;2.453511;0;1.390385;0;1.390384615;
W04;Fermer ses volets quand il fait froid et nuit;Electricité;VERTS;Verts maternelles;patpatrouille;24/05/2025;1;0.006501;16.5;0;0;0;
E04;Eteindre les appareils électriques lorsqu'on ne s'en sert pas (Télé, ordinateur...);Electricité;VERTS;Verts maternelles;patpatrouille;24/05/2025;1;0.15988;0;1;0;0;
D05;Récupérer l'eau de pluie pour arroser;Eau;VERTS;Verts maternelles;patpatrouille;24/05/2025;1;0.000239;0;0.134615;35;0;
W02;Ne pas gaspiller l'eau de son verre;Eau;VERTS;Verts maternelles;patpatrouille;24/05/2025;1;0.05;28;0;35;0;
E08;Fermer le robinet quand on se brosse les dents;Eau;VERTS;Verts maternelles;patpatrouille;24/05/2025;1;0.000173;0;0;28;0;
E08;Ramasser les papiers et les déchets par terre pour les mettre à la poubelle;Déchets;VERTS;Verts maternelles;belle;24/05/2025;1;0.000173;0;0;0;0.1;
W04;Fermer ses volets quand il fait froid et nuit;Electricité;VERTS;Verts maternelles;belle;24/05/2025;1;0.006501;16.5;0;0;0;
E04;Eteindre les appareils électriques lorsqu'on ne s'en sert pas (Télé, ordinateur...);Electricité;VERTS;Verts maternelles;belle;24/05/2025;1;0.15988;0;1;0;0;
D05;Récupérer l'eau de pluie pour arroser;Eau;VERTS;Verts maternelles;belle;24/05/2025;1;0.000239;0;0.134615;35;0;
W02;Ne pas gaspiller l'eau de son verre;Eau;VERTS;Verts maternelles;belle;24/05/2025;1;0.05;28;0;35;0;
D11;Ne pas prendre sa voiture si c'est possble : préférer la marche et le vélo (pour les petits trajets), le covoiturage…;Transport;VERTS;Verts maternelles;belle;11/05/2025;1;0.38;0;0.67;0;0;
W04;Fermer ses volets quand il fait froid et nuit;Electricité;VERTS;Verts maternelles;belle;11/05/2025;1;0.006501;16.5;0;0;0;
D06;Réduire son temps devant les écrans (Télé, ordinateurs, tablette, jeux vidéos...);Electricité;VERTS;Verts maternelles;belle;11/05/2025;1;0.017374;0;0.183462;0;0;
E04;Eteindre les appareils électriques lorsqu'on ne s'en sert pas (Télé, ordinateur...);Electricité;VERTS;Verts maternelles;belle;11/05/2025;1;0.15988;0;1;0;0;
C01;Eteindre les lumières quand on quitte une pièce ou si il fait jour dehors;Electricité;VERTS;Verts maternelles;belle;11/05/2025;1;13.7935;0;0;0;0;
D05;Récupérer l'eau de pluie pour arroser;Eau;VERTS;Verts maternelles;belle;11/05/2025;1;0.000239;0;0.134615;35;0;
D10;Couper l’eau quand on se savonne les mains;Eau;VERTS;Verts maternelles;belle;11/05/2025;1;0.54243;0;0.21;12.6;0;
W02;Ne pas gaspiller l'eau de son verre;Eau;VERTS;Verts maternelles;belle;11/05/2025;1;0.05;28;0;35;0;
D09;Eviter de prendre des bains (préférer la douche rapide);Eau;VERTS;Verts maternelles;belle;11/05/2025;1;0.0623;0;1.75;357;0;
E08;Fermer le robinet quand on se brosse les dents;Eau;VERTS;Verts maternelles;belle;11/05/2025;1;0.000173;0;0;28;0;
T06;Ne pas tuer les petites bêtes et les remettre dehors (c'est la nourriture de oiseaux);Biodiversité;VERTS;Verts maternelles;belle;11/05/2025;1;1.518;0;0;0;0;
T04;Acheter des produits avec moins d'emballages (éviter emballages individuels);Courses;VERTS;Verts maternelles;belle;11/05/2025;1;0.506;0;0;0;34.86;
D06;Acheter d’occasion plutôt que neuf;Courses;VERTS;Verts maternelles;belle;11/05/2025;1;0.017374;0;0.183462;0;0.134615385;
W03;Préférer les produits réutilisables plutôt que jetables;Courses;VERTS;Verts maternelles;belle;11/05/2025;1;0.004964;12.6;0;0;0;
E01;Acheter juste ce dont on a besoin;Courses;VERTS;Verts maternelles;belle;11/05/2025;1;0.027408;0;0;0;0.134615385;
E08;Acheter des fruits ou légumes de saison;Courses;VERTS;Verts maternelles;belle;11/05/2025;1;0.000173;0;0;0;0;
E03;Acheter des produits recyclables et utiliser les bacs de tri;Déchets;VERTS;Verts maternelles;belle;11/05/2025;1;0.15988;0;0;0;0;
E08;Ramasser les papiers et les déchets par terre pour les mettre à la poubelle;Déchets;VERTS;Verts maternelles;belle;11/05/2025;1;0.000173;0;0;0;0.1;
D02;Tout manger ce qu'il y a dans nos assiettes (cantine, maison);Déchets;VERTS;Verts maternelles;belle;11/05/2025;1;2.453511;0;1.390385;0;1.390384615;
D11;Ne pas prendre sa voiture si c'est possble : préférer la marche et le vélo (pour les petits trajets), le covoiturage…;Transport;VERTS;Verts maternelles;heros;12/05/2025;1;0.38;0;0.67;0;0;
D06;Réduire son temps devant les écrans (Télé, ordinateurs, tablette, jeux vidéos...);Electricité;VERTS;Verts maternelles;heros;12/05/2025;1;0.017374;0;0.183462;0;0;
E04;Eteindre les appareils électriques lorsqu'on ne s'en sert pas (Télé, ordinateur...);Electricité;VERTS;Verts maternelles;heros;12/05/2025;1;0.15988;0;1;0;0;
C01;Eteindre les lumières quand on quitte une pièce ou si il fait jour dehors;Electricité;VERTS;Verts maternelles;heros;12/05/2025;1;13.7935;0;0;0;0;
D05;Récupérer l'eau de pluie pour arroser;Eau;VERTS;Verts maternelles;heros;12/05/2025;1;0.000239;0;0.134615;35;0;
D10;Couper l’eau quand on se savonne les mains;Eau;VERTS;Verts maternelles;heros;12/05/2025;1;0.54243;0;0.21;12.6;0;
W02;Ne pas gaspiller l'eau de son verre;Eau;VERTS;Verts maternelles;heros;12/05/2025;1;0.05;28;0;35;0;
E08;Fermer le robinet quand on se brosse les dents;Eau;VERTS;Verts maternelles;heros;12/05/2025;1;0.000173;0;0;28;0;
T06;Ne pas tuer les petites bêtes et les remettre dehors (c'est la nourriture de oiseaux);Biodiversité;VERTS;Verts maternelles;heros;12/05/2025;1;1.518;0;0;0;0;
D06;Acheter d’occasion plutôt que neuf;Courses;VERTS;Verts maternelles;heros;12/05/2025;1;0.017374;0;0.183462;0;0.134615385;
W03;Préférer les produits réutilisables plutôt que jetables;Courses;VERTS;Verts maternelles;heros;12/05/2025;1;0.004964;12.6;0;0;0;
E01;Acheter juste ce dont on a besoin;Courses;VERTS;Verts maternelles;heros;12/05/2025;1;0.027408;0;0;0;0.134615385;
E08;Acheter des fruits ou légumes de saison;Courses;VERTS;Verts maternelles;heros;12/05/2025;1;0.000173;0;0;0;0;
E03;Acheter des produits recyclables et utiliser les bacs de tri;Déchets;VERTS;Verts maternelles;heros;12/05/2025;1;0.15988;0;0;0;0;
E08;Ramasser les papiers et les déchets par terre pour les mettre à la poubelle;Déchets;VERTS;Verts maternelles;heros;12/05/2025;1;0.000173;0;0;0;0.1;
D02;Tout manger ce qu'il y a dans nos assiettes (cantine, maison);Déchets;VERTS;Verts maternelles;heros;12/05/2025;1;2.453511;0;1.390385;0;1.390384615;
D11;Ne pas prendre sa voiture si c'est possble : préférer la marche et le vélo (pour les petits trajets), le covoiturage…;Transport;VERTS;Verts maternelles;raya;13/05/2025;1;0.38;0;0.67;0;0;
W04;Fermer ses volets quand il fait froid et nuit;Electricité;VERTS;Verts maternelles;raya;13/05/2025;1;0.006501;16.5;0;0;0;
D06;Réduire son temps devant les écrans (Télé, ordinateurs, tablette, jeux vidéos...);Electricité;VERTS;Verts maternelles;raya;13/05/2025;1;0.017374;0;0.183462;0;0;
E04;Eteindre les appareils électriques lorsqu'on ne s'en sert pas (Télé, ordinateur...);Electricité;VERTS;Verts maternelles;raya;13/05/2025;1;0.15988;0;1;0;0;
C01;Eteindre les lumières quand on quitte une pièce ou si il fait jour dehors;Electricité;VERTS;Verts maternelles;raya;13/05/2025;1;13.7935;0;0;0;0;
D10;Couper l’eau quand on se savonne les mains;Eau;VERTS;Verts maternelles;raya;13/05/2025;1;0.54243;0;0.21;12.6;0;
D09;Eviter de prendre des bains (préférer la douche rapide);Eau;VERTS;Verts maternelles;raya;13/05/2025;1;0.0623;0;1.75;357;0;
E08;Fermer le robinet quand on se brosse les dents;Eau;VERTS;Verts maternelles;raya;13/05/2025;1;0.000173;0;0;28;0;
T06;Ne pas tuer les petites bêtes et les remettre dehors (c'est la nourriture de oiseaux);Biodiversité;VERTS;Verts maternelles;raya;13/05/2025;1;1.518;0;0;0;0;
D06;Acheter d’occasion plutôt que neuf;Courses;VERTS;Verts maternelles;raya;13/05/2025;1;0.017374;0;0.183462;0;0.134615385;
W03;Préférer les produits réutilisables plutôt que jetables;Courses;VERTS;Verts maternelles;raya;13/05/2025;1;0.004964;12.6;0;0;0;
E01;Acheter juste ce dont on a besoin;Courses;VERTS;Verts maternelles;raya;13/05/2025;1;0.027408;0;0;0;0.134615385;
E08;Fermer le robinet quand on se brosse les dents;Eau;VERTS;Verts maternelles;belle;24/05/2025;1;0.000173;0;0;28;0;
T06;Ne pas tuer les petites bêtes et les remettre dehors (c'est la nourriture de oiseaux);Biodiversité;VERTS;Verts maternelles;belle;24/05/2025;1;1.518;0;0;0;0;
T04;Acheter des produits avec moins d'emballages (éviter emballages individuels);Courses;VERTS;Verts maternelles;belle;24/05/2025;1;0.506;0;0;0;34.86;
D06;Acheter d’occasion plutôt que neuf;Courses;VERTS;Verts maternelles;belle;24/05/2025;1;0.017374;0;0.183462;0;0.134615385;
W03;Préférer les produits réutilisables plutôt que jetables;Courses;VERTS;Verts maternelles;belle;24/05/2025;1;0.004964;12.6;0;0;0;
E01;Acheter juste ce dont on a besoin;Courses;VERTS;Verts maternelles;belle;24/05/2025;1;0.027408;0;0;0;0.134615385;
E08;Acheter des fruits ou légumes de saison;Courses;VERTS;Verts maternelles;belle;24/05/2025;1;0.000173;0;0;0;0;
D11;Ne pas prendre sa voiture si c'est possble : préférer la marche et le vélo (pour les petits trajets), le covoiturage…;Transport;VERTS;Verts maternelles;vaiana;24/05/2025;1;0.38;0;0.67;0;0;
W04;Fermer ses volets quand il fait froid et nuit;Electricité;VERTS;Verts maternelles;vaiana;24/05/2025;1;0.006501;16.5;0;0;0;
D06;Réduire son temps devant les écrans (Télé, ordinateurs, tablette, jeux vidéos...);Electricité;VERTS;Verts maternelles;vaiana;24/05/2025;1;0.017374;0;0.183462;0;0;
E04;Eteindre les appareils électriques lorsqu'on ne s'en sert pas (Télé, ordinateur...);Electricité;VERTS;Verts maternelles;vaiana;24/05/2025;1;0.15988;0;1;0;0;
C01;Eteindre les lumières quand on quitte une pièce ou si il fait jour dehors;Electricité;VERTS;Verts maternelles;vaiana;24/05/2025;1;13.7935;0;0;0;0;
D05;Récupérer l'eau de pluie pour arroser;Eau;VERTS;Verts maternelles;vaiana;24/05/2025;1;0.000239;0;0.134615;35;0;
D10;Couper l’eau quand on se savonne les mains;Eau;VERTS;Verts maternelles;vaiana;24/05/2025;1;0.54243;0;0.21;12.6;0;
W02;Ne pas gaspiller l'eau de son verre;Eau;VERTS;Verts maternelles;vaiana;24/05/2025;1;0.05;28;0;35;0;
D09;Eviter de prendre des bains (préférer la douche rapide);Eau;VERTS;Verts maternelles;vaiana;24/05/2025;1;0.0623;0;1.75;357;0;
E08;Fermer le robinet quand on se brosse les dents;Eau;VERTS;Verts maternelles;vaiana;24/05/2025;1;0.000173;0;0;28;0;
T06;Ne pas tuer les petites bêtes et les remettre dehors (c'est la nourriture de oiseaux);Biodiversité;VERTS;Verts maternelles;vaiana;24/05/2025;1;1.518;0;0;0;0;
T04;Acheter des produits avec moins d'emballages (éviter emballages individuels);Courses;VERTS;Verts maternelles;vaiana;24/05/2025;1;0.506;0;0;0;34.86;
D06;Acheter d’occasion plutôt que neuf;Courses;VERTS;Verts maternelles;vaiana;24/05/2025;1;0.017374;0;0.183462;0;0.134615385;
E08;Acheter des fruits ou légumes de saison;Courses;VERTS;Verts maternelles;vaiana;24/05/2025;1;0.000173;0;0;0;0;
E01;Acheter juste ce dont on a besoin;Courses;VERTS;Verts maternelles;vaiana;24/05/2025;1;0.027408;0;0;0;0.134615385;
W03;Préférer les produits réutilisables plutôt que jetables;Courses;VERTS;Verts maternelles;vaiana;24/05/2025;1;0.004964;12.6;0;0;0;
E03;Acheter des produits recyclables et utiliser les bacs de tri;Déchets;VERTS;Verts maternelles;vaiana;24/05/2025;1;0.15988;0;0;0;0;
E08;Ramasser les papiers et les déchets par terre pour les mettre à la poubelle;Déchets;VERTS;Verts maternelles;vaiana;24/05/2025;1;0.000173;0;0;0;0.1;
D02;Tout manger ce qu'il y a dans nos assiettes (cantine, maison);Déchets;VERTS;Verts maternelles;vaiana;24/05/2025;1;2.453511;0;1.390385;0;1.390384615;
D11;Ne pas prendre sa voiture si c'est possble : préférer la marche et le vélo (pour les petits trajets), le covoiturage…;Transport;VERTS;Verts maternelles;heros;27/05/2025;1;0.38;0;0.67;0;0;
D06;Réduire son temps devant les écrans (Télé, ordinateurs, tablette, jeux vidéos...);Electricité;VERTS;Verts maternelles;heros;27/05/2025;1;0.017374;0;0.183462;0;0;
E04;Eteindre les appareils électriques lorsqu'on ne s'en sert pas (Télé, ordinateur...);Electricité;VERTS;Verts maternelles;heros;27/05/2025;1;0.15988;0;1;0;0;
C01;Eteindre les lumières quand on quitte une pièce ou si il fait jour dehors;Electricité;VERTS;Verts maternelles;heros;27/05/2025;1;13.7935;0;0;0;0;
D05;Récupérer l'eau de pluie pour arroser;Eau;VERTS;Verts maternelles;heros;27/05/2025;1;0.000239;0;0.134615;35;0;
D10;Couper l’eau quand on se savonne les mains;Eau;VERTS;Verts maternelles;heros;27/05/2025;1;0.54243;0;0.21;12.6;0;
W02;Ne pas gaspiller l'eau de son verre;Eau;VERTS;Verts maternelles;heros;27/05/2025;1;0.05;28;0;35;0;
D09;Eviter de prendre des bains (préférer la douche rapide);Eau;VERTS;Verts maternelles;heros;27/05/2025;1;0.0623;0;1.75;357;0;
E08;Fermer le robinet quand on se brosse les dents;Eau;VERTS;Verts maternelles;heros;27/05/2025;1;0.000173;0;0;28;0;
T06;Ne pas tuer les petites bêtes et les remettre dehors (c'est la nourriture de oiseaux);Biodiversité;VERTS;Verts maternelles;heros;27/05/2025;1;1.518;0;0;0;0;
D06;Acheter d’occasion plutôt que neuf;Courses;VERTS;Verts maternelles;heros;27/05/2025;1;0.017374;0;0.183462;0;0.134615385;
W03;Préférer les produits réutilisables plutôt que jetables;Courses;VERTS;Verts maternelles;heros;27/05/2025;1;0.004964;12.6;0;0;0;
E01;Acheter juste ce dont on a besoin;Courses;VERTS;Verts maternelles;heros;27/05/2025;1;0.027408;0;0;0;0.134615385;
E08;Acheter des fruits ou légumes de saison;Courses;VERTS;Verts maternelles;heros;27/05/2025;1;0.000173;0;0;0;0;
E03;Acheter des produits recyclables et utiliser les bacs de tri;Déchets;VERTS;Verts maternelles;heros;27/05/2025;1;0.15988;0;0;0;0;
D02;Tout manger ce qu'il y a dans nos assiettes (cantine, maison);Déchets;VERTS;Verts maternelles;heros;27/05/2025;1;2.453511;0;1.390385;0;1.390384615;
D11;Ne pas prendre sa voiture si c'est possble : préférer la marche et le vélo (pour les petits trajets), le covoiturage…;Transport;VERTS;Verts maternelles;vaiana;07/06/2025;1;0.38;0;0.67;0;0;
D06;Réduire son temps devant les écrans (Télé, ordinateurs, tablette, jeux vidéos...);Electricité;VERTS;Verts maternelles;vaiana;07/06/2025;1;0.017374;0;0.183462;0;0;
C01;Eteindre les lumières quand on quitte une pièce ou si il fait jour dehors;Electricité;VERTS;Verts maternelles;vaiana;07/06/2025;1;13.7935;0;0;0;0;
D10;Couper l’eau quand on se savonne les mains;Eau;VERTS;Verts maternelles;vaiana;07/06/2025;1;0.54243;0;0.21;12.6;0;
D09;Eviter de prendre des bains (préférer la douche rapide);Eau;VERTS;Verts maternelles;vaiana;07/06/2025;1;0.0623;0;1.75;357;0;
T06;Ne pas tuer les petites bêtes et les remettre dehors (c'est la nourriture de oiseaux);Biodiversité;VERTS;Verts maternelles;vaiana;07/06/2025;1;1.518;0;0;0;0;
W03;Préférer les produits réutilisables plutôt que jetables;Courses;VERTS;Verts maternelles;vaiana;07/06/2025;1;0.004964;12.6;0;0;0;
E03;Acheter des produits recyclables et utiliser les bacs de tri;Déchets;VERTS;Verts maternelles;vaiana;07/06/2025;1;0.15988;0;0;0;0;
D02;Tout manger ce qu'il y a dans nos assiettes (cantine, maison);Déchets;VERTS;Verts maternelles;vaiana;07/06/2025;1;2.453511;0;1.390385;0;1.390384615;
D06;Acheter d’occasion plutôt que neuf;Courses;VERTS;Verts maternelles;dragon;12/06/2025;1;0.017374;0;0.183462;0;0.134615385;
W03;Préférer les produits réutilisables plutôt que jetables;Courses;VERTS;Verts maternelles;dragon;12/06/2025;1;0.004964;12.6;0;0;0;
E08;Acheter des fruits ou légumes de saison;Courses;VERTS;Verts maternelles;dragon;12/06/2025;1;0.000173;0;0;0;0;
E08;Ramasser les papiers et les déchets par terre pour les mettre à la poubelle;Déchets;VERTS;Verts maternelles;dragon;12/06/2025;1;0.000173;0;0;0;0.1;
D11;Ne pas prendre sa voiture si c'est possble : préférer la marche et le vélo (pour les petits trajets), le covoiturage…;Transport;VERTS;Verts maternelles;dragon;12/06/2025;1;0.38;0;0.67;0;0;
D06;Réduire son temps devant les écrans (Télé, ordinateurs, tablette, jeux vidéos...);Electricité;VERTS;Verts maternelles;dragon;12/06/2025;1;0.017374;0;0.183462;0;0;
C01;Eteindre les lumières quand on quitte une pièce ou si il fait jour dehors;Electricité;VERTS;Verts maternelles;dragon;12/06/2025;1;13.7935;0;0;0;0;
D10;Couper l’eau quand on se savonne les mains;Eau;VERTS;Verts maternelles;dragon;12/06/2025;1;0.54243;0;0.21;12.6;0;
D09;Eviter de prendre des bains (préférer la douche rapide);Eau;VERTS;Verts maternelles;dragon;12/06/2025;1;0.0623;0;1.75;357;0;
W04;Fermer ses volets quand il fait froid et nuit;Electricité;VERTS;Verts maternelles;vaiana;07/06/2025;1;0.006501;16.5;0;0;0;
E04;Eteindre les appareils électriques lorsqu'on ne s'en sert pas (Télé, ordinateur...);Electricité;VERTS;Verts maternelles;vaiana;07/06/2025;1;0.15988;0;1;0;0;
D05;Récupérer l'eau de pluie pour arroser;Eau;VERTS;Verts maternelles;vaiana;07/06/2025;1;0.000239;0;0.134615;35;0;
W02;Ne pas gaspiller l'eau de son verre;Eau;VERTS;Verts maternelles;vaiana;07/06/2025;1;0.05;28;0;35;0;
E08;Fermer le robinet quand on se brosse les dents;Eau;VERTS;Verts maternelles;vaiana;07/06/2025;1;0.000173;0;0;28;0;
T04;Acheter des produits avec moins d'emballages (éviter emballages individuels);Courses;VERTS;Verts maternelles;vaiana;07/06/2025;1;0.506;0;0;0;34.86;
E08;Acheter des fruits ou légumes de saison;Courses;VERTS;Verts maternelles;vaiana;07/06/2025;1;0.000173;0;0;0;0;
E08;Ramasser les papiers et les déchets par terre pour les mettre à la poubelle;Déchets;VERTS;Verts maternelles;vaiana;07/06/2025;1;0.000173;0;0;0;0.1;
T06;Ne pas tuer les petites bêtes et les remettre dehors (c'est la nourriture de oiseaux);Biodiversité;VERTS;Verts maternelles;dragon;12/06/2025;1;1.518;0;0;0;0;
T04;Acheter des produits avec moins d'emballages (éviter emballages individuels);Courses;VERTS;Verts maternelles;dragon;12/06/2025;1;0.506;0;0;0;34.86;
E01;Acheter juste ce dont on a besoin;Courses;VERTS;Verts maternelles;dragon;12/06/2025;1;0.027408;0;0;0;0.134615385;
E03;Acheter des produits recyclables et utiliser les bacs de tri;Déchets;VERTS;Verts maternelles;dragon;12/06/2025;1;0.15988;0;0;0;0;
D02;Tout manger ce qu'il y a dans nos assiettes (cantine, maison);Déchets;VERTS;Verts maternelles;dragon;12/06/2025;1;2.453511;0;1.390385;0;1.390384615;
W04;Fermer ses volets quand il fait froid et nuit;Electricité;VERTS;Verts maternelles;dragon;12/06/2025;1;0.006501;16.5;0;0;0;
E04;Eteindre les appareils électriques lorsqu'on ne s'en sert pas (Télé, ordinateur...);Electricité;VERTS;Verts maternelles;dragon;12/06/2025;1;0.15988;0;1;0;0;
D05;Récupérer l'eau de pluie pour arroser;Eau;VERTS;Verts maternelles;dragon;12/06/2025;1;0.000239;0;0.134615;35;0;
W02;Ne pas gaspiller l'eau de son verre;Eau;VERTS;Verts maternelles;dragon;12/06/2025;1;0.05;28;0;35;0;
E08;Fermer le robinet quand on se brosse les dents;Eau;VERTS;Verts maternelles;dragon;12/06/2025;1;0.000173;0;0;28;0;
W04;Fermer ses volets quand il fait froid et nuit;Electricité;VERTS;Verts maternelles;patpatrouille;01/06/2025;1;0.006501;16.5;0;0;0;
E04;Eteindre les appareils électriques lorsqu'on ne s'en sert pas (Télé, ordinateur...);Electricité;VERTS;Verts maternelles;patpatrouille;01/06/2025;1;0.15988;0;1;0;0;
D11;Ne pas prendre sa voiture si c'est possble : préférer la marche et le vélo (pour les petits trajets), le covoiturage…;Transport;VERTS;Verts maternelles;patpatrouille;01/06/2025;1;0.38;0;0.67;0;0;
E08;Ramasser les papiers et les déchets par terre pour les mettre à la poubelle;Déchets;VERTS;Verts maternelles;patpatrouille;01/06/2025;1;0.000173;0;0;0;0.1;
T04;Acheter des produits avec moins d'emballages (éviter emballages individuels);Courses;VERTS;Verts maternelles;patpatrouille;01/06/2025;1;0.506;0;0;0;34.86;
W03;Préférer les produits réutilisables plutôt que jetables;Courses;VERTS;Verts maternelles;patpatrouille;01/06/2025;1;0.004964;12.6;0;0;0;
E08;Acheter des fruits ou légumes de saison;Courses;VERTS;Verts maternelles;patpatrouille;01/06/2025;1;0.000173;0;0;0;0;
D05;Récupérer l'eau de pluie pour arroser;Eau;VERTS;Verts maternelles;patpatrouille;01/06/2025;1;0.000239;0;0.134615;35;0;
W02;Ne pas gaspiller l'eau de son verre;Eau;VERTS;Verts maternelles;patpatrouille;01/06/2025;1;0.05;28;0;35;0;
E08;Fermer le robinet quand on se brosse les dents;Eau;VERTS;Verts maternelles;patpatrouille;01/06/2025;1;0.000173;0;0;28;0;
W04;Fermer ses volets quand il fait froid et nuit;Electricité;VERTS;Verts maternelles;vaiana;01/06/2025;1;0.006501;16.5;0;0;0;
E04;Eteindre les appareils électriques lorsqu'on ne s'en sert pas (Télé, ordinateur...);Electricité;VERTS;Verts maternelles;vaiana;01/06/2025;1;0.15988;0;1;0;0;
D05;Récupérer l'eau de pluie pour arroser;Eau;VERTS;Verts maternelles;vaiana;01/06/2025;1;0.000239;0;0.134615;35;0;
W02;Ne pas gaspiller l'eau de son verre;Eau;VERTS;Verts maternelles;vaiana;01/06/2025;1;0.05;28;0;35;0;
E08;Fermer le robinet quand on se brosse les dents;Eau;VERTS;Verts maternelles;vaiana;01/06/2025;1;0.000173;0;0;28;0;
T04;Acheter des produits avec moins d'emballages (éviter emballages individuels);Courses;VERTS;Verts maternelles;vaiana;01/06/2025;1;0.506;0;0;0;34.86;
D06;Acheter d’occasion plutôt que neuf;Courses;VERTS;Verts maternelles;vaiana;01/06/2025;1;0.017374;0;0.183462;0;0.134615385;
E01;Acheter juste ce dont on a besoin;Courses;VERTS;Verts maternelles;vaiana;01/06/2025;1;0.027408;0;0;0;0.134615385;
E08;Ramasser les papiers et les déchets par terre pour les mettre à la poubelle;Déchets;VERTS;Verts maternelles;vaiana;01/06/2025;1;0.000173;0;0;0;0.1;
W04;Fermer ses volets quand il fait froid et nuit;Electricité;VERTS;Verts maternelles;hulk;05/06/2025;1;0.006501;16.5;0;0;0;
E04;Eteindre les appareils électriques lorsqu'on ne s'en sert pas (Télé, ordinateur...);Electricité;VERTS;Verts maternelles;hulk;05/06/2025;1;0.15988;0;1;0;0;
D05;Récupérer l'eau de pluie pour arroser;Eau;VERTS;Verts maternelles;hulk;05/06/2025;1;0.000239;0;0.134615;35;0;
W02;Ne pas gaspiller l'eau de son verre;Eau;VERTS;Verts maternelles;hulk;05/06/2025;1;0.05;28;0;35;0;
E08;Fermer le robinet quand on se brosse les dents;Eau;VERTS;Verts maternelles;hulk;05/06/2025;1;0.000173;0;0;28;0;
T04;Acheter des produits avec moins d'emballages (éviter emballages individuels);Courses;VERTS;Verts maternelles;hulk;05/06/2025;1;0.506;0;0;0;34.86;
W03;Préférer les produits réutilisables plutôt que jetables;Courses;VERTS;Verts maternelles;hulk;05/06/2025;1;0.004964;12.6;0;0;0;
E08;Acheter des fruits ou légumes de saison;Courses;VERTS;Verts maternelles;hulk;05/06/2025;1;0.000173;0;0;0;0;
E08;Ramasser les papiers et les déchets par terre pour les mettre à la poubelle;Déchets;VERTS;Verts maternelles;hulk;05/06/2025;1;0.000173;0;0;0;0.1;
T04;Acheter des produits avec moins d'emballages (éviter emballages individuels);Courses;VERTS;Verts maternelles;dragon;05/06/2025;1;0.506;0;0;0;34.86;
W03;Préférer les produits réutilisables plutôt que jetables;Courses;VERTS;Verts maternelles;dragon;05/06/2025;1;0.004964;12.6;0;0;0;
E08;Acheter des fruits ou légumes de saison;Courses;VERTS;Verts maternelles;dragon;05/06/2025;1;0.000173;0;0;0;0;
E08;Ramasser les papiers et les déchets par terre pour les mettre à la poubelle;Déchets;VERTS;Verts maternelles;dragon;05/06/2025;1;0.000173;0;0;0;0.1;
D11;Ne pas prendre sa voiture si c'est possble : préférer la marche et le vélo (pour les petits trajets), le covoiturage…;Transport;VERTS;Verts maternelles;dragon;05/06/2025;1;0.38;0;0.67;0;0;
D06;Réduire son temps devant les écrans (Télé, ordinateurs, tablette, jeux vidéos...);Electricité;VERTS;Verts maternelles;dragon;05/06/2025;1;0.017374;0;0.183462;0;0;
C01;Eteindre les lumières quand on quitte une pièce ou si il fait jour dehors;Electricité;VERTS;Verts maternelles;dragon;05/06/2025;1;13.7935;0;0;0;0;
D10;Couper l’eau quand on se savonne les mains;Eau;VERTS;Verts maternelles;dragon;05/06/2025;1;0.54243;0;0.21;12.6;0;
D09;Eviter de prendre des bains (préférer la douche rapide);Eau;VERTS;Verts maternelles;dragon;05/06/2025;1;0.0623;0;1.75;357;0;
T06;Ne pas tuer les petites bêtes et les remettre dehors (c'est la nourriture de oiseaux);Biodiversité;VERTS;Verts maternelles;dragon;05/06/2025;1;1.518;0;0;0;0;
T06;Ne pas tuer les petites bêtes et les remettre dehors (c'est la nourriture de oiseaux);Biodiversité;VERTS;Verts maternelles;belle;06/06/2025;1;1.518;0;0;0;0;
D06;Acheter d’occasion plutôt que neuf;Courses;VERTS;Verts maternelles;belle;06/06/2025;1;0.017374;0;0.183462;0;0.134615385;
E01;Acheter juste ce dont on a besoin;Courses;VERTS;Verts maternelles;belle;06/06/2025;1;0.027408;0;0;0;0.134615385;
E03;Acheter des produits recyclables et utiliser les bacs de tri;Déchets;VERTS;Verts maternelles;belle;06/06/2025;1;0.15988;0;0;0;0;
D02;Tout manger ce qu'il y a dans nos assiettes (cantine, maison);Déchets;VERTS;Verts maternelles;belle;06/06/2025;1;2.453511;0;1.390385;0;1.390384615;
D11;Ne pas prendre sa voiture si c'est possble : préférer la marche et le vélo (pour les petits trajets), le covoiturage…;Transport;VERTS;Verts maternelles;belle;06/06/2025;1;0.38;0;0.67;0;0;
D06;Réduire son temps devant les écrans (Télé, ordinateurs, tablette, jeux vidéos...);Electricité;VERTS;Verts maternelles;belle;06/06/2025;1;0.017374;0;0.183462;0;0;
C01;Eteindre les lumières quand on quitte une pièce ou si il fait jour dehors;Electricité;VERTS;Verts maternelles;belle;06/06/2025;1;13.7935;0;0;0;0;
D10;Couper l’eau quand on se savonne les mains;Eau;VERTS;Verts maternelles;belle;06/06/2025;1;0.54243;0;0.21;12.6;0;
D09;Eviter de prendre des bains (préférer la douche rapide);Eau;VERTS;Verts maternelles;belle;06/06/2025;1;0.0623;0;1.75;357;0;
D06;Réduire son temps devant les écrans (Télé, ordinateurs, tablette, jeux vidéos...);Electricité;VERTS;Verts maternelles;patpatrouille;01/06/2025;1;0.017374;0;0.183462;0;0;
C01;Eteindre les lumières quand on quitte une pièce ou si il fait jour dehors;Electricité;VERTS;Verts maternelles;patpatrouille;01/06/2025;1;13.7935;0;0;0;0;
E03;Acheter des produits recyclables et utiliser les bacs de tri;Déchets;VERTS;Verts maternelles;patpatrouille;01/06/2025;1;0.15988;0;0;0;0;
D02;Tout manger ce qu'il y a dans nos assiettes (cantine, maison);Déchets;VERTS;Verts maternelles;patpatrouille;01/06/2025;1;2.453511;0;1.390385;0;1.390384615;
D06;Acheter d’occasion plutôt que neuf;Courses;VERTS;Verts maternelles;patpatrouille;01/06/2025;1;0.017374;0;0.183462;0;0.134615385;
E01;Acheter juste ce dont on a besoin;Courses;VERTS;Verts maternelles;patpatrouille;01/06/2025;1;0.027408;0;0;0;0.134615385;
T06;Ne pas tuer les petites bêtes et les remettre dehors (c'est la nourriture de oiseaux);Biodiversité;VERTS;Verts maternelles;patpatrouille;01/06/2025;1;1.518;0;0;0;0;
D10;Couper l’eau quand on se savonne les mains;Eau;VERTS;Verts maternelles;patpatrouille;01/06/2025;1;0.54243;0;0.21;12.6;0;
D09;Eviter de prendre des bains (préférer la douche rapide);Eau;VERTS;Verts maternelles;patpatrouille;01/06/2025;1;0.0623;0;1.75;357;0;
D11;Ne pas prendre sa voiture si c'est possble : préférer la marche et le vélo (pour les petits trajets), le covoiturage…;Transport;VERTS;Verts maternelles;vaiana;01/06/2025;1;0.38;0;0.67;0;0;
D06;Réduire son temps devant les écrans (Télé, ordinateurs, tablette, jeux vidéos...);Electricité;VERTS;Verts maternelles;vaiana;01/06/2025;1;0.017374;0;0.183462;0;0;
C01;Eteindre les lumières quand on quitte une pièce ou si il fait jour dehors;Electricité;VERTS;Verts maternelles;vaiana;01/06/2025;1;13.7935;0;0;0;0;
D10;Couper l’eau quand on se savonne les mains;Eau;VERTS;Verts maternelles;vaiana;01/06/2025;1;0.54243;0;0.21;12.6;0;
D09;Eviter de prendre des bains (préférer la douche rapide);Eau;VERTS;Verts maternelles;vaiana;01/06/2025;1;0.0623;0;1.75;357;0;
T06;Ne pas tuer les petites bêtes et les remettre dehors (c'est la nourriture de oiseaux);Biodiversité;VERTS;Verts maternelles;vaiana;01/06/2025;1;1.518;0;0;0;0;
W03;Préférer les produits réutilisables plutôt que jetables;Courses;VERTS;Verts maternelles;vaiana;01/06/2025;1;0.004964;12.6;0;0;0;
E08;Acheter des fruits ou légumes de saison;Courses;VERTS;Verts maternelles;vaiana;01/06/2025;1;0.000173;0;0;0;0;
E03;Acheter des produits recyclables et utiliser les bacs de tri;Déchets;VERTS;Verts maternelles;vaiana;01/06/2025;1;0.15988;0;0;0;0;
D02;Tout manger ce qu'il y a dans nos assiettes (cantine, maison);Déchets;VERTS;Verts maternelles;vaiana;01/06/2025;1;2.453511;0;1.390385;0;1.390384615;
D11;Ne pas prendre sa voiture si c'est possble : préférer la marche et le vélo (pour les petits trajets), le covoiturage…;Transport;VERTS;Verts maternelles;hulk;05/06/2025;1;0.38;0;0.67;0;0;
D06;Réduire son temps devant les écrans (Télé, ordinateurs, tablette, jeux vidéos...);Electricité;VERTS;Verts maternelles;hulk;05/06/2025;1;0.017374;0;0.183462;0;0;
C01;Eteindre les lumières quand on quitte une pièce ou si il fait jour dehors;Electricité;VERTS;Verts maternelles;hulk;05/06/2025;1;13.7935;0;0;0;0;
D10;Couper l’eau quand on se savonne les mains;Eau;VERTS;Verts maternelles;hulk;05/06/2025;1;0.54243;0;0.21;12.6;0;
D09;Eviter de prendre des bains (préférer la douche rapide);Eau;VERTS;Verts maternelles;hulk;05/06/2025;1;0.0623;0;1.75;357;0;
T06;Ne pas tuer les petites bêtes et les remettre dehors (c'est la nourriture de oiseaux);Biodiversité;VERTS;Verts maternelles;hulk;05/06/2025;1;1.518;0;0;0;0;
D06;Acheter d’occasion plutôt que neuf;Courses;VERTS;Verts maternelles;hulk;05/06/2025;1;0.017374;0;0.183462;0;0.134615385;
E01;Acheter juste ce dont on a besoin;Courses;VERTS;Verts maternelles;hulk;05/06/2025;1;0.027408;0;0;0;0.134615385;
E03;Acheter des produits recyclables et utiliser les bacs de tri;Déchets;VERTS;Verts maternelles;hulk;05/06/2025;1;0.15988;0;0;0;0;
D02;Tout manger ce qu'il y a dans nos assiettes (cantine, maison);Déchets;VERTS;Verts maternelles;hulk;05/06/2025;1;2.453511;0;1.390385;0;1.390384615;
D06;Acheter d’occasion plutôt que neuf;Courses;VERTS;Verts maternelles;dragon;05/06/2025;1;0.017374;0;0.183462;0;0.134615385;
E01;Acheter juste ce dont on a besoin;Courses;VERTS;Verts maternelles;dragon;05/06/2025;1;0.027408;0;0;0;0.134615385;
E03;Acheter des produits recyclables et utiliser les bacs de tri;Déchets;VERTS;Verts maternelles;dragon;05/06/2025;1;0.15988;0;0;0;0;
D02;Tout manger ce qu'il y a dans nos assiettes (cantine, maison);Déchets;VERTS;Verts maternelles;dragon;05/06/2025;1;2.453511;0;1.390385;0;1.390384615;
W04;Fermer ses volets quand il fait froid et nuit;Electricité;VERTS;Verts maternelles;dragon;05/06/2025;1;0.006501;16.5;0;0;0;
E04;Eteindre les appareils électriques lorsqu'on ne s'en sert pas (Télé, ordinateur...);Electricité;VERTS;Verts maternelles;dragon;05/06/2025;1;0.15988;0;1;0;0;
D05;Récupérer l'eau de pluie pour arroser;Eau;VERTS;Verts maternelles;dragon;05/06/2025;1;0.000239;0;0.134615;35;0;
W02;Ne pas gaspiller l'eau de son verre;Eau;VERTS;Verts maternelles;dragon;05/06/2025;1;0.05;28;0;35;0;
E08;Fermer le robinet quand on se brosse les dents;Eau;VERTS;Verts maternelles;dragon;05/06/2025;1;0.000173;0;0;28;0;
T04;Acheter des produits avec moins d'emballages (éviter emballages individuels);Courses;VERTS;Verts maternelles;belle;06/06/2025;1;0.506;0;0;0;34.86;
W03;Préférer les produits réutilisables plutôt que jetables;Courses;VERTS;Verts maternelles;belle;06/06/2025;1;0.004964;12.6;0;0;0;
E08;Acheter des fruits ou légumes de saison;Courses;VERTS;Verts maternelles;belle;06/06/2025;1;0.000173;0;0;0;0;
E08;Ramasser les papiers et les déchets par terre pour les mettre à la poubelle;Déchets;VERTS;Verts maternelles;belle;06/06/2025;1;0.000173;0;0;0;0.1;
W04;Fermer ses volets quand il fait froid et nuit;Electricité;VERTS;Verts maternelles;belle;06/06/2025;1;0.006501;16.5;0;0;0;
E04;Eteindre les appareils électriques lorsqu'on ne s'en sert pas (Télé, ordinateur...);Electricité;VERTS;Verts maternelles;belle;06/06/2025;1;0.15988;0;1;0;0;
D05;Récupérer l'eau de pluie pour arroser;Eau;VERTS;Verts maternelles;belle;06/06/2025;1;0.000239;0;0.134615;35;0;
W02;Ne pas gaspiller l'eau de son verre;Eau;VERTS;Verts maternelles;belle;06/06/2025;1;0.05;28;0;35;0;
E08;Fermer le robinet quand on se brosse les dents;Eau;VERTS;Verts maternelles;belle;06/06/2025;1;0.000173;0;0;28;0;
W04;Fermer ses volets quand il fait froid et nuit;Electricité;VERTS;Verts maternelles;patpatrouille;18/06/2025;1;0.006501;16.5;0;0;0;
E04;Eteindre les appareils électriques lorsqu'on ne s'en sert pas (Télé, ordinateur...);Electricité;VERTS;Verts maternelles;patpatrouille;18/06/2025;1;0.15988;0;1;0;0;
D05;Récupérer l'eau de pluie pour arroser;Eau;VERTS;Verts maternelles;patpatrouille;18/06/2025;1;0.000239;0;0.134615;35;0;
W02;Ne pas gaspiller l'eau de son verre;Eau;VERTS;Verts maternelles;patpatrouille;18/06/2025;1;0.05;28;0;35;0;
E08;Fermer le robinet quand on se brosse les dents;Eau;VERTS;Verts maternelles;patpatrouille;18/06/2025;1;0.000173;0;0;28;0;
T04;Acheter des produits avec moins d'emballages (éviter emballages individuels);Courses;VERTS;Verts maternelles;patpatrouille;18/06/2025;1;0.506;0;0;0;34.86;
D06;Acheter d’occasion plutôt que neuf;Courses;VERTS;Verts maternelles;patpatrouille;18/06/2025;1;0.017374;0;0.183462;0;0.134615385;
E08;Acheter des fruits ou légumes de saison;Courses;VERTS;Verts maternelles;patpatrouille;18/06/2025;1;0.000173;0;0;0;0;
E08;Ramasser les papiers et les déchets par terre pour les mettre à la poubelle;Déchets;VERTS;Verts maternelles;patpatrouille;18/06/2025;1;0.000173;0;0;0;0.1;
D11;Ne pas prendre sa voiture si c'est possble : préférer la marche et le vélo (pour les petits trajets), le covoiturage…;Transport;VERTS;Verts maternelles;belle;19/06/2025;1;0.38;0;0.67;0;0;
D06;Réduire son temps devant les écrans (Télé, ordinateurs, tablette, jeux vidéos...);Electricité;VERTS;Verts maternelles;belle;19/06/2025;1;0.017374;0;0.183462;0;0;
C01;Eteindre les lumières quand on quitte une pièce ou si il fait jour dehors;Electricité;VERTS;Verts maternelles;belle;19/06/2025;1;13.7935;0;0;0;0;
D10;Couper l’eau quand on se savonne les mains;Eau;VERTS;Verts maternelles;belle;19/06/2025;1;0.54243;0;0.21;12.6;0;
D09;Eviter de prendre des bains (préférer la douche rapide);Eau;VERTS;Verts maternelles;belle;19/06/2025;1;0.0623;0;1.75;357;0;
T06;Ne pas tuer les petites bêtes et les remettre dehors (c'est la nourriture de oiseaux);Biodiversité;VERTS;Verts maternelles;belle;19/06/2025;1;1.518;0;0;0;0;
D06;Acheter d’occasion plutôt que neuf;Courses;VERTS;Verts maternelles;belle;19/06/2025;1;0.017374;0;0.183462;0;0.134615385;
E01;Acheter juste ce dont on a besoin;Courses;VERTS;Verts maternelles;belle;19/06/2025;1;0.027408;0;0;0;0.134615385;
E03;Acheter des produits recyclables et utiliser les bacs de tri;Déchets;VERTS;Verts maternelles;belle;19/06/2025;1;0.15988;0;0;0;0;
D02;Tout manger ce qu'il y a dans nos assiettes (cantine, maison);Déchets;VERTS;Verts maternelles;belle;19/06/2025;1;2.453511;0;1.390385;0;1.390384615;
T04;Acheter des produits avec moins d'emballages (éviter emballages individuels);Courses;VERTS;Verts maternelles;dragon;19/06/2025;1;0.506;0;0;0;34.86;
W03;Préférer les produits réutilisables plutôt que jetables;Courses;VERTS;Verts maternelles;dragon;19/06/2025;1;0.004964;12.6;0;0;0;
E08;Acheter des fruits ou légumes de saison;Courses;VERTS;Verts maternelles;dragon;19/06/2025;1;0.000173;0;0;0;0;
E08;Ramasser les papiers et les déchets par terre pour les mettre à la poubelle;Déchets;VERTS;Verts maternelles;dragon;19/06/2025;1;0.000173;0;0;0;0.1;
D11;Ne pas prendre sa voiture si c'est possble : préférer la marche et le vélo (pour les petits trajets), le covoiturage…;Transport;VERTS;Verts maternelles;dragon;19/06/2025;1;0.38;0;0.67;0;0;
D06;Réduire son temps devant les écrans (Télé, ordinateurs, tablette, jeux vidéos...);Electricité;VERTS;Verts maternelles;dragon;19/06/2025;1;0.017374;0;0.183462;0;0;
C01;Eteindre les lumières quand on quitte une pièce ou si il fait jour dehors;Electricité;VERTS;Verts maternelles;dragon;19/06/2025;1;13.7935;0;0;0;0;
D10;Couper l’eau quand on se savonne les mains;Eau;VERTS;Verts maternelles;dragon;19/06/2025;1;0.54243;0;0.21;12.6;0;
D09;Eviter de prendre des bains (préférer la douche rapide);Eau;VERTS;Verts maternelles;dragon;19/06/2025;1;0.0623;0;1.75;357;0;
D11;Ne pas prendre sa voiture si c'est possble : préférer la marche et le vélo (pour les petits trajets), le covoiturage…;Transport;VERTS;Verts maternelles;vaiana;30/06/2025;1;0.38;0;0.67;0;0;
D06;Réduire son temps devant les écrans (Télé, ordinateurs, tablette, jeux vidéos...);Electricité;VERTS;Verts maternelles;vaiana;30/06/2025;1;0.017374;0;0.183462;0;0;
C01;Eteindre les lumières quand on quitte une pièce ou si il fait jour dehors;Electricité;VERTS;Verts maternelles;vaiana;30/06/2025;1;13.7935;0;0;0;0;
D10;Couper l’eau quand on se savonne les mains;Eau;VERTS;Verts maternelles;vaiana;30/06/2025;1;0.54243;0;0.21;12.6;0;
D09;Eviter de prendre des bains (préférer la douche rapide);Eau;VERTS;Verts maternelles;vaiana;30/06/2025;1;0.0623;0;1.75;357;0;
T06;Ne pas tuer les petites bêtes et les remettre dehors (c'est la nourriture de oiseaux);Biodiversité;VERTS;Verts maternelles;vaiana;30/06/2025;1;1.518;0;0;0;0;
D06;Acheter d’occasion plutôt que neuf;Courses;VERTS;Verts maternelles;vaiana;30/06/2025;1;0.017374;0;0.183462;0;0.134615385;
E03;Acheter des produits recyclables et utiliser les bacs de tri;Déchets;VERTS;Verts maternelles;vaiana;30/06/2025;1;0.15988;0;0;0;0;
D02;Tout manger ce qu'il y a dans nos assiettes (cantine, maison);Déchets;VERTS;Verts maternelles;vaiana;30/06/2025;1;2.453511;0;1.390385;0;1.390384615;
E08;Ramasser les papiers et les déchets par terre pour les mettre à la poubelle;Déchets;VERTS;Verts maternelles;patpatrouille;25/06/2025;1;0.000173;0;0;0;0.1;
D11;Ne pas prendre sa voiture si c'est possble : préférer la marche et le vélo (pour les petits trajets), le covoiturage…;Transport;VERTS;Verts maternelles;patpatrouille;25/06/2025;1;0.38;0;0.67;0;0;
E04;Eteindre les appareils électriques lorsqu'on ne s'en sert pas (Télé, ordinateur...);Electricité;VERTS;Verts maternelles;patpatrouille;25/06/2025;1;0.15988;0;1;0;0;
C01;Eteindre les lumières quand on quitte une pièce ou si il fait jour dehors;Electricité;VERTS;Verts maternelles;patpatrouille;25/06/2025;1;13.7935;0;0;0;0;
D10;Couper l’eau quand on se savonne les mains;Eau;VERTS;Verts maternelles;patpatrouille;25/06/2025;1;0.54243;0;0.21;12.6;0;
D09;Eviter de prendre des bains (préférer la douche rapide);Eau;VERTS;Verts maternelles;patpatrouille;25/06/2025;1;0.0623;0;1.75;357;0;
T06;Ne pas tuer les petites bêtes et les remettre dehors (c'est la nourriture de oiseaux);Biodiversité;VERTS;Verts maternelles;patpatrouille;25/06/2025;1;1.518;0;0;0;0;
D06;Acheter d’occasion plutôt que neuf;Courses;VERTS;Verts maternelles;patpatrouille;25/06/2025;1;0.017374;0;0.183462;0;0.134615385;
E01;Acheter juste ce dont on a besoin;Courses;VERTS;Verts maternelles;patpatrouille;25/06/2025;1;0.027408;0;0;0;0.134615385;
D05;Récupérer l'eau de pluie pour arroser;Eau;VERTS;Verts maternelles;dragon;26/06/2025;1;0.000239;0;0.134615;35;0;
W02;Ne pas gaspiller l'eau de son verre;Eau;VERTS;Verts maternelles;dragon;26/06/2025;1;0.05;28;0;35;0;
E08;Fermer le robinet quand on se brosse les dents;Eau;VERTS;Verts maternelles;dragon;26/06/2025;1;0.000173;0;0;28;0;
T04;Acheter des produits avec moins d'emballages (éviter emballages individuels);Courses;VERTS;Verts maternelles;dragon;26/06/2025;1;0.506;0;0;0;34.86;
W03;Préférer les produits réutilisables plutôt que jetables;Courses;VERTS;Verts maternelles;dragon;26/06/2025;1;0.004964;12.6;0;0;0;
E08;Acheter des fruits ou légumes de saison;Courses;VERTS;Verts maternelles;dragon;26/06/2025;1;0.000173;0;0;0;0;
E08;Ramasser les papiers et les déchets par terre pour les mettre à la poubelle;Déchets;VERTS;Verts maternelles;dragon;26/06/2025;1;0.000173;0;0;0;0.1;
D11;Ne pas prendre sa voiture si c'est possble : préférer la marche et le vélo (pour les petits trajets), le covoiturage…;Transport;VERTS;Verts maternelles;dragon;26/06/2025;1;0.38;0;0.67;0;0;
D06;Réduire son temps devant les écrans (Télé, ordinateurs, tablette, jeux vidéos...);Electricité;VERTS;Verts maternelles;dragon;26/06/2025;1;0.017374;0;0.183462;0;0;
C01;Eteindre les lumières quand on quitte une pièce ou si il fait jour dehors;Electricité;VERTS;Verts maternelles;dragon;26/06/2025;1;13.7935;0;0;0;0;
D06;Acheter d’occasion plutôt que neuf;Courses;VERTS;Verts maternelles;dragon;03/07/2025;1;0.017374;0;0.183462;0;0.134615385;
E01;Acheter juste ce dont on a besoin;Courses;VERTS;Verts maternelles;dragon;03/07/2025;1;0.027408;0;0;0;0.134615385;
E03;Acheter des produits recyclables et utiliser les bacs de tri;Déchets;VERTS;Verts maternelles;dragon;03/07/2025;1;0.15988;0;0;0;0;
D02;Tout manger ce qu'il y a dans nos assiettes (cantine, maison);Déchets;VERTS;Verts maternelles;dragon;03/07/2025;1;2.453511;0;1.390385;0;1.390384615;
W04;Fermer ses volets quand il fait froid et nuit;Electricité;VERTS;Verts maternelles;dragon;03/07/2025;1;0.006501;16.5;0;0;0;
E04;Eteindre les appareils électriques lorsqu'on ne s'en sert pas (Télé, ordinateur...);Electricité;VERTS;Verts maternelles;dragon;03/07/2025;1;0.15988;0;1;0;0;
D05;Récupérer l'eau de pluie pour arroser;Eau;VERTS;Verts maternelles;dragon;03/07/2025;1;0.000239;0;0.134615;35;0;
W02;Ne pas gaspiller l'eau de son verre;Eau;VERTS;Verts maternelles;dragon;03/07/2025;1;0.05;28;0;35;0;
E08;Fermer le robinet quand on se brosse les dents;Eau;VERTS;Verts maternelles;dragon;03/07/2025;1;0.000173;0;0;28;0;
D11;Ne pas prendre sa voiture si c'est possble : préférer la marche et le vélo (pour les petits trajets), le covoiturage…;Transport;VERTS;Verts maternelles;patpatrouille;18/06/2025;1;0.38;0;0.67;0;0;
D06;Réduire son temps devant les écrans (Télé, ordinateurs, tablette, jeux vidéos...);Electricité;VERTS;Verts maternelles;patpatrouille;18/06/2025;1;0.017374;0;0.183462;0;0;
C01;Eteindre les lumières quand on quitte une pièce ou si il fait jour dehors;Electricité;VERTS;Verts maternelles;patpatrouille;18/06/2025;1;13.7935;0;0;0;0;
D10;Couper l’eau quand on se savonne les mains;Eau;VERTS;Verts maternelles;patpatrouille;18/06/2025;1;0.54243;0;0.21;12.6;0;
D09;Eviter de prendre des bains (préférer la douche rapide);Eau;VERTS;Verts maternelles;patpatrouille;18/06/2025;1;0.0623;0;1.75;357;0;
T06;Ne pas tuer les petites bêtes et les remettre dehors (c'est la nourriture de oiseaux);Biodiversité;VERTS;Verts maternelles;patpatrouille;18/06/2025;1;1.518;0;0;0;0;
W03;Préférer les produits réutilisables plutôt que jetables;Courses;VERTS;Verts maternelles;patpatrouille;18/06/2025;1;0.004964;12.6;0;0;0;
E01;Acheter juste ce dont on a besoin;Courses;VERTS;Verts maternelles;patpatrouille;18/06/2025;1;0.027408;0;0;0;0.134615385;
E03;Acheter des produits recyclables et utiliser les bacs de tri;Déchets;VERTS;Verts maternelles;patpatrouille;18/06/2025;1;0.15988;0;0;0;0;
D02;Tout manger ce qu'il y a dans nos assiettes (cantine, maison);Déchets;VERTS;Verts maternelles;patpatrouille;18/06/2025;1;2.453511;0;1.390385;0;1.390384615;
W04;Fermer ses volets quand il fait froid et nuit;Electricité;VERTS;Verts maternelles;belle;19/06/2025;1;0.006501;16.5;0;0;0;
E04;Eteindre les appareils électriques lorsqu'on ne s'en sert pas (Télé, ordinateur...);Electricité;VERTS;Verts maternelles;belle;19/06/2025;1;0.15988;0;1;0;0;
D05;Récupérer l'eau de pluie pour arroser;Eau;VERTS;Verts maternelles;belle;19/06/2025;1;0.000239;0;0.134615;35;0;
W02;Ne pas gaspiller l'eau de son verre;Eau;VERTS;Verts maternelles;belle;19/06/2025;1;0.05;28;0;35;0;
E08;Fermer le robinet quand on se brosse les dents;Eau;VERTS;Verts maternelles;belle;19/06/2025;1;0.000173;0;0;28;0;
T04;Acheter des produits avec moins d'emballages (éviter emballages individuels);Courses;VERTS;Verts maternelles;belle;19/06/2025;1;0.506;0;0;0;34.86;
W03;Préférer les produits réutilisables plutôt que jetables;Courses;VERTS;Verts maternelles;belle;19/06/2025;1;0.004964;12.6;0;0;0;
E08;Acheter des fruits ou légumes de saison;Courses;VERTS;Verts maternelles;belle;19/06/2025;1;0.000173;0;0;0;0;
E08;Ramasser les papiers et les déchets par terre pour les mettre à la poubelle;Déchets;VERTS;Verts maternelles;belle;19/06/2025;1;0.000173;0;0;0;0.1;
T06;Ne pas tuer les petites bêtes et les remettre dehors (c'est la nourriture de oiseaux);Biodiversité;VERTS;Verts maternelles;dragon;19/06/2025;1;1.518;0;0;0;0;
D06;Acheter d’occasion plutôt que neuf;Courses;VERTS;Verts maternelles;dragon;19/06/2025;1;0.017374;0;0.183462;0;0.134615385;
E01;Acheter juste ce dont on a besoin;Courses;VERTS;Verts maternelles;dragon;19/06/2025;1;0.027408;0;0;0;0.134615385;
E03;Acheter des produits recyclables et utiliser les bacs de tri;Déchets;VERTS;Verts maternelles;dragon;19/06/2025;1;0.15988;0;0;0;0;
D02;Tout manger ce qu'il y a dans nos assiettes (cantine, maison);Déchets;VERTS;Verts maternelles;dragon;19/06/2025;1;2.453511;0;1.390385;0;1.390384615;
W04;Fermer ses volets quand il fait froid et nuit;Electricité;VERTS;Verts maternelles;dragon;19/06/2025;1;0.006501;16.5;0;0;0;
E04;Eteindre les appareils électriques lorsqu'on ne s'en sert pas (Télé, ordinateur...);Electricité;VERTS;Verts maternelles;dragon;19/06/2025;1;0.15988;0;1;0;0;
D05;Récupérer l'eau de pluie pour arroser;Eau;VERTS;Verts maternelles;dragon;19/06/2025;1;0.000239;0;0.134615;35;0;
W02;Ne pas gaspiller l'eau de son verre;Eau;VERTS;Verts maternelles;dragon;19/06/2025;1;0.05;28;0;35;0;
E08;Fermer le robinet quand on se brosse les dents;Eau;VERTS;Verts maternelles;dragon;19/06/2025;1;0.000173;0;0;28;0;
W04;Fermer ses volets quand il fait froid et nuit;Electricité;VERTS;Verts maternelles;vaiana;30/06/2025;1;0.006501;16.5;0;0;0;
E04;Eteindre les appareils électriques lorsqu'on ne s'en sert pas (Télé, ordinateur...);Electricité;VERTS;Verts maternelles;vaiana;30/06/2025;1;0.15988;0;1;0;0;
D05;Récupérer l'eau de pluie pour arroser;Eau;VERTS;Verts maternelles;vaiana;30/06/2025;1;0.000239;0;0.134615;35;0;
W02;Ne pas gaspiller l'eau de son verre;Eau;VERTS;Verts maternelles;vaiana;30/06/2025;1;0.05;28;0;35;0;
E08;Fermer le robinet quand on se brosse les dents;Eau;VERTS;Verts maternelles;vaiana;30/06/2025;1;0.000173;0;0;28;0;
T04;Acheter des produits avec moins d'emballages (éviter emballages individuels);Courses;VERTS;Verts maternelles;vaiana;30/06/2025;1;0.506;0;0;0;34.86;
E01;Acheter juste ce dont on a besoin;Courses;VERTS;Verts maternelles;vaiana;30/06/2025;1;0.027408;0;0;0;0.134615385;
E08;Ramasser les papiers et les déchets par terre pour les mettre à la poubelle;Déchets;VERTS;Verts maternelles;vaiana;30/06/2025;1;0.000173;0;0;0;0.1;
E03;Acheter des produits recyclables et utiliser les bacs de tri;Déchets;VERTS;Verts maternelles;patpatrouille;25/06/2025;1;0.15988;0;0;0;0;
D02;Tout manger ce qu'il y a dans nos assiettes (cantine, maison);Déchets;VERTS;Verts maternelles;patpatrouille;25/06/2025;1;2.453511;0;1.390385;0;1.390384615;
W04;Fermer ses volets quand il fait froid et nuit;Electricité;VERTS;Verts maternelles;patpatrouille;25/06/2025;1;0.006501;16.5;0;0;0;
D06;Réduire son temps devant les écrans (Télé, ordinateurs, tablette, jeux vidéos...);Electricité;VERTS;Verts maternelles;patpatrouille;25/06/2025;1;0.017374;0;0.183462;0;0;
D05;Récupérer l'eau de pluie pour arroser;Eau;VERTS;Verts maternelles;patpatrouille;25/06/2025;1;0.000239;0;0.134615;35;0;
W02;Ne pas gaspiller l'eau de son verre;Eau;VERTS;Verts maternelles;patpatrouille;25/06/2025;1;0.05;28;0;35;0;
E08;Fermer le robinet quand on se brosse les dents;Eau;VERTS;Verts maternelles;patpatrouille;25/06/2025;1;0.000173;0;0;28;0;
T04;Acheter des produits avec moins d'emballages (éviter emballages individuels);Courses;VERTS;Verts maternelles;patpatrouille;25/06/2025;1;0.506;0;0;0;34.86;
W03;Préférer les produits réutilisables plutôt que jetables;Courses;VERTS;Verts maternelles;patpatrouille;25/06/2025;1;0.004964;12.6;0;0;0;
E08;Acheter des fruits ou légumes de saison;Courses;VERTS;Verts maternelles;patpatrouille;25/06/2025;1;0.000173;0;0;0;0;
D10;Couper l’eau quand on se savonne les mains;Eau;VERTS;Verts maternelles;dragon;26/06/2025;1;0.54243;0;0.21;12.6;0;
D09;Eviter de prendre des bains (préférer la douche rapide);Eau;VERTS;Verts maternelles;dragon;26/06/2025;1;0.0623;0;1.75;357;0;
T06;Ne pas tuer les petites bêtes et les remettre dehors (c'est la nourriture de oiseaux);Biodiversité;VERTS;Verts maternelles;dragon;26/06/2025;1;1.518;0;0;0;0;
D06;Acheter d’occasion plutôt que neuf;Courses;VERTS;Verts maternelles;dragon;26/06/2025;1;0.017374;0;0.183462;0;0.134615385;
E01;Acheter juste ce dont on a besoin;Courses;VERTS;Verts maternelles;dragon;26/06/2025;1;0.027408;0;0;0;0.134615385;
E03;Acheter des produits recyclables et utiliser les bacs de tri;Déchets;VERTS;Verts maternelles;dragon;26/06/2025;1;0.15988;0;0;0;0;
D02;Tout manger ce qu'il y a dans nos assiettes (cantine, maison);Déchets;VERTS;Verts maternelles;dragon;26/06/2025;1;2.453511;0;1.390385;0;1.390384615;
W04;Fermer ses volets quand il fait froid et nuit;Electricité;VERTS;Verts maternelles;dragon;26/06/2025;1;0.006501;16.5;0;0;0;
E04;Eteindre les appareils électriques lorsqu'on ne s'en sert pas (Télé, ordinateur...);Electricité;VERTS;Verts maternelles;dragon;26/06/2025;1;0.15988;0;1;0;0;
T04;Acheter des produits avec moins d'emballages (éviter emballages individuels);Courses;VERTS;Verts maternelles;dragon;03/07/2025;1;0.506;0;0;0;34.86;
W03;Préférer les produits réutilisables plutôt que jetables;Courses;VERTS;Verts maternelles;dragon;03/07/2025;1;0.004964;12.6;0;0;0;
E08;Acheter des fruits ou légumes de saison;Courses;VERTS;Verts maternelles;dragon;03/07/2025;1;0.000173;0;0;0;0;
E08;Ramasser les papiers et les déchets par terre pour les mettre à la poubelle;Déchets;VERTS;Verts maternelles;dragon;03/07/2025;1;0.000173;0;0;0;0.1;
D11;Ne pas prendre sa voiture si c'est possble : préférer la marche et le vélo (pour les petits trajets), le covoiturage…;Transport;VERTS;Verts maternelles;dragon;03/07/2025;1;0.38;0;0.67;0;0;
D06;Réduire son temps devant les écrans (Télé, ordinateurs, tablette, jeux vidéos...);Electricité;VERTS;Verts maternelles;dragon;03/07/2025;1;0.017374;0;0.183462;0;0;
C01;Eteindre les lumières quand on quitte une pièce ou si il fait jour dehors;Electricité;VERTS;Verts maternelles;dragon;03/07/2025;1;13.7935;0;0;0;0;
D10;Couper l’eau quand on se savonne les mains;Eau;VERTS;Verts maternelles;dragon;03/07/2025;1;0.54243;0;0.21;12.6;0;
D09;Eviter de prendre des bains (préférer la douche rapide);Eau;VERTS;Verts maternelles;dragon;03/07/2025;1;0.0623;0;1.75;357;0;
T06;Ne pas tuer les petites bêtes et les remettre dehors (c'est la nourriture de oiseaux);Biodiversité;VERTS;Verts maternelles;dragon;03/07/2025;1;1.518;0;0;0;0;
D11;Ne pas prendre sa voiture si c'est possble : préférer la marche et le vélo (pour les petits trajets), le covoiturage…;Transport;JAUNES;Jaunes maternelles;spéculoos;28/11/2024;1;0.38;0;0.67;0;0;
W04;Fermer ses volets quand il fait froid et nuit;Electricité;JAUNES;Jaunes maternelles;spéculoos;28/11/2024;1;0.006501;16.5;0;0;0;
D06;Réduire son temps devant les écrans (Télé, ordinateurs, tablette, jeux vidéos...);Electricité;JAUNES;Jaunes maternelles;spéculoos;28/11/2024;1;0.017374;0;0.183462;0;0;
E04;Eteindre les appareils électriques lorsqu'on ne s'en sert pas (Télé, ordinateur...);Electricité;JAUNES;Jaunes maternelles;spéculoos;28/11/2024;1;0.15988;0;1;0;0;
C01;Eteindre les lumières quand on quitte une pièce ou si il fait jour dehors;Electricité;JAUNES;Jaunes maternelles;spéculoos;28/11/2024;1;13.7935;0;0;0;0;
D05;Récupérer l'eau de pluie pour arroser;Eau;JAUNES;Jaunes maternelles;spéculoos;28/11/2024;1;0.000239;0;0.134615;35;0;
D10;Couper l’eau quand on se savonne les mains;Eau;JAUNES;Jaunes maternelles;spéculoos;28/11/2024;1;0.54243;0;0.21;12.6;0;
W02;Ne pas gaspiller l'eau de son verre;Eau;JAUNES;Jaunes maternelles;spéculoos;28/11/2024;1;0.05;28;0;35;0;
D09;Eviter de prendre des bains (préférer la douche rapide);Eau;JAUNES;Jaunes maternelles;spéculoos;28/11/2024;1;0.0623;0;1.75;357;0;
E08;Fermer le robinet quand on se brosse les dents;Eau;JAUNES;Jaunes maternelles;spéculoos;28/11/2024;1;0.000173;0;0;28;0;
T06;Ne pas tuer les petites bêtes et les remettre dehors (c'est la nourriture de oiseaux);Biodiversité;JAUNES;Jaunes maternelles;spéculoos;28/11/2024;1;1.518;0;0;0;0;
W03;Préférer les produits réutilisables plutôt que jetables;Courses;JAUNES;Jaunes maternelles;spéculoos;28/11/2024;1;0.004964;12.6;0;0;0;
E01;Acheter juste ce dont on a besoin;Courses;JAUNES;Jaunes maternelles;spéculoos;28/11/2024;1;0.027408;0;0;0;0.134615385;
E08;Acheter des fruits ou légumes de saison;Courses;JAUNES;Jaunes maternelles;spéculoos;28/11/2024;1;0.000173;0;0;0;0;
E03;Acheter des produits recyclables et utiliser les bacs de tri;Déchets;JAUNES;Jaunes maternelles;spéculoos;28/11/2024;1;0.15988;0;0;0;0;
D11;Ne pas prendre sa voiture si c'est possble : préférer la marche et le vélo (pour les petits trajets), le covoiturage…;Transport;JAUNES;Jaunes maternelles;spéculoos;05/12/2024;1;0.38;0;0.67;0;0;
W04;Fermer ses volets quand il fait froid et nuit;Electricité;JAUNES;Jaunes maternelles;spéculoos;05/12/2024;1;0.006501;16.5;0;0;0;
D06;Réduire son temps devant les écrans (Télé, ordinateurs, tablette, jeux vidéos...);Electricité;JAUNES;Jaunes maternelles;spéculoos;05/12/2024;1;0.017374;0;0.183462;0;0;
E04;Eteindre les appareils électriques lorsqu'on ne s'en sert pas (Télé, ordinateur...);Electricité;JAUNES;Jaunes maternelles;spéculoos;05/12/2024;1;0.15988;0;1;0;0;
D05;Récupérer l'eau de pluie pour arroser;Eau;JAUNES;Jaunes maternelles;spéculoos;05/12/2024;1;0.000239;0;0.134615;35;0;
D10;Couper l’eau quand on se savonne les mains;Eau;JAUNES;Jaunes maternelles;spéculoos;05/12/2024;1;0.54243;0;0.21;12.6;0;
W02;Ne pas gaspiller l'eau de son verre;Eau;JAUNES;Jaunes maternelles;spéculoos;05/12/2024;1;0.05;28;0;35;0;
D09;Eviter de prendre des bains (préférer la douche rapide);Eau;JAUNES;Jaunes maternelles;spéculoos;05/12/2024;1;0.0623;0;1.75;357;0;
E08;Fermer le robinet quand on se brosse les dents;Eau;JAUNES;Jaunes maternelles;spéculoos;05/12/2024;1;0.000173;0;0;28;0;
T06;Ne pas tuer les petites bêtes et les remettre dehors (c'est la nourriture de oiseaux);Biodiversité;JAUNES;Jaunes maternelles;spéculoos;05/12/2024;1;1.518;0;0;0;0;
W03;Préférer les produits réutilisables plutôt que jetables;Courses;JAUNES;Jaunes maternelles;spéculoos;05/12/2024;1;0.004964;12.6;0;0;0;
E01;Acheter juste ce dont on a besoin;Courses;JAUNES;Jaunes maternelles;spéculoos;05/12/2024;1;0.027408;0;0;0;0.134615385;
E08;Acheter des fruits ou légumes de saison;Courses;JAUNES;Jaunes maternelles;spéculoos;05/12/2024;1;0.000173;0;0;0;0;
E03;Acheter des produits recyclables et utiliser les bacs de tri;Déchets;JAUNES;Jaunes maternelles;spéculoos;05/12/2024;1;0.15988;0;0;0;0;
W04;Fermer ses volets quand il fait froid et nuit;Electricité;JAUNES;Jaunes maternelles;spéculoos;12/12/2024;1;0.006501;16.5;0;0;0;
D06;Réduire son temps devant les écrans (Télé, ordinateurs, tablette, jeux vidéos...);Electricité;JAUNES;Jaunes maternelles;spéculoos;12/12/2024;1;0.017374;0;0.183462;0;0;
E04;Eteindre les appareils électriques lorsqu'on ne s'en sert pas (Télé, ordinateur...);Electricité;JAUNES;Jaunes maternelles;spéculoos;12/12/2024;1;0.15988;0;1;0;0;
C01;Eteindre les lumières quand on quitte une pièce ou si il fait jour dehors;Electricité;JAUNES;Jaunes maternelles;spéculoos;12/12/2024;1;13.7935;0;0;0;0;
D05;Récupérer l'eau de pluie pour arroser;Eau;JAUNES;Jaunes maternelles;spéculoos;12/12/2024;1;0.000239;0;0.134615;35;0;
D10;Couper l’eau quand on se savonne les mains;Eau;JAUNES;Jaunes maternelles;spéculoos;12/12/2024;1;0.54243;0;0.21;12.6;0;
W02;Ne pas gaspiller l'eau de son verre;Eau;JAUNES;Jaunes maternelles;spéculoos;12/12/2024;1;0.05;28;0;35;0;
D09;Eviter de prendre des bains (préférer la douche rapide);Eau;JAUNES;Jaunes maternelles;spéculoos;12/12/2024;1;0.0623;0;1.75;357;0;
E08;Fermer le robinet quand on se brosse les dents;Eau;JAUNES;Jaunes maternelles;spéculoos;12/12/2024;1;0.000173;0;0;28;0;
T06;Ne pas tuer les petites bêtes et les remettre dehors (c'est la nourriture de oiseaux);Biodiversité;JAUNES;Jaunes maternelles;spéculoos;12/12/2024;1;1.518;0;0;0;0;
T04;Acheter des produits avec moins d'emballages (éviter emballages individuels);Courses;JAUNES;Jaunes maternelles;spéculoos;12/12/2024;1;0.506;0;0;0;34.86;
D06;Acheter d’occasion plutôt que neuf;Courses;JAUNES;Jaunes maternelles;spéculoos;12/12/2024;1;0.017374;0;0.183462;0;0.134615385;
W03;Préférer les produits réutilisables plutôt que jetables;Courses;JAUNES;Jaunes maternelles;spéculoos;12/12/2024;1;0.004964;12.6;0;0;0;
E01;Acheter juste ce dont on a besoin;Courses;JAUNES;Jaunes maternelles;spéculoos;12/12/2024;1;0.027408;0;0;0;0.134615385;
E08;Acheter des fruits ou légumes de saison;Courses;JAUNES;Jaunes maternelles;spéculoos;12/12/2024;1;0.000173;0;0;0;0;
E03;Acheter des produits recyclables et utiliser les bacs de tri;Déchets;JAUNES;Jaunes maternelles;spéculoos;12/12/2024;1;0.15988;0;0;0;0;
D02;Tout manger ce qu'il y a dans nos assiettes (cantine, maison);Déchets;JAUNES;Jaunes maternelles;spéculoos;12/12/2024;1;2.453511;0;1.390385;0;1.390384615;
W04;Fermer ses volets quand il fait froid et nuit;Electricité;JAUNES;Jaunes maternelles;spéculoos;19/12/2024;1;0.006501;16.5;0;0;0;
D06;Réduire son temps devant les écrans (Télé, ordinateurs, tablette, jeux vidéos...);Electricité;JAUNES;Jaunes maternelles;spéculoos;19/12/2024;1;0.017374;0;0.183462;0;0;
E04;Eteindre les appareils électriques lorsqu'on ne s'en sert pas (Télé, ordinateur...);Electricité;JAUNES;Jaunes maternelles;spéculoos;19/12/2024;1;0.15988;0;1;0;0;
C01;Eteindre les lumières quand on quitte une pièce ou si il fait jour dehors;Electricité;JAUNES;Jaunes maternelles;spéculoos;19/12/2024;1;13.7935;0;0;0;0;
D05;Récupérer l'eau de pluie pour arroser;Eau;JAUNES;Jaunes maternelles;spéculoos;19/12/2024;1;0.000239;0;0.134615;35;0;
D10;Couper l’eau quand on se savonne les mains;Eau;JAUNES;Jaunes maternelles;spéculoos;19/12/2024;1;0.54243;0;0.21;12.6;0;
W02;Ne pas gaspiller l'eau de son verre;Eau;JAUNES;Jaunes maternelles;spéculoos;19/12/2024;1;0.05;28;0;35;0;
D09;Eviter de prendre des bains (préférer la douche rapide);Eau;JAUNES;Jaunes maternelles;spéculoos;19/12/2024;1;0.0623;0;1.75;357;0;
E08;Fermer le robinet quand on se brosse les dents;Eau;JAUNES;Jaunes maternelles;spéculoos;19/12/2024;1;0.000173;0;0;28;0;
T06;Ne pas tuer les petites bêtes et les remettre dehors (c'est la nourriture de oiseaux);Biodiversité;JAUNES;Jaunes maternelles;spéculoos;19/12/2024;1;1.518;0;0;0;0;
T04;Acheter des produits avec moins d'emballages (éviter emballages individuels);Courses;JAUNES;Jaunes maternelles;spéculoos;19/12/2024;1;0.506;0;0;0;34.86;
D06;Acheter d’occasion plutôt que neuf;Courses;JAUNES;Jaunes maternelles;spéculoos;19/12/2024;1;0.017374;0;0.183462;0;0.134615385;
W03;Préférer les produits réutilisables plutôt que jetables;Courses;JAUNES;Jaunes maternelles;spéculoos;19/12/2024;1;0.004964;12.6;0;0;0;
E01;Acheter juste ce dont on a besoin;Courses;JAUNES;Jaunes maternelles;spéculoos;19/12/2024;1;0.027408;0;0;0;0.134615385;
E08;Acheter des fruits ou légumes de saison;Courses;JAUNES;Jaunes maternelles;spéculoos;19/12/2024;1;0.000173;0;0;0;0;
E03;Acheter des produits recyclables et utiliser les bacs de tri;Déchets;JAUNES;Jaunes maternelles;spéculoos;19/12/2024;1;0.15988;0;0;0;0;
D02;Tout manger ce qu'il y a dans nos assiettes (cantine, maison);Déchets;JAUNES;Jaunes maternelles;spéculoos;19/12/2024;1;2.453511;0;1.390385;0;1.390384615;
W04;Fermer ses volets quand il fait froid et nuit;Electricité;JAUNES;Jaunes maternelles;guimauve;26/01/2025;1;0.006501;16.5;0;0;0;
D06;Réduire son temps devant les écrans (Télé, ordinateurs, tablette, jeux vidéos...);Electricité;JAUNES;Jaunes maternelles;chantilly;09/01/2025;1;0.017374;0;0.183462;0;0;
C01;Eteindre les lumières quand on quitte une pièce ou si il fait jour dehors;Electricité;JAUNES;Jaunes maternelles;chantilly;09/01/2025;1;13.7935;0;0;0;0;
E04;Eteindre les appareils électriques lorsqu'on ne s'en sert pas (Télé, ordinateur...);Electricité;JAUNES;Jaunes maternelles;guimauve;26/01/2025;1;0.15988;0;1;0;0;
D05;Récupérer l'eau de pluie pour arroser;Eau;JAUNES;Jaunes maternelles;chantilly;09/01/2025;1;0.000239;0;0.134615;35;0;
D09;Eviter de prendre des bains (préférer la douche rapide);Eau;JAUNES;Jaunes maternelles;chantilly;09/01/2025;1;0.0623;0;1.75;357;0;
D10;Couper l’eau quand on se savonne les mains;Eau;JAUNES;Jaunes maternelles;guimauve;26/01/2025;1;0.54243;0;0.21;12.6;0;
D09;Eviter de prendre des bains (préférer la douche rapide);Eau;JAUNES;Jaunes maternelles;guimauve;26/01/2025;1;0.0623;0;1.75;357;0;
T04;Acheter des produits avec moins d'emballages (éviter emballages individuels);Courses;JAUNES;Jaunes maternelles;guimauve;26/01/2025;1;0.506;0;0;0;34.86;
W03;Préférer les produits réutilisables plutôt que jetables;Courses;JAUNES;Jaunes maternelles;guimauve;26/01/2025;1;0.004964;12.6;0;0;0;
E08;Acheter des fruits ou légumes de saison;Courses;JAUNES;Jaunes maternelles;guimauve;26/01/2025;1;0.000173;0;0;0;0;
E08;Ramasser les papiers et les déchets par terre pour les mettre à la poubelle;Déchets;JAUNES;Jaunes maternelles;guimauve;26/01/2025;1;0.000173;0;0;0;0.1;
W04;Fermer ses volets quand il fait froid et nuit;Electricité;JAUNES;Jaunes maternelles;crème de marron;26/01/2025;1;0.006501;16.5;0;0;0;
E04;Eteindre les appareils électriques lorsqu'on ne s'en sert pas (Télé, ordinateur...);Electricité;JAUNES;Jaunes maternelles;crème de marron;26/01/2025;1;0.15988;0;1;0;0;
D05;Récupérer l'eau de pluie pour arroser;Eau;JAUNES;Jaunes maternelles;crème de marron;26/01/2025;1;0.000239;0;0.134615;35;0;
W02;Ne pas gaspiller l'eau de son verre;Eau;JAUNES;Jaunes maternelles;crème de marron;26/01/2025;1;0.05;28;0;35;0;
E08;Fermer le robinet quand on se brosse les dents;Eau;JAUNES;Jaunes maternelles;crème de marron;26/01/2025;1;0.000173;0;0;28;0;
D06;Acheter d’occasion plutôt que neuf;Courses;JAUNES;Jaunes maternelles;crème de marron;26/01/2025;1;0.017374;0;0.183462;0;0.134615385;
W04;Fermer ses volets quand il fait froid et nuit;Electricité;JAUNES;Jaunes maternelles;chantilly;09/01/2025;1;0.006501;16.5;0;0;0;
E04;Eteindre les appareils électriques lorsqu'on ne s'en sert pas (Télé, ordinateur...);Electricité;JAUNES;Jaunes maternelles;chantilly;09/01/2025;1;0.15988;0;1;0;0;
D11;Ne pas prendre sa voiture si c'est possble : préférer la marche et le vélo (pour les petits trajets), le covoiturage…;Transport;JAUNES;Jaunes maternelles;chantilly;09/01/2025;1;0.38;0;0.67;0;0;
D10;Couper l’eau quand on se savonne les mains;Eau;JAUNES;Jaunes maternelles;chantilly;09/01/2025;1;0.54243;0;0.21;12.6;0;
D06;Acheter d’occasion plutôt que neuf;Courses;JAUNES;Jaunes maternelles;chantilly;09/01/2025;1;0.017374;0;0.183462;0;0.134615385;
D11;Ne pas prendre sa voiture si c'est possble : préférer la marche et le vélo (pour les petits trajets), le covoiturage…;Transport;JAUNES;Jaunes maternelles;spéculoos;09/01/2025;1;0.38;0;0.67;0;0;
W04;Fermer ses volets quand il fait froid et nuit;Electricité;JAUNES;Jaunes maternelles;spéculoos;09/01/2025;1;0.006501;16.5;0;0;0;
D06;Réduire son temps devant les écrans (Télé, ordinateurs, tablette, jeux vidéos...);Electricité;JAUNES;Jaunes maternelles;spéculoos;09/01/2025;1;0.017374;0;0.183462;0;0;
E04;Eteindre les appareils électriques lorsqu'on ne s'en sert pas (Télé, ordinateur...);Electricité;JAUNES;Jaunes maternelles;spéculoos;09/01/2025;1;0.15988;0;1;0;0;
D05;Récupérer l'eau de pluie pour arroser;Eau;JAUNES;Jaunes maternelles;spéculoos;09/01/2025;1;0.000239;0;0.134615;35;0;
D10;Couper l’eau quand on se savonne les mains;Eau;JAUNES;Jaunes maternelles;spéculoos;09/01/2025;1;0.54243;0;0.21;12.6;0;
W02;Ne pas gaspiller l'eau de son verre;Eau;JAUNES;Jaunes maternelles;spéculoos;09/01/2025;1;0.05;28;0;35;0;
D09;Eviter de prendre des bains (préférer la douche rapide);Eau;JAUNES;Jaunes maternelles;spéculoos;09/01/2025;1;0.0623;0;1.75;357;0;
E08;Fermer le robinet quand on se brosse les dents;Eau;JAUNES;Jaunes maternelles;spéculoos;09/01/2025;1;0.000173;0;0;28;0;
T06;Ne pas tuer les petites bêtes et les remettre dehors (c'est la nourriture de oiseaux);Biodiversité;JAUNES;Jaunes maternelles;spéculoos;09/01/2025;1;1.518;0;0;0;0;
D06;Acheter d’occasion plutôt que neuf;Courses;JAUNES;Jaunes maternelles;spéculoos;09/01/2025;1;0.017374;0;0.183462;0;0.134615385;
W03;Préférer les produits réutilisables plutôt que jetables;Courses;JAUNES;Jaunes maternelles;spéculoos;09/01/2025;1;0.004964;12.6;0;0;0;
E01;Acheter juste ce dont on a besoin;Courses;JAUNES;Jaunes maternelles;spéculoos;09/01/2025;1;0.027408;0;0;0;0.134615385;
E08;Acheter des fruits ou légumes de saison;Courses;JAUNES;Jaunes maternelles;spéculoos;09/01/2025;1;0.000173;0;0;0;0;
E03;Acheter des produits recyclables et utiliser les bacs de tri;Déchets;JAUNES;Jaunes maternelles;spéculoos;09/01/2025;1;0.15988;0;0;0;0;
D02;Tout manger ce qu'il y a dans nos assiettes (cantine, maison);Déchets;JAUNES;Jaunes maternelles;spéculoos;09/01/2025;1;2.453511;0;1.390385;0;1.390384615;
D11;Ne pas prendre sa voiture si c'est possble : préférer la marche et le vélo (pour les petits trajets), le covoiturage…;Transport;JAUNES;Jaunes maternelles;guimauve;09/01/2025;1;0.38;0;0.67;0;0;
W04;Fermer ses volets quand il fait froid et nuit;Electricité;JAUNES;Jaunes maternelles;guimauve;09/01/2025;1;0.006501;16.5;0;0;0;
D06;Réduire son temps devant les écrans (Télé, ordinateurs, tablette, jeux vidéos...);Electricité;JAUNES;Jaunes maternelles;guimauve;09/01/2025;1;0.017374;0;0.183462;0;0;
C01;Eteindre les lumières quand on quitte une pièce ou si il fait jour dehors;Electricité;JAUNES;Jaunes maternelles;guimauve;09/01/2025;1;13.7935;0;0;0;0;
E04;Eteindre les appareils électriques lorsqu'on ne s'en sert pas (Télé, ordinateur...);Electricité;JAUNES;Jaunes maternelles;guimauve;09/01/2025;1;0.15988;0;1;0;0;
D10;Couper l’eau quand on se savonne les mains;Eau;JAUNES;Jaunes maternelles;guimauve;09/01/2025;1;0.54243;0;0.21;12.6;0;
W02;Ne pas gaspiller l'eau de son verre;Eau;JAUNES;Jaunes maternelles;guimauve;09/01/2025;1;0.05;28;0;35;0;
D09;Eviter de prendre des bains (préférer la douche rapide);Eau;JAUNES;Jaunes maternelles;guimauve;09/01/2025;1;0.0623;0;1.75;357;0;
E08;Fermer le robinet quand on se brosse les dents;Eau;JAUNES;Jaunes maternelles;guimauve;09/01/2025;1;0.000173;0;0;28;0;
T06;Ne pas tuer les petites bêtes et les remettre dehors (c'est la nourriture de oiseaux);Biodiversité;JAUNES;Jaunes maternelles;guimauve;09/01/2025;1;1.518;0;0;0;0;
T04;Acheter des produits avec moins d'emballages (éviter emballages individuels);Courses;JAUNES;Jaunes maternelles;guimauve;09/01/2025;1;0.506;0;0;0;34.86;
W03;Préférer les produits réutilisables plutôt que jetables;Courses;JAUNES;Jaunes maternelles;guimauve;09/01/2025;1;0.004964;12.6;0;0;0;
E01;Acheter juste ce dont on a besoin;Courses;JAUNES;Jaunes maternelles;guimauve;09/01/2025;1;0.027408;0;0;0;0.134615385;
E08;Acheter des fruits ou légumes de saison;Courses;JAUNES;Jaunes maternelles;guimauve;09/01/2025;1;0.000173;0;0;0;0;
E03;Acheter des produits recyclables et utiliser les bacs de tri;Déchets;JAUNES;Jaunes maternelles;guimauve;09/01/2025;1;0.15988;0;0;0;0;
E08;Ramasser les papiers et les déchets par terre pour les mettre à la poubelle;Déchets;JAUNES;Jaunes maternelles;guimauve;09/01/2025;1;0.000173;0;0;0;0.1;
D02;Tout manger ce qu'il y a dans nos assiettes (cantine, maison);Déchets;JAUNES;Jaunes maternelles;guimauve;09/01/2025;1;2.453511;0;1.390385;0;1.390384615;
D06;Réduire son temps devant les écrans (Télé, ordinateurs, tablette, jeux vidéos...);Electricité;JAUNES;Jaunes maternelles;guimauve;26/01/2025;1;0.017374;0;0.183462;0;0;
C01;Eteindre les lumières quand on quitte une pièce ou si il fait jour dehors;Electricité;JAUNES;Jaunes maternelles;guimauve;26/01/2025;1;13.7935;0;0;0;0;
W02;Ne pas gaspiller l'eau de son verre;Eau;JAUNES;Jaunes maternelles;guimauve;26/01/2025;1;0.05;28;0;35;0;
E08;Fermer le robinet quand on se brosse les dents;Eau;JAUNES;Jaunes maternelles;guimauve;26/01/2025;1;0.000173;0;0;28;0;
D06;Acheter d’occasion plutôt que neuf;Courses;JAUNES;Jaunes maternelles;guimauve;26/01/2025;1;0.017374;0;0.183462;0;0.134615385;
E01;Acheter juste ce dont on a besoin;Courses;JAUNES;Jaunes maternelles;guimauve;26/01/2025;1;0.027408;0;0;0;0.134615385;
E03;Acheter des produits recyclables et utiliser les bacs de tri;Déchets;JAUNES;Jaunes maternelles;guimauve;26/01/2025;1;0.15988;0;0;0;0;
D02;Tout manger ce qu'il y a dans nos assiettes (cantine, maison);Déchets;JAUNES;Jaunes maternelles;guimauve;26/01/2025;1;2.453511;0;1.390385;0;1.390384615;
D06;Réduire son temps devant les écrans (Télé, ordinateurs, tablette, jeux vidéos...);Electricité;JAUNES;Jaunes maternelles;crème de marron;26/01/2025;1;0.017374;0;0.183462;0;0;
C01;Eteindre les lumières quand on quitte une pièce ou si il fait jour dehors;Electricité;JAUNES;Jaunes maternelles;crème de marron;26/01/2025;1;13.7935;0;0;0;0;
D10;Couper l’eau quand on se savonne les mains;Eau;JAUNES;Jaunes maternelles;crème de marron;26/01/2025;1;0.54243;0;0.21;12.6;0;
D09;Eviter de prendre des bains (préférer la douche rapide);Eau;JAUNES;Jaunes maternelles;crème de marron;26/01/2025;1;0.0623;0;1.75;357;0;
T06;Ne pas tuer les petites bêtes et les remettre dehors (c'est la nourriture de oiseaux);Biodiversité;JAUNES;Jaunes maternelles;crème de marron;26/01/2025;1;1.518;0;0;0;0;
E04;Eteindre les appareils électriques lorsqu'on ne s'en sert pas (Télé, ordinateur...);Electricité;JAUNES;Jaunes maternelles;chocolat;04/02/2025;1;0.15988;0;1;0;0;
D05;Récupérer l'eau de pluie pour arroser;Eau;JAUNES;Jaunes maternelles;chocolat;04/02/2025;1;0.000239;0;0.134615;35;0;
D09;Eviter de prendre des bains (préférer la douche rapide);Eau;JAUNES;Jaunes maternelles;chocolat;04/02/2025;1;0.0623;0;1.75;357;0;
E08;Fermer le robinet quand on se brosse les dents;Eau;JAUNES;Jaunes maternelles;chocolat;04/02/2025;1;0.000173;0;0;28;0;
T04;Acheter des produits avec moins d'emballages (éviter emballages individuels);Courses;JAUNES;Jaunes maternelles;chocolat;04/02/2025;1;0.506;0;0;0;34.86;
W03;Préférer les produits réutilisables plutôt que jetables;Courses;JAUNES;Jaunes maternelles;chocolat;04/02/2025;1;0.004964;12.6;0;0;0;
E08;Acheter des fruits ou légumes de saison;Courses;JAUNES;Jaunes maternelles;chocolat;04/02/2025;1;0.000173;0;0;0;0;
E08;Ramasser les papiers et les déchets par terre pour les mettre à la poubelle;Déchets;JAUNES;Jaunes maternelles;chocolat;04/02/2025;1;0.000173;0;0;0;0.1;
W04;Fermer ses volets quand il fait froid et nuit;Electricité;JAUNES;Jaunes maternelles;guimauve;13/01/2025;1;0.006501;16.5;0;0;0;
D06;Réduire son temps devant les écrans (Télé, ordinateurs, tablette, jeux vidéos...);Electricité;JAUNES;Jaunes maternelles;guimauve;13/01/2025;1;0.017374;0;0.183462;0;0;
E04;Eteindre les appareils électriques lorsqu'on ne s'en sert pas (Télé, ordinateur...);Electricité;JAUNES;Jaunes maternelles;guimauve;13/01/2025;1;0.15988;0;1;0;0;
C01;Eteindre les lumières quand on quitte une pièce ou si il fait jour dehors;Electricité;JAUNES;Jaunes maternelles;guimauve;13/01/2025;1;13.7935;0;0;0;0;
D10;Couper l’eau quand on se savonne les mains;Eau;JAUNES;Jaunes maternelles;guimauve;13/01/2025;1;0.54243;0;0.21;12.6;0;
W02;Ne pas gaspiller l'eau de son verre;Eau;JAUNES;Jaunes maternelles;guimauve;13/01/2025;1;0.05;28;0;35;0;
D09;Eviter de prendre des bains (préférer la douche rapide);Eau;JAUNES;Jaunes maternelles;guimauve;13/01/2025;1;0.0623;0;1.75;357;0;
E08;Fermer le robinet quand on se brosse les dents;Eau;JAUNES;Jaunes maternelles;guimauve;13/01/2025;1;0.000173;0;0;28;0;
T04;Acheter des produits avec moins d'emballages (éviter emballages individuels);Courses;JAUNES;Jaunes maternelles;guimauve;13/01/2025;1;0.506;0;0;0;34.86;
D06;Acheter d’occasion plutôt que neuf;Courses;JAUNES;Jaunes maternelles;guimauve;13/01/2025;1;0.017374;0;0.183462;0;0.134615385;
W03;Préférer les produits réutilisables plutôt que jetables;Courses;JAUNES;Jaunes maternelles;guimauve;13/01/2025;1;0.004964;12.6;0;0;0;
E01;Acheter juste ce dont on a besoin;Courses;JAUNES;Jaunes maternelles;guimauve;13/01/2025;1;0.027408;0;0;0;0.134615385;
E08;Acheter des fruits ou légumes de saison;Courses;JAUNES;Jaunes maternelles;guimauve;13/01/2025;1;0.000173;0;0;0;0;
E03;Acheter des produits recyclables et utiliser les bacs de tri;Déchets;JAUNES;Jaunes maternelles;guimauve;13/01/2025;1;0.15988;0;0;0;0;
D02;Tout manger ce qu'il y a dans nos assiettes (cantine, maison);Déchets;JAUNES;Jaunes maternelles;guimauve;13/01/2025;1;2.453511;0;1.390385;0;1.390384615;
E08;Ramasser les papiers et les déchets par terre pour les mettre à la poubelle;Déchets;JAUNES;Jaunes maternelles;guimauve;13/01/2025;1;0.000173;0;0;0;0.1;
W04;Fermer ses volets quand il fait froid et nuit;Electricité;JAUNES;Jaunes maternelles;spéculoos;16/01/2025;1;0.006501;16.5;0;0;0;
E04;Eteindre les appareils électriques lorsqu'on ne s'en sert pas (Télé, ordinateur...);Electricité;JAUNES;Jaunes maternelles;spéculoos;16/01/2025;1;0.15988;0;1;0;0;
C01;Eteindre les lumières quand on quitte une pièce ou si il fait jour dehors;Electricité;JAUNES;Jaunes maternelles;spéculoos;16/01/2025;1;13.7935;0;0;0;0;
D05;Récupérer l'eau de pluie pour arroser;Eau;JAUNES;Jaunes maternelles;spéculoos;16/01/2025;1;0.000239;0;0.134615;35;0;
D10;Couper l’eau quand on se savonne les mains;Eau;JAUNES;Jaunes maternelles;spéculoos;16/01/2025;1;0.54243;0;0.21;12.6;0;
W02;Ne pas gaspiller l'eau de son verre;Eau;JAUNES;Jaunes maternelles;spéculoos;16/01/2025;1;0.05;28;0;35;0;
D09;Eviter de prendre des bains (préférer la douche rapide);Eau;JAUNES;Jaunes maternelles;spéculoos;16/01/2025;1;0.0623;0;1.75;357;0;
E08;Fermer le robinet quand on se brosse les dents;Eau;JAUNES;Jaunes maternelles;spéculoos;16/01/2025;1;0.000173;0;0;28;0;
T06;Ne pas tuer les petites bêtes et les remettre dehors (c'est la nourriture de oiseaux);Biodiversité;JAUNES;Jaunes maternelles;spéculoos;16/01/2025;1;1.518;0;0;0;0;
D06;Acheter d’occasion plutôt que neuf;Courses;JAUNES;Jaunes maternelles;spéculoos;16/01/2025;1;0.017374;0;0.183462;0;0.134615385;
W03;Préférer les produits réutilisables plutôt que jetables;Courses;JAUNES;Jaunes maternelles;spéculoos;16/01/2025;1;0.004964;12.6;0;0;0;
E01;Acheter juste ce dont on a besoin;Courses;JAUNES;Jaunes maternelles;spéculoos;16/01/2025;1;0.027408;0;0;0;0.134615385;
E08;Acheter des fruits ou légumes de saison;Courses;JAUNES;Jaunes maternelles;spéculoos;16/01/2025;1;0.000173;0;0;0;0;
E03;Acheter des produits recyclables et utiliser les bacs de tri;Déchets;JAUNES;Jaunes maternelles;spéculoos;16/01/2025;1;0.15988;0;0;0;0;
D02;Tout manger ce qu'il y a dans nos assiettes (cantine, maison);Déchets;JAUNES;Jaunes maternelles;spéculoos;16/01/2025;1;2.453511;0;1.390385;0;1.390384615;
W03;Préférer les produits réutilisables plutôt que jetables;Courses;JAUNES;Jaunes maternelles;crème de marron;26/01/2025;1;0.004964;12.6;0;0;0;
E08;Acheter des fruits ou légumes de saison;Courses;JAUNES;Jaunes maternelles;crème de marron;26/01/2025;1;0.000173;0;0;0;0;
E08;Ramasser les papiers et les déchets par terre pour les mettre à la poubelle;Déchets;JAUNES;Jaunes maternelles;crème de marron;26/01/2025;1;0.000173;0;0;0;0.1;
W04;Fermer ses volets quand il fait froid et nuit;Electricité;JAUNES;Jaunes maternelles;chocolat;26/01/2025;1;0.006501;16.5;0;0;0;
E04;Eteindre les appareils électriques lorsqu'on ne s'en sert pas (Télé, ordinateur...);Electricité;JAUNES;Jaunes maternelles;chocolat;26/01/2025;1;0.15988;0;1;0;0;
D05;Récupérer l'eau de pluie pour arroser;Eau;JAUNES;Jaunes maternelles;chocolat;26/01/2025;1;0.000239;0;0.134615;35;0;
W02;Ne pas gaspiller l'eau de son verre;Eau;JAUNES;Jaunes maternelles;chocolat;26/01/2025;1;0.05;28;0;35;0;
E08;Fermer le robinet quand on se brosse les dents;Eau;JAUNES;Jaunes maternelles;chocolat;26/01/2025;1;0.000173;0;0;28;0;
T04;Acheter des produits avec moins d'emballages (éviter emballages individuels);Courses;JAUNES;Jaunes maternelles;chocolat;26/01/2025;1;0.506;0;0;0;34.86;
W03;Préférer les produits réutilisables plutôt que jetables;Courses;JAUNES;Jaunes maternelles;chocolat;26/01/2025;1;0.004964;12.6;0;0;0;
E08;Acheter des fruits ou légumes de saison;Courses;JAUNES;Jaunes maternelles;chocolat;26/01/2025;1;0.000173;0;0;0;0;
E08;Ramasser les papiers et les déchets par terre pour les mettre à la poubelle;Déchets;JAUNES;Jaunes maternelles;chocolat;26/01/2025;1;0.000173;0;0;0;0.1;
C01;Eteindre les lumières quand on quitte une pièce ou si il fait jour dehors;Electricité;JAUNES;Jaunes maternelles;chocolat;04/02/2025;1;13.7935;0;0;0;0;
D10;Couper l’eau quand on se savonne les mains;Eau;JAUNES;Jaunes maternelles;chocolat;04/02/2025;1;0.54243;0;0.21;12.6;0;
W02;Ne pas gaspiller l'eau de son verre;Eau;JAUNES;Jaunes maternelles;chocolat;04/02/2025;1;0.05;28;0;35;0;
T06;Ne pas tuer les petites bêtes et les remettre dehors (c'est la nourriture de oiseaux);Biodiversité;JAUNES;Jaunes maternelles;chocolat;04/02/2025;1;1.518;0;0;0;0;
D06;Acheter d’occasion plutôt que neuf;Courses;JAUNES;Jaunes maternelles;chocolat;04/02/2025;1;0.017374;0;0.183462;0;0.134615385;
E01;Acheter juste ce dont on a besoin;Courses;JAUNES;Jaunes maternelles;chocolat;04/02/2025;1;0.027408;0;0;0;0.134615385;
E03;Acheter des produits recyclables et utiliser les bacs de tri;Déchets;JAUNES;Jaunes maternelles;chocolat;04/02/2025;1;0.15988;0;0;0;0;
D02;Tout manger ce qu'il y a dans nos assiettes (cantine, maison);Déchets;JAUNES;Jaunes maternelles;chocolat;04/02/2025;1;2.453511;0;1.390385;0;1.390384615;
W04;Fermer ses volets quand il fait froid et nuit;Electricité;JAUNES;Jaunes maternelles;guimauve;19/01/2025;1;0.006501;16.5;0;0;0;
E04;Eteindre les appareils électriques lorsqu'on ne s'en sert pas (Télé, ordinateur...);Electricité;JAUNES;Jaunes maternelles;guimauve;19/01/2025;1;0.15988;0;1;0;0;
E01;Acheter juste ce dont on a besoin;Courses;JAUNES;Jaunes maternelles;crème de marron;26/01/2025;1;0.027408;0;0;0;0.134615385;
E08;Fermer le robinet quand on se brosse les dents;Eau;JAUNES;Jaunes maternelles;guimauve;19/01/2025;1;0.000173;0;0;28;0;
T06;Ne pas tuer les petites bêtes et les remettre dehors (c'est la nourriture de oiseaux);Biodiversité;JAUNES;Jaunes maternelles;guimauve;19/01/2025;1;1.518;0;0;0;0;
D06;Acheter d’occasion plutôt que neuf;Courses;JAUNES;Jaunes maternelles;guimauve;19/01/2025;1;0.017374;0;0.183462;0;0.134615385;
E01;Acheter juste ce dont on a besoin;Courses;JAUNES;Jaunes maternelles;guimauve;19/01/2025;1;0.027408;0;0;0;0.134615385;
E03;Acheter des produits recyclables et utiliser les bacs de tri;Déchets;JAUNES;Jaunes maternelles;guimauve;19/01/2025;1;0.15988;0;0;0;0;
D02;Tout manger ce qu'il y a dans nos assiettes (cantine, maison);Déchets;JAUNES;Jaunes maternelles;guimauve;19/01/2025;1;2.453511;0;1.390385;0;1.390384615;
E03;Acheter des produits recyclables et utiliser les bacs de tri;Déchets;JAUNES;Jaunes maternelles;crème de marron;26/01/2025;1;0.15988;0;0;0;0;
W04;Fermer ses volets quand il fait froid et nuit;Electricité;JAUNES;Jaunes maternelles;chocolat;19/01/2025;1;0.006501;16.5;0;0;0;
C01;Eteindre les lumières quand on quitte une pièce ou si il fait jour dehors;Electricité;JAUNES;Jaunes maternelles;chocolat;19/01/2025;1;13.7935;0;0;0;0;
D10;Couper l’eau quand on se savonne les mains;Eau;JAUNES;Jaunes maternelles;chocolat;19/01/2025;1;0.54243;0;0.21;12.6;0;
D09;Eviter de prendre des bains (préférer la douche rapide);Eau;JAUNES;Jaunes maternelles;chocolat;19/01/2025;1;0.0623;0;1.75;357;0;
T06;Ne pas tuer les petites bêtes et les remettre dehors (c'est la nourriture de oiseaux);Biodiversité;JAUNES;Jaunes maternelles;chocolat;19/01/2025;1;1.518;0;0;0;0;
D06;Acheter d’occasion plutôt que neuf;Courses;JAUNES;Jaunes maternelles;chocolat;19/01/2025;1;0.017374;0;0.183462;0;0.134615385;
E01;Acheter juste ce dont on a besoin;Courses;JAUNES;Jaunes maternelles;chocolat;19/01/2025;1;0.027408;0;0;0;0.134615385;
E03;Acheter des produits recyclables et utiliser les bacs de tri;Déchets;JAUNES;Jaunes maternelles;chocolat;19/01/2025;1;0.15988;0;0;0;0;
D11;Ne pas prendre sa voiture si c'est possble : préférer la marche et le vélo (pour les petits trajets), le covoiturage…;Transport;JAUNES;Jaunes maternelles;crème de marron;26/01/2025;1;0.38;0;0.67;0;0;
D11;Ne pas prendre sa voiture si c'est possble : préférer la marche et le vélo (pour les petits trajets), le covoiturage…;Transport;JAUNES;Jaunes maternelles;chocolat;26/01/2025;1;0.38;0;0.67;0;0;
D06;Réduire son temps devant les écrans (Télé, ordinateurs, tablette, jeux vidéos...);Electricité;JAUNES;Jaunes maternelles;chocolat;26/01/2025;1;0.017374;0;0.183462;0;0;
C01;Eteindre les lumières quand on quitte une pièce ou si il fait jour dehors;Electricité;JAUNES;Jaunes maternelles;chocolat;26/01/2025;1;13.7935;0;0;0;0;
D10;Couper l’eau quand on se savonne les mains;Eau;JAUNES;Jaunes maternelles;chocolat;26/01/2025;1;0.54243;0;0.21;12.6;0;
D09;Eviter de prendre des bains (préférer la douche rapide);Eau;JAUNES;Jaunes maternelles;chocolat;26/01/2025;1;0.0623;0;1.75;357;0;
T06;Ne pas tuer les petites bêtes et les remettre dehors (c'est la nourriture de oiseaux);Biodiversité;JAUNES;Jaunes maternelles;chocolat;26/01/2025;1;1.518;0;0;0;0;
D06;Acheter d’occasion plutôt que neuf;Courses;JAUNES;Jaunes maternelles;chocolat;26/01/2025;1;0.017374;0;0.183462;0;0.134615385;
E01;Acheter juste ce dont on a besoin;Courses;JAUNES;Jaunes maternelles;chocolat;26/01/2025;1;0.027408;0;0;0;0.134615385;
E03;Acheter des produits recyclables et utiliser les bacs de tri;Déchets;JAUNES;Jaunes maternelles;chocolat;26/01/2025;1;0.15988;0;0;0;0;
D02;Tout manger ce qu'il y a dans nos assiettes (cantine, maison);Déchets;JAUNES;Jaunes maternelles;chocolat;26/01/2025;1;2.453511;0;1.390385;0;1.390384615;
W04;Fermer ses volets quand il fait froid et nuit;Electricité;JAUNES;Jaunes maternelles;crème de marron;07/02/2025;1;0.006501;16.5;0;0;0;
E04;Eteindre les appareils électriques lorsqu'on ne s'en sert pas (Télé, ordinateur...);Electricité;JAUNES;Jaunes maternelles;crème de marron;07/02/2025;1;0.15988;0;1;0;0;
D05;Récupérer l'eau de pluie pour arroser;Eau;JAUNES;Jaunes maternelles;crème de marron;07/02/2025;1;0.000239;0;0.134615;35;0;
D09;Eviter de prendre des bains (préférer la douche rapide);Eau;JAUNES;Jaunes maternelles;crème de marron;07/02/2025;1;0.0623;0;1.75;357;0;
T06;Ne pas tuer les petites bêtes et les remettre dehors (c'est la nourriture de oiseaux);Biodiversité;JAUNES;Jaunes maternelles;crème de marron;07/02/2025;1;1.518;0;0;0;0;
W03;Préférer les produits réutilisables plutôt que jetables;Courses;JAUNES;Jaunes maternelles;crème de marron;07/02/2025;1;0.004964;12.6;0;0;0;
E08;Acheter des fruits ou légumes de saison;Courses;JAUNES;Jaunes maternelles;crème de marron;07/02/2025;1;0.000173;0;0;0;0;
D02;Tout manger ce qu'il y a dans nos assiettes (cantine, maison);Déchets;JAUNES;Jaunes maternelles;crème de marron;07/02/2025;1;2.453511;0;1.390385;0;1.390384615;
D11;Ne pas prendre sa voiture si c'est possble : préférer la marche et le vélo (pour les petits trajets), le covoiturage…;Transport;JAUNES;Jaunes maternelles;guimauve;02/03/2025;1;0.38;0;0.67;0;0;
W04;Fermer ses volets quand il fait froid et nuit;Electricité;JAUNES;Jaunes maternelles;guimauve;02/03/2025;1;0.006501;16.5;0;0;0;
D06;Réduire son temps devant les écrans (Télé, ordinateurs, tablette, jeux vidéos...);Electricité;JAUNES;Jaunes maternelles;guimauve;02/03/2025;1;0.017374;0;0.183462;0;0;
E04;Eteindre les appareils électriques lorsqu'on ne s'en sert pas (Télé, ordinateur...);Electricité;JAUNES;Jaunes maternelles;guimauve;02/03/2025;1;0.15988;0;1;0;0;
C01;Eteindre les lumières quand on quitte une pièce ou si il fait jour dehors;Electricité;JAUNES;Jaunes maternelles;guimauve;02/03/2025;1;13.7935;0;0;0;0;
D05;Récupérer l'eau de pluie pour arroser;Eau;JAUNES;Jaunes maternelles;guimauve;02/03/2025;1;0.000239;0;0.134615;35;0;
D10;Couper l’eau quand on se savonne les mains;Eau;JAUNES;Jaunes maternelles;guimauve;02/03/2025;1;0.54243;0;0.21;12.6;0;
W02;Ne pas gaspiller l'eau de son verre;Eau;JAUNES;Jaunes maternelles;guimauve;02/03/2025;1;0.05;28;0;35;0;
D09;Eviter de prendre des bains (préférer la douche rapide);Eau;JAUNES;Jaunes maternelles;guimauve;02/03/2025;1;0.0623;0;1.75;357;0;
E08;Fermer le robinet quand on se brosse les dents;Eau;JAUNES;Jaunes maternelles;guimauve;02/03/2025;1;0.000173;0;0;28;0;
T06;Ne pas tuer les petites bêtes et les remettre dehors (c'est la nourriture de oiseaux);Biodiversité;JAUNES;Jaunes maternelles;guimauve;02/03/2025;1;1.518;0;0;0;0;
T04;Acheter des produits avec moins d'emballages (éviter emballages individuels);Courses;JAUNES;Jaunes maternelles;guimauve;02/03/2025;1;0.506;0;0;0;34.86;
D06;Acheter d’occasion plutôt que neuf;Courses;JAUNES;Jaunes maternelles;guimauve;02/03/2025;1;0.017374;0;0.183462;0;0.134615385;
W03;Préférer les produits réutilisables plutôt que jetables;Courses;JAUNES;Jaunes maternelles;guimauve;02/03/2025;1;0.004964;12.6;0;0;0;
E01;Acheter juste ce dont on a besoin;Courses;JAUNES;Jaunes maternelles;guimauve;02/03/2025;1;0.027408;0;0;0;0.134615385;
E08;Acheter des fruits ou légumes de saison;Courses;JAUNES;Jaunes maternelles;guimauve;02/03/2025;1;0.000173;0;0;0;0;
E03;Acheter des produits recyclables et utiliser les bacs de tri;Déchets;JAUNES;Jaunes maternelles;guimauve;02/03/2025;1;0.15988;0;0;0;0;
E08;Ramasser les papiers et les déchets par terre pour les mettre à la poubelle;Déchets;JAUNES;Jaunes maternelles;guimauve;02/03/2025;1;0.000173;0;0;0;0.1;
D02;Tout manger ce qu'il y a dans nos assiettes (cantine, maison);Déchets;JAUNES;Jaunes maternelles;guimauve;02/03/2025;1;2.453511;0;1.390385;0;1.390384615;
D06;Réduire son temps devant les écrans (Télé, ordinateurs, tablette, jeux vidéos...);Electricité;JAUNES;Jaunes maternelles;guimauve;19/01/2025;1;0.017374;0;0.183462;0;0;
C01;Eteindre les lumières quand on quitte une pièce ou si il fait jour dehors;Electricité;JAUNES;Jaunes maternelles;guimauve;19/01/2025;1;13.7935;0;0;0;0;
D10;Couper l’eau quand on se savonne les mains;Eau;JAUNES;Jaunes maternelles;guimauve;19/01/2025;1;0.54243;0;0.21;12.6;0;
W02;Ne pas gaspiller l'eau de son verre;Eau;JAUNES;Jaunes maternelles;guimauve;19/01/2025;1;0.05;28;0;35;0;
D09;Eviter de prendre des bains (préférer la douche rapide);Eau;JAUNES;Jaunes maternelles;guimauve;19/01/2025;1;0.0623;0;1.75;357;0;
T04;Acheter des produits avec moins d'emballages (éviter emballages individuels);Courses;JAUNES;Jaunes maternelles;guimauve;19/01/2025;1;0.506;0;0;0;34.86;
W03;Préférer les produits réutilisables plutôt que jetables;Courses;JAUNES;Jaunes maternelles;guimauve;19/01/2025;1;0.004964;12.6;0;0;0;
E08;Acheter des fruits ou légumes de saison;Courses;JAUNES;Jaunes maternelles;guimauve;19/01/2025;1;0.000173;0;0;0;0;
E08;Ramasser les papiers et les déchets par terre pour les mettre à la poubelle;Déchets;JAUNES;Jaunes maternelles;guimauve;19/01/2025;1;0.000173;0;0;0;0.1;
D11;Ne pas prendre sa voiture si c'est possble : préférer la marche et le vélo (pour les petits trajets), le covoiturage…;Transport;JAUNES;Jaunes maternelles;guimauve;19/01/2025;1;0.38;0;0.67;0;0;
D11;Ne pas prendre sa voiture si c'est possble : préférer la marche et le vélo (pour les petits trajets), le covoiturage…;Transport;JAUNES;Jaunes maternelles;chocolat;19/01/2025;1;0.38;0;0.67;0;0;
E04;Eteindre les appareils électriques lorsqu'on ne s'en sert pas (Télé, ordinateur...);Electricité;JAUNES;Jaunes maternelles;chocolat;19/01/2025;1;0.15988;0;1;0;0;
D05;Récupérer l'eau de pluie pour arroser;Eau;JAUNES;Jaunes maternelles;chocolat;19/01/2025;1;0.000239;0;0.134615;35;0;
W02;Ne pas gaspiller l'eau de son verre;Eau;JAUNES;Jaunes maternelles;chocolat;19/01/2025;1;0.05;28;0;35;0;
E08;Fermer le robinet quand on se brosse les dents;Eau;JAUNES;Jaunes maternelles;chocolat;19/01/2025;1;0.000173;0;0;28;0;
T04;Acheter des produits avec moins d'emballages (éviter emballages individuels);Courses;JAUNES;Jaunes maternelles;chocolat;19/01/2025;1;0.506;0;0;0;34.86;
W03;Préférer les produits réutilisables plutôt que jetables;Courses;JAUNES;Jaunes maternelles;chocolat;19/01/2025;1;0.004964;12.6;0;0;0;
E08;Acheter des fruits ou légumes de saison;Courses;JAUNES;Jaunes maternelles;chocolat;19/01/2025;1;0.000173;0;0;0;0;
E08;Ramasser les papiers et les déchets par terre pour les mettre à la poubelle;Déchets;JAUNES;Jaunes maternelles;chocolat;19/01/2025;1;0.000173;0;0;0;0.1;
W04;Fermer ses volets quand il fait froid et nuit;Electricité;JAUNES;Jaunes maternelles;nougatine;20/01/2025;1;0.006501;16.5;0;0;0;
D06;Réduire son temps devant les écrans (Télé, ordinateurs, tablette, jeux vidéos...);Electricité;JAUNES;Jaunes maternelles;nougatine;20/01/2025;1;0.017374;0;0.183462;0;0;
C01;Eteindre les lumières quand on quitte une pièce ou si il fait jour dehors;Electricité;JAUNES;Jaunes maternelles;nougatine;20/01/2025;1;13.7935;0;0;0;0;
E04;Eteindre les appareils électriques lorsqu'on ne s'en sert pas (Télé, ordinateur...);Electricité;JAUNES;Jaunes maternelles;nougatine;20/01/2025;1;0.15988;0;1;0;0;
D10;Couper l’eau quand on se savonne les mains;Eau;JAUNES;Jaunes maternelles;nougatine;20/01/2025;1;0.54243;0;0.21;12.6;0;
W02;Ne pas gaspiller l'eau de son verre;Eau;JAUNES;Jaunes maternelles;nougatine;20/01/2025;1;0.05;28;0;35;0;
D09;Eviter de prendre des bains (préférer la douche rapide);Eau;JAUNES;Jaunes maternelles;nougatine;20/01/2025;1;0.0623;0;1.75;357;0;
E08;Fermer le robinet quand on se brosse les dents;Eau;JAUNES;Jaunes maternelles;nougatine;20/01/2025;1;0.000173;0;0;28;0;
W03;Préférer les produits réutilisables plutôt que jetables;Courses;JAUNES;Jaunes maternelles;nougatine;20/01/2025;1;0.004964;12.6;0;0;0;
D06;Acheter d’occasion plutôt que neuf;Courses;JAUNES;Jaunes maternelles;nougatine;20/01/2025;1;0.017374;0;0.183462;0;0.134615385;
E08;Acheter des fruits ou légumes de saison;Courses;JAUNES;Jaunes maternelles;nougatine;20/01/2025;1;0.000173;0;0;0;0;
E03;Acheter des produits recyclables et utiliser les bacs de tri;Déchets;JAUNES;Jaunes maternelles;nougatine;20/01/2025;1;0.15988;0;0;0;0;
E08;Ramasser les papiers et les déchets par terre pour les mettre à la poubelle;Déchets;JAUNES;Jaunes maternelles;nougatine;20/01/2025;1;0.000173;0;0;0;0.1;
D02;Tout manger ce qu'il y a dans nos assiettes (cantine, maison);Déchets;JAUNES;Jaunes maternelles;nougatine;20/01/2025;1;2.453511;0;1.390385;0;1.390384615;
D06;Réduire son temps devant les écrans (Télé, ordinateurs, tablette, jeux vidéos...);Electricité;JAUNES;Jaunes maternelles;spéculoos;28/01/2025;1;0.017374;0;0.183462;0;0;
D05;Récupérer l'eau de pluie pour arroser;Eau;JAUNES;Jaunes maternelles;spéculoos;28/01/2025;1;0.000239;0;0.134615;35;0;
W02;Ne pas gaspiller l'eau de son verre;Eau;JAUNES;Jaunes maternelles;spéculoos;28/01/2025;1;0.05;28;0;35;0;
E08;Fermer le robinet quand on se brosse les dents;Eau;JAUNES;Jaunes maternelles;spéculoos;28/01/2025;1;0.000173;0;0;28;0;
D06;Acheter d’occasion plutôt que neuf;Courses;JAUNES;Jaunes maternelles;spéculoos;28/01/2025;1;0.017374;0;0.183462;0;0.134615385;
E01;Acheter juste ce dont on a besoin;Courses;JAUNES;Jaunes maternelles;spéculoos;28/01/2025;1;0.027408;0;0;0;0.134615385;
E03;Acheter des produits recyclables et utiliser les bacs de tri;Déchets;JAUNES;Jaunes maternelles;spéculoos;28/01/2025;1;0.15988;0;0;0;0;
W04;Fermer ses volets quand il fait froid et nuit;Electricité;JAUNES;Jaunes maternelles;spéculoos;28/01/2025;1;0.006501;16.5;0;0;0;
D06;Réduire son temps devant les écrans (Télé, ordinateurs, tablette, jeux vidéos...);Electricité;JAUNES;Jaunes maternelles;crème de marron;07/02/2025;1;0.017374;0;0.183462;0;0;
C01;Eteindre les lumières quand on quitte une pièce ou si il fait jour dehors;Electricité;JAUNES;Jaunes maternelles;crème de marron;07/02/2025;1;13.7935;0;0;0;0;
D10;Couper l’eau quand on se savonne les mains;Eau;JAUNES;Jaunes maternelles;crème de marron;07/02/2025;1;0.54243;0;0.21;12.6;0;
E08;Fermer le robinet quand on se brosse les dents;Eau;JAUNES;Jaunes maternelles;crème de marron;07/02/2025;1;0.000173;0;0;28;0;
D06;Acheter d’occasion plutôt que neuf;Courses;JAUNES;Jaunes maternelles;crème de marron;07/02/2025;1;0.017374;0;0.183462;0;0.134615385;
E01;Acheter juste ce dont on a besoin;Courses;JAUNES;Jaunes maternelles;crème de marron;07/02/2025;1;0.027408;0;0;0;0.134615385;
E08;Ramasser les papiers et les déchets par terre pour les mettre à la poubelle;Déchets;JAUNES;Jaunes maternelles;crème de marron;07/02/2025;1;0.000173;0;0;0;0.1;
D11;Ne pas prendre sa voiture si c'est possble : préférer la marche et le vélo (pour les petits trajets), le covoiturage…;Transport;JAUNES;Jaunes maternelles;spéculoos;28/01/2025;1;0.38;0;0.67;0;0;
E04;Eteindre les appareils électriques lorsqu'on ne s'en sert pas (Télé, ordinateur...);Electricité;JAUNES;Jaunes maternelles;spéculoos;28/01/2025;1;0.15988;0;1;0;0;
D10;Couper l’eau quand on se savonne les mains;Eau;JAUNES;Jaunes maternelles;spéculoos;28/01/2025;1;0.54243;0;0.21;12.6;0;
D09;Eviter de prendre des bains (préférer la douche rapide);Eau;JAUNES;Jaunes maternelles;spéculoos;28/01/2025;1;0.0623;0;1.75;357;0;
T06;Ne pas tuer les petites bêtes et les remettre dehors (c'est la nourriture de oiseaux);Biodiversité;JAUNES;Jaunes maternelles;spéculoos;28/01/2025;1;1.518;0;0;0;0;
W03;Préférer les produits réutilisables plutôt que jetables;Courses;JAUNES;Jaunes maternelles;spéculoos;28/01/2025;1;0.004964;12.6;0;0;0;
E08;Acheter des fruits ou légumes de saison;Courses;JAUNES;Jaunes maternelles;spéculoos;28/01/2025;1;0.000173;0;0;0;0;
D02;Tout manger ce qu'il y a dans nos assiettes (cantine, maison);Déchets;JAUNES;Jaunes maternelles;spéculoos;28/01/2025;1;2.453511;0;1.390385;0;1.390384615;
C01;Eteindre les lumières quand on quitte une pièce ou si il fait jour dehors;Electricité;JAUNES;Jaunes maternelles;spéculoos;28/01/2025;1;13.7935;0;0;0;0;
D11;Ne pas prendre sa voiture si c'est possble : préférer la marche et le vélo (pour les petits trajets), le covoiturage…;Transport;JAUNES;Jaunes maternelles;nougatine;05/02/2025;1;0.38;0;0.67;0;0;
T04;Acheter des produits avec moins d'emballages (éviter emballages individuels);Courses;JAUNES;Jaunes maternelles;nougatine;05/02/2025;1;0.506;0;0;0;34.86;
E01;Acheter juste ce dont on a besoin;Courses;JAUNES;Jaunes maternelles;nougatine;05/02/2025;1;0.027408;0;0;0;0.134615385;
E08;Ramasser les papiers et les déchets par terre pour les mettre à la poubelle;Déchets;JAUNES;Jaunes maternelles;nougatine;05/02/2025;1;0.000173;0;0;0;0.1;
W04;Fermer ses volets quand il fait froid et nuit;Electricité;JAUNES;Jaunes maternelles;guimauve;02/02/2025;1;0.006501;16.5;0;0;0;
E04;Eteindre les appareils électriques lorsqu'on ne s'en sert pas (Télé, ordinateur...);Electricité;JAUNES;Jaunes maternelles;guimauve;02/02/2025;1;0.15988;0;1;0;0;
D05;Récupérer l'eau de pluie pour arroser;Eau;JAUNES;Jaunes maternelles;guimauve;02/02/2025;1;0.000239;0;0.134615;35;0;
W02;Ne pas gaspiller l'eau de son verre;Eau;JAUNES;Jaunes maternelles;guimauve;02/02/2025;1;0.05;28;0;35;0;
D09;Eviter de prendre des bains (préférer la douche rapide);Eau;JAUNES;Jaunes maternelles;guimauve;02/02/2025;1;0.0623;0;1.75;357;0;
T04;Acheter des produits avec moins d'emballages (éviter emballages individuels);Courses;JAUNES;Jaunes maternelles;guimauve;02/02/2025;1;0.506;0;0;0;34.86;
W03;Préférer les produits réutilisables plutôt que jetables;Courses;JAUNES;Jaunes maternelles;guimauve;02/02/2025;1;0.004964;12.6;0;0;0;
E08;Acheter des fruits ou légumes de saison;Courses;JAUNES;Jaunes maternelles;guimauve;02/02/2025;1;0.000173;0;0;0;0;
E08;Ramasser les papiers et les déchets par terre pour les mettre à la poubelle;Déchets;JAUNES;Jaunes maternelles;guimauve;02/02/2025;1;0.000173;0;0;0;0.1;
W04;Fermer ses volets quand il fait froid et nuit;Electricité;JAUNES;Jaunes maternelles;nougatine;03/02/2025;1;0.006501;16.5;0;0;0;
E04;Eteindre les appareils électriques lorsqu'on ne s'en sert pas (Télé, ordinateur...);Electricité;JAUNES;Jaunes maternelles;nougatine;03/02/2025;1;0.15988;0;1;0;0;
D10;Couper l’eau quand on se savonne les mains;Eau;JAUNES;Jaunes maternelles;nougatine;03/02/2025;1;0.54243;0;0.21;12.6;0;
D09;Eviter de prendre des bains (préférer la douche rapide);Eau;JAUNES;Jaunes maternelles;nougatine;03/02/2025;1;0.0623;0;1.75;357;0;
T06;Ne pas tuer les petites bêtes et les remettre dehors (c'est la nourriture de oiseaux);Biodiversité;JAUNES;Jaunes maternelles;nougatine;03/02/2025;1;1.518;0;0;0;0;
W03;Préférer les produits réutilisables plutôt que jetables;Courses;JAUNES;Jaunes maternelles;nougatine;03/02/2025;1;0.004964;12.6;0;0;0;
E03;Acheter des produits recyclables et utiliser les bacs de tri;Déchets;JAUNES;Jaunes maternelles;nougatine;03/02/2025;1;0.15988;0;0;0;0;
D06;Réduire son temps devant les écrans (Télé, ordinateurs, tablette, jeux vidéos...);Electricité;JAUNES;Jaunes maternelles;spéculoos;04/02/2025;1;0.017374;0;0.183462;0;0;
C01;Eteindre les lumières quand on quitte une pièce ou si il fait jour dehors;Electricité;JAUNES;Jaunes maternelles;spéculoos;04/02/2025;1;13.7935;0;0;0;0;
D10;Couper l’eau quand on se savonne les mains;Eau;JAUNES;Jaunes maternelles;spéculoos;04/02/2025;1;0.54243;0;0.21;12.6;0;
D09;Eviter de prendre des bains (préférer la douche rapide);Eau;JAUNES;Jaunes maternelles;spéculoos;04/02/2025;1;0.0623;0;1.75;357;0;
T06;Ne pas tuer les petites bêtes et les remettre dehors (c'est la nourriture de oiseaux);Biodiversité;JAUNES;Jaunes maternelles;spéculoos;04/02/2025;1;1.518;0;0;0;0;
W03;Préférer les produits réutilisables plutôt que jetables;Courses;JAUNES;Jaunes maternelles;spéculoos;04/02/2025;1;0.004964;12.6;0;0;0;
E08;Acheter des fruits ou légumes de saison;Courses;JAUNES;Jaunes maternelles;spéculoos;04/02/2025;1;0.000173;0;0;0;0;
E08;Ramasser les papiers et les déchets par terre pour les mettre à la poubelle;Déchets;JAUNES;Jaunes maternelles;spéculoos;04/02/2025;1;0.000173;0;0;0;0.1;
D11;Ne pas prendre sa voiture si c'est possble : préférer la marche et le vélo (pour les petits trajets), le covoiturage…;Transport;JAUNES;Jaunes maternelles;chocolat;04/02/2025;1;0.38;0;0.67;0;0;
D02;Tout manger ce qu'il y a dans nos assiettes (cantine, maison);Déchets;JAUNES;Jaunes maternelles;nougatine;05/02/2025;1;2.453511;0;1.390385;0;1.390384615;
D11;Ne pas prendre sa voiture si c'est possble : préférer la marche et le vélo (pour les petits trajets), le covoiturage…;Transport;JAUNES;Jaunes maternelles;guimauve;02/02/2025;1;0.38;0;0.67;0;0;
D06;Réduire son temps devant les écrans (Télé, ordinateurs, tablette, jeux vidéos...);Electricité;JAUNES;Jaunes maternelles;guimauve;02/02/2025;1;0.017374;0;0.183462;0;0;
C01;Eteindre les lumières quand on quitte une pièce ou si il fait jour dehors;Electricité;JAUNES;Jaunes maternelles;guimauve;02/02/2025;1;13.7935;0;0;0;0;
D10;Couper l’eau quand on se savonne les mains;Eau;JAUNES;Jaunes maternelles;guimauve;02/02/2025;1;0.54243;0;0.21;12.6;0;
E08;Fermer le robinet quand on se brosse les dents;Eau;JAUNES;Jaunes maternelles;guimauve;02/02/2025;1;0.000173;0;0;28;0;
T06;Ne pas tuer les petites bêtes et les remettre dehors (c'est la nourriture de oiseaux);Biodiversité;JAUNES;Jaunes maternelles;guimauve;02/02/2025;1;1.518;0;0;0;0;
D06;Acheter d’occasion plutôt que neuf;Courses;JAUNES;Jaunes maternelles;guimauve;02/02/2025;1;0.017374;0;0.183462;0;0.134615385;
E01;Acheter juste ce dont on a besoin;Courses;JAUNES;Jaunes maternelles;guimauve;02/02/2025;1;0.027408;0;0;0;0.134615385;
E03;Acheter des produits recyclables et utiliser les bacs de tri;Déchets;JAUNES;Jaunes maternelles;guimauve;02/02/2025;1;0.15988;0;0;0;0;
D02;Tout manger ce qu'il y a dans nos assiettes (cantine, maison);Déchets;JAUNES;Jaunes maternelles;guimauve;02/02/2025;1;2.453511;0;1.390385;0;1.390384615;
D06;Réduire son temps devant les écrans (Télé, ordinateurs, tablette, jeux vidéos...);Electricité;JAUNES;Jaunes maternelles;nougatine;03/02/2025;1;0.017374;0;0.183462;0;0;
C01;Eteindre les lumières quand on quitte une pièce ou si il fait jour dehors;Electricité;JAUNES;Jaunes maternelles;nougatine;03/02/2025;1;13.7935;0;0;0;0;
W02;Ne pas gaspiller l'eau de son verre;Eau;JAUNES;Jaunes maternelles;nougatine;03/02/2025;1;0.05;28;0;35;0;
E08;Fermer le robinet quand on se brosse les dents;Eau;JAUNES;Jaunes maternelles;nougatine;03/02/2025;1;0.000173;0;0;28;0;
D06;Acheter d’occasion plutôt que neuf;Courses;JAUNES;Jaunes maternelles;nougatine;03/02/2025;1;0.017374;0;0.183462;0;0.134615385;
E08;Acheter des fruits ou légumes de saison;Courses;JAUNES;Jaunes maternelles;nougatine;03/02/2025;1;0.000173;0;0;0;0;
W04;Fermer ses volets quand il fait froid et nuit;Electricité;JAUNES;Jaunes maternelles;spéculoos;04/02/2025;1;0.006501;16.5;0;0;0;
E04;Eteindre les appareils électriques lorsqu'on ne s'en sert pas (Télé, ordinateur...);Electricité;JAUNES;Jaunes maternelles;spéculoos;04/02/2025;1;0.15988;0;1;0;0;
D05;Récupérer l'eau de pluie pour arroser;Eau;JAUNES;Jaunes maternelles;spéculoos;04/02/2025;1;0.000239;0;0.134615;35;0;
W02;Ne pas gaspiller l'eau de son verre;Eau;JAUNES;Jaunes maternelles;spéculoos;04/02/2025;1;0.05;28;0;35;0;
E08;Fermer le robinet quand on se brosse les dents;Eau;JAUNES;Jaunes maternelles;spéculoos;04/02/2025;1;0.000173;0;0;28;0;
D06;Acheter d’occasion plutôt que neuf;Courses;JAUNES;Jaunes maternelles;spéculoos;04/02/2025;1;0.017374;0;0.183462;0;0.134615385;
E01;Acheter juste ce dont on a besoin;Courses;JAUNES;Jaunes maternelles;spéculoos;04/02/2025;1;0.027408;0;0;0;0.134615385;
E03;Acheter des produits recyclables et utiliser les bacs de tri;Déchets;JAUNES;Jaunes maternelles;spéculoos;04/02/2025;1;0.15988;0;0;0;0;
D02;Tout manger ce qu'il y a dans nos assiettes (cantine, maison);Déchets;JAUNES;Jaunes maternelles;spéculoos;04/02/2025;1;2.453511;0;1.390385;0;1.390384615;
W04;Fermer ses volets quand il fait froid et nuit;Electricité;JAUNES;Jaunes maternelles;chocolat;04/02/2025;1;0.006501;16.5;0;0;0;
W04;Fermer ses volets quand il fait froid et nuit;Electricité;JAUNES;Jaunes maternelles;amande;07/03/2025;1;0.006501;16.5;0;0;0;
D10;Couper l’eau quand on se savonne les mains;Eau;JAUNES;Jaunes maternelles;amande;07/03/2025;1;0.54243;0;0.21;12.6;0;
D06;Acheter d’occasion plutôt que neuf;Courses;JAUNES;Jaunes maternelles;amande;07/03/2025;1;0.017374;0;0.183462;0;0.134615385;
E08;Ramasser les papiers et les déchets par terre pour les mettre à la poubelle;Déchets;JAUNES;Jaunes maternelles;amande;07/03/2025;1;0.000173;0;0;0;0.1;
E08;Fermer le robinet quand on se brosse les dents;Eau;JAUNES;Jaunes maternelles;amande;07/03/2025;1;0.000173;0;0;28;0;
E04;Eteindre les appareils électriques lorsqu'on ne s'en sert pas (Télé, ordinateur...);Electricité;JAUNES;Jaunes maternelles;amande;07/03/2025;1;0.15988;0;1;0;0;
D02;Tout manger ce qu'il y a dans nos assiettes (cantine, maison);Déchets;JAUNES;Jaunes maternelles;amande;07/03/2025;1;2.453511;0;1.390385;0;1.390384615;
D11;Ne pas prendre sa voiture si c'est possble : préférer la marche et le vélo (pour les petits trajets), le covoiturage…;Transport;JAUNES;Jaunes maternelles;amande;07/03/2025;1;0.38;0;0.67;0;0;
D06;Réduire son temps devant les écrans (Télé, ordinateurs, tablette, jeux vidéos...);Electricité;JAUNES;Jaunes maternelles;amande;07/03/2025;1;0.017374;0;0.183462;0;0;
T06;Ne pas tuer les petites bêtes et les remettre dehors (c'est la nourriture de oiseaux);Biodiversité;JAUNES;Jaunes maternelles;amande;07/03/2025;1;1.518;0;0;0;0;
E03;Acheter des produits recyclables et utiliser les bacs de tri;Déchets;JAUNES;Jaunes maternelles;amande;07/03/2025;1;0.15988;0;0;0;0;
D09;Eviter de prendre des bains (préférer la douche rapide);Eau;JAUNES;Jaunes maternelles;amande;07/03/2025;1;0.0623;0;1.75;357;0;
W02;Ne pas gaspiller l'eau de son verre;Eau;JAUNES;Jaunes maternelles;amande;07/03/2025;1;0.05;28;0;35;0;
C01;Eteindre les lumières quand on quitte une pièce ou si il fait jour dehors;Electricité;JAUNES;Jaunes maternelles;amande;07/03/2025;1;13.7935;0;0;0;0;
D11;Ne pas prendre sa voiture si c'est possble : préférer la marche et le vélo (pour les petits trajets), le covoiturage…;Transport;JAUNES;Jaunes maternelles;guimauve;09/03/2025;1;0.38;0;0.67;0;0;
D06;Réduire son temps devant les écrans (Télé, ordinateurs, tablette, jeux vidéos...);Electricité;JAUNES;Jaunes maternelles;guimauve;09/03/2025;1;0.017374;0;0.183462;0;0;
C01;Eteindre les lumières quand on quitte une pièce ou si il fait jour dehors;Electricité;JAUNES;Jaunes maternelles;guimauve;09/03/2025;1;13.7935;0;0;0;0;
D10;Couper l’eau quand on se savonne les mains;Eau;JAUNES;Jaunes maternelles;guimauve;09/03/2025;1;0.54243;0;0.21;12.6;0;
D09;Eviter de prendre des bains (préférer la douche rapide);Eau;JAUNES;Jaunes maternelles;guimauve;09/03/2025;1;0.0623;0;1.75;357;0;
T06;Ne pas tuer les petites bêtes et les remettre dehors (c'est la nourriture de oiseaux);Biodiversité;JAUNES;Jaunes maternelles;guimauve;09/03/2025;1;1.518;0;0;0;0;
D06;Acheter d’occasion plutôt que neuf;Courses;JAUNES;Jaunes maternelles;guimauve;09/03/2025;1;0.017374;0;0.183462;0;0.134615385;
E01;Acheter juste ce dont on a besoin;Courses;JAUNES;Jaunes maternelles;guimauve;09/03/2025;1;0.027408;0;0;0;0.134615385;
E03;Acheter des produits recyclables et utiliser les bacs de tri;Déchets;JAUNES;Jaunes maternelles;guimauve;09/03/2025;1;0.15988;0;0;0;0;
D02;Tout manger ce qu'il y a dans nos assiettes (cantine, maison);Déchets;JAUNES;Jaunes maternelles;guimauve;09/03/2025;1;2.453511;0;1.390385;0;1.390384615;
W04;Fermer ses volets quand il fait froid et nuit;Electricité;JAUNES;Jaunes maternelles;guimauve;06/04/2025;1;0.006501;16.5;0;0;0;
E04;Eteindre les appareils électriques lorsqu'on ne s'en sert pas (Télé, ordinateur...);Electricité;JAUNES;Jaunes maternelles;guimauve;06/04/2025;1;0.15988;0;1;0;0;
D05;Récupérer l'eau de pluie pour arroser;Eau;JAUNES;Jaunes maternelles;guimauve;06/04/2025;1;0.000239;0;0.134615;35;0;
W02;Ne pas gaspiller l'eau de son verre;Eau;JAUNES;Jaunes maternelles;guimauve;06/04/2025;1;0.05;28;0;35;0;
D09;Eviter de prendre des bains (préférer la douche rapide);Eau;JAUNES;Jaunes maternelles;guimauve;06/04/2025;1;0.0623;0;1.75;357;0;
T04;Acheter des produits avec moins d'emballages (éviter emballages individuels);Courses;JAUNES;Jaunes maternelles;guimauve;06/04/2025;1;0.506;0;0;0;34.86;
W03;Préférer les produits réutilisables plutôt que jetables;Courses;JAUNES;Jaunes maternelles;guimauve;06/04/2025;1;0.004964;12.6;0;0;0;
E01;Acheter juste ce dont on a besoin;Courses;JAUNES;Jaunes maternelles;guimauve;06/04/2025;1;0.027408;0;0;0;0.134615385;
E08;Ramasser les papiers et les déchets par terre pour les mettre à la poubelle;Déchets;JAUNES;Jaunes maternelles;guimauve;06/04/2025;1;0.000173;0;0;0;0.1;
D06;Réduire son temps devant les écrans (Télé, ordinateurs, tablette, jeux vidéos...);Electricité;JAUNES;Jaunes maternelles;chocolat;06/04/2025;1;0.017374;0;0.183462;0;0;
C01;Eteindre les lumières quand on quitte une pièce ou si il fait jour dehors;Electricité;JAUNES;Jaunes maternelles;chocolat;06/04/2025;1;13.7935;0;0;0;0;
D10;Couper l’eau quand on se savonne les mains;Eau;JAUNES;Jaunes maternelles;chocolat;06/04/2025;1;0.54243;0;0.21;12.6;0;
D09;Eviter de prendre des bains (préférer la douche rapide);Eau;JAUNES;Jaunes maternelles;chocolat;06/04/2025;1;0.0623;0;1.75;357;0;
T06;Ne pas tuer les petites bêtes et les remettre dehors (c'est la nourriture de oiseaux);Biodiversité;JAUNES;Jaunes maternelles;chocolat;06/04/2025;1;1.518;0;0;0;0;
D06;Acheter d’occasion plutôt que neuf;Courses;JAUNES;Jaunes maternelles;chocolat;06/04/2025;1;0.017374;0;0.183462;0;0.134615385;
E01;Acheter juste ce dont on a besoin;Courses;JAUNES;Jaunes maternelles;chocolat;06/04/2025;1;0.027408;0;0;0;0.134615385;
E03;Acheter des produits recyclables et utiliser les bacs de tri;Déchets;JAUNES;Jaunes maternelles;chocolat;06/04/2025;1;0.15988;0;0;0;0;
D02;Tout manger ce qu'il y a dans nos assiettes (cantine, maison);Déchets;JAUNES;Jaunes maternelles;chocolat;06/04/2025;1;2.453511;0;1.390385;0;1.390384615;
D11;Ne pas prendre sa voiture si c'est possble : préférer la marche et le vélo (pour les petits trajets), le covoiturage…;Transport;JAUNES;Jaunes maternelles;chocolat;06/04/2025;1;0.38;0;0.67;0;0;
D11;Ne pas prendre sa voiture si c'est possble : préférer la marche et le vélo (pour les petits trajets), le covoiturage…;Transport;JAUNES;Jaunes maternelles;chocolat;12/03/2025;1;0.38;0;0.67;0;0;
E04;Eteindre les appareils électriques lorsqu'on ne s'en sert pas (Télé, ordinateur...);Electricité;JAUNES;Jaunes maternelles;chocolat;12/03/2025;1;0.15988;0;1;0;0;
W02;Ne pas gaspiller l'eau de son verre;Eau;JAUNES;Jaunes maternelles;chocolat;12/03/2025;1;0.05;28;0;35;0;
D09;Eviter de prendre des bains (préférer la douche rapide);Eau;JAUNES;Jaunes maternelles;chocolat;12/03/2025;1;0.0623;0;1.75;357;0;
T06;Ne pas tuer les petites bêtes et les remettre dehors (c'est la nourriture de oiseaux);Biodiversité;JAUNES;Jaunes maternelles;chocolat;12/03/2025;1;1.518;0;0;0;0;
D06;Acheter d’occasion plutôt que neuf;Courses;JAUNES;Jaunes maternelles;chocolat;12/03/2025;1;0.017374;0;0.183462;0;0.134615385;
E01;Acheter juste ce dont on a besoin;Courses;JAUNES;Jaunes maternelles;chocolat;12/03/2025;1;0.027408;0;0;0;0.134615385;
D11;Ne pas prendre sa voiture si c'est possble : préférer la marche et le vélo (pour les petits trajets), le covoiturage…;Transport;JAUNES;Jaunes maternelles;guimauve;06/04/2025;1;0.38;0;0.67;0;0;
D06;Réduire son temps devant les écrans (Télé, ordinateurs, tablette, jeux vidéos...);Electricité;JAUNES;Jaunes maternelles;guimauve;06/04/2025;1;0.017374;0;0.183462;0;0;
C01;Eteindre les lumières quand on quitte une pièce ou si il fait jour dehors;Electricité;JAUNES;Jaunes maternelles;guimauve;06/04/2025;1;13.7935;0;0;0;0;
D10;Couper l’eau quand on se savonne les mains;Eau;JAUNES;Jaunes maternelles;guimauve;06/04/2025;1;0.54243;0;0.21;12.6;0;
E08;Fermer le robinet quand on se brosse les dents;Eau;JAUNES;Jaunes maternelles;guimauve;06/04/2025;1;0.000173;0;0;28;0;
T06;Ne pas tuer les petites bêtes et les remettre dehors (c'est la nourriture de oiseaux);Biodiversité;JAUNES;Jaunes maternelles;guimauve;06/04/2025;1;1.518;0;0;0;0;
D06;Acheter d’occasion plutôt que neuf;Courses;JAUNES;Jaunes maternelles;guimauve;06/04/2025;1;0.017374;0;0.183462;0;0.134615385;
E08;Acheter des fruits ou légumes de saison;Courses;JAUNES;Jaunes maternelles;guimauve;06/04/2025;1;0.000173;0;0;0;0;
E03;Acheter des produits recyclables et utiliser les bacs de tri;Déchets;JAUNES;Jaunes maternelles;guimauve;06/04/2025;1;0.15988;0;0;0;0;
D02;Tout manger ce qu'il y a dans nos assiettes (cantine, maison);Déchets;JAUNES;Jaunes maternelles;guimauve;06/04/2025;1;2.453511;0;1.390385;0;1.390384615;
W04;Fermer ses volets quand il fait froid et nuit;Electricité;JAUNES;Jaunes maternelles;chocolat;06/04/2025;1;0.006501;16.5;0;0;0;
E04;Eteindre les appareils électriques lorsqu'on ne s'en sert pas (Télé, ordinateur...);Electricité;JAUNES;Jaunes maternelles;chocolat;06/04/2025;1;0.15988;0;1;0;0;
D05;Récupérer l'eau de pluie pour arroser;Eau;JAUNES;Jaunes maternelles;chocolat;06/04/2025;1;0.000239;0;0.134615;35;0;
W02;Ne pas gaspiller l'eau de son verre;Eau;JAUNES;Jaunes maternelles;chocolat;06/04/2025;1;0.05;28;0;35;0;
E08;Fermer le robinet quand on se brosse les dents;Eau;JAUNES;Jaunes maternelles;chocolat;06/04/2025;1;0.000173;0;0;28;0;
T04;Acheter des produits avec moins d'emballages (éviter emballages individuels);Courses;JAUNES;Jaunes maternelles;chocolat;06/04/2025;1;0.506;0;0;0;34.86;
W03;Préférer les produits réutilisables plutôt que jetables;Courses;JAUNES;Jaunes maternelles;chocolat;06/04/2025;1;0.004964;12.6;0;0;0;
E08;Acheter des fruits ou légumes de saison;Courses;JAUNES;Jaunes maternelles;chocolat;06/04/2025;1;0.000173;0;0;0;0;
E08;Ramasser les papiers et les déchets par terre pour les mettre à la poubelle;Déchets;JAUNES;Jaunes maternelles;chocolat;06/04/2025;1;0.000173;0;0;0;0.1;
D11;Ne pas prendre sa voiture si c'est possble : préférer la marche et le vélo (pour les petits trajets), le covoiturage…;Transport;JAUNES;Jaunes maternelles;spéculoos;10/04/2025;1;0.38;0;0.67;0;0;
D06;Réduire son temps devant les écrans (Télé, ordinateurs, tablette, jeux vidéos...);Electricité;JAUNES;Jaunes maternelles;spéculoos;10/04/2025;1;0.017374;0;0.183462;0;0;
D05;Récupérer l'eau de pluie pour arroser;Eau;JAUNES;Jaunes maternelles;spéculoos;10/04/2025;1;0.000239;0;0.134615;35;0;
D09;Eviter de prendre des bains (préférer la douche rapide);Eau;JAUNES;Jaunes maternelles;spéculoos;10/04/2025;1;0.0623;0;1.75;357;0;
D06;Réduire son temps devant les écrans (Télé, ordinateurs, tablette, jeux vidéos...);Electricité;JAUNES;Jaunes maternelles;crème de marron;16/02/2025;1;0.017374;0;0.183462;0;0;
D05;Récupérer l'eau de pluie pour arroser;Eau;JAUNES;Jaunes maternelles;crème de marron;16/02/2025;1;0.000239;0;0.134615;35;0;
W02;Ne pas gaspiller l'eau de son verre;Eau;JAUNES;Jaunes maternelles;crème de marron;16/02/2025;1;0.05;28;0;35;0;
E08;Fermer le robinet quand on se brosse les dents;Eau;JAUNES;Jaunes maternelles;crème de marron;16/02/2025;1;0.000173;0;0;28;0;
D06;Acheter d’occasion plutôt que neuf;Courses;JAUNES;Jaunes maternelles;crème de marron;16/02/2025;1;0.017374;0;0.183462;0;0.134615385;
E01;Acheter juste ce dont on a besoin;Courses;JAUNES;Jaunes maternelles;crème de marron;16/02/2025;1;0.027408;0;0;0;0.134615385;
E03;Acheter des produits recyclables et utiliser les bacs de tri;Déchets;JAUNES;Jaunes maternelles;crème de marron;16/02/2025;1;0.15988;0;0;0;0;
D02;Tout manger ce qu'il y a dans nos assiettes (cantine, maison);Déchets;JAUNES;Jaunes maternelles;crème de marron;16/02/2025;1;2.453511;0;1.390385;0;1.390384615;
E08;Acheter des fruits ou légumes de saison;Courses;JAUNES;Jaunes maternelles;chocolat;12/03/2025;1;0.000173;0;0;0;0;
D02;Tout manger ce qu'il y a dans nos assiettes (cantine, maison);Déchets;JAUNES;Jaunes maternelles;chocolat;12/03/2025;1;2.453511;0;1.390385;0;1.390384615;
W04;Fermer ses volets quand il fait froid et nuit;Electricité;JAUNES;Jaunes maternelles;spéculoos;13/03/2025;1;0.006501;16.5;0;0;0;
E04;Eteindre les appareils électriques lorsqu'on ne s'en sert pas (Télé, ordinateur...);Electricité;JAUNES;Jaunes maternelles;spéculoos;13/03/2025;1;0.15988;0;1;0;0;
D05;Récupérer l'eau de pluie pour arroser;Eau;JAUNES;Jaunes maternelles;spéculoos;13/03/2025;1;0.000239;0;0.134615;35;0;
W02;Ne pas gaspiller l'eau de son verre;Eau;JAUNES;Jaunes maternelles;spéculoos;13/03/2025;1;0.05;28;0;35;0;
E08;Fermer le robinet quand on se brosse les dents;Eau;JAUNES;Jaunes maternelles;spéculoos;13/03/2025;1;0.000173;0;0;28;0;
E08;Acheter des fruits ou légumes de saison;Courses;JAUNES;Jaunes maternelles;spéculoos;13/03/2025;1;0.000173;0;0;0;0;
D02;Tout manger ce qu'il y a dans nos assiettes (cantine, maison);Déchets;JAUNES;Jaunes maternelles;spéculoos;13/03/2025;1;2.453511;0;1.390385;0;1.390384615;
W04;Fermer ses volets quand il fait froid et nuit;Electricité;JAUNES;Jaunes maternelles;crème de marron;16/02/2025;1;0.006501;16.5;0;0;0;
C01;Eteindre les lumières quand on quitte une pièce ou si il fait jour dehors;Electricité;JAUNES;Jaunes maternelles;crème de marron;16/02/2025;1;13.7935;0;0;0;0;
D10;Couper l’eau quand on se savonne les mains;Eau;JAUNES;Jaunes maternelles;crème de marron;16/02/2025;1;0.54243;0;0.21;12.6;0;
D09;Eviter de prendre des bains (préférer la douche rapide);Eau;JAUNES;Jaunes maternelles;crème de marron;16/02/2025;1;0.0623;0;1.75;357;0;
T06;Ne pas tuer les petites bêtes et les remettre dehors (c'est la nourriture de oiseaux);Biodiversité;JAUNES;Jaunes maternelles;crème de marron;16/02/2025;1;1.518;0;0;0;0;
W03;Préférer les produits réutilisables plutôt que jetables;Courses;JAUNES;Jaunes maternelles;crème de marron;16/02/2025;1;0.004964;12.6;0;0;0;
E08;Acheter des fruits ou légumes de saison;Courses;JAUNES;Jaunes maternelles;crème de marron;16/02/2025;1;0.000173;0;0;0;0;
E08;Ramasser les papiers et les déchets par terre pour les mettre à la poubelle;Déchets;JAUNES;Jaunes maternelles;crème de marron;16/02/2025;1;0.000173;0;0;0;0.1;
D11;Ne pas prendre sa voiture si c'est possble : préférer la marche et le vélo (pour les petits trajets), le covoiturage…;Transport;JAUNES;Jaunes maternelles;guimauve;16/02/2025;1;0.38;0;0.67;0;0;
W04;Fermer ses volets quand il fait froid et nuit;Electricité;JAUNES;Jaunes maternelles;guimauve;16/02/2025;1;0.006501;16.5;0;0;0;
D06;Réduire son temps devant les écrans (Télé, ordinateurs, tablette, jeux vidéos...);Electricité;JAUNES;Jaunes maternelles;guimauve;16/02/2025;1;0.017374;0;0.183462;0;0;
E04;Eteindre les appareils électriques lorsqu'on ne s'en sert pas (Télé, ordinateur...);Electricité;JAUNES;Jaunes maternelles;guimauve;16/02/2025;1;0.15988;0;1;0;0;
C01;Eteindre les lumières quand on quitte une pièce ou si il fait jour dehors;Electricité;JAUNES;Jaunes maternelles;guimauve;16/02/2025;1;13.7935;0;0;0;0;
D05;Récupérer l'eau de pluie pour arroser;Eau;JAUNES;Jaunes maternelles;guimauve;16/02/2025;1;0.000239;0;0.134615;35;0;
D10;Couper l’eau quand on se savonne les mains;Eau;JAUNES;Jaunes maternelles;guimauve;16/02/2025;1;0.54243;0;0.21;12.6;0;
W02;Ne pas gaspiller l'eau de son verre;Eau;JAUNES;Jaunes maternelles;guimauve;16/02/2025;1;0.05;28;0;35;0;
E08;Fermer le robinet quand on se brosse les dents;Eau;JAUNES;Jaunes maternelles;guimauve;16/02/2025;1;0.000173;0;0;28;0;
D09;Eviter de prendre des bains (préférer la douche rapide);Eau;JAUNES;Jaunes maternelles;guimauve;16/02/2025;1;0.0623;0;1.75;357;0;
T06;Ne pas tuer les petites bêtes et les remettre dehors (c'est la nourriture de oiseaux);Biodiversité;JAUNES;Jaunes maternelles;guimauve;16/02/2025;1;1.518;0;0;0;0;
T04;Acheter des produits avec moins d'emballages (éviter emballages individuels);Courses;JAUNES;Jaunes maternelles;guimauve;16/02/2025;1;0.506;0;0;0;34.86;
D06;Acheter d’occasion plutôt que neuf;Courses;JAUNES;Jaunes maternelles;guimauve;16/02/2025;1;0.017374;0;0.183462;0;0.134615385;
E01;Acheter juste ce dont on a besoin;Courses;JAUNES;Jaunes maternelles;guimauve;16/02/2025;1;0.027408;0;0;0;0.134615385;
W03;Préférer les produits réutilisables plutôt que jetables;Courses;JAUNES;Jaunes maternelles;guimauve;16/02/2025;1;0.004964;12.6;0;0;0;
E08;Acheter des fruits ou légumes de saison;Courses;JAUNES;Jaunes maternelles;guimauve;16/02/2025;1;0.000173;0;0;0;0;
E03;Acheter des produits recyclables et utiliser les bacs de tri;Déchets;JAUNES;Jaunes maternelles;guimauve;16/02/2025;1;0.15988;0;0;0;0;
E08;Ramasser les papiers et les déchets par terre pour les mettre à la poubelle;Déchets;JAUNES;Jaunes maternelles;guimauve;16/02/2025;1;0.000173;0;0;0;0.1;
D02;Tout manger ce qu'il y a dans nos assiettes (cantine, maison);Déchets;JAUNES;Jaunes maternelles;guimauve;16/02/2025;1;2.453511;0;1.390385;0;1.390384615;
E03;Acheter des produits recyclables et utiliser les bacs de tri;Déchets;JAUNES;Jaunes maternelles;chocolat;12/03/2025;1;0.15988;0;0;0;0;
D11;Ne pas prendre sa voiture si c'est possble : préférer la marche et le vélo (pour les petits trajets), le covoiturage…;Transport;JAUNES;Jaunes maternelles;spéculoos;13/03/2025;1;0.38;0;0.67;0;0;
D06;Réduire son temps devant les écrans (Télé, ordinateurs, tablette, jeux vidéos...);Electricité;JAUNES;Jaunes maternelles;spéculoos;13/03/2025;1;0.017374;0;0.183462;0;0;
C01;Eteindre les lumières quand on quitte une pièce ou si il fait jour dehors;Electricité;JAUNES;Jaunes maternelles;spéculoos;13/03/2025;1;13.7935;0;0;0;0;
D10;Couper l’eau quand on se savonne les mains;Eau;JAUNES;Jaunes maternelles;spéculoos;13/03/2025;1;0.54243;0;0.21;12.6;0;
D09;Eviter de prendre des bains (préférer la douche rapide);Eau;JAUNES;Jaunes maternelles;spéculoos;13/03/2025;1;0.0623;0;1.75;357;0;
T06;Ne pas tuer les petites bêtes et les remettre dehors (c'est la nourriture de oiseaux);Biodiversité;JAUNES;Jaunes maternelles;spéculoos;13/03/2025;1;1.518;0;0;0;0;
W03;Préférer les produits réutilisables plutôt que jetables;Courses;JAUNES;Jaunes maternelles;spéculoos;13/03/2025;1;0.004964;12.6;0;0;0;
E01;Acheter juste ce dont on a besoin;Courses;JAUNES;Jaunes maternelles;spéculoos;13/03/2025;1;0.027408;0;0;0;0.134615385;
E03;Acheter des produits recyclables et utiliser les bacs de tri;Déchets;JAUNES;Jaunes maternelles;spéculoos;13/03/2025;1;0.15988;0;0;0;0;
W04;Fermer ses volets quand il fait froid et nuit;Electricité;JAUNES;Jaunes maternelles;spéculoos;10/04/2025;1;0.006501;16.5;0;0;0;
E04;Eteindre les appareils électriques lorsqu'on ne s'en sert pas (Télé, ordinateur...);Electricité;JAUNES;Jaunes maternelles;spéculoos;10/04/2025;1;0.15988;0;1;0;0;
D10;Couper l’eau quand on se savonne les mains;Eau;JAUNES;Jaunes maternelles;spéculoos;10/04/2025;1;0.54243;0;0.21;12.6;0;
W02;Ne pas gaspiller l'eau de son verre;Eau;JAUNES;Jaunes maternelles;spéculoos;10/04/2025;1;0.05;28;0;35;0;
T06;Ne pas tuer les petites bêtes et les remettre dehors (c'est la nourriture de oiseaux);Biodiversité;JAUNES;Jaunes maternelles;spéculoos;10/04/2025;1;1.518;0;0;0;0;
W03;Préférer les produits réutilisables plutôt que jetables;Courses;JAUNES;Jaunes maternelles;spéculoos;10/04/2025;1;0.004964;12.6;0;0;0;
E08;Acheter des fruits ou légumes de saison;Courses;JAUNES;Jaunes maternelles;spéculoos;10/04/2025;1;0.000173;0;0;0;0;
D02;Tout manger ce qu'il y a dans nos assiettes (cantine, maison);Déchets;JAUNES;Jaunes maternelles;spéculoos;10/04/2025;1;2.453511;0;1.390385;0;1.390384615;
W04;Fermer ses volets quand il fait froid et nuit;Electricité;JAUNES;Jaunes maternelles;guimauve;09/02/2025;1;0.006501;16.5;0;0;0;
E04;Eteindre les appareils électriques lorsqu'on ne s'en sert pas (Télé, ordinateur...);Electricité;JAUNES;Jaunes maternelles;guimauve;09/02/2025;1;0.15988;0;1;0;0;
D05;Récupérer l'eau de pluie pour arroser;Eau;JAUNES;Jaunes maternelles;guimauve;09/02/2025;1;0.000239;0;0.134615;35;0;
W02;Ne pas gaspiller l'eau de son verre;Eau;JAUNES;Jaunes maternelles;guimauve;09/02/2025;1;0.05;28;0;35;0;
E08;Fermer le robinet quand on se brosse les dents;Eau;JAUNES;Jaunes maternelles;guimauve;09/02/2025;1;0.000173;0;0;28;0;
T04;Acheter des produits avec moins d'emballages (éviter emballages individuels);Courses;JAUNES;Jaunes maternelles;guimauve;09/02/2025;1;0.506;0;0;0;34.86;
W03;Préférer les produits réutilisables plutôt que jetables;Courses;JAUNES;Jaunes maternelles;guimauve;09/02/2025;1;0.004964;12.6;0;0;0;
D11;Ne pas prendre sa voiture si c'est possble : préférer la marche et le vélo (pour les petits trajets), le covoiturage…;Transport;JAUNES;Jaunes maternelles;guimauve;09/02/2025;1;0.38;0;0.67;0;0;
D06;Réduire son temps devant les écrans (Télé, ordinateurs, tablette, jeux vidéos...);Electricité;JAUNES;Jaunes maternelles;guimauve;09/02/2025;1;0.017374;0;0.183462;0;0;
C01;Eteindre les lumières quand on quitte une pièce ou si il fait jour dehors;Electricité;JAUNES;Jaunes maternelles;guimauve;09/02/2025;1;13.7935;0;0;0;0;
D10;Couper l’eau quand on se savonne les mains;Eau;JAUNES;Jaunes maternelles;guimauve;09/02/2025;1;0.54243;0;0.21;12.6;0;
D09;Eviter de prendre des bains (préférer la douche rapide);Eau;JAUNES;Jaunes maternelles;guimauve;09/02/2025;1;0.0623;0;1.75;357;0;
T06;Ne pas tuer les petites bêtes et les remettre dehors (c'est la nourriture de oiseaux);Biodiversité;JAUNES;Jaunes maternelles;guimauve;09/02/2025;1;1.518;0;0;0;0;
D06;Acheter d’occasion plutôt que neuf;Courses;JAUNES;Jaunes maternelles;guimauve;09/02/2025;1;0.017374;0;0.183462;0;0.134615385;
E01;Acheter juste ce dont on a besoin;Courses;JAUNES;Jaunes maternelles;guimauve;09/02/2025;1;0.027408;0;0;0;0.134615385;
E03;Acheter des produits recyclables et utiliser les bacs de tri;Déchets;JAUNES;Jaunes maternelles;guimauve;09/02/2025;1;0.15988;0;0;0;0;
D02;Tout manger ce qu'il y a dans nos assiettes (cantine, maison);Déchets;JAUNES;Jaunes maternelles;guimauve;09/02/2025;1;2.453511;0;1.390385;0;1.390384615;
W04;Fermer ses volets quand il fait froid et nuit;Electricité;JAUNES;Jaunes maternelles;amande;09/02/2025;1;0.006501;16.5;0;0;0;
E04;Eteindre les appareils électriques lorsqu'on ne s'en sert pas (Télé, ordinateur...);Electricité;JAUNES;Jaunes maternelles;amande;09/02/2025;1;0.15988;0;1;0;0;
D10;Couper l’eau quand on se savonne les mains;Eau;JAUNES;Jaunes maternelles;amande;09/02/2025;1;0.54243;0;0.21;12.6;0;
E08;Fermer le robinet quand on se brosse les dents;Eau;JAUNES;Jaunes maternelles;amande;09/02/2025;1;0.000173;0;0;28;0;
W03;Préférer les produits réutilisables plutôt que jetables;Courses;JAUNES;Jaunes maternelles;amande;09/02/2025;1;0.004964;12.6;0;0;0;
E03;Acheter des produits recyclables et utiliser les bacs de tri;Déchets;JAUNES;Jaunes maternelles;amande;09/02/2025;1;0.15988;0;0;0;0;
E08;Ramasser les papiers et les déchets par terre pour les mettre à la poubelle;Déchets;JAUNES;Jaunes maternelles;amande;09/02/2025;1;0.000173;0;0;0;0.1;
E08;Acheter des fruits ou légumes de saison;Courses;JAUNES;Jaunes maternelles;guimauve;09/02/2025;1;0.000173;0;0;0;0;
E08;Ramasser les papiers et les déchets par terre pour les mettre à la poubelle;Déchets;JAUNES;Jaunes maternelles;guimauve;09/02/2025;1;0.000173;0;0;0;0.1;
C01;Eteindre les lumières quand on quitte une pièce ou si il fait jour dehors;Electricité;JAUNES;Jaunes maternelles;amande;09/02/2025;1;13.7935;0;0;0;0;
D09;Eviter de prendre des bains (préférer la douche rapide);Eau;JAUNES;Jaunes maternelles;amande;09/02/2025;1;0.0623;0;1.75;357;0;
T06;Ne pas tuer les petites bêtes et les remettre dehors (c'est la nourriture de oiseaux);Biodiversité;JAUNES;Jaunes maternelles;amande;09/02/2025;1;1.518;0;0;0;0;
E08;Acheter des fruits ou légumes de saison;Courses;JAUNES;Jaunes maternelles;amande;09/02/2025;1;0.000173;0;0;0;0;
W04;Fermer ses volets quand il fait froid et nuit;Electricité;JAUNES;Jaunes maternelles;spéculoos;13/02/2025;1;0.006501;16.5;0;0;0;
D06;Réduire son temps devant les écrans (Télé, ordinateurs, tablette, jeux vidéos...);Electricité;JAUNES;Jaunes maternelles;spéculoos;13/02/2025;1;0.017374;0;0.183462;0;0;
E04;Eteindre les appareils électriques lorsqu'on ne s'en sert pas (Télé, ordinateur...);Electricité;JAUNES;Jaunes maternelles;spéculoos;13/02/2025;1;0.15988;0;1;0;0;
C01;Eteindre les lumières quand on quitte une pièce ou si il fait jour dehors;Electricité;JAUNES;Jaunes maternelles;spéculoos;13/02/2025;1;13.7935;0;0;0;0;
D05;Récupérer l'eau de pluie pour arroser;Eau;JAUNES;Jaunes maternelles;spéculoos;13/02/2025;1;0.000239;0;0.134615;35;0;
D10;Couper l’eau quand on se savonne les mains;Eau;JAUNES;Jaunes maternelles;spéculoos;13/02/2025;1;0.54243;0;0.21;12.6;0;
W02;Ne pas gaspiller l'eau de son verre;Eau;JAUNES;Jaunes maternelles;spéculoos;13/02/2025;1;0.05;28;0;35;0;
D09;Eviter de prendre des bains (préférer la douche rapide);Eau;JAUNES;Jaunes maternelles;spéculoos;13/02/2025;1;0.0623;0;1.75;357;0;
E08;Fermer le robinet quand on se brosse les dents;Eau;JAUNES;Jaunes maternelles;spéculoos;13/02/2025;1;0.000173;0;0;28;0;
T06;Ne pas tuer les petites bêtes et les remettre dehors (c'est la nourriture de oiseaux);Biodiversité;JAUNES;Jaunes maternelles;spéculoos;13/02/2025;1;1.518;0;0;0;0;
D06;Acheter d’occasion plutôt que neuf;Courses;JAUNES;Jaunes maternelles;spéculoos;13/02/2025;1;0.017374;0;0.183462;0;0.134615385;
W03;Préférer les produits réutilisables plutôt que jetables;Courses;JAUNES;Jaunes maternelles;spéculoos;13/02/2025;1;0.004964;12.6;0;0;0;
E01;Acheter juste ce dont on a besoin;Courses;JAUNES;Jaunes maternelles;spéculoos;13/02/2025;1;0.027408;0;0;0;0.134615385;
E08;Acheter des fruits ou légumes de saison;Courses;JAUNES;Jaunes maternelles;spéculoos;13/02/2025;1;0.000173;0;0;0;0;
E03;Acheter des produits recyclables et utiliser les bacs de tri;Déchets;JAUNES;Jaunes maternelles;spéculoos;13/02/2025;1;0.15988;0;0;0;0;
D02;Tout manger ce qu'il y a dans nos assiettes (cantine, maison);Déchets;JAUNES;Jaunes maternelles;spéculoos;13/02/2025;1;2.453511;0;1.390385;0;1.390384615;
D11;Ne pas prendre sa voiture si c'est possble : préférer la marche et le vélo (pour les petits trajets), le covoiturage…;Transport;JAUNES;Jaunes maternelles;spéculoos;20/02/2025;1;0.38;0;0.67;0;0;
W04;Fermer ses volets quand il fait froid et nuit;Electricité;JAUNES;Jaunes maternelles;spéculoos;20/02/2025;1;0.006501;16.5;0;0;0;
D06;Réduire son temps devant les écrans (Télé, ordinateurs, tablette, jeux vidéos...);Electricité;JAUNES;Jaunes maternelles;spéculoos;20/02/2025;1;0.017374;0;0.183462;0;0;
E04;Eteindre les appareils électriques lorsqu'on ne s'en sert pas (Télé, ordinateur...);Electricité;JAUNES;Jaunes maternelles;spéculoos;20/02/2025;1;0.15988;0;1;0;0;
C01;Eteindre les lumières quand on quitte une pièce ou si il fait jour dehors;Electricité;JAUNES;Jaunes maternelles;spéculoos;20/02/2025;1;13.7935;0;0;0;0;
D05;Récupérer l'eau de pluie pour arroser;Eau;JAUNES;Jaunes maternelles;spéculoos;20/02/2025;1;0.000239;0;0.134615;35;0;
D10;Couper l’eau quand on se savonne les mains;Eau;JAUNES;Jaunes maternelles;spéculoos;20/02/2025;1;0.54243;0;0.21;12.6;0;
W02;Ne pas gaspiller l'eau de son verre;Eau;JAUNES;Jaunes maternelles;spéculoos;20/02/2025;1;0.05;28;0;35;0;
D09;Eviter de prendre des bains (préférer la douche rapide);Eau;JAUNES;Jaunes maternelles;spéculoos;20/02/2025;1;0.0623;0;1.75;357;0;
E08;Fermer le robinet quand on se brosse les dents;Eau;JAUNES;Jaunes maternelles;spéculoos;20/02/2025;1;0.000173;0;0;28;0;
T06;Ne pas tuer les petites bêtes et les remettre dehors (c'est la nourriture de oiseaux);Biodiversité;JAUNES;Jaunes maternelles;spéculoos;20/02/2025;1;1.518;0;0;0;0;
T04;Acheter des produits avec moins d'emballages (éviter emballages individuels);Courses;JAUNES;Jaunes maternelles;spéculoos;20/02/2025;1;0.506;0;0;0;34.86;
D06;Acheter d’occasion plutôt que neuf;Courses;JAUNES;Jaunes maternelles;spéculoos;20/02/2025;1;0.017374;0;0.183462;0;0.134615385;
W03;Préférer les produits réutilisables plutôt que jetables;Courses;JAUNES;Jaunes maternelles;spéculoos;20/02/2025;1;0.004964;12.6;0;0;0;
E01;Acheter juste ce dont on a besoin;Courses;JAUNES;Jaunes maternelles;spéculoos;20/02/2025;1;0.027408;0;0;0;0.134615385;
E08;Acheter des fruits ou légumes de saison;Courses;JAUNES;Jaunes maternelles;spéculoos;20/02/2025;1;0.000173;0;0;0;0;
E03;Acheter des produits recyclables et utiliser les bacs de tri;Déchets;JAUNES;Jaunes maternelles;spéculoos;20/02/2025;1;0.15988;0;0;0;0;
D02;Tout manger ce qu'il y a dans nos assiettes (cantine, maison);Déchets;JAUNES;Jaunes maternelles;spéculoos;20/02/2025;1;2.453511;0;1.390385;0;1.390384615;
E03;Acheter des produits recyclables et utiliser les bacs de tri;Déchets;JAUNES;Jaunes maternelles;nougatine;20/02/2025;1;0.15988;0;0;0;0;
E08;Ramasser les papiers et les déchets par terre pour les mettre à la poubelle;Déchets;JAUNES;Jaunes maternelles;nougatine;20/02/2025;1;0.000173;0;0;0;0.1;
D02;Tout manger ce qu'il y a dans nos assiettes (cantine, maison);Déchets;JAUNES;Jaunes maternelles;nougatine;20/02/2025;1;2.453511;0;1.390385;0;1.390384615;
D11;Ne pas prendre sa voiture si c'est possble : préférer la marche et le vélo (pour les petits trajets), le covoiturage…;Transport;JAUNES;Jaunes maternelles;nougatine;20/02/2025;1;0.38;0;0.67;0;0;
W04;Fermer ses volets quand il fait froid et nuit;Electricité;JAUNES;Jaunes maternelles;nougatine;20/02/2025;1;0.006501;16.5;0;0;0;
D06;Réduire son temps devant les écrans (Télé, ordinateurs, tablette, jeux vidéos...);Electricité;JAUNES;Jaunes maternelles;nougatine;20/02/2025;1;0.017374;0;0.183462;0;0;
E04;Eteindre les appareils électriques lorsqu'on ne s'en sert pas (Télé, ordinateur...);Electricité;JAUNES;Jaunes maternelles;nougatine;20/02/2025;1;0.15988;0;1;0;0;
C01;Eteindre les lumières quand on quitte une pièce ou si il fait jour dehors;Electricité;JAUNES;Jaunes maternelles;nougatine;20/02/2025;1;13.7935;0;0;0;0;
D10;Couper l’eau quand on se savonne les mains;Eau;JAUNES;Jaunes maternelles;nougatine;20/02/2025;1;0.54243;0;0.21;12.6;0;
W02;Ne pas gaspiller l'eau de son verre;Eau;JAUNES;Jaunes maternelles;nougatine;20/02/2025;1;0.05;28;0;35;0;
D09;Eviter de prendre des bains (préférer la douche rapide);Eau;JAUNES;Jaunes maternelles;nougatine;20/02/2025;1;0.0623;0;1.75;357;0;
E08;Fermer le robinet quand on se brosse les dents;Eau;JAUNES;Jaunes maternelles;nougatine;20/02/2025;1;0.000173;0;0;28;0;
T06;Ne pas tuer les petites bêtes et les remettre dehors (c'est la nourriture de oiseaux);Biodiversité;JAUNES;Jaunes maternelles;nougatine;20/02/2025;1;1.518;0;0;0;0;
T04;Acheter des produits avec moins d'emballages (éviter emballages individuels);Courses;JAUNES;Jaunes maternelles;nougatine;20/02/2025;1;0.506;0;0;0;34.86;
D06;Acheter d’occasion plutôt que neuf;Courses;JAUNES;Jaunes maternelles;nougatine;20/02/2025;1;0.017374;0;0.183462;0;0.134615385;
W03;Préférer les produits réutilisables plutôt que jetables;Courses;JAUNES;Jaunes maternelles;nougatine;20/02/2025;1;0.004964;12.6;0;0;0;
E01;Acheter juste ce dont on a besoin;Courses;JAUNES;Jaunes maternelles;nougatine;20/02/2025;1;0.027408;0;0;0;0.134615385;
E08;Acheter des fruits ou légumes de saison;Courses;JAUNES;Jaunes maternelles;nougatine;20/02/2025;1;0.000173;0;0;0;0;
W04;Fermer ses volets quand il fait froid et nuit;Electricité;JAUNES;Jaunes maternelles;amande;21/02/2025;1;0.006501;16.5;0;0;0;
C01;Eteindre les lumières quand on quitte une pièce ou si il fait jour dehors;Electricité;JAUNES;Jaunes maternelles;amande;21/02/2025;1;13.7935;0;0;0;0;
W02;Ne pas gaspiller l'eau de son verre;Eau;JAUNES;Jaunes maternelles;amande;21/02/2025;1;0.05;28;0;35;0;
E08;Fermer le robinet quand on se brosse les dents;Eau;JAUNES;Jaunes maternelles;amande;21/02/2025;1;0.000173;0;0;28;0;
E01;Acheter juste ce dont on a besoin;Courses;JAUNES;Jaunes maternelles;amande;21/02/2025;1;0.027408;0;0;0;0.134615385;
E03;Acheter des produits recyclables et utiliser les bacs de tri;Déchets;JAUNES;Jaunes maternelles;amande;21/02/2025;1;0.15988;0;0;0;0;
W04;Fermer ses volets quand il fait froid et nuit;Electricité;JAUNES;Jaunes maternelles;guimauve;09/03/2025;1;0.006501;16.5;0;0;0;
E04;Eteindre les appareils électriques lorsqu'on ne s'en sert pas (Télé, ordinateur...);Electricité;JAUNES;Jaunes maternelles;guimauve;09/03/2025;1;0.15988;0;1;0;0;
D05;Récupérer l'eau de pluie pour arroser;Eau;JAUNES;Jaunes maternelles;guimauve;09/03/2025;1;0.000239;0;0.134615;35;0;
W02;Ne pas gaspiller l'eau de son verre;Eau;JAUNES;Jaunes maternelles;guimauve;09/03/2025;1;0.05;28;0;35;0;
E08;Fermer le robinet quand on se brosse les dents;Eau;JAUNES;Jaunes maternelles;guimauve;09/03/2025;1;0.000173;0;0;28;0;
T04;Acheter des produits avec moins d'emballages (éviter emballages individuels);Courses;JAUNES;Jaunes maternelles;guimauve;09/03/2025;1;0.506;0;0;0;34.86;
W03;Préférer les produits réutilisables plutôt que jetables;Courses;JAUNES;Jaunes maternelles;guimauve;09/03/2025;1;0.004964;12.6;0;0;0;
E08;Acheter des fruits ou légumes de saison;Courses;JAUNES;Jaunes maternelles;guimauve;09/03/2025;1;0.000173;0;0;0;0;
E08;Ramasser les papiers et les déchets par terre pour les mettre à la poubelle;Déchets;JAUNES;Jaunes maternelles;guimauve;09/03/2025;1;0.000173;0;0;0;0.1;
E08;Fermer le robinet quand on se brosse les dents;Eau;JAUNES;Jaunes maternelles;spéculoos;10/04/2025;1;0.000173;0;0;28;0;
W04;Fermer ses volets quand il fait froid et nuit;Electricité;JAUNES;Jaunes maternelles;chocolat;22/02/2025;1;0.006501;16.5;0;0;0;
E04;Eteindre les appareils électriques lorsqu'on ne s'en sert pas (Télé, ordinateur...);Electricité;JAUNES;Jaunes maternelles;chocolat;22/02/2025;1;0.15988;0;1;0;0;
D10;Couper l’eau quand on se savonne les mains;Eau;JAUNES;Jaunes maternelles;chocolat;22/02/2025;1;0.54243;0;0.21;12.6;0;
D09;Eviter de prendre des bains (préférer la douche rapide);Eau;JAUNES;Jaunes maternelles;chocolat;22/02/2025;1;0.0623;0;1.75;357;0;
T06;Ne pas tuer les petites bêtes et les remettre dehors (c'est la nourriture de oiseaux);Biodiversité;JAUNES;Jaunes maternelles;chocolat;22/02/2025;1;1.518;0;0;0;0;
D06;Acheter d’occasion plutôt que neuf;Courses;JAUNES;Jaunes maternelles;chocolat;22/02/2025;1;0.017374;0;0.183462;0;0.134615385;
E01;Acheter juste ce dont on a besoin;Courses;JAUNES;Jaunes maternelles;chocolat;22/02/2025;1;0.027408;0;0;0;0.134615385;
E03;Acheter des produits recyclables et utiliser les bacs de tri;Déchets;JAUNES;Jaunes maternelles;chocolat;22/02/2025;1;0.15988;0;0;0;0;
D02;Tout manger ce qu'il y a dans nos assiettes (cantine, maison);Déchets;JAUNES;Jaunes maternelles;chocolat;22/02/2025;1;2.453511;0;1.390385;0;1.390384615;
W04;Fermer ses volets quand il fait froid et nuit;Electricité;JAUNES;Jaunes maternelles;guimauve;23/02/2025;1;0.006501;16.5;0;0;0;
E04;Eteindre les appareils électriques lorsqu'on ne s'en sert pas (Télé, ordinateur...);Electricité;JAUNES;Jaunes maternelles;guimauve;23/02/2025;1;0.15988;0;1;0;0;
D05;Récupérer l'eau de pluie pour arroser;Eau;JAUNES;Jaunes maternelles;guimauve;23/02/2025;1;0.000239;0;0.134615;35;0;
W02;Ne pas gaspiller l'eau de son verre;Eau;JAUNES;Jaunes maternelles;guimauve;23/02/2025;1;0.05;28;0;35;0;
E08;Fermer le robinet quand on se brosse les dents;Eau;JAUNES;Jaunes maternelles;guimauve;23/02/2025;1;0.000173;0;0;28;0;
T04;Acheter des produits avec moins d'emballages (éviter emballages individuels);Courses;JAUNES;Jaunes maternelles;guimauve;23/02/2025;1;0.506;0;0;0;34.86;
W03;Préférer les produits réutilisables plutôt que jetables;Courses;JAUNES;Jaunes maternelles;guimauve;23/02/2025;1;0.004964;12.6;0;0;0;
E08;Acheter des fruits ou légumes de saison;Courses;JAUNES;Jaunes maternelles;guimauve;23/02/2025;1;0.000173;0;0;0;0;
E08;Ramasser les papiers et les déchets par terre pour les mettre à la poubelle;Déchets;JAUNES;Jaunes maternelles;guimauve;23/02/2025;1;0.000173;0;0;0;0.1;
D11;Ne pas prendre sa voiture si c'est possble : préférer la marche et le vélo (pour les petits trajets), le covoiturage…;Transport;JAUNES;Jaunes maternelles;amande;21/02/2025;1;0.38;0;0.67;0;0;
D06;Réduire son temps devant les écrans (Télé, ordinateurs, tablette, jeux vidéos...);Electricité;JAUNES;Jaunes maternelles;amande;21/02/2025;1;0.017374;0;0.183462;0;0;
D10;Couper l’eau quand on se savonne les mains;Eau;JAUNES;Jaunes maternelles;amande;21/02/2025;1;0.54243;0;0.21;12.6;0;
D09;Eviter de prendre des bains (préférer la douche rapide);Eau;JAUNES;Jaunes maternelles;amande;21/02/2025;1;0.0623;0;1.75;357;0;
W03;Préférer les produits réutilisables plutôt que jetables;Courses;JAUNES;Jaunes maternelles;amande;21/02/2025;1;0.004964;12.6;0;0;0;
E08;Acheter des fruits ou légumes de saison;Courses;JAUNES;Jaunes maternelles;amande;21/02/2025;1;0.000173;0;0;0;0;
T04;Acheter des produits avec moins d'emballages (éviter emballages individuels);Courses;JAUNES;Jaunes maternelles;spéculoos;10/04/2025;1;0.506;0;0;0;34.86;
E01;Acheter juste ce dont on a besoin;Courses;JAUNES;Jaunes maternelles;spéculoos;10/04/2025;1;0.027408;0;0;0;0.134615385;
E03;Acheter des produits recyclables et utiliser les bacs de tri;Déchets;JAUNES;Jaunes maternelles;spéculoos;10/04/2025;1;0.15988;0;0;0;0;
W04;Fermer ses volets quand il fait froid et nuit;Electricité;JAUNES;Jaunes maternelles;chocolat;12/03/2025;1;0.006501;16.5;0;0;0;
D05;Récupérer l'eau de pluie pour arroser;Eau;JAUNES;Jaunes maternelles;chocolat;12/03/2025;1;0.000239;0;0.134615;35;0;
D10;Couper l’eau quand on se savonne les mains;Eau;JAUNES;Jaunes maternelles;chocolat;12/03/2025;1;0.54243;0;0.21;12.6;0;
E08;Fermer le robinet quand on se brosse les dents;Eau;JAUNES;Jaunes maternelles;chocolat;12/03/2025;1;0.000173;0;0;28;0;
T04;Acheter des produits avec moins d'emballages (éviter emballages individuels);Courses;JAUNES;Jaunes maternelles;chocolat;12/03/2025;1;0.506;0;0;0;34.86;
W03;Préférer les produits réutilisables plutôt que jetables;Courses;JAUNES;Jaunes maternelles;chocolat;12/03/2025;1;0.004964;12.6;0;0;0;
D11;Ne pas prendre sa voiture si c'est possble : préférer la marche et le vélo (pour les petits trajets), le covoiturage…;Transport;JAUNES;Jaunes maternelles;amande;25/02/2025;1;0.38;0;0.67;0;0;
D06;Réduire son temps devant les écrans (Télé, ordinateurs, tablette, jeux vidéos...);Electricité;JAUNES;Jaunes maternelles;amande;25/02/2025;1;0.017374;0;0.183462;0;0;
C01;Eteindre les lumières quand on quitte une pièce ou si il fait jour dehors;Electricité;JAUNES;Jaunes maternelles;amande;25/02/2025;1;13.7935;0;0;0;0;
W02;Ne pas gaspiller l'eau de son verre;Eau;JAUNES;Jaunes maternelles;amande;25/02/2025;1;0.05;28;0;35;0;
E08;Fermer le robinet quand on se brosse les dents;Eau;JAUNES;Jaunes maternelles;amande;25/02/2025;1;0.000173;0;0;28;0;
D06;Acheter d’occasion plutôt que neuf;Courses;JAUNES;Jaunes maternelles;amande;25/02/2025;1;0.017374;0;0.183462;0;0.134615385;
E01;Acheter juste ce dont on a besoin;Courses;JAUNES;Jaunes maternelles;amande;25/02/2025;1;0.027408;0;0;0;0.134615385;
E03;Acheter des produits recyclables et utiliser les bacs de tri;Déchets;JAUNES;Jaunes maternelles;amande;25/02/2025;1;0.15988;0;0;0;0;
D02;Tout manger ce qu'il y a dans nos assiettes (cantine, maison);Déchets;JAUNES;Jaunes maternelles;amande;25/02/2025;1;2.453511;0;1.390385;0;1.390384615;
D11;Ne pas prendre sa voiture si c'est possble : préférer la marche et le vélo (pour les petits trajets), le covoiturage…;Transport;JAUNES;Jaunes maternelles;chocolat;22/02/2025;1;0.38;0;0.67;0;0;
D06;Réduire son temps devant les écrans (Télé, ordinateurs, tablette, jeux vidéos...);Electricité;JAUNES;Jaunes maternelles;chocolat;22/02/2025;1;0.017374;0;0.183462;0;0;
C01;Eteindre les lumières quand on quitte une pièce ou si il fait jour dehors;Electricité;JAUNES;Jaunes maternelles;chocolat;22/02/2025;1;13.7935;0;0;0;0;
W02;Ne pas gaspiller l'eau de son verre;Eau;JAUNES;Jaunes maternelles;chocolat;22/02/2025;1;0.05;28;0;35;0;
E08;Fermer le robinet quand on se brosse les dents;Eau;JAUNES;Jaunes maternelles;chocolat;22/02/2025;1;0.000173;0;0;28;0;
T04;Acheter des produits avec moins d'emballages (éviter emballages individuels);Courses;JAUNES;Jaunes maternelles;chocolat;22/02/2025;1;0.506;0;0;0;34.86;
W03;Préférer les produits réutilisables plutôt que jetables;Courses;JAUNES;Jaunes maternelles;chocolat;22/02/2025;1;0.004964;12.6;0;0;0;
E08;Acheter des fruits ou légumes de saison;Courses;JAUNES;Jaunes maternelles;chocolat;22/02/2025;1;0.000173;0;0;0;0;
E08;Ramasser les papiers et les déchets par terre pour les mettre à la poubelle;Déchets;JAUNES;Jaunes maternelles;chocolat;22/02/2025;1;0.000173;0;0;0;0.1;
D11;Ne pas prendre sa voiture si c'est possble : préférer la marche et le vélo (pour les petits trajets), le covoiturage…;Transport;JAUNES;Jaunes maternelles;nougatine;14/03/2025;1;0.38;0;0.67;0;0;
D06;Réduire son temps devant les écrans (Télé, ordinateurs, tablette, jeux vidéos...);Electricité;JAUNES;Jaunes maternelles;nougatine;14/03/2025;1;0.017374;0;0.183462;0;0;
C01;Eteindre les lumières quand on quitte une pièce ou si il fait jour dehors;Electricité;JAUNES;Jaunes maternelles;nougatine;14/03/2025;1;13.7935;0;0;0;0;
W02;Ne pas gaspiller l'eau de son verre;Eau;JAUNES;Jaunes maternelles;nougatine;14/03/2025;1;0.05;28;0;35;0;
E08;Fermer le robinet quand on se brosse les dents;Eau;JAUNES;Jaunes maternelles;nougatine;14/03/2025;1;0.000173;0;0;28;0;
T04;Acheter des produits avec moins d'emballages (éviter emballages individuels);Courses;JAUNES;Jaunes maternelles;nougatine;14/03/2025;1;0.506;0;0;0;34.86;
W03;Préférer les produits réutilisables plutôt que jetables;Courses;JAUNES;Jaunes maternelles;nougatine;14/03/2025;1;0.004964;12.6;0;0;0;
E08;Acheter des fruits ou légumes de saison;Courses;JAUNES;Jaunes maternelles;nougatine;14/03/2025;1;0.000173;0;0;0;0;
E08;Ramasser les papiers et les déchets par terre pour les mettre à la poubelle;Déchets;JAUNES;Jaunes maternelles;nougatine;14/03/2025;1;0.000173;0;0;0;0.1;
W04;Fermer ses volets quand il fait froid et nuit;Electricité;JAUNES;Jaunes maternelles;guimauve;16/03/2025;1;0.006501;16.5;0;0;0;
E04;Eteindre les appareils électriques lorsqu'on ne s'en sert pas (Télé, ordinateur...);Electricité;JAUNES;Jaunes maternelles;guimauve;16/03/2025;1;0.15988;0;1;0;0;
D05;Récupérer l'eau de pluie pour arroser;Eau;JAUNES;Jaunes maternelles;guimauve;16/03/2025;1;0.000239;0;0.134615;35;0;
W02;Ne pas gaspiller l'eau de son verre;Eau;JAUNES;Jaunes maternelles;guimauve;16/03/2025;1;0.05;28;0;35;0;
D09;Eviter de prendre des bains (préférer la douche rapide);Eau;JAUNES;Jaunes maternelles;guimauve;16/03/2025;1;0.0623;0;1.75;357;0;
T04;Acheter des produits avec moins d'emballages (éviter emballages individuels);Courses;JAUNES;Jaunes maternelles;guimauve;16/03/2025;1;0.506;0;0;0;34.86;
W03;Préférer les produits réutilisables plutôt que jetables;Courses;JAUNES;Jaunes maternelles;guimauve;16/03/2025;1;0.004964;12.6;0;0;0;
E08;Acheter des fruits ou légumes de saison;Courses;JAUNES;Jaunes maternelles;guimauve;16/03/2025;1;0.000173;0;0;0;0;
E08;Ramasser les papiers et les déchets par terre pour les mettre à la poubelle;Déchets;JAUNES;Jaunes maternelles;guimauve;16/03/2025;1;0.000173;0;0;0;0.1;
W04;Fermer ses volets quand il fait froid et nuit;Electricité;JAUNES;Jaunes maternelles;crème de marron;16/03/2025;1;0.006501;16.5;0;0;0;
E04;Eteindre les appareils électriques lorsqu'on ne s'en sert pas (Télé, ordinateur...);Electricité;JAUNES;Jaunes maternelles;crème de marron;16/03/2025;1;0.15988;0;1;0;0;
D05;Récupérer l'eau de pluie pour arroser;Eau;JAUNES;Jaunes maternelles;crème de marron;16/03/2025;1;0.000239;0;0.134615;35;0;
D09;Eviter de prendre des bains (préférer la douche rapide);Eau;JAUNES;Jaunes maternelles;crème de marron;16/03/2025;1;0.0623;0;1.75;357;0;
T06;Ne pas tuer les petites bêtes et les remettre dehors (c'est la nourriture de oiseaux);Biodiversité;JAUNES;Jaunes maternelles;crème de marron;16/03/2025;1;1.518;0;0;0;0;
W03;Préférer les produits réutilisables plutôt que jetables;Courses;JAUNES;Jaunes maternelles;crème de marron;16/03/2025;1;0.004964;12.6;0;0;0;
E08;Acheter des fruits ou légumes de saison;Courses;JAUNES;Jaunes maternelles;crème de marron;16/03/2025;1;0.000173;0;0;0;0;
W04;Fermer ses volets quand il fait froid et nuit;Electricité;JAUNES;Jaunes maternelles;amande;17/03/2025;1;0.006501;16.5;0;0;0;
E04;Eteindre les appareils électriques lorsqu'on ne s'en sert pas (Télé, ordinateur...);Electricité;JAUNES;Jaunes maternelles;amande;17/03/2025;1;0.15988;0;1;0;0;
D10;Couper l’eau quand on se savonne les mains;Eau;JAUNES;Jaunes maternelles;amande;17/03/2025;1;0.54243;0;0.21;12.6;0;
T04;Acheter des produits avec moins d'emballages (éviter emballages individuels);Courses;JAUNES;Jaunes maternelles;amande;17/03/2025;1;0.506;0;0;0;34.86;
W02;Ne pas gaspiller l'eau de son verre;Eau;JAUNES;Jaunes maternelles;amande;17/03/2025;1;0.05;28;0;35;0;
D09;Eviter de prendre des bains (préférer la douche rapide);Eau;JAUNES;Jaunes maternelles;amande;17/03/2025;1;0.0623;0;1.75;357;0;
E01;Acheter juste ce dont on a besoin;Courses;JAUNES;Jaunes maternelles;amande;17/03/2025;1;0.027408;0;0;0;0.134615385;
E03;Acheter des produits recyclables et utiliser les bacs de tri;Déchets;JAUNES;Jaunes maternelles;amande;17/03/2025;1;0.15988;0;0;0;0;
D02;Tout manger ce qu'il y a dans nos assiettes (cantine, maison);Déchets;JAUNES;Jaunes maternelles;amande;17/03/2025;1;2.453511;0;1.390385;0;1.390384615;
W04;Fermer ses volets quand il fait froid et nuit;Electricité;JAUNES;Jaunes maternelles;spéculoos;20/03/2025;1;0.006501;16.5;0;0;0;
E04;Eteindre les appareils électriques lorsqu'on ne s'en sert pas (Télé, ordinateur...);Electricité;JAUNES;Jaunes maternelles;spéculoos;20/03/2025;1;0.15988;0;1;0;0;
D10;Couper l’eau quand on se savonne les mains;Eau;JAUNES;Jaunes maternelles;spéculoos;20/03/2025;1;0.54243;0;0.21;12.6;0;
W02;Ne pas gaspiller l'eau de son verre;Eau;JAUNES;Jaunes maternelles;spéculoos;20/03/2025;1;0.05;28;0;35;0;
E08;Fermer le robinet quand on se brosse les dents;Eau;JAUNES;Jaunes maternelles;spéculoos;20/03/2025;1;0.000173;0;0;28;0;
D06;Acheter d’occasion plutôt que neuf;Courses;JAUNES;Jaunes maternelles;spéculoos;20/03/2025;1;0.017374;0;0.183462;0;0.134615385;
E01;Acheter juste ce dont on a besoin;Courses;JAUNES;Jaunes maternelles;spéculoos;20/03/2025;1;0.027408;0;0;0;0.134615385;
E03;Acheter des produits recyclables et utiliser les bacs de tri;Déchets;JAUNES;Jaunes maternelles;spéculoos;20/03/2025;1;0.15988;0;0;0;0;
D02;Tout manger ce qu'il y a dans nos assiettes (cantine, maison);Déchets;JAUNES;Jaunes maternelles;spéculoos;20/03/2025;1;2.453511;0;1.390385;0;1.390384615;
W04;Fermer ses volets quand il fait froid et nuit;Electricité;JAUNES;Jaunes maternelles;nougatine;14/03/2025;1;0.006501;16.5;0;0;0;
E04;Eteindre les appareils électriques lorsqu'on ne s'en sert pas (Télé, ordinateur...);Electricité;JAUNES;Jaunes maternelles;nougatine;14/03/2025;1;0.15988;0;1;0;0;
D10;Couper l’eau quand on se savonne les mains;Eau;JAUNES;Jaunes maternelles;nougatine;14/03/2025;1;0.54243;0;0.21;12.6;0;
D09;Eviter de prendre des bains (préférer la douche rapide);Eau;JAUNES;Jaunes maternelles;nougatine;14/03/2025;1;0.0623;0;1.75;357;0;
T06;Ne pas tuer les petites bêtes et les remettre dehors (c'est la nourriture de oiseaux);Biodiversité;JAUNES;Jaunes maternelles;nougatine;14/03/2025;1;1.518;0;0;0;0;
D06;Acheter d’occasion plutôt que neuf;Courses;JAUNES;Jaunes maternelles;nougatine;14/03/2025;1;0.017374;0;0.183462;0;0.134615385;
E01;Acheter juste ce dont on a besoin;Courses;JAUNES;Jaunes maternelles;nougatine;14/03/2025;1;0.027408;0;0;0;0.134615385;
E03;Acheter des produits recyclables et utiliser les bacs de tri;Déchets;JAUNES;Jaunes maternelles;nougatine;14/03/2025;1;0.15988;0;0;0;0;
D02;Tout manger ce qu'il y a dans nos assiettes (cantine, maison);Déchets;JAUNES;Jaunes maternelles;nougatine;14/03/2025;1;2.453511;0;1.390385;0;1.390384615;
D11;Ne pas prendre sa voiture si c'est possble : préférer la marche et le vélo (pour les petits trajets), le covoiturage…;Transport;JAUNES;Jaunes maternelles;guimauve;16/03/2025;1;0.38;0;0.67;0;0;
D06;Réduire son temps devant les écrans (Télé, ordinateurs, tablette, jeux vidéos...);Electricité;JAUNES;Jaunes maternelles;guimauve;16/03/2025;1;0.017374;0;0.183462;0;0;
C01;Eteindre les lumières quand on quitte une pièce ou si il fait jour dehors;Electricité;JAUNES;Jaunes maternelles;guimauve;16/03/2025;1;13.7935;0;0;0;0;
D10;Couper l’eau quand on se savonne les mains;Eau;JAUNES;Jaunes maternelles;guimauve;16/03/2025;1;0.54243;0;0.21;12.6;0;
E08;Fermer le robinet quand on se brosse les dents;Eau;JAUNES;Jaunes maternelles;guimauve;16/03/2025;1;0.000173;0;0;28;0;
T06;Ne pas tuer les petites bêtes et les remettre dehors (c'est la nourriture de oiseaux);Biodiversité;JAUNES;Jaunes maternelles;guimauve;16/03/2025;1;1.518;0;0;0;0;
D06;Acheter d’occasion plutôt que neuf;Courses;JAUNES;Jaunes maternelles;guimauve;16/03/2025;1;0.017374;0;0.183462;0;0.134615385;
E01;Acheter juste ce dont on a besoin;Courses;JAUNES;Jaunes maternelles;guimauve;16/03/2025;1;0.027408;0;0;0;0.134615385;
E03;Acheter des produits recyclables et utiliser les bacs de tri;Déchets;JAUNES;Jaunes maternelles;guimauve;16/03/2025;1;0.15988;0;0;0;0;
D02;Tout manger ce qu'il y a dans nos assiettes (cantine, maison);Déchets;JAUNES;Jaunes maternelles;guimauve;16/03/2025;1;2.453511;0;1.390385;0;1.390384615;
D06;Réduire son temps devant les écrans (Télé, ordinateurs, tablette, jeux vidéos...);Electricité;JAUNES;Jaunes maternelles;crème de marron;16/03/2025;1;0.017374;0;0.183462;0;0;
C01;Eteindre les lumières quand on quitte une pièce ou si il fait jour dehors;Electricité;JAUNES;Jaunes maternelles;crème de marron;16/03/2025;1;13.7935;0;0;0;0;
D10;Couper l’eau quand on se savonne les mains;Eau;JAUNES;Jaunes maternelles;crème de marron;16/03/2025;1;0.54243;0;0.21;12.6;0;
E08;Fermer le robinet quand on se brosse les dents;Eau;JAUNES;Jaunes maternelles;crème de marron;16/03/2025;1;0.000173;0;0;28;0;
D06;Acheter d’occasion plutôt que neuf;Courses;JAUNES;Jaunes maternelles;crème de marron;16/03/2025;1;0.017374;0;0.183462;0;0.134615385;
E01;Acheter juste ce dont on a besoin;Courses;JAUNES;Jaunes maternelles;crème de marron;16/03/2025;1;0.027408;0;0;0;0.134615385;
E03;Acheter des produits recyclables et utiliser les bacs de tri;Déchets;JAUNES;Jaunes maternelles;crème de marron;16/03/2025;1;0.15988;0;0;0;0;
D02;Tout manger ce qu'il y a dans nos assiettes (cantine, maison);Déchets;JAUNES;Jaunes maternelles;crème de marron;16/03/2025;1;2.453511;0;1.390385;0;1.390384615;
D11;Ne pas prendre sa voiture si c'est possble : préférer la marche et le vélo (pour les petits trajets), le covoiturage…;Transport;JAUNES;Jaunes maternelles;amande;17/03/2025;1;0.38;0;0.67;0;0;
D06;Réduire son temps devant les écrans (Télé, ordinateurs, tablette, jeux vidéos...);Electricité;JAUNES;Jaunes maternelles;amande;17/03/2025;1;0.017374;0;0.183462;0;0;
C01;Eteindre les lumières quand on quitte une pièce ou si il fait jour dehors;Electricité;JAUNES;Jaunes maternelles;amande;17/03/2025;1;13.7935;0;0;0;0;
T06;Ne pas tuer les petites bêtes et les remettre dehors (c'est la nourriture de oiseaux);Biodiversité;JAUNES;Jaunes maternelles;amande;17/03/2025;1;1.518;0;0;0;0;
D06;Acheter d’occasion plutôt que neuf;Courses;JAUNES;Jaunes maternelles;amande;17/03/2025;1;0.017374;0;0.183462;0;0.134615385;
E08;Fermer le robinet quand on se brosse les dents;Eau;JAUNES;Jaunes maternelles;amande;17/03/2025;1;0.000173;0;0;28;0;
W03;Préférer les produits réutilisables plutôt que jetables;Courses;JAUNES;Jaunes maternelles;amande;17/03/2025;1;0.004964;12.6;0;0;0;
E08;Acheter des fruits ou légumes de saison;Courses;JAUNES;Jaunes maternelles;amande;17/03/2025;1;0.000173;0;0;0;0;
E08;Ramasser les papiers et les déchets par terre pour les mettre à la poubelle;Déchets;JAUNES;Jaunes maternelles;amande;17/03/2025;1;0.000173;0;0;0;0.1;
D11;Ne pas prendre sa voiture si c'est possble : préférer la marche et le vélo (pour les petits trajets), le covoiturage…;Transport;JAUNES;Jaunes maternelles;spéculoos;20/03/2025;1;0.38;0;0.67;0;0;
D06;Réduire son temps devant les écrans (Télé, ordinateurs, tablette, jeux vidéos...);Electricité;JAUNES;Jaunes maternelles;spéculoos;20/03/2025;1;0.017374;0;0.183462;0;0;
C01;Eteindre les lumières quand on quitte une pièce ou si il fait jour dehors;Electricité;JAUNES;Jaunes maternelles;spéculoos;20/03/2025;1;13.7935;0;0;0;0;
D05;Récupérer l'eau de pluie pour arroser;Eau;JAUNES;Jaunes maternelles;spéculoos;20/03/2025;1;0.000239;0;0.134615;35;0;
D09;Eviter de prendre des bains (préférer la douche rapide);Eau;JAUNES;Jaunes maternelles;spéculoos;20/03/2025;1;0.0623;0;1.75;357;0;
W04;Fermer ses volets quand il fait froid et nuit;Electricité;JAUNES;Jaunes maternelles;guimauve;13/04/2025;1;0.006501;16.5;0;0;0;
E04;Eteindre les appareils électriques lorsqu'on ne s'en sert pas (Télé, ordinateur...);Electricité;JAUNES;Jaunes maternelles;guimauve;13/04/2025;1;0.15988;0;1;0;0;
D05;Récupérer l'eau de pluie pour arroser;Eau;JAUNES;Jaunes maternelles;guimauve;13/04/2025;1;0.000239;0;0.134615;35;0;
W02;Ne pas gaspiller l'eau de son verre;Eau;JAUNES;Jaunes maternelles;guimauve;13/04/2025;1;0.05;28;0;35;0;
E08;Fermer le robinet quand on se brosse les dents;Eau;JAUNES;Jaunes maternelles;guimauve;13/04/2025;1;0.000173;0;0;28;0;
T04;Acheter des produits avec moins d'emballages (éviter emballages individuels);Courses;JAUNES;Jaunes maternelles;guimauve;13/04/2025;1;0.506;0;0;0;34.86;
W03;Préférer les produits réutilisables plutôt que jetables;Courses;JAUNES;Jaunes maternelles;guimauve;13/04/2025;1;0.004964;12.6;0;0;0;
E08;Acheter des fruits ou légumes de saison;Courses;JAUNES;Jaunes maternelles;guimauve;13/04/2025;1;0.000173;0;0;0;0;
E08;Ramasser les papiers et les déchets par terre pour les mettre à la poubelle;Déchets;JAUNES;Jaunes maternelles;guimauve;13/04/2025;1;0.000173;0;0;0;0.1;
T06;Ne pas tuer les petites bêtes et les remettre dehors (c'est la nourriture de oiseaux);Biodiversité;JAUNES;Jaunes maternelles;spéculoos;20/03/2025;1;1.518;0;0;0;0;
D11;Ne pas prendre sa voiture si c'est possble : préférer la marche et le vélo (pour les petits trajets), le covoiturage…;Transport;JAUNES;Jaunes maternelles;guimauve;23/02/2025;1;0.38;0;0.67;0;0;
D06;Réduire son temps devant les écrans (Télé, ordinateurs, tablette, jeux vidéos...);Electricité;JAUNES;Jaunes maternelles;guimauve;23/02/2025;1;0.017374;0;0.183462;0;0;
C01;Eteindre les lumières quand on quitte une pièce ou si il fait jour dehors;Electricité;JAUNES;Jaunes maternelles;guimauve;23/02/2025;1;13.7935;0;0;0;0;
D10;Couper l’eau quand on se savonne les mains;Eau;JAUNES;Jaunes maternelles;guimauve;23/02/2025;1;0.54243;0;0.21;12.6;0;
D09;Eviter de prendre des bains (préférer la douche rapide);Eau;JAUNES;Jaunes maternelles;guimauve;23/02/2025;1;0.0623;0;1.75;357;0;
T06;Ne pas tuer les petites bêtes et les remettre dehors (c'est la nourriture de oiseaux);Biodiversité;JAUNES;Jaunes maternelles;guimauve;23/02/2025;1;1.518;0;0;0;0;
D06;Acheter d’occasion plutôt que neuf;Courses;JAUNES;Jaunes maternelles;guimauve;23/02/2025;1;0.017374;0;0.183462;0;0.134615385;
E01;Acheter juste ce dont on a besoin;Courses;JAUNES;Jaunes maternelles;guimauve;23/02/2025;1;0.027408;0;0;0;0.134615385;
E03;Acheter des produits recyclables et utiliser les bacs de tri;Déchets;JAUNES;Jaunes maternelles;guimauve;23/02/2025;1;0.15988;0;0;0;0;
D02;Tout manger ce qu'il y a dans nos assiettes (cantine, maison);Déchets;JAUNES;Jaunes maternelles;guimauve;23/02/2025;1;2.453511;0;1.390385;0;1.390384615;
W03;Préférer les produits réutilisables plutôt que jetables;Courses;JAUNES;Jaunes maternelles;spéculoos;20/03/2025;1;0.004964;12.6;0;0;0;
E08;Acheter des fruits ou légumes de saison;Courses;JAUNES;Jaunes maternelles;spéculoos;20/03/2025;1;0.000173;0;0;0;0;
W04;Fermer ses volets quand il fait froid et nuit;Electricité;JAUNES;Jaunes maternelles;amande;25/02/2025;1;0.006501;16.5;0;0;0;
E04;Eteindre les appareils électriques lorsqu'on ne s'en sert pas (Télé, ordinateur...);Electricité;JAUNES;Jaunes maternelles;amande;25/02/2025;1;0.15988;0;1;0;0;
D10;Couper l’eau quand on se savonne les mains;Eau;JAUNES;Jaunes maternelles;amande;25/02/2025;1;0.54243;0;0.21;12.6;0;
D09;Eviter de prendre des bains (préférer la douche rapide);Eau;JAUNES;Jaunes maternelles;amande;25/02/2025;1;0.0623;0;1.75;357;0;
T06;Ne pas tuer les petites bêtes et les remettre dehors (c'est la nourriture de oiseaux);Biodiversité;JAUNES;Jaunes maternelles;amande;25/02/2025;1;1.518;0;0;0;0;
W03;Préférer les produits réutilisables plutôt que jetables;Courses;JAUNES;Jaunes maternelles;amande;25/02/2025;1;0.004964;12.6;0;0;0;
E08;Acheter des fruits ou légumes de saison;Courses;JAUNES;Jaunes maternelles;amande;25/02/2025;1;0.000173;0;0;0;0;
E08;Ramasser les papiers et les déchets par terre pour les mettre à la poubelle;Déchets;JAUNES;Jaunes maternelles;amande;25/02/2025;1;0.000173;0;0;0;0.1;
D11;Ne pas prendre sa voiture si c'est possble : préférer la marche et le vélo (pour les petits trajets), le covoiturage…;Transport;JAUNES;Jaunes maternelles;nougatine;28/02/2025;1;0.38;0;0.67;0;0;
W04;Fermer ses volets quand il fait froid et nuit;Electricité;JAUNES;Jaunes maternelles;nougatine;28/02/2025;1;0.006501;16.5;0;0;0;
D06;Réduire son temps devant les écrans (Télé, ordinateurs, tablette, jeux vidéos...);Electricité;JAUNES;Jaunes maternelles;nougatine;28/02/2025;1;0.017374;0;0.183462;0;0;
E04;Eteindre les appareils électriques lorsqu'on ne s'en sert pas (Télé, ordinateur...);Electricité;JAUNES;Jaunes maternelles;nougatine;28/02/2025;1;0.15988;0;1;0;0;
C01;Eteindre les lumières quand on quitte une pièce ou si il fait jour dehors;Electricité;JAUNES;Jaunes maternelles;nougatine;28/02/2025;1;13.7935;0;0;0;0;
D10;Couper l’eau quand on se savonne les mains;Eau;JAUNES;Jaunes maternelles;nougatine;28/02/2025;1;0.54243;0;0.21;12.6;0;
W02;Ne pas gaspiller l'eau de son verre;Eau;JAUNES;Jaunes maternelles;nougatine;28/02/2025;1;0.05;28;0;35;0;
D09;Eviter de prendre des bains (préférer la douche rapide);Eau;JAUNES;Jaunes maternelles;nougatine;28/02/2025;1;0.0623;0;1.75;357;0;
E08;Fermer le robinet quand on se brosse les dents;Eau;JAUNES;Jaunes maternelles;nougatine;28/02/2025;1;0.000173;0;0;28;0;
T06;Ne pas tuer les petites bêtes et les remettre dehors (c'est la nourriture de oiseaux);Biodiversité;JAUNES;Jaunes maternelles;nougatine;28/02/2025;1;1.518;0;0;0;0;
T04;Acheter des produits avec moins d'emballages (éviter emballages individuels);Courses;JAUNES;Jaunes maternelles;nougatine;28/02/2025;1;0.506;0;0;0;34.86;
D06;Acheter d’occasion plutôt que neuf;Courses;JAUNES;Jaunes maternelles;nougatine;28/02/2025;1;0.017374;0;0.183462;0;0.134615385;
W03;Préférer les produits réutilisables plutôt que jetables;Courses;JAUNES;Jaunes maternelles;nougatine;28/02/2025;1;0.004964;12.6;0;0;0;
E01;Acheter juste ce dont on a besoin;Courses;JAUNES;Jaunes maternelles;nougatine;28/02/2025;1;0.027408;0;0;0;0.134615385;
E08;Acheter des fruits ou légumes de saison;Courses;JAUNES;Jaunes maternelles;nougatine;28/02/2025;1;0.000173;0;0;0;0;
E03;Acheter des produits recyclables et utiliser les bacs de tri;Déchets;JAUNES;Jaunes maternelles;nougatine;28/02/2025;1;0.15988;0;0;0;0;
E08;Ramasser les papiers et les déchets par terre pour les mettre à la poubelle;Déchets;JAUNES;Jaunes maternelles;nougatine;28/02/2025;1;0.000173;0;0;0;0.1;
D02;Tout manger ce qu'il y a dans nos assiettes (cantine, maison);Déchets;JAUNES;Jaunes maternelles;nougatine;28/02/2025;1;2.453511;0;1.390385;0;1.390384615;
D11;Ne pas prendre sa voiture si c'est possble : préférer la marche et le vélo (pour les petits trajets), le covoiturage…;Transport;JAUNES;Jaunes maternelles;guimauve;13/04/2025;1;0.38;0;0.67;0;0;
D06;Réduire son temps devant les écrans (Télé, ordinateurs, tablette, jeux vidéos...);Electricité;JAUNES;Jaunes maternelles;guimauve;13/04/2025;1;0.017374;0;0.183462;0;0;
C01;Eteindre les lumières quand on quitte une pièce ou si il fait jour dehors;Electricité;JAUNES;Jaunes maternelles;guimauve;13/04/2025;1;13.7935;0;0;0;0;
D10;Couper l’eau quand on se savonne les mains;Eau;JAUNES;Jaunes maternelles;guimauve;13/04/2025;1;0.54243;0;0.21;12.6;0;
D09;Eviter de prendre des bains (préférer la douche rapide);Eau;JAUNES;Jaunes maternelles;guimauve;13/04/2025;1;0.0623;0;1.75;357;0;
T06;Ne pas tuer les petites bêtes et les remettre dehors (c'est la nourriture de oiseaux);Biodiversité;JAUNES;Jaunes maternelles;guimauve;13/04/2025;1;1.518;0;0;0;0;
D06;Acheter d’occasion plutôt que neuf;Courses;JAUNES;Jaunes maternelles;guimauve;13/04/2025;1;0.017374;0;0.183462;0;0.134615385;
E01;Acheter juste ce dont on a besoin;Courses;JAUNES;Jaunes maternelles;guimauve;13/04/2025;1;0.027408;0;0;0;0.134615385;
E03;Acheter des produits recyclables et utiliser les bacs de tri;Déchets;JAUNES;Jaunes maternelles;guimauve;13/04/2025;1;0.15988;0;0;0;0;
D02;Tout manger ce qu'il y a dans nos assiettes (cantine, maison);Déchets;JAUNES;Jaunes maternelles;guimauve;13/04/2025;1;2.453511;0;1.390385;0;1.390384615;
D11;Ne pas prendre sa voiture si c'est possble : préférer la marche et le vélo (pour les petits trajets), le covoiturage…;Transport;JAUNES;Jaunes maternelles;nougatine;15/04/2025;1;0.38;0;0.67;0;0;
D06;Réduire son temps devant les écrans (Télé, ordinateurs, tablette, jeux vidéos...);Electricité;JAUNES;Jaunes maternelles;nougatine;15/04/2025;1;0.017374;0;0.183462;0;0;
C01;Eteindre les lumières quand on quitte une pièce ou si il fait jour dehors;Electricité;JAUNES;Jaunes maternelles;nougatine;15/04/2025;1;13.7935;0;0;0;0;
D09;Eviter de prendre des bains (préférer la douche rapide);Eau;JAUNES;Jaunes maternelles;nougatine;15/04/2025;1;0.0623;0;1.75;357;0;
T06;Ne pas tuer les petites bêtes et les remettre dehors (c'est la nourriture de oiseaux);Biodiversité;JAUNES;Jaunes maternelles;nougatine;15/04/2025;1;1.518;0;0;0;0;
D06;Acheter d’occasion plutôt que neuf;Courses;JAUNES;Jaunes maternelles;nougatine;15/04/2025;1;0.017374;0;0.183462;0;0.134615385;
E01;Acheter juste ce dont on a besoin;Courses;JAUNES;Jaunes maternelles;nougatine;15/04/2025;1;0.027408;0;0;0;0.134615385;
E03;Acheter des produits recyclables et utiliser les bacs de tri;Déchets;JAUNES;Jaunes maternelles;nougatine;15/04/2025;1;0.15988;0;0;0;0;
D02;Tout manger ce qu'il y a dans nos assiettes (cantine, maison);Déchets;JAUNES;Jaunes maternelles;nougatine;15/04/2025;1;2.453511;0;1.390385;0;1.390384615;
W04;Fermer ses volets quand il fait froid et nuit;Electricité;JAUNES;Jaunes maternelles;chocolat;16/04/2025;1;0.006501;16.5;0;0;0;
E04;Eteindre les appareils électriques lorsqu'on ne s'en sert pas (Télé, ordinateur...);Electricité;JAUNES;Jaunes maternelles;chocolat;16/04/2025;1;0.15988;0;1;0;0;
D05;Récupérer l'eau de pluie pour arroser;Eau;JAUNES;Jaunes maternelles;chocolat;16/04/2025;1;0.000239;0;0.134615;35;0;
W02;Ne pas gaspiller l'eau de son verre;Eau;JAUNES;Jaunes maternelles;chocolat;16/04/2025;1;0.05;28;0;35;0;
E08;Fermer le robinet quand on se brosse les dents;Eau;JAUNES;Jaunes maternelles;chocolat;16/04/2025;1;0.000173;0;0;28;0;
T04;Acheter des produits avec moins d'emballages (éviter emballages individuels);Courses;JAUNES;Jaunes maternelles;chocolat;16/04/2025;1;0.506;0;0;0;34.86;
W03;Préférer les produits réutilisables plutôt que jetables;Courses;JAUNES;Jaunes maternelles;chocolat;16/04/2025;1;0.004964;12.6;0;0;0;
E08;Acheter des fruits ou légumes de saison;Courses;JAUNES;Jaunes maternelles;chocolat;16/04/2025;1;0.000173;0;0;0;0;
E08;Ramasser les papiers et les déchets par terre pour les mettre à la poubelle;Déchets;JAUNES;Jaunes maternelles;chocolat;16/04/2025;1;0.000173;0;0;0;0.1;
W04;Fermer ses volets quand il fait froid et nuit;Electricité;JAUNES;Jaunes maternelles;nougatine;15/04/2025;1;0.006501;16.5;0;0;0;
E04;Eteindre les appareils électriques lorsqu'on ne s'en sert pas (Télé, ordinateur...);Electricité;JAUNES;Jaunes maternelles;nougatine;15/04/2025;1;0.15988;0;1;0;0;
D10;Couper l’eau quand on se savonne les mains;Eau;JAUNES;Jaunes maternelles;nougatine;15/04/2025;1;0.54243;0;0.21;12.6;0;
E08;Fermer le robinet quand on se brosse les dents;Eau;JAUNES;Jaunes maternelles;nougatine;15/04/2025;1;0.000173;0;0;28;0;
T04;Acheter des produits avec moins d'emballages (éviter emballages individuels);Courses;JAUNES;Jaunes maternelles;nougatine;15/04/2025;1;0.506;0;0;0;34.86;
W03;Préférer les produits réutilisables plutôt que jetables;Courses;JAUNES;Jaunes maternelles;nougatine;15/04/2025;1;0.004964;12.6;0;0;0;
E08;Acheter des fruits ou légumes de saison;Courses;JAUNES;Jaunes maternelles;nougatine;15/04/2025;1;0.000173;0;0;0;0;
E08;Ramasser les papiers et les déchets par terre pour les mettre à la poubelle;Déchets;JAUNES;Jaunes maternelles;nougatine;15/04/2025;1;0.000173;0;0;0;0.1;
D11;Ne pas prendre sa voiture si c'est possble : préférer la marche et le vélo (pour les petits trajets), le covoiturage…;Transport;JAUNES;Jaunes maternelles;chocolat;16/04/2025;1;0.38;0;0.67;0;0;
D06;Réduire son temps devant les écrans (Télé, ordinateurs, tablette, jeux vidéos...);Electricité;JAUNES;Jaunes maternelles;chocolat;16/04/2025;1;0.017374;0;0.183462;0;0;
C01;Eteindre les lumières quand on quitte une pièce ou si il fait jour dehors;Electricité;JAUNES;Jaunes maternelles;chocolat;16/04/2025;1;13.7935;0;0;0;0;
D10;Couper l’eau quand on se savonne les mains;Eau;JAUNES;Jaunes maternelles;chocolat;16/04/2025;1;0.54243;0;0.21;12.6;0;
D09;Eviter de prendre des bains (préférer la douche rapide);Eau;JAUNES;Jaunes maternelles;chocolat;16/04/2025;1;0.0623;0;1.75;357;0;
T06;Ne pas tuer les petites bêtes et les remettre dehors (c'est la nourriture de oiseaux);Biodiversité;JAUNES;Jaunes maternelles;chocolat;16/04/2025;1;1.518;0;0;0;0;
D06;Acheter d’occasion plutôt que neuf;Courses;JAUNES;Jaunes maternelles;chocolat;16/04/2025;1;0.017374;0;0.183462;0;0.134615385;
E01;Acheter juste ce dont on a besoin;Courses;JAUNES;Jaunes maternelles;chocolat;16/04/2025;1;0.027408;0;0;0;0.134615385;
E03;Acheter des produits recyclables et utiliser les bacs de tri;Déchets;JAUNES;Jaunes maternelles;chocolat;16/04/2025;1;0.15988;0;0;0;0;
D02;Tout manger ce qu'il y a dans nos assiettes (cantine, maison);Déchets;JAUNES;Jaunes maternelles;chocolat;16/04/2025;1;2.453511;0;1.390385;0;1.390384615;
D11;Ne pas prendre sa voiture si c'est possble : préférer la marche et le vélo (pour les petits trajets), le covoiturage…;Transport;JAUNES;Jaunes maternelles;guimauve;27/04/2025;1;0.38;0;0.67;0;0;
W04;Fermer ses volets quand il fait froid et nuit;Electricité;JAUNES;Jaunes maternelles;guimauve;27/04/2025;1;0.006501;16.5;0;0;0;
D06;Réduire son temps devant les écrans (Télé, ordinateurs, tablette, jeux vidéos...);Electricité;JAUNES;Jaunes maternelles;guimauve;27/04/2025;1;0.017374;0;0.183462;0;0;
E04;Eteindre les appareils électriques lorsqu'on ne s'en sert pas (Télé, ordinateur...);Electricité;JAUNES;Jaunes maternelles;guimauve;27/04/2025;1;0.15988;0;1;0;0;
C01;Eteindre les lumières quand on quitte une pièce ou si il fait jour dehors;Electricité;JAUNES;Jaunes maternelles;guimauve;27/04/2025;1;13.7935;0;0;0;0;
D05;Récupérer l'eau de pluie pour arroser;Eau;JAUNES;Jaunes maternelles;guimauve;27/04/2025;1;0.000239;0;0.134615;35;0;
D10;Couper l’eau quand on se savonne les mains;Eau;JAUNES;Jaunes maternelles;guimauve;27/04/2025;1;0.54243;0;0.21;12.6;0;
W02;Ne pas gaspiller l'eau de son verre;Eau;JAUNES;Jaunes maternelles;guimauve;27/04/2025;1;0.05;28;0;35;0;
D09;Eviter de prendre des bains (préférer la douche rapide);Eau;JAUNES;Jaunes maternelles;guimauve;27/04/2025;1;0.0623;0;1.75;357;0;
E08;Fermer le robinet quand on se brosse les dents;Eau;JAUNES;Jaunes maternelles;guimauve;27/04/2025;1;0.000173;0;0;28;0;
T06;Ne pas tuer les petites bêtes et les remettre dehors (c'est la nourriture de oiseaux);Biodiversité;JAUNES;Jaunes maternelles;guimauve;27/04/2025;1;1.518;0;0;0;0;
T04;Acheter des produits avec moins d'emballages (éviter emballages individuels);Courses;JAUNES;Jaunes maternelles;guimauve;27/04/2025;1;0.506;0;0;0;34.86;
D06;Acheter d’occasion plutôt que neuf;Courses;JAUNES;Jaunes maternelles;guimauve;27/04/2025;1;0.017374;0;0.183462;0;0.134615385;
W03;Préférer les produits réutilisables plutôt que jetables;Courses;JAUNES;Jaunes maternelles;guimauve;27/04/2025;1;0.004964;12.6;0;0;0;
E01;Acheter juste ce dont on a besoin;Courses;JAUNES;Jaunes maternelles;guimauve;27/04/2025;1;0.027408;0;0;0;0.134615385;
E08;Acheter des fruits ou légumes de saison;Courses;JAUNES;Jaunes maternelles;guimauve;27/04/2025;1;0.000173;0;0;0;0;
E03;Acheter des produits recyclables et utiliser les bacs de tri;Déchets;JAUNES;Jaunes maternelles;guimauve;27/04/2025;1;0.15988;0;0;0;0;
D02;Tout manger ce qu'il y a dans nos assiettes (cantine, maison);Déchets;JAUNES;Jaunes maternelles;guimauve;27/04/2025;1;2.453511;0;1.390385;0;1.390384615;
E08;Ramasser les papiers et les déchets par terre pour les mettre à la poubelle;Déchets;JAUNES;Jaunes maternelles;guimauve;27/04/2025;1;0.000173;0;0;0;0.1;
D11;Ne pas prendre sa voiture si c'est possble : préférer la marche et le vélo (pour les petits trajets), le covoiturage…;Transport;JAUNES;Jaunes maternelles;guimauve;30/03/2025;1;0.38;0;0.67;0;0;
D06;Réduire son temps devant les écrans (Télé, ordinateurs, tablette, jeux vidéos...);Electricité;JAUNES;Jaunes maternelles;guimauve;30/03/2025;1;0.017374;0;0.183462;0;0;
C01;Eteindre les lumières quand on quitte une pièce ou si il fait jour dehors;Electricité;JAUNES;Jaunes maternelles;guimauve;30/03/2025;1;13.7935;0;0;0;0;
D10;Couper l’eau quand on se savonne les mains;Eau;JAUNES;Jaunes maternelles;guimauve;30/03/2025;1;0.54243;0;0.21;12.6;0;
D09;Eviter de prendre des bains (préférer la douche rapide);Eau;JAUNES;Jaunes maternelles;guimauve;30/03/2025;1;0.0623;0;1.75;357;0;
T06;Ne pas tuer les petites bêtes et les remettre dehors (c'est la nourriture de oiseaux);Biodiversité;JAUNES;Jaunes maternelles;guimauve;30/03/2025;1;1.518;0;0;0;0;
D06;Acheter d’occasion plutôt que neuf;Courses;JAUNES;Jaunes maternelles;guimauve;30/03/2025;1;0.017374;0;0.183462;0;0.134615385;
E01;Acheter juste ce dont on a besoin;Courses;JAUNES;Jaunes maternelles;guimauve;30/03/2025;1;0.027408;0;0;0;0.134615385;
E03;Acheter des produits recyclables et utiliser les bacs de tri;Déchets;JAUNES;Jaunes maternelles;guimauve;30/03/2025;1;0.15988;0;0;0;0;
D02;Tout manger ce qu'il y a dans nos assiettes (cantine, maison);Déchets;JAUNES;Jaunes maternelles;guimauve;30/03/2025;1;2.453511;0;1.390385;0;1.390384615;
W04;Fermer ses volets quand il fait froid et nuit;Electricité;JAUNES;Jaunes maternelles;guimauve;30/03/2025;1;0.006501;16.5;0;0;0;
E04;Eteindre les appareils électriques lorsqu'on ne s'en sert pas (Télé, ordinateur...);Electricité;JAUNES;Jaunes maternelles;guimauve;30/03/2025;1;0.15988;0;1;0;0;
D05;Récupérer l'eau de pluie pour arroser;Eau;JAUNES;Jaunes maternelles;guimauve;30/03/2025;1;0.000239;0;0.134615;35;0;
W02;Ne pas gaspiller l'eau de son verre;Eau;JAUNES;Jaunes maternelles;guimauve;30/03/2025;1;0.05;28;0;35;0;
E08;Fermer le robinet quand on se brosse les dents;Eau;JAUNES;Jaunes maternelles;guimauve;30/03/2025;1;0.000173;0;0;28;0;
T04;Acheter des produits avec moins d'emballages (éviter emballages individuels);Courses;JAUNES;Jaunes maternelles;guimauve;30/03/2025;1;0.506;0;0;0;34.86;
W03;Préférer les produits réutilisables plutôt que jetables;Courses;JAUNES;Jaunes maternelles;guimauve;30/03/2025;1;0.004964;12.6;0;0;0;
E08;Acheter des fruits ou légumes de saison;Courses;JAUNES;Jaunes maternelles;guimauve;30/03/2025;1;0.000173;0;0;0;0;
E08;Ramasser les papiers et les déchets par terre pour les mettre à la poubelle;Déchets;JAUNES;Jaunes maternelles;guimauve;30/03/2025;1;0.000173;0;0;0;0.1;
W04;Fermer ses volets quand il fait froid et nuit;Electricité;JAUNES;Jaunes maternelles;crème de marron;29/03/2025;1;0.006501;16.5;0;0;0;
D06;Réduire son temps devant les écrans (Télé, ordinateurs, tablette, jeux vidéos...);Electricité;JAUNES;Jaunes maternelles;crème de marron;29/03/2025;1;0.017374;0;0.183462;0;0;
E04;Eteindre les appareils électriques lorsqu'on ne s'en sert pas (Télé, ordinateur...);Electricité;JAUNES;Jaunes maternelles;crème de marron;29/03/2025;1;0.15988;0;1;0;0;
C01;Eteindre les lumières quand on quitte une pièce ou si il fait jour dehors;Electricité;JAUNES;Jaunes maternelles;crème de marron;29/03/2025;1;13.7935;0;0;0;0;
D05;Récupérer l'eau de pluie pour arroser;Eau;JAUNES;Jaunes maternelles;crème de marron;29/03/2025;1;0.000239;0;0.134615;35;0;
D10;Couper l’eau quand on se savonne les mains;Eau;JAUNES;Jaunes maternelles;crème de marron;29/03/2025;1;0.54243;0;0.21;12.6;0;
W02;Ne pas gaspiller l'eau de son verre;Eau;JAUNES;Jaunes maternelles;crème de marron;29/03/2025;1;0.05;28;0;35;0;
D09;Eviter de prendre des bains (préférer la douche rapide);Eau;JAUNES;Jaunes maternelles;crème de marron;29/03/2025;1;0.0623;0;1.75;357;0;
E08;Fermer le robinet quand on se brosse les dents;Eau;JAUNES;Jaunes maternelles;crème de marron;29/03/2025;1;0.000173;0;0;28;0;
T06;Ne pas tuer les petites bêtes et les remettre dehors (c'est la nourriture de oiseaux);Biodiversité;JAUNES;Jaunes maternelles;crème de marron;29/03/2025;1;1.518;0;0;0;0;
D06;Acheter d’occasion plutôt que neuf;Courses;JAUNES;Jaunes maternelles;crème de marron;29/03/2025;1;0.017374;0;0.183462;0;0.134615385;
W03;Préférer les produits réutilisables plutôt que jetables;Courses;JAUNES;Jaunes maternelles;crème de marron;29/03/2025;1;0.004964;12.6;0;0;0;
E01;Acheter juste ce dont on a besoin;Courses;JAUNES;Jaunes maternelles;crème de marron;29/03/2025;1;0.027408;0;0;0;0.134615385;
E08;Acheter des fruits ou légumes de saison;Courses;JAUNES;Jaunes maternelles;crème de marron;29/03/2025;1;0.000173;0;0;0;0;
E08;Ramasser les papiers et les déchets par terre pour les mettre à la poubelle;Déchets;JAUNES;Jaunes maternelles;crème de marron;29/03/2025;1;0.000173;0;0;0;0.1;
D02;Tout manger ce qu'il y a dans nos assiettes (cantine, maison);Déchets;JAUNES;Jaunes maternelles;crème de marron;29/03/2025;1;2.453511;0;1.390385;0;1.390384615;
D11;Ne pas prendre sa voiture si c'est possble : préférer la marche et le vélo (pour les petits trajets), le covoiturage…;Transport;JAUNES;Jaunes maternelles;nougatine;30/04/2025;1;0.38;0;0.67;0;0;
D06;Réduire son temps devant les écrans (Télé, ordinateurs, tablette, jeux vidéos...);Electricité;JAUNES;Jaunes maternelles;nougatine;30/04/2025;1;0.017374;0;0.183462;0;0;
C01;Eteindre les lumières quand on quitte une pièce ou si il fait jour dehors;Electricité;JAUNES;Jaunes maternelles;nougatine;30/04/2025;1;13.7935;0;0;0;0;
W02;Ne pas gaspiller l'eau de son verre;Eau;JAUNES;Jaunes maternelles;nougatine;30/04/2025;1;0.05;28;0;35;0;
E08;Fermer le robinet quand on se brosse les dents;Eau;JAUNES;Jaunes maternelles;nougatine;30/04/2025;1;0.000173;0;0;28;0;
T04;Acheter des produits avec moins d'emballages (éviter emballages individuels);Courses;JAUNES;Jaunes maternelles;nougatine;30/04/2025;1;0.506;0;0;0;34.86;
W03;Préférer les produits réutilisables plutôt que jetables;Courses;JAUNES;Jaunes maternelles;nougatine;30/04/2025;1;0.004964;12.6;0;0;0;
E08;Acheter des fruits ou légumes de saison;Courses;JAUNES;Jaunes maternelles;nougatine;30/04/2025;1;0.000173;0;0;0;0;
E08;Ramasser les papiers et les déchets par terre pour les mettre à la poubelle;Déchets;JAUNES;Jaunes maternelles;nougatine;30/04/2025;1;0.000173;0;0;0;0.1;
D11;Ne pas prendre sa voiture si c'est possble : préférer la marche et le vélo (pour les petits trajets), le covoiturage…;Transport;JAUNES;Jaunes maternelles;guimauve;04/05/2025;1;0.38;0;0.67;0;0;
D06;Réduire son temps devant les écrans (Télé, ordinateurs, tablette, jeux vidéos...);Electricité;JAUNES;Jaunes maternelles;guimauve;04/05/2025;1;0.017374;0;0.183462;0;0;
C01;Eteindre les lumières quand on quitte une pièce ou si il fait jour dehors;Electricité;JAUNES;Jaunes maternelles;guimauve;04/05/2025;1;13.7935;0;0;0;0;
D10;Couper l’eau quand on se savonne les mains;Eau;JAUNES;Jaunes maternelles;guimauve;04/05/2025;1;0.54243;0;0.21;12.6;0;
D09;Eviter de prendre des bains (préférer la douche rapide);Eau;JAUNES;Jaunes maternelles;guimauve;04/05/2025;1;0.0623;0;1.75;357;0;
T06;Ne pas tuer les petites bêtes et les remettre dehors (c'est la nourriture de oiseaux);Biodiversité;JAUNES;Jaunes maternelles;guimauve;04/05/2025;1;1.518;0;0;0;0;
D06;Acheter d’occasion plutôt que neuf;Courses;JAUNES;Jaunes maternelles;guimauve;04/05/2025;1;0.017374;0;0.183462;0;0.134615385;
E01;Acheter juste ce dont on a besoin;Courses;JAUNES;Jaunes maternelles;guimauve;04/05/2025;1;0.027408;0;0;0;0.134615385;
E03;Acheter des produits recyclables et utiliser les bacs de tri;Déchets;JAUNES;Jaunes maternelles;guimauve;04/05/2025;1;0.15988;0;0;0;0;
D02;Tout manger ce qu'il y a dans nos assiettes (cantine, maison);Déchets;JAUNES;Jaunes maternelles;guimauve;04/05/2025;1;2.453511;0;1.390385;0;1.390384615;
W04;Fermer ses volets quand il fait froid et nuit;Electricité;JAUNES;Jaunes maternelles;nougatine;30/04/2025;1;0.006501;16.5;0;0;0;
E04;Eteindre les appareils électriques lorsqu'on ne s'en sert pas (Télé, ordinateur...);Electricité;JAUNES;Jaunes maternelles;nougatine;30/04/2025;1;0.15988;0;1;0;0;
D10;Couper l’eau quand on se savonne les mains;Eau;JAUNES;Jaunes maternelles;nougatine;30/04/2025;1;0.54243;0;0.21;12.6;0;
D09;Eviter de prendre des bains (préférer la douche rapide);Eau;JAUNES;Jaunes maternelles;nougatine;30/04/2025;1;0.0623;0;1.75;357;0;
T06;Ne pas tuer les petites bêtes et les remettre dehors (c'est la nourriture de oiseaux);Biodiversité;JAUNES;Jaunes maternelles;nougatine;30/04/2025;1;1.518;0;0;0;0;
D06;Acheter d’occasion plutôt que neuf;Courses;JAUNES;Jaunes maternelles;nougatine;30/04/2025;1;0.017374;0;0.183462;0;0.134615385;
E01;Acheter juste ce dont on a besoin;Courses;JAUNES;Jaunes maternelles;nougatine;30/04/2025;1;0.027408;0;0;0;0.134615385;
E03;Acheter des produits recyclables et utiliser les bacs de tri;Déchets;JAUNES;Jaunes maternelles;nougatine;30/04/2025;1;0.15988;0;0;0;0;
D02;Tout manger ce qu'il y a dans nos assiettes (cantine, maison);Déchets;JAUNES;Jaunes maternelles;nougatine;30/04/2025;1;2.453511;0;1.390385;0;1.390384615;
D11;Ne pas prendre sa voiture si c'est possble : préférer la marche et le vélo (pour les petits trajets), le covoiturage…;Transport;JAUNES;Jaunes maternelles;guimauve;23/03/2025;1;0.38;0;0.67;0;0;
D06;Réduire son temps devant les écrans (Télé, ordinateurs, tablette, jeux vidéos...);Electricité;JAUNES;Jaunes maternelles;guimauve;23/03/2025;1;0.017374;0;0.183462;0;0;
C01;Eteindre les lumières quand on quitte une pièce ou si il fait jour dehors;Electricité;JAUNES;Jaunes maternelles;guimauve;23/03/2025;1;13.7935;0;0;0;0;
D10;Couper l’eau quand on se savonne les mains;Eau;JAUNES;Jaunes maternelles;guimauve;23/03/2025;1;0.54243;0;0.21;12.6;0;
D09;Eviter de prendre des bains (préférer la douche rapide);Eau;JAUNES;Jaunes maternelles;guimauve;23/03/2025;1;0.0623;0;1.75;357;0;
T06;Ne pas tuer les petites bêtes et les remettre dehors (c'est la nourriture de oiseaux);Biodiversité;JAUNES;Jaunes maternelles;guimauve;23/03/2025;1;1.518;0;0;0;0;
D06;Acheter d’occasion plutôt que neuf;Courses;JAUNES;Jaunes maternelles;guimauve;23/03/2025;1;0.017374;0;0.183462;0;0.134615385;
E01;Acheter juste ce dont on a besoin;Courses;JAUNES;Jaunes maternelles;guimauve;23/03/2025;1;0.027408;0;0;0;0.134615385;
E03;Acheter des produits recyclables et utiliser les bacs de tri;Déchets;JAUNES;Jaunes maternelles;guimauve;23/03/2025;1;0.15988;0;0;0;0;
D02;Tout manger ce qu'il y a dans nos assiettes (cantine, maison);Déchets;JAUNES;Jaunes maternelles;guimauve;23/03/2025;1;2.453511;0;1.390385;0;1.390384615;
W04;Fermer ses volets quand il fait froid et nuit;Electricité;JAUNES;Jaunes maternelles;guimauve;23/03/2025;1;0.006501;16.5;0;0;0;
E04;Eteindre les appareils électriques lorsqu'on ne s'en sert pas (Télé, ordinateur...);Electricité;JAUNES;Jaunes maternelles;guimauve;23/03/2025;1;0.15988;0;1;0;0;
D05;Récupérer l'eau de pluie pour arroser;Eau;JAUNES;Jaunes maternelles;guimauve;23/03/2025;1;0.000239;0;0.134615;35;0;
W02;Ne pas gaspiller l'eau de son verre;Eau;JAUNES;Jaunes maternelles;guimauve;23/03/2025;1;0.05;28;0;35;0;
E08;Fermer le robinet quand on se brosse les dents;Eau;JAUNES;Jaunes maternelles;guimauve;23/03/2025;1;0.000173;0;0;28;0;
T04;Acheter des produits avec moins d'emballages (éviter emballages individuels);Courses;JAUNES;Jaunes maternelles;guimauve;23/03/2025;1;0.506;0;0;0;34.86;
W03;Préférer les produits réutilisables plutôt que jetables;Courses;JAUNES;Jaunes maternelles;guimauve;23/03/2025;1;0.004964;12.6;0;0;0;
E08;Acheter des fruits ou légumes de saison;Courses;JAUNES;Jaunes maternelles;guimauve;23/03/2025;1;0.000173;0;0;0;0;
E08;Ramasser les papiers et les déchets par terre pour les mettre à la poubelle;Déchets;JAUNES;Jaunes maternelles;guimauve;23/03/2025;1;0.000173;0;0;0;0.1;
W04;Fermer ses volets quand il fait froid et nuit;Electricité;JAUNES;Jaunes maternelles;spéculoos;27/03/2025;1;0.006501;16.5;0;0;0;
E04;Eteindre les appareils électriques lorsqu'on ne s'en sert pas (Télé, ordinateur...);Electricité;JAUNES;Jaunes maternelles;spéculoos;27/03/2025;1;0.15988;0;1;0;0;
D10;Couper l’eau quand on se savonne les mains;Eau;JAUNES;Jaunes maternelles;spéculoos;27/03/2025;1;0.54243;0;0.21;12.6;0;
D09;Eviter de prendre des bains (préférer la douche rapide);Eau;JAUNES;Jaunes maternelles;spéculoos;27/03/2025;1;0.0623;0;1.75;357;0;
T06;Ne pas tuer les petites bêtes et les remettre dehors (c'est la nourriture de oiseaux);Biodiversité;JAUNES;Jaunes maternelles;spéculoos;27/03/2025;1;1.518;0;0;0;0;
W03;Préférer les produits réutilisables plutôt que jetables;Courses;JAUNES;Jaunes maternelles;spéculoos;27/03/2025;1;0.004964;12.6;0;0;0;
E08;Acheter des fruits ou légumes de saison;Courses;JAUNES;Jaunes maternelles;spéculoos;27/03/2025;1;0.000173;0;0;0;0;
D02;Tout manger ce qu'il y a dans nos assiettes (cantine, maison);Déchets;JAUNES;Jaunes maternelles;spéculoos;27/03/2025;1;2.453511;0;1.390385;0;1.390384615;
D11;Ne pas prendre sa voiture si c'est possble : préférer la marche et le vélo (pour les petits trajets), le covoiturage…;Transport;JAUNES;Jaunes maternelles;spéculoos;27/03/2025;1;0.38;0;0.67;0;0;
D06;Réduire son temps devant les écrans (Télé, ordinateurs, tablette, jeux vidéos...);Electricité;JAUNES;Jaunes maternelles;spéculoos;27/03/2025;1;0.017374;0;0.183462;0;0;
D05;Récupérer l'eau de pluie pour arroser;Eau;JAUNES;Jaunes maternelles;spéculoos;27/03/2025;1;0.000239;0;0.134615;35;0;
W02;Ne pas gaspiller l'eau de son verre;Eau;JAUNES;Jaunes maternelles;spéculoos;27/03/2025;1;0.05;28;0;35;0;
E08;Fermer le robinet quand on se brosse les dents;Eau;JAUNES;Jaunes maternelles;spéculoos;27/03/2025;1;0.000173;0;0;28;0;
D06;Acheter d’occasion plutôt que neuf;Courses;JAUNES;Jaunes maternelles;spéculoos;27/03/2025;1;0.017374;0;0.183462;0;0.134615385;
E01;Acheter juste ce dont on a besoin;Courses;JAUNES;Jaunes maternelles;spéculoos;27/03/2025;1;0.027408;0;0;0;0.134615385;
E03;Acheter des produits recyclables et utiliser les bacs de tri;Déchets;JAUNES;Jaunes maternelles;spéculoos;27/03/2025;1;0.15988;0;0;0;0;
D11;Ne pas prendre sa voiture si c'est possble : préférer la marche et le vélo (pour les petits trajets), le covoiturage…;Transport;JAUNES;Jaunes maternelles;nougatine;27/03/2025;1;0.38;0;0.67;0;0;
D06;Réduire son temps devant les écrans (Télé, ordinateurs, tablette, jeux vidéos...);Electricité;JAUNES;Jaunes maternelles;nougatine;27/03/2025;1;0.017374;0;0.183462;0;0;
C01;Eteindre les lumières quand on quitte une pièce ou si il fait jour dehors;Electricité;JAUNES;Jaunes maternelles;nougatine;27/03/2025;1;13.7935;0;0;0;0;
W02;Ne pas gaspiller l'eau de son verre;Eau;JAUNES;Jaunes maternelles;nougatine;27/03/2025;1;0.05;28;0;35;0;
E08;Fermer le robinet quand on se brosse les dents;Eau;JAUNES;Jaunes maternelles;nougatine;27/03/2025;1;0.000173;0;0;28;0;
T04;Acheter des produits avec moins d'emballages (éviter emballages individuels);Courses;JAUNES;Jaunes maternelles;nougatine;27/03/2025;1;0.506;0;0;0;34.86;
W03;Préférer les produits réutilisables plutôt que jetables;Courses;JAUNES;Jaunes maternelles;nougatine;27/03/2025;1;0.004964;12.6;0;0;0;
E08;Acheter des fruits ou légumes de saison;Courses;JAUNES;Jaunes maternelles;nougatine;27/03/2025;1;0.000173;0;0;0;0;
E08;Ramasser les papiers et les déchets par terre pour les mettre à la poubelle;Déchets;JAUNES;Jaunes maternelles;nougatine;27/03/2025;1;0.000173;0;0;0;0.1;
D11;Ne pas prendre sa voiture si c'est possble : préférer la marche et le vélo (pour les petits trajets), le covoiturage…;Transport;JAUNES;Jaunes maternelles;chocolat;28/03/2025;1;0.38;0;0.67;0;0;
D06;Réduire son temps devant les écrans (Télé, ordinateurs, tablette, jeux vidéos...);Electricité;JAUNES;Jaunes maternelles;chocolat;28/03/2025;1;0.017374;0;0.183462;0;0;
C01;Eteindre les lumières quand on quitte une pièce ou si il fait jour dehors;Electricité;JAUNES;Jaunes maternelles;chocolat;28/03/2025;1;13.7935;0;0;0;0;
W02;Ne pas gaspiller l'eau de son verre;Eau;JAUNES;Jaunes maternelles;chocolat;28/03/2025;1;0.05;28;0;35;0;
E08;Fermer le robinet quand on se brosse les dents;Eau;JAUNES;Jaunes maternelles;chocolat;28/03/2025;1;0.000173;0;0;28;0;
T04;Acheter des produits avec moins d'emballages (éviter emballages individuels);Courses;JAUNES;Jaunes maternelles;chocolat;28/03/2025;1;0.506;0;0;0;34.86;
W03;Préférer les produits réutilisables plutôt que jetables;Courses;JAUNES;Jaunes maternelles;chocolat;28/03/2025;1;0.004964;12.6;0;0;0;
E08;Acheter des fruits ou légumes de saison;Courses;JAUNES;Jaunes maternelles;chocolat;28/03/2025;1;0.000173;0;0;0;0;
E08;Ramasser les papiers et les déchets par terre pour les mettre à la poubelle;Déchets;JAUNES;Jaunes maternelles;chocolat;28/03/2025;1;0.000173;0;0;0;0.1;
W04;Fermer ses volets quand il fait froid et nuit;Electricité;JAUNES;Jaunes maternelles;nougatine;27/03/2025;1;0.006501;16.5;0;0;0;
E04;Eteindre les appareils électriques lorsqu'on ne s'en sert pas (Télé, ordinateur...);Electricité;JAUNES;Jaunes maternelles;nougatine;27/03/2025;1;0.15988;0;1;0;0;
D10;Couper l’eau quand on se savonne les mains;Eau;JAUNES;Jaunes maternelles;nougatine;27/03/2025;1;0.54243;0;0.21;12.6;0;
D09;Eviter de prendre des bains (préférer la douche rapide);Eau;JAUNES;Jaunes maternelles;nougatine;27/03/2025;1;0.0623;0;1.75;357;0;
T06;Ne pas tuer les petites bêtes et les remettre dehors (c'est la nourriture de oiseaux);Biodiversité;JAUNES;Jaunes maternelles;nougatine;27/03/2025;1;1.518;0;0;0;0;
D06;Acheter d’occasion plutôt que neuf;Courses;JAUNES;Jaunes maternelles;nougatine;27/03/2025;1;0.017374;0;0.183462;0;0.134615385;
E01;Acheter juste ce dont on a besoin;Courses;JAUNES;Jaunes maternelles;nougatine;27/03/2025;1;0.027408;0;0;0;0.134615385;
E03;Acheter des produits recyclables et utiliser les bacs de tri;Déchets;JAUNES;Jaunes maternelles;nougatine;27/03/2025;1;0.15988;0;0;0;0;
D02;Tout manger ce qu'il y a dans nos assiettes (cantine, maison);Déchets;JAUNES;Jaunes maternelles;nougatine;27/03/2025;1;2.453511;0;1.390385;0;1.390384615;
W04;Fermer ses volets quand il fait froid et nuit;Electricité;JAUNES;Jaunes maternelles;chocolat;28/03/2025;1;0.006501;16.5;0;0;0;
E04;Eteindre les appareils électriques lorsqu'on ne s'en sert pas (Télé, ordinateur...);Electricité;JAUNES;Jaunes maternelles;chocolat;28/03/2025;1;0.15988;0;1;0;0;
D10;Couper l’eau quand on se savonne les mains;Eau;JAUNES;Jaunes maternelles;chocolat;28/03/2025;1;0.54243;0;0.21;12.6;0;
D09;Eviter de prendre des bains (préférer la douche rapide);Eau;JAUNES;Jaunes maternelles;chocolat;28/03/2025;1;0.0623;0;1.75;357;0;
T06;Ne pas tuer les petites bêtes et les remettre dehors (c'est la nourriture de oiseaux);Biodiversité;JAUNES;Jaunes maternelles;chocolat;28/03/2025;1;1.518;0;0;0;0;
D06;Acheter d’occasion plutôt que neuf;Courses;JAUNES;Jaunes maternelles;chocolat;28/03/2025;1;0.017374;0;0.183462;0;0.134615385;
E01;Acheter juste ce dont on a besoin;Courses;JAUNES;Jaunes maternelles;chocolat;28/03/2025;1;0.027408;0;0;0;0.134615385;
E03;Acheter des produits recyclables et utiliser les bacs de tri;Déchets;JAUNES;Jaunes maternelles;chocolat;28/03/2025;1;0.15988;0;0;0;0;
D02;Tout manger ce qu'il y a dans nos assiettes (cantine, maison);Déchets;JAUNES;Jaunes maternelles;chocolat;28/03/2025;1;2.453511;0;1.390385;0;1.390384615;
W04;Fermer ses volets quand il fait froid et nuit;Electricité;JAUNES;Jaunes maternelles;guimauve;04/05/2025;1;0.006501;16.5;0;0;0;
E04;Eteindre les appareils électriques lorsqu'on ne s'en sert pas (Télé, ordinateur...);Electricité;JAUNES;Jaunes maternelles;guimauve;04/05/2025;1;0.15988;0;1;0;0;
D05;Récupérer l'eau de pluie pour arroser;Eau;JAUNES;Jaunes maternelles;guimauve;04/05/2025;1;0.000239;0;0.134615;35;0;
W02;Ne pas gaspiller l'eau de son verre;Eau;JAUNES;Jaunes maternelles;guimauve;04/05/2025;1;0.05;28;0;35;0;
E08;Fermer le robinet quand on se brosse les dents;Eau;JAUNES;Jaunes maternelles;guimauve;04/05/2025;1;0.000173;0;0;28;0;
T04;Acheter des produits avec moins d'emballages (éviter emballages individuels);Courses;JAUNES;Jaunes maternelles;guimauve;04/05/2025;1;0.506;0;0;0;34.86;
W03;Préférer les produits réutilisables plutôt que jetables;Courses;JAUNES;Jaunes maternelles;guimauve;04/05/2025;1;0.004964;12.6;0;0;0;
E08;Acheter des fruits ou légumes de saison;Courses;JAUNES;Jaunes maternelles;guimauve;04/05/2025;1;0.000173;0;0;0;0;
E08;Ramasser les papiers et les déchets par terre pour les mettre à la poubelle;Déchets;JAUNES;Jaunes maternelles;guimauve;04/05/2025;1;0.000173;0;0;0;0.1;
W04;Fermer ses volets quand il fait froid et nuit;Electricité;JAUNES;Jaunes maternelles;nougatine;14/05/2025;1;0.006501;16.5;0;0;0;
E04;Eteindre les appareils électriques lorsqu'on ne s'en sert pas (Télé, ordinateur...);Electricité;JAUNES;Jaunes maternelles;nougatine;14/05/2025;1;0.15988;0;1;0;0;
D10;Couper l’eau quand on se savonne les mains;Eau;JAUNES;Jaunes maternelles;nougatine;14/05/2025;1;0.54243;0;0.21;12.6;0;
D09;Eviter de prendre des bains (préférer la douche rapide);Eau;JAUNES;Jaunes maternelles;nougatine;14/05/2025;1;0.0623;0;1.75;357;0;
T06;Ne pas tuer les petites bêtes et les remettre dehors (c'est la nourriture de oiseaux);Biodiversité;JAUNES;Jaunes maternelles;nougatine;14/05/2025;1;1.518;0;0;0;0;
D06;Acheter d’occasion plutôt que neuf;Courses;JAUNES;Jaunes maternelles;nougatine;14/05/2025;1;0.017374;0;0.183462;0;0.134615385;
E01;Acheter juste ce dont on a besoin;Courses;JAUNES;Jaunes maternelles;nougatine;14/05/2025;1;0.027408;0;0;0;0.134615385;
E03;Acheter des produits recyclables et utiliser les bacs de tri;Déchets;JAUNES;Jaunes maternelles;nougatine;14/05/2025;1;0.15988;0;0;0;0;
D02;Tout manger ce qu'il y a dans nos assiettes (cantine, maison);Déchets;JAUNES;Jaunes maternelles;nougatine;14/05/2025;1;2.453511;0;1.390385;0;1.390384615;
W04;Fermer ses volets quand il fait froid et nuit;Electricité;JAUNES;Jaunes maternelles;guimauve;18/05/2025;1;0.006501;16.5;0;0;0;
E04;Eteindre les appareils électriques lorsqu'on ne s'en sert pas (Télé, ordinateur...);Electricité;JAUNES;Jaunes maternelles;guimauve;18/05/2025;1;0.15988;0;1;0;0;
D10;Couper l’eau quand on se savonne les mains;Eau;JAUNES;Jaunes maternelles;guimauve;18/05/2025;1;0.54243;0;0.21;12.6;0;
D09;Eviter de prendre des bains (préférer la douche rapide);Eau;JAUNES;Jaunes maternelles;guimauve;18/05/2025;1;0.0623;0;1.75;357;0;
T06;Ne pas tuer les petites bêtes et les remettre dehors (c'est la nourriture de oiseaux);Biodiversité;JAUNES;Jaunes maternelles;guimauve;18/05/2025;1;1.518;0;0;0;0;
D06;Acheter d’occasion plutôt que neuf;Courses;JAUNES;Jaunes maternelles;guimauve;18/05/2025;1;0.017374;0;0.183462;0;0.134615385;
E01;Acheter juste ce dont on a besoin;Courses;JAUNES;Jaunes maternelles;guimauve;18/05/2025;1;0.027408;0;0;0;0.134615385;
E03;Acheter des produits recyclables et utiliser les bacs de tri;Déchets;JAUNES;Jaunes maternelles;guimauve;18/05/2025;1;0.15988;0;0;0;0;
D02;Tout manger ce qu'il y a dans nos assiettes (cantine, maison);Déchets;JAUNES;Jaunes maternelles;guimauve;18/05/2025;1;2.453511;0;1.390385;0;1.390384615;
W04;Fermer ses volets quand il fait froid et nuit;Electricité;JAUNES;Jaunes maternelles;spéculoos;20/05/2025;1;0.006501;16.5;0;0;0;
E04;Eteindre les appareils électriques lorsqu'on ne s'en sert pas (Télé, ordinateur...);Electricité;JAUNES;Jaunes maternelles;spéculoos;20/05/2025;1;0.15988;0;1;0;0;
D05;Récupérer l'eau de pluie pour arroser;Eau;JAUNES;Jaunes maternelles;spéculoos;20/05/2025;1;0.000239;0;0.134615;35;0;
W02;Ne pas gaspiller l'eau de son verre;Eau;JAUNES;Jaunes maternelles;spéculoos;20/05/2025;1;0.05;28;0;35;0;
E08;Fermer le robinet quand on se brosse les dents;Eau;JAUNES;Jaunes maternelles;spéculoos;20/05/2025;1;0.000173;0;0;28;0;
W03;Préférer les produits réutilisables plutôt que jetables;Courses;JAUNES;Jaunes maternelles;spéculoos;20/05/2025;1;0.004964;12.6;0;0;0;
E08;Acheter des fruits ou légumes de saison;Courses;JAUNES;Jaunes maternelles;spéculoos;20/05/2025;1;0.000173;0;0;0;0;
D02;Tout manger ce qu'il y a dans nos assiettes (cantine, maison);Déchets;JAUNES;Jaunes maternelles;spéculoos;20/05/2025;1;2.453511;0;1.390385;0;1.390384615;
D11;Ne pas prendre sa voiture si c'est possble : préférer la marche et le vélo (pour les petits trajets), le covoiturage…;Transport;JAUNES;Jaunes maternelles;nougatine;14/05/2025;1;0.38;0;0.67;0;0;
D06;Réduire son temps devant les écrans (Télé, ordinateurs, tablette, jeux vidéos...);Electricité;JAUNES;Jaunes maternelles;nougatine;14/05/2025;1;0.017374;0;0.183462;0;0;
C01;Eteindre les lumières quand on quitte une pièce ou si il fait jour dehors;Electricité;JAUNES;Jaunes maternelles;nougatine;14/05/2025;1;13.7935;0;0;0;0;
W02;Ne pas gaspiller l'eau de son verre;Eau;JAUNES;Jaunes maternelles;nougatine;14/05/2025;1;0.05;28;0;35;0;
E08;Fermer le robinet quand on se brosse les dents;Eau;JAUNES;Jaunes maternelles;nougatine;14/05/2025;1;0.000173;0;0;28;0;
T04;Acheter des produits avec moins d'emballages (éviter emballages individuels);Courses;JAUNES;Jaunes maternelles;nougatine;14/05/2025;1;0.506;0;0;0;34.86;
W03;Préférer les produits réutilisables plutôt que jetables;Courses;JAUNES;Jaunes maternelles;nougatine;14/05/2025;1;0.004964;12.6;0;0;0;
E08;Acheter des fruits ou légumes de saison;Courses;JAUNES;Jaunes maternelles;nougatine;14/05/2025;1;0.000173;0;0;0;0;
E08;Ramasser les papiers et les déchets par terre pour les mettre à la poubelle;Déchets;JAUNES;Jaunes maternelles;nougatine;14/05/2025;1;0.000173;0;0;0;0.1;
D11;Ne pas prendre sa voiture si c'est possble : préférer la marche et le vélo (pour les petits trajets), le covoiturage…;Transport;JAUNES;Jaunes maternelles;guimauve;18/05/2025;1;0.38;0;0.67;0;0;
D06;Réduire son temps devant les écrans (Télé, ordinateurs, tablette, jeux vidéos...);Electricité;JAUNES;Jaunes maternelles;guimauve;18/05/2025;1;0.017374;0;0.183462;0;0;
C01;Eteindre les lumières quand on quitte une pièce ou si il fait jour dehors;Electricité;JAUNES;Jaunes maternelles;guimauve;18/05/2025;1;13.7935;0;0;0;0;
D05;Récupérer l'eau de pluie pour arroser;Eau;JAUNES;Jaunes maternelles;guimauve;18/05/2025;1;0.000239;0;0.134615;35;0;
W02;Ne pas gaspiller l'eau de son verre;Eau;JAUNES;Jaunes maternelles;guimauve;18/05/2025;1;0.05;28;0;35;0;
E08;Fermer le robinet quand on se brosse les dents;Eau;JAUNES;Jaunes maternelles;guimauve;18/05/2025;1;0.000173;0;0;28;0;
T04;Acheter des produits avec moins d'emballages (éviter emballages individuels);Courses;JAUNES;Jaunes maternelles;guimauve;18/05/2025;1;0.506;0;0;0;34.86;
W03;Préférer les produits réutilisables plutôt que jetables;Courses;JAUNES;Jaunes maternelles;guimauve;18/05/2025;1;0.004964;12.6;0;0;0;
E08;Acheter des fruits ou légumes de saison;Courses;JAUNES;Jaunes maternelles;guimauve;18/05/2025;1;0.000173;0;0;0;0;
E08;Ramasser les papiers et les déchets par terre pour les mettre à la poubelle;Déchets;JAUNES;Jaunes maternelles;guimauve;18/05/2025;1;0.000173;0;0;0;0.1;
D11;Ne pas prendre sa voiture si c'est possble : préférer la marche et le vélo (pour les petits trajets), le covoiturage…;Transport;JAUNES;Jaunes maternelles;spéculoos;20/05/2025;1;0.38;0;0.67;0;0;
D06;Réduire son temps devant les écrans (Télé, ordinateurs, tablette, jeux vidéos...);Electricité;JAUNES;Jaunes maternelles;spéculoos;20/05/2025;1;0.017374;0;0.183462;0;0;
C01;Eteindre les lumières quand on quitte une pièce ou si il fait jour dehors;Electricité;JAUNES;Jaunes maternelles;spéculoos;20/05/2025;1;13.7935;0;0;0;0;
D10;Couper l’eau quand on se savonne les mains;Eau;JAUNES;Jaunes maternelles;spéculoos;20/05/2025;1;0.54243;0;0.21;12.6;0;
D09;Eviter de prendre des bains (préférer la douche rapide);Eau;JAUNES;Jaunes maternelles;spéculoos;20/05/2025;1;0.0623;0;1.75;357;0;
T06;Ne pas tuer les petites bêtes et les remettre dehors (c'est la nourriture de oiseaux);Biodiversité;JAUNES;Jaunes maternelles;spéculoos;20/05/2025;1;1.518;0;0;0;0;
E01;Acheter juste ce dont on a besoin;Courses;JAUNES;Jaunes maternelles;spéculoos;20/05/2025;1;0.027408;0;0;0;0.134615385;
E03;Acheter des produits recyclables et utiliser les bacs de tri;Déchets;JAUNES;Jaunes maternelles;spéculoos;20/05/2025;1;0.15988;0;0;0;0;
D11;Ne pas prendre sa voiture si c'est possble : préférer la marche et le vélo (pour les petits trajets), le covoiturage…;Transport;JAUNES;Jaunes maternelles;guimauve;11/05/2025;1;0.38;0;0.67;0;0;
W04;Fermer ses volets quand il fait froid et nuit;Electricité;JAUNES;Jaunes maternelles;guimauve;11/05/2025;1;0.006501;16.5;0;0;0;
D06;Réduire son temps devant les écrans (Télé, ordinateurs, tablette, jeux vidéos...);Electricité;JAUNES;Jaunes maternelles;guimauve;11/05/2025;1;0.017374;0;0.183462;0;0;
E04;Eteindre les appareils électriques lorsqu'on ne s'en sert pas (Télé, ordinateur...);Electricité;JAUNES;Jaunes maternelles;guimauve;11/05/2025;1;0.15988;0;1;0;0;
C01;Eteindre les lumières quand on quitte une pièce ou si il fait jour dehors;Electricité;JAUNES;Jaunes maternelles;guimauve;11/05/2025;1;13.7935;0;0;0;0;
D05;Récupérer l'eau de pluie pour arroser;Eau;JAUNES;Jaunes maternelles;guimauve;11/05/2025;1;0.000239;0;0.134615;35;0;
D10;Couper l’eau quand on se savonne les mains;Eau;JAUNES;Jaunes maternelles;guimauve;11/05/2025;1;0.54243;0;0.21;12.6;0;
W02;Ne pas gaspiller l'eau de son verre;Eau;JAUNES;Jaunes maternelles;guimauve;11/05/2025;1;0.05;28;0;35;0;
D09;Eviter de prendre des bains (préférer la douche rapide);Eau;JAUNES;Jaunes maternelles;guimauve;11/05/2025;1;0.0623;0;1.75;357;0;
E08;Fermer le robinet quand on se brosse les dents;Eau;JAUNES;Jaunes maternelles;guimauve;11/05/2025;1;0.000173;0;0;28;0;
T06;Ne pas tuer les petites bêtes et les remettre dehors (c'est la nourriture de oiseaux);Biodiversité;JAUNES;Jaunes maternelles;guimauve;11/05/2025;1;1.518;0;0;0;0;
T04;Acheter des produits avec moins d'emballages (éviter emballages individuels);Courses;JAUNES;Jaunes maternelles;guimauve;11/05/2025;1;0.506;0;0;0;34.86;
D06;Acheter d’occasion plutôt que neuf;Courses;JAUNES;Jaunes maternelles;guimauve;11/05/2025;1;0.017374;0;0.183462;0;0.134615385;
W03;Préférer les produits réutilisables plutôt que jetables;Courses;JAUNES;Jaunes maternelles;guimauve;11/05/2025;1;0.004964;12.6;0;0;0;
E01;Acheter juste ce dont on a besoin;Courses;JAUNES;Jaunes maternelles;guimauve;11/05/2025;1;0.027408;0;0;0;0.134615385;
E08;Acheter des fruits ou légumes de saison;Courses;JAUNES;Jaunes maternelles;guimauve;11/05/2025;1;0.000173;0;0;0;0;
E03;Acheter des produits recyclables et utiliser les bacs de tri;Déchets;JAUNES;Jaunes maternelles;guimauve;11/05/2025;1;0.15988;0;0;0;0;
E08;Ramasser les papiers et les déchets par terre pour les mettre à la poubelle;Déchets;JAUNES;Jaunes maternelles;guimauve;11/05/2025;1;0.000173;0;0;0;0.1;
D02;Tout manger ce qu'il y a dans nos assiettes (cantine, maison);Déchets;JAUNES;Jaunes maternelles;guimauve;11/05/2025;1;2.453511;0;1.390385;0;1.390384615;
D11;Ne pas prendre sa voiture si c'est possble : préférer la marche et le vélo (pour les petits trajets), le covoiturage…;Transport;JAUNES;Jaunes maternelles;guimauve;26/05/2025;1;0.38;0;0.67;0;0;
W04;Fermer ses volets quand il fait froid et nuit;Electricité;JAUNES;Jaunes maternelles;guimauve;26/05/2025;1;0.006501;16.5;0;0;0;
D06;Réduire son temps devant les écrans (Télé, ordinateurs, tablette, jeux vidéos...);Electricité;JAUNES;Jaunes maternelles;guimauve;26/05/2025;1;0.017374;0;0.183462;0;0;
E04;Eteindre les appareils électriques lorsqu'on ne s'en sert pas (Télé, ordinateur...);Electricité;JAUNES;Jaunes maternelles;guimauve;26/05/2025;1;0.15988;0;1;0;0;
C01;Eteindre les lumières quand on quitte une pièce ou si il fait jour dehors;Electricité;JAUNES;Jaunes maternelles;guimauve;26/05/2025;1;13.7935;0;0;0;0;
D05;Récupérer l'eau de pluie pour arroser;Eau;JAUNES;Jaunes maternelles;guimauve;26/05/2025;1;0.000239;0;0.134615;35;0;
D10;Couper l’eau quand on se savonne les mains;Eau;JAUNES;Jaunes maternelles;guimauve;26/05/2025;1;0.54243;0;0.21;12.6;0;
W02;Ne pas gaspiller l'eau de son verre;Eau;JAUNES;Jaunes maternelles;guimauve;26/05/2025;1;0.05;28;0;35;0;
D09;Eviter de prendre des bains (préférer la douche rapide);Eau;JAUNES;Jaunes maternelles;guimauve;26/05/2025;1;0.0623;0;1.75;357;0;
E08;Fermer le robinet quand on se brosse les dents;Eau;JAUNES;Jaunes maternelles;guimauve;26/05/2025;1;0.000173;0;0;28;0;
T06;Ne pas tuer les petites bêtes et les remettre dehors (c'est la nourriture de oiseaux);Biodiversité;JAUNES;Jaunes maternelles;guimauve;26/05/2025;1;1.518;0;0;0;0;
T04;Acheter des produits avec moins d'emballages (éviter emballages individuels);Courses;JAUNES;Jaunes maternelles;guimauve;26/05/2025;1;0.506;0;0;0;34.86;
D06;Acheter d’occasion plutôt que neuf;Courses;JAUNES;Jaunes maternelles;guimauve;26/05/2025;1;0.017374;0;0.183462;0;0.134615385;
W03;Préférer les produits réutilisables plutôt que jetables;Courses;JAUNES;Jaunes maternelles;guimauve;26/05/2025;1;0.004964;12.6;0;0;0;
E01;Acheter juste ce dont on a besoin;Courses;JAUNES;Jaunes maternelles;guimauve;26/05/2025;1;0.027408;0;0;0;0.134615385;
E08;Acheter des fruits ou légumes de saison;Courses;JAUNES;Jaunes maternelles;guimauve;26/05/2025;1;0.000173;0;0;0;0;
E03;Acheter des produits recyclables et utiliser les bacs de tri;Déchets;JAUNES;Jaunes maternelles;guimauve;26/05/2025;1;0.15988;0;0;0;0;
E08;Ramasser les papiers et les déchets par terre pour les mettre à la poubelle;Déchets;JAUNES;Jaunes maternelles;guimauve;26/05/2025;1;0.000173;0;0;0;0.1;
D02;Tout manger ce qu'il y a dans nos assiettes (cantine, maison);Déchets;JAUNES;Jaunes maternelles;guimauve;26/05/2025;1;2.453511;0;1.390385;0;1.390384615;
W04;Fermer ses volets quand il fait froid et nuit;Electricité;JAUNES;Jaunes maternelles;guimauve;08/06/2025;1;0.006501;16.5;0;0;0;
E04;Eteindre les appareils électriques lorsqu'on ne s'en sert pas (Télé, ordinateur...);Electricité;JAUNES;Jaunes maternelles;guimauve;08/06/2025;1;0.15988;0;1;0;0;
D05;Récupérer l'eau de pluie pour arroser;Eau;JAUNES;Jaunes maternelles;guimauve;08/06/2025;1;0.000239;0;0.134615;35;0;
W02;Ne pas gaspiller l'eau de son verre;Eau;JAUNES;Jaunes maternelles;guimauve;08/06/2025;1;0.05;28;0;35;0;
E08;Fermer le robinet quand on se brosse les dents;Eau;JAUNES;Jaunes maternelles;guimauve;08/06/2025;1;0.000173;0;0;28;0;
T04;Acheter des produits avec moins d'emballages (éviter emballages individuels);Courses;JAUNES;Jaunes maternelles;guimauve;08/06/2025;1;0.506;0;0;0;34.86;
W03;Préférer les produits réutilisables plutôt que jetables;Courses;JAUNES;Jaunes maternelles;guimauve;08/06/2025;1;0.004964;12.6;0;0;0;
E01;Acheter juste ce dont on a besoin;Courses;JAUNES;Jaunes maternelles;guimauve;08/06/2025;1;0.027408;0;0;0;0.134615385;
E08;Ramasser les papiers et les déchets par terre pour les mettre à la poubelle;Déchets;JAUNES;Jaunes maternelles;guimauve;08/06/2025;1;0.000173;0;0;0;0.1;
D06;Réduire son temps devant les écrans (Télé, ordinateurs, tablette, jeux vidéos...);Electricité;JAUNES;Jaunes maternelles;chocolat;11/06/2025;1;0.017374;0;0.183462;0;0;
C01;Eteindre les lumières quand on quitte une pièce ou si il fait jour dehors;Electricité;JAUNES;Jaunes maternelles;chocolat;11/06/2025;1;13.7935;0;0;0;0;
D10;Couper l’eau quand on se savonne les mains;Eau;JAUNES;Jaunes maternelles;chocolat;11/06/2025;1;0.54243;0;0.21;12.6;0;
D09;Eviter de prendre des bains (préférer la douche rapide);Eau;JAUNES;Jaunes maternelles;chocolat;11/06/2025;1;0.0623;0;1.75;357;0;
T06;Ne pas tuer les petites bêtes et les remettre dehors (c'est la nourriture de oiseaux);Biodiversité;JAUNES;Jaunes maternelles;chocolat;11/06/2025;1;1.518;0;0;0;0;
D11;Ne pas prendre sa voiture si c'est possble : préférer la marche et le vélo (pour les petits trajets), le covoiturage…;Transport;JAUNES;Jaunes maternelles;guimauve;15/06/2025;1;0.38;0;0.67;0;0;
D06;Réduire son temps devant les écrans (Télé, ordinateurs, tablette, jeux vidéos...);Electricité;JAUNES;Jaunes maternelles;guimauve;15/06/2025;1;0.017374;0;0.183462;0;0;
C01;Eteindre les lumières quand on quitte une pièce ou si il fait jour dehors;Electricité;JAUNES;Jaunes maternelles;guimauve;15/06/2025;1;13.7935;0;0;0;0;
D10;Couper l’eau quand on se savonne les mains;Eau;JAUNES;Jaunes maternelles;guimauve;15/06/2025;1;0.54243;0;0.21;12.6;0;
D09;Eviter de prendre des bains (préférer la douche rapide);Eau;JAUNES;Jaunes maternelles;guimauve;15/06/2025;1;0.0623;0;1.75;357;0;
T06;Ne pas tuer les petites bêtes et les remettre dehors (c'est la nourriture de oiseaux);Biodiversité;JAUNES;Jaunes maternelles;guimauve;15/06/2025;1;1.518;0;0;0;0;
T04;Acheter des produits avec moins d'emballages (éviter emballages individuels);Courses;JAUNES;Jaunes maternelles;guimauve;15/06/2025;1;0.506;0;0;0;34.86;
W03;Préférer les produits réutilisables plutôt que jetables;Courses;JAUNES;Jaunes maternelles;guimauve;15/06/2025;1;0.004964;12.6;0;0;0;
E08;Acheter des fruits ou légumes de saison;Courses;JAUNES;Jaunes maternelles;guimauve;15/06/2025;1;0.000173;0;0;0;0;
E08;Ramasser les papiers et les déchets par terre pour les mettre à la poubelle;Déchets;JAUNES;Jaunes maternelles;guimauve;15/06/2025;1;0.000173;0;0;0;0.1;
W04;Fermer ses volets quand il fait froid et nuit;Electricité;JAUNES;Jaunes maternelles;chocolat;17/06/2025;1;0.006501;16.5;0;0;0;
E04;Eteindre les appareils électriques lorsqu'on ne s'en sert pas (Télé, ordinateur...);Electricité;JAUNES;Jaunes maternelles;chocolat;17/06/2025;1;0.15988;0;1;0;0;
D10;Couper l’eau quand on se savonne les mains;Eau;JAUNES;Jaunes maternelles;chocolat;17/06/2025;1;0.54243;0;0.21;12.6;0;
D09;Eviter de prendre des bains (préférer la douche rapide);Eau;JAUNES;Jaunes maternelles;chocolat;17/06/2025;1;0.0623;0;1.75;357;0;
T06;Ne pas tuer les petites bêtes et les remettre dehors (c'est la nourriture de oiseaux);Biodiversité;JAUNES;Jaunes maternelles;chocolat;17/06/2025;1;1.518;0;0;0;0;
D06;Acheter d’occasion plutôt que neuf;Courses;JAUNES;Jaunes maternelles;chocolat;17/06/2025;1;0.017374;0;0.183462;0;0.134615385;
E01;Acheter juste ce dont on a besoin;Courses;JAUNES;Jaunes maternelles;chocolat;17/06/2025;1;0.027408;0;0;0;0.134615385;
E03;Acheter des produits recyclables et utiliser les bacs de tri;Déchets;JAUNES;Jaunes maternelles;chocolat;17/06/2025;1;0.15988;0;0;0;0;
D02;Tout manger ce qu'il y a dans nos assiettes (cantine, maison);Déchets;JAUNES;Jaunes maternelles;chocolat;17/06/2025;1;2.453511;0;1.390385;0;1.390384615;
D06;Acheter d’occasion plutôt que neuf;Courses;JAUNES;Jaunes maternelles;chocolat;11/06/2025;1;0.017374;0;0.183462;0;0.134615385;
E01;Acheter juste ce dont on a besoin;Courses;JAUNES;Jaunes maternelles;chocolat;11/06/2025;1;0.027408;0;0;0;0.134615385;
E03;Acheter des produits recyclables et utiliser les bacs de tri;Déchets;JAUNES;Jaunes maternelles;chocolat;11/06/2025;1;0.15988;0;0;0;0;
D02;Tout manger ce qu'il y a dans nos assiettes (cantine, maison);Déchets;JAUNES;Jaunes maternelles;chocolat;11/06/2025;1;2.453511;0;1.390385;0;1.390384615;
D11;Ne pas prendre sa voiture si c'est possble : préférer la marche et le vélo (pour les petits trajets), le covoiturage…;Transport;JAUNES;Jaunes maternelles;chocolat;11/06/2025;1;0.38;0;0.67;0;0;
D11;Ne pas prendre sa voiture si c'est possble : préférer la marche et le vélo (pour les petits trajets), le covoiturage…;Transport;JAUNES;Jaunes maternelles;guimauve;08/06/2025;1;0.38;0;0.67;0;0;
D06;Réduire son temps devant les écrans (Télé, ordinateurs, tablette, jeux vidéos...);Electricité;JAUNES;Jaunes maternelles;guimauve;08/06/2025;1;0.017374;0;0.183462;0;0;
C01;Eteindre les lumières quand on quitte une pièce ou si il fait jour dehors;Electricité;JAUNES;Jaunes maternelles;guimauve;08/06/2025;1;13.7935;0;0;0;0;
D10;Couper l’eau quand on se savonne les mains;Eau;JAUNES;Jaunes maternelles;guimauve;08/06/2025;1;0.54243;0;0.21;12.6;0;
D09;Eviter de prendre des bains (préférer la douche rapide);Eau;JAUNES;Jaunes maternelles;guimauve;08/06/2025;1;0.0623;0;1.75;357;0;
T06;Ne pas tuer les petites bêtes et les remettre dehors (c'est la nourriture de oiseaux);Biodiversité;JAUNES;Jaunes maternelles;guimauve;08/06/2025;1;1.518;0;0;0;0;
D06;Acheter d’occasion plutôt que neuf;Courses;JAUNES;Jaunes maternelles;guimauve;08/06/2025;1;0.017374;0;0.183462;0;0.134615385;
E08;Acheter des fruits ou légumes de saison;Courses;JAUNES;Jaunes maternelles;guimauve;08/06/2025;1;0.000173;0;0;0;0;
E03;Acheter des produits recyclables et utiliser les bacs de tri;Déchets;JAUNES;Jaunes maternelles;guimauve;08/06/2025;1;0.15988;0;0;0;0;
D02;Tout manger ce qu'il y a dans nos assiettes (cantine, maison);Déchets;JAUNES;Jaunes maternelles;guimauve;08/06/2025;1;2.453511;0;1.390385;0;1.390384615;
W04;Fermer ses volets quand il fait froid et nuit;Electricité;JAUNES;Jaunes maternelles;chocolat;11/06/2025;1;0.006501;16.5;0;0;0;
E04;Eteindre les appareils électriques lorsqu'on ne s'en sert pas (Télé, ordinateur...);Electricité;JAUNES;Jaunes maternelles;chocolat;11/06/2025;1;0.15988;0;1;0;0;
D05;Récupérer l'eau de pluie pour arroser;Eau;JAUNES;Jaunes maternelles;chocolat;11/06/2025;1;0.000239;0;0.134615;35;0;
W02;Ne pas gaspiller l'eau de son verre;Eau;JAUNES;Jaunes maternelles;chocolat;11/06/2025;1;0.05;28;0;35;0;
W04;Fermer ses volets quand il fait froid et nuit;Electricité;JAUNES;Jaunes maternelles;guimauve;15/06/2025;1;0.006501;16.5;0;0;0;
E04;Eteindre les appareils électriques lorsqu'on ne s'en sert pas (Télé, ordinateur...);Electricité;JAUNES;Jaunes maternelles;guimauve;15/06/2025;1;0.15988;0;1;0;0;
D05;Récupérer l'eau de pluie pour arroser;Eau;JAUNES;Jaunes maternelles;guimauve;15/06/2025;1;0.000239;0;0.134615;35;0;
W02;Ne pas gaspiller l'eau de son verre;Eau;JAUNES;Jaunes maternelles;guimauve;15/06/2025;1;0.05;28;0;35;0;
E08;Fermer le robinet quand on se brosse les dents;Eau;JAUNES;Jaunes maternelles;guimauve;15/06/2025;1;0.000173;0;0;28;0;
D06;Acheter d’occasion plutôt que neuf;Courses;JAUNES;Jaunes maternelles;guimauve;15/06/2025;1;0.017374;0;0.183462;0;0.134615385;
E01;Acheter juste ce dont on a besoin;Courses;JAUNES;Jaunes maternelles;guimauve;15/06/2025;1;0.027408;0;0;0;0.134615385;
E03;Acheter des produits recyclables et utiliser les bacs de tri;Déchets;JAUNES;Jaunes maternelles;guimauve;15/06/2025;1;0.15988;0;0;0;0;
D02;Tout manger ce qu'il y a dans nos assiettes (cantine, maison);Déchets;JAUNES;Jaunes maternelles;guimauve;15/06/2025;1;2.453511;0;1.390385;0;1.390384615;
D11;Ne pas prendre sa voiture si c'est possble : préférer la marche et le vélo (pour les petits trajets), le covoiturage…;Transport;JAUNES;Jaunes maternelles;chocolat;17/06/2025;1;0.38;0;0.67;0;0;
D06;Réduire son temps devant les écrans (Télé, ordinateurs, tablette, jeux vidéos...);Electricité;JAUNES;Jaunes maternelles;chocolat;17/06/2025;1;0.017374;0;0.183462;0;0;
D05;Récupérer l'eau de pluie pour arroser;Eau;JAUNES;Jaunes maternelles;chocolat;17/06/2025;1;0.000239;0;0.134615;35;0;
W02;Ne pas gaspiller l'eau de son verre;Eau;JAUNES;Jaunes maternelles;chocolat;17/06/2025;1;0.05;28;0;35;0;
E08;Fermer le robinet quand on se brosse les dents;Eau;JAUNES;Jaunes maternelles;chocolat;17/06/2025;1;0.000173;0;0;28;0;
T04;Acheter des produits avec moins d'emballages (éviter emballages individuels);Courses;JAUNES;Jaunes maternelles;chocolat;17/06/2025;1;0.506;0;0;0;34.86;
W03;Préférer les produits réutilisables plutôt que jetables;Courses;JAUNES;Jaunes maternelles;chocolat;17/06/2025;1;0.004964;12.6;0;0;0;
E08;Acheter des fruits ou légumes de saison;Courses;JAUNES;Jaunes maternelles;chocolat;17/06/2025;1;0.000173;0;0;0;0;
E08;Ramasser les papiers et les déchets par terre pour les mettre à la poubelle;Déchets;JAUNES;Jaunes maternelles;chocolat;17/06/2025;1;0.000173;0;0;0;0.1;
W04;Fermer ses volets quand il fait froid et nuit;Electricité;JAUNES;Jaunes maternelles;guimauve;01/06/2025;1;0.006501;16.5;0;0;0;
E08;Fermer le robinet quand on se brosse les dents;Eau;JAUNES;Jaunes maternelles;chocolat;11/06/2025;1;0.000173;0;0;28;0;
T04;Acheter des produits avec moins d'emballages (éviter emballages individuels);Courses;JAUNES;Jaunes maternelles;chocolat;11/06/2025;1;0.506;0;0;0;34.86;
W03;Préférer les produits réutilisables plutôt que jetables;Courses;JAUNES;Jaunes maternelles;chocolat;11/06/2025;1;0.004964;12.6;0;0;0;
E08;Acheter des fruits ou légumes de saison;Courses;JAUNES;Jaunes maternelles;chocolat;11/06/2025;1;0.000173;0;0;0;0;
E08;Ramasser les papiers et les déchets par terre pour les mettre à la poubelle;Déchets;JAUNES;Jaunes maternelles;chocolat;11/06/2025;1;0.000173;0;0;0;0.1;
D11;Ne pas prendre sa voiture si c'est possble : préférer la marche et le vélo (pour les petits trajets), le covoiturage…;Transport;JAUNES;Jaunes maternelles;guimauve;01/06/2025;1;0.38;0;0.67;0;0;
D06;Réduire son temps devant les écrans (Télé, ordinateurs, tablette, jeux vidéos...);Electricité;JAUNES;Jaunes maternelles;guimauve;01/06/2025;1;0.017374;0;0.183462;0;0;
C01;Eteindre les lumières quand on quitte une pièce ou si il fait jour dehors;Electricité;JAUNES;Jaunes maternelles;guimauve;01/06/2025;1;13.7935;0;0;0;0;
D10;Couper l’eau quand on se savonne les mains;Eau;JAUNES;Jaunes maternelles;guimauve;01/06/2025;1;0.54243;0;0.21;12.6;0;
D09;Eviter de prendre des bains (préférer la douche rapide);Eau;JAUNES;Jaunes maternelles;guimauve;01/06/2025;1;0.0623;0;1.75;357;0;
T06;Ne pas tuer les petites bêtes et les remettre dehors (c'est la nourriture de oiseaux);Biodiversité;JAUNES;Jaunes maternelles;guimauve;01/06/2025;1;1.518;0;0;0;0;
D06;Acheter d’occasion plutôt que neuf;Courses;JAUNES;Jaunes maternelles;guimauve;01/06/2025;1;0.017374;0;0.183462;0;0.134615385;
E01;Acheter juste ce dont on a besoin;Courses;JAUNES;Jaunes maternelles;guimauve;01/06/2025;1;0.027408;0;0;0;0.134615385;
E03;Acheter des produits recyclables et utiliser les bacs de tri;Déchets;JAUNES;Jaunes maternelles;guimauve;01/06/2025;1;0.15988;0;0;0;0;
D02;Tout manger ce qu'il y a dans nos assiettes (cantine, maison);Déchets;JAUNES;Jaunes maternelles;guimauve;01/06/2025;1;2.453511;0;1.390385;0;1.390384615;
D05;Récupérer l'eau de pluie pour arroser;Eau;JAUNES;Jaunes maternelles;amande;06/06/2025;1;0.000239;0;0.134615;35;0;
E04;Eteindre les appareils électriques lorsqu'on ne s'en sert pas (Télé, ordinateur...);Electricité;JAUNES;Jaunes maternelles;guimauve;01/06/2025;1;0.15988;0;1;0;0;
D05;Récupérer l'eau de pluie pour arroser;Eau;JAUNES;Jaunes maternelles;guimauve;01/06/2025;1;0.000239;0;0.134615;35;0;
W02;Ne pas gaspiller l'eau de son verre;Eau;JAUNES;Jaunes maternelles;guimauve;01/06/2025;1;0.05;28;0;35;0;
E08;Fermer le robinet quand on se brosse les dents;Eau;JAUNES;Jaunes maternelles;guimauve;01/06/2025;1;0.000173;0;0;28;0;
T04;Acheter des produits avec moins d'emballages (éviter emballages individuels);Courses;JAUNES;Jaunes maternelles;guimauve;01/06/2025;1;0.506;0;0;0;34.86;
W03;Préférer les produits réutilisables plutôt que jetables;Courses;JAUNES;Jaunes maternelles;guimauve;01/06/2025;1;0.004964;12.6;0;0;0;
E08;Acheter des fruits ou légumes de saison;Courses;JAUNES;Jaunes maternelles;guimauve;01/06/2025;1;0.000173;0;0;0;0;
E08;Ramasser les papiers et les déchets par terre pour les mettre à la poubelle;Déchets;JAUNES;Jaunes maternelles;guimauve;01/06/2025;1;0.000173;0;0;0;0.1;
D10;Couper l’eau quand on se savonne les mains;Eau;JAUNES;Jaunes maternelles;amande;06/06/2025;1;0.54243;0;0.21;12.6;0;
W04;Fermer ses volets quand il fait froid et nuit;Electricité;JAUNES;Jaunes maternelles;guimauve;29/06/2025;1;0.006501;16.5;0;0;0;
E04;Eteindre les appareils électriques lorsqu'on ne s'en sert pas (Télé, ordinateur...);Electricité;JAUNES;Jaunes maternelles;guimauve;29/06/2025;1;0.15988;0;1;0;0;
D10;Couper l’eau quand on se savonne les mains;Eau;JAUNES;Jaunes maternelles;guimauve;29/06/2025;1;0.54243;0;0.21;12.6;0;
W02;Ne pas gaspiller l'eau de son verre;Eau;JAUNES;Jaunes maternelles;guimauve;29/06/2025;1;0.05;28;0;35;0;
E08;Fermer le robinet quand on se brosse les dents;Eau;JAUNES;Jaunes maternelles;guimauve;29/06/2025;1;0.000173;0;0;28;0;
T04;Acheter des produits avec moins d'emballages (éviter emballages individuels);Courses;JAUNES;Jaunes maternelles;guimauve;29/06/2025;1;0.506;0;0;0;34.86;
W03;Préférer les produits réutilisables plutôt que jetables;Courses;JAUNES;Jaunes maternelles;guimauve;29/06/2025;1;0.004964;12.6;0;0;0;
E08;Acheter des fruits ou légumes de saison;Courses;JAUNES;Jaunes maternelles;guimauve;29/06/2025;1;0.000173;0;0;0;0;
E08;Ramasser les papiers et les déchets par terre pour les mettre à la poubelle;Déchets;JAUNES;Jaunes maternelles;guimauve;29/06/2025;1;0.000173;0;0;0;0.1;
D11;Ne pas prendre sa voiture si c'est possble : préférer la marche et le vélo (pour les petits trajets), le covoiturage…;Transport;JAUNES;Jaunes maternelles;guimauve;22/06/2025;1;0.38;0;0.67;0;0;
D06;Réduire son temps devant les écrans (Télé, ordinateurs, tablette, jeux vidéos...);Electricité;JAUNES;Jaunes maternelles;guimauve;22/06/2025;1;0.017374;0;0.183462;0;0;
C01;Eteindre les lumières quand on quitte une pièce ou si il fait jour dehors;Electricité;JAUNES;Jaunes maternelles;guimauve;22/06/2025;1;13.7935;0;0;0;0;
D10;Couper l’eau quand on se savonne les mains;Eau;JAUNES;Jaunes maternelles;guimauve;22/06/2025;1;0.54243;0;0.21;12.6;0;
D09;Eviter de prendre des bains (préférer la douche rapide);Eau;JAUNES;Jaunes maternelles;guimauve;22/06/2025;1;0.0623;0;1.75;357;0;
T06;Ne pas tuer les petites bêtes et les remettre dehors (c'est la nourriture de oiseaux);Biodiversité;JAUNES;Jaunes maternelles;guimauve;22/06/2025;1;1.518;0;0;0;0;
D06;Acheter d’occasion plutôt que neuf;Courses;JAUNES;Jaunes maternelles;guimauve;22/06/2025;1;0.017374;0;0.183462;0;0.134615385;
E01;Acheter juste ce dont on a besoin;Courses;JAUNES;Jaunes maternelles;guimauve;22/06/2025;1;0.027408;0;0;0;0.134615385;
E03;Acheter des produits recyclables et utiliser les bacs de tri;Déchets;JAUNES;Jaunes maternelles;guimauve;22/06/2025;1;0.15988;0;0;0;0;
D02;Tout manger ce qu'il y a dans nos assiettes (cantine, maison);Déchets;JAUNES;Jaunes maternelles;guimauve;22/06/2025;1;2.453511;0;1.390385;0;1.390384615;
D11;Ne pas prendre sa voiture si c'est possble : préférer la marche et le vélo (pour les petits trajets), le covoiturage…;Transport;JAUNES;Jaunes maternelles;guimauve;29/06/2025;1;0.38;0;0.67;0;0;
D06;Réduire son temps devant les écrans (Télé, ordinateurs, tablette, jeux vidéos...);Electricité;JAUNES;Jaunes maternelles;guimauve;29/06/2025;1;0.017374;0;0.183462;0;0;
C01;Eteindre les lumières quand on quitte une pièce ou si il fait jour dehors;Electricité;JAUNES;Jaunes maternelles;guimauve;29/06/2025;1;13.7935;0;0;0;0;
D05;Récupérer l'eau de pluie pour arroser;Eau;JAUNES;Jaunes maternelles;guimauve;29/06/2025;1;0.000239;0;0.134615;35;0;
D09;Eviter de prendre des bains (préférer la douche rapide);Eau;JAUNES;Jaunes maternelles;guimauve;29/06/2025;1;0.0623;0;1.75;357;0;
T06;Ne pas tuer les petites bêtes et les remettre dehors (c'est la nourriture de oiseaux);Biodiversité;JAUNES;Jaunes maternelles;guimauve;29/06/2025;1;1.518;0;0;0;0;
D06;Acheter d’occasion plutôt que neuf;Courses;JAUNES;Jaunes maternelles;guimauve;29/06/2025;1;0.017374;0;0.183462;0;0.134615385;
E01;Acheter juste ce dont on a besoin;Courses;JAUNES;Jaunes maternelles;guimauve;29/06/2025;1;0.027408;0;0;0;0.134615385;
E03;Acheter des produits recyclables et utiliser les bacs de tri;Déchets;JAUNES;Jaunes maternelles;guimauve;29/06/2025;1;0.15988;0;0;0;0;
D02;Tout manger ce qu'il y a dans nos assiettes (cantine, maison);Déchets;JAUNES;Jaunes maternelles;guimauve;29/06/2025;1;2.453511;0;1.390385;0;1.390384615;
W04;Fermer ses volets quand il fait froid et nuit;Electricité;JAUNES;Jaunes maternelles;guimauve;22/06/2025;1;0.006501;16.5;0;0;0;
E04;Eteindre les appareils électriques lorsqu'on ne s'en sert pas (Télé, ordinateur...);Electricité;JAUNES;Jaunes maternelles;guimauve;22/06/2025;1;0.15988;0;1;0;0;
D05;Récupérer l'eau de pluie pour arroser;Eau;JAUNES;Jaunes maternelles;guimauve;22/06/2025;1;0.000239;0;0.134615;35;0;
W02;Ne pas gaspiller l'eau de son verre;Eau;JAUNES;Jaunes maternelles;guimauve;22/06/2025;1;0.05;28;0;35;0;
E08;Fermer le robinet quand on se brosse les dents;Eau;JAUNES;Jaunes maternelles;guimauve;22/06/2025;1;0.000173;0;0;28;0;
T04;Acheter des produits avec moins d'emballages (éviter emballages individuels);Courses;JAUNES;Jaunes maternelles;guimauve;22/06/2025;1;0.506;0;0;0;34.86;
W03;Préférer les produits réutilisables plutôt que jetables;Courses;JAUNES;Jaunes maternelles;guimauve;22/06/2025;1;0.004964;12.6;0;0;0;
E08;Acheter des fruits ou légumes de saison;Courses;JAUNES;Jaunes maternelles;guimauve;22/06/2025;1;0.000173;0;0;0;0;
E08;Ramasser les papiers et les déchets par terre pour les mettre à la poubelle;Déchets;JAUNES;Jaunes maternelles;guimauve;22/06/2025;1;0.000173;0;0;0;0.1;
W02;Ne pas gaspiller l'eau de son verre;Eau;BLEUS;Bleus maternelles ;renard;07/01/2025;1;0.05;28;0;35;0;
D02;Tout manger ce qu'il y a dans nos assiettes (cantine, maison);Déchets;BLEUS;Bleus maternelles ;renard;07/01/2025;1;2.453511;0;1.390385;0;1.390384615;
D10;Couper l’eau quand on se savonne les mains;Eau;BLEUS;Bleus maternelles ;renard;07/01/2025;1;0.54243;0;0.21;12.6;0;
E08;Fermer le robinet quand on se brosse les dents;Eau;BLEUS;Bleus maternelles ;renard;07/01/2025;1;0.000173;0;0;28;0;
W04;Fermer ses volets quand il fait froid et nuit;Electricité;BLEUS;Bleus maternelles ;renard;07/01/2025;1;0.006501;16.5;0;0;0;
D06;Réduire son temps devant les écrans (Télé, ordinateurs, tablette, jeux vidéos...);Electricité;BLEUS;Bleus maternelles ;renard;07/01/2025;1;0.017374;0;0.183462;0;0;
C01;Eteindre les lumières quand on quitte une pièce ou si il fait jour dehors;Electricité;BLEUS;Bleus maternelles ;renard;07/01/2025;1;13.7935;0;0;0;0;
T06;Ne pas tuer les petites bêtes et les remettre dehors (c'est la nourriture de oiseaux);Biodiversité;BLEUS;Bleus maternelles ;flammant;07/01/2025;1;1.518;0;0;0;0;
D11;Ne pas prendre sa voiture si c'est possble : préférer la marche et le vélo (pour les petits trajets), le covoiturage…;Transport;BLEUS;Bleus maternelles ;flammant;07/01/2025;1;0.38;0;0.67;0;0;
D09;Eviter de prendre des bains (préférer la douche rapide);Eau;BLEUS;Bleus maternelles ;renard;08/01/2025;1;0.0623;0;1.75;357;0;
C01;Eteindre les lumières quand on quitte une pièce ou si il fait jour dehors;Electricité;BLEUS;Bleus maternelles ;animaux;09/01/2025;1;13.7935;0;0;0;0;
E08;Ramasser les papiers et les déchets par terre pour les mettre à la poubelle;Déchets;BLEUS;Bleus maternelles ;animaux;09/01/2025;1;0.000173;0;0;0;0.1;
W04;Fermer ses volets quand il fait froid et nuit;Electricité;BLEUS;Bleus maternelles ;animaux;06/02/2025;1;0.006501;16.5;0;0;0;
E04;Eteindre les appareils électriques lorsqu'on ne s'en sert pas (Télé, ordinateur...);Electricité;BLEUS;Bleus maternelles ;animaux;06/02/2025;1;0.15988;0;1;0;0;
W02;Ne pas gaspiller l'eau de son verre;Eau;BLEUS;Bleus maternelles ;animaux;06/02/2025;1;0.05;28;0;35;0;
T06;Ne pas tuer les petites bêtes et les remettre dehors (c'est la nourriture de oiseaux);Biodiversité;BLEUS;Bleus maternelles ;animaux;06/02/2025;1;1.518;0;0;0;0;
E08;Ramasser les papiers et les déchets par terre pour les mettre à la poubelle;Déchets;BLEUS;Bleus maternelles ;animaux;06/02/2025;1;0.000173;0;0;0;0.1;
D11;Ne pas prendre sa voiture si c'est possble : préférer la marche et le vélo (pour les petits trajets), le covoiturage…;Transport;BLEUS;Bleus maternelles ;flammant;06/02/2025;1;0.38;0;0.67;0;0;
E01;Acheter juste ce dont on a besoin;Courses;BLEUS;Bleus maternelles ;taureau;06/02/2025;1;0.027408;0;0;0;0.134615385;
D05;Récupérer l'eau de pluie pour arroser;Eau;BLEUS;Bleus maternelles ;taureau;06/02/2025;1;0.000239;0;0.134615;35;0;
E03;Acheter des produits recyclables et utiliser les bacs de tri;Déchets;BLEUS;Bleus maternelles ;mouton;07/02/2025;1;0.15988;0;0;0;0;
T04;Acheter des produits avec moins d'emballages (éviter emballages individuels);Courses;BLEUS;Bleus maternelles ;mouton;07/02/2025;1;0.506;0;0;0;34.86;
W03;Préférer les produits réutilisables plutôt que jetables;Courses;BLEUS;Bleus maternelles ;mouton;07/02/2025;1;0.004964;12.6;0;0;0;
E08;Acheter des fruits ou légumes de saison;Courses;BLEUS;Bleus maternelles ;mouton;07/02/2025;1;0.000173;0;0;0;0;
D05;Récupérer l'eau de pluie pour arroser;Eau;BLEUS;Bleus maternelles ;mouton;07/02/2025;1;0.000239;0;0.134615;35;0;
W02;Ne pas gaspiller l'eau de son verre;Eau;BLEUS;Bleus maternelles ;mouton;07/02/2025;1;0.05;28;0;35;0;
E08;Fermer le robinet quand on se brosse les dents;Eau;BLEUS;Bleus maternelles ;mouton;07/02/2025;1;0.000173;0;0;28;0;
D06;Réduire son temps devant les écrans (Télé, ordinateurs, tablette, jeux vidéos...);Electricité;BLEUS;Bleus maternelles ;mouton;07/02/2025;1;0.017374;0;0.183462;0;0;
C01;Eteindre les lumières quand on quitte une pièce ou si il fait jour dehors;Electricité;BLEUS;Bleus maternelles ;mouton;07/02/2025;1;13.7935;0;0;0;0;
W04;Fermer ses volets quand il fait froid et nuit;Electricité;BLEUS;Bleus maternelles ;vache;01/02/2025;1;0.006501;16.5;0;0;0;
D10;Couper l’eau quand on se savonne les mains;Eau;BLEUS;Bleus maternelles ;vache;01/02/2025;1;0.54243;0;0.21;12.6;0;
E08;Fermer le robinet quand on se brosse les dents;Eau;BLEUS;Bleus maternelles ;vache;01/02/2025;1;0.000173;0;0;28;0;
E01;Acheter juste ce dont on a besoin;Courses;BLEUS;Bleus maternelles ;vache;01/02/2025;1;0.027408;0;0;0;0.134615385;
W04;Fermer ses volets quand il fait froid et nuit;Electricité;BLEUS;Bleus maternelles ;taureau;01/02/2025;1;0.006501;16.5;0;0;0;
D10;Couper l’eau quand on se savonne les mains;Eau;BLEUS;Bleus maternelles ;taureau;01/02/2025;1;0.54243;0;0.21;12.6;0;
E08;Fermer le robinet quand on se brosse les dents;Eau;BLEUS;Bleus maternelles ;taureau;01/02/2025;1;0.000173;0;0;28;0;
E08;Ramasser les papiers et les déchets par terre pour les mettre à la poubelle;Déchets;BLEUS;Bleus maternelles ;taureau;01/02/2025;1;0.000173;0;0;0;0.1;
D06;Réduire son temps devant les écrans (Télé, ordinateurs, tablette, jeux vidéos...);Electricité;BLEUS;Bleus maternelles ;escargot;07/02/2025;1;0.017374;0;0.183462;0;0;
C01;Eteindre les lumières quand on quitte une pièce ou si il fait jour dehors;Electricité;BLEUS;Bleus maternelles ;escargot;07/02/2025;1;13.7935;0;0;0;0;
W02;Ne pas gaspiller l'eau de son verre;Eau;BLEUS;Bleus maternelles ;escargot;07/02/2025;1;0.05;28;0;35;0;
E08;Fermer le robinet quand on se brosse les dents;Eau;BLEUS;Bleus maternelles ;escargot;07/02/2025;1;0.000173;0;0;28;0;
D06;Acheter d’occasion plutôt que neuf;Courses;BLEUS;Bleus maternelles ;escargot;07/02/2025;1;0.017374;0;0.183462;0;0.134615385;
E01;Acheter juste ce dont on a besoin;Courses;BLEUS;Bleus maternelles ;escargot;07/02/2025;1;0.027408;0;0;0;0.134615385;
E03;Acheter des produits recyclables et utiliser les bacs de tri;Déchets;BLEUS;Bleus maternelles ;escargot;07/02/2025;1;0.15988;0;0;0;0;
D06;Réduire son temps devant les écrans (Télé, ordinateurs, tablette, jeux vidéos...);Electricité;BLEUS;Bleus maternelles ;rhinoceros;07/02/2025;1;0.017374;0;0.183462;0;0;
E04;Eteindre les appareils électriques lorsqu'on ne s'en sert pas (Télé, ordinateur...);Electricité;BLEUS;Bleus maternelles ;renard;08/01/2025;1;0.15988;0;1;0;0;
W04;Fermer ses volets quand il fait froid et nuit;Electricité;BLEUS;Bleus maternelles ;animaux;09/01/2025;1;0.006501;16.5;0;0;0;
T06;Ne pas tuer les petites bêtes et les remettre dehors (c'est la nourriture de oiseaux);Biodiversité;BLEUS;Bleus maternelles ;animaux;09/01/2025;1;1.518;0;0;0;0;
E03;Acheter des produits recyclables et utiliser les bacs de tri;Déchets;BLEUS;Bleus maternelles ;escargot;09/01/2025;1;0.15988;0;0;0;0;
W03;Préférer les produits réutilisables plutôt que jetables;Courses;BLEUS;Bleus maternelles ;escargot;09/01/2025;1;0.004964;12.6;0;0;0;
W04;Fermer ses volets quand il fait froid et nuit;Electricité;BLEUS;Bleus maternelles ;escargot;09/01/2025;1;0.006501;16.5;0;0;0;
D06;Réduire son temps devant les écrans (Télé, ordinateurs, tablette, jeux vidéos...);Electricité;BLEUS;Bleus maternelles ;escargot;09/01/2025;1;0.017374;0;0.183462;0;0;
C01;Eteindre les lumières quand on quitte une pièce ou si il fait jour dehors;Electricité;BLEUS;Bleus maternelles ;escargot;09/01/2025;1;13.7935;0;0;0;0;
E04;Eteindre les appareils électriques lorsqu'on ne s'en sert pas (Télé, ordinateur...);Electricité;BLEUS;Bleus maternelles ;escargot;09/01/2025;1;0.15988;0;1;0;0;
D09;Eviter de prendre des bains (préférer la douche rapide);Eau;BLEUS;Bleus maternelles ;escargot;09/01/2025;1;0.0623;0;1.75;357;0;
T04;Acheter des produits avec moins d'emballages (éviter emballages individuels);Courses;BLEUS;Bleus maternelles ;escargot;09/01/2025;1;0.506;0;0;0;34.86;
D06;Acheter d’occasion plutôt que neuf;Courses;BLEUS;Bleus maternelles ;escargot;09/01/2025;1;0.017374;0;0.183462;0;0.134615385;
E08;Acheter des fruits ou légumes de saison;Courses;BLEUS;Bleus maternelles ;escargot;09/01/2025;1;0.000173;0;0;0;0;
D06;Réduire son temps devant les écrans (Télé, ordinateurs, tablette, jeux vidéos...);Electricité;BLEUS;Bleus maternelles ;animaux;10/01/2025;1;0.017374;0;0.183462;0;0;
E04;Eteindre les appareils électriques lorsqu'on ne s'en sert pas (Télé, ordinateur...);Electricité;BLEUS;Bleus maternelles ;animaux;10/01/2025;1;0.15988;0;1;0;0;
D09;Eviter de prendre des bains (préférer la douche rapide);Eau;BLEUS;Bleus maternelles ;animaux;10/01/2025;1;0.0623;0;1.75;357;0;
E03;Acheter des produits recyclables et utiliser les bacs de tri;Déchets;BLEUS;Bleus maternelles ;animaux;10/01/2025;1;0.15988;0;0;0;0;
D11;Ne pas prendre sa voiture si c'est possble : préférer la marche et le vélo (pour les petits trajets), le covoiturage…;Transport;BLEUS;Bleus maternelles ;flammant;11/01/2025;1;0.38;0;0.67;0;0;
W04;Fermer ses volets quand il fait froid et nuit;Electricité;BLEUS;Bleus maternelles ;flammant;11/01/2025;1;0.006501;16.5;0;0;0;
D06;Réduire son temps devant les écrans (Télé, ordinateurs, tablette, jeux vidéos...);Electricité;BLEUS;Bleus maternelles ;flammant;11/01/2025;1;0.017374;0;0.183462;0;0;
C01;Eteindre les lumières quand on quitte une pièce ou si il fait jour dehors;Electricité;BLEUS;Bleus maternelles ;flammant;12/01/2025;1;13.7935;0;0;0;0;
E04;Eteindre les appareils électriques lorsqu'on ne s'en sert pas (Télé, ordinateur...);Electricité;BLEUS;Bleus maternelles ;flammant;12/01/2025;1;0.15988;0;1;0;0;
D09;Eviter de prendre des bains (préférer la douche rapide);Eau;BLEUS;Bleus maternelles ;flammant;12/01/2025;1;0.0623;0;1.75;357;0;
T06;Ne pas tuer les petites bêtes et les remettre dehors (c'est la nourriture de oiseaux);Biodiversité;BLEUS;Bleus maternelles ;flammant;12/01/2025;1;1.518;0;0;0;0;
E08;Acheter des fruits ou légumes de saison;Courses;BLEUS;Bleus maternelles ;flammant;12/01/2025;1;0.000173;0;0;0;0;
E08;Ramasser les papiers et les déchets par terre pour les mettre à la poubelle;Déchets;BLEUS;Bleus maternelles ;flammant;12/01/2025;1;0.000173;0;0;0;0.1;
E03;Acheter des produits recyclables et utiliser les bacs de tri;Déchets;BLEUS;Bleus maternelles ;renard;12/01/2025;1;0.15988;0;0;0;0;
D06;Réduire son temps devant les écrans (Télé, ordinateurs, tablette, jeux vidéos...);Electricité;BLEUS;Bleus maternelles ;chat;12/01/2025;1;0.017374;0;0.183462;0;0;
C01;Eteindre les lumières quand on quitte une pièce ou si il fait jour dehors;Electricité;BLEUS;Bleus maternelles ;chat;12/01/2025;1;13.7935;0;0;0;0;
D11;Ne pas prendre sa voiture si c'est possble : préférer la marche et le vélo (pour les petits trajets), le covoiturage…;Transport;BLEUS;Bleus maternelles ;chat;12/01/2025;1;0.38;0;0.67;0;0;
E08;Acheter des fruits ou légumes de saison;Courses;BLEUS;Bleus maternelles ;chat;12/01/2025;1;0.000173;0;0;0;0;
D10;Couper l’eau quand on se savonne les mains;Eau;BLEUS;Bleus maternelles ;chat;12/01/2025;1;0.54243;0;0.21;12.6;0;
D09;Eviter de prendre des bains (préférer la douche rapide);Eau;BLEUS;Bleus maternelles ;chat;12/01/2025;1;0.0623;0;1.75;357;0;
E08;Fermer le robinet quand on se brosse les dents;Eau;BLEUS;Bleus maternelles ;baleine;12/01/2025;1;0.000173;0;0;28;0;
D11;Ne pas prendre sa voiture si c'est possble : préférer la marche et le vélo (pour les petits trajets), le covoiturage…;Transport;BLEUS;Bleus maternelles ;baleine;12/01/2025;1;0.38;0;0.67;0;0;
E04;Eteindre les appareils électriques lorsqu'on ne s'en sert pas (Télé, ordinateur...);Electricité;BLEUS;Bleus maternelles ;baleine;12/01/2025;1;0.15988;0;1;0;0;
D06;Réduire son temps devant les écrans (Télé, ordinateurs, tablette, jeux vidéos...);Electricité;BLEUS;Bleus maternelles ;animaux;06/02/2025;1;0.017374;0;0.183462;0;0;
C01;Eteindre les lumières quand on quitte une pièce ou si il fait jour dehors;Electricité;BLEUS;Bleus maternelles ;animaux;06/02/2025;1;13.7935;0;0;0;0;
D09;Eviter de prendre des bains (préférer la douche rapide);Eau;BLEUS;Bleus maternelles ;animaux;06/02/2025;1;0.0623;0;1.75;357;0;
D11;Ne pas prendre sa voiture si c'est possble : préférer la marche et le vélo (pour les petits trajets), le covoiturage…;Transport;BLEUS;Bleus maternelles ;taureau;05/02/2025;1;0.38;0;0.67;0;0;
C01;Eteindre les lumières quand on quitte une pièce ou si il fait jour dehors;Electricité;BLEUS;Bleus maternelles ;taureau;05/02/2025;1;13.7935;0;0;0;0;
T04;Acheter des produits avec moins d'emballages (éviter emballages individuels);Courses;BLEUS;Bleus maternelles ;poule;05/02/2025;1;0.506;0;0;0;34.86;
D06;Acheter d’occasion plutôt que neuf;Courses;BLEUS;Bleus maternelles ;poule;05/02/2025;1;0.017374;0;0.183462;0;0.134615385;
W03;Préférer les produits réutilisables plutôt que jetables;Courses;BLEUS;Bleus maternelles ;poule;05/02/2025;1;0.004964;12.6;0;0;0;
E01;Acheter juste ce dont on a besoin;Courses;BLEUS;Bleus maternelles ;poule;05/02/2025;1;0.027408;0;0;0;0.134615385;
E03;Acheter des produits recyclables et utiliser les bacs de tri;Déchets;BLEUS;Bleus maternelles ;poule;05/02/2025;1;0.15988;0;0;0;0;
E08;Ramasser les papiers et les déchets par terre pour les mettre à la poubelle;Déchets;BLEUS;Bleus maternelles ;poule;05/02/2025;1;0.000173;0;0;0;0.1;
D02;Tout manger ce qu'il y a dans nos assiettes (cantine, maison);Déchets;BLEUS;Bleus maternelles ;poule;05/02/2025;1;2.453511;0;1.390385;0;1.390384615;
E03;Acheter des produits recyclables et utiliser les bacs de tri;Déchets;BLEUS;Bleus maternelles ;animaux;06/02/2025;1;0.15988;0;0;0;0;
D02;Tout manger ce qu'il y a dans nos assiettes (cantine, maison);Déchets;BLEUS;Bleus maternelles ;animaux;06/02/2025;1;2.453511;0;1.390385;0;1.390384615;
E08;Acheter des fruits ou légumes de saison;Courses;BLEUS;Bleus maternelles ;taureau;06/02/2025;1;0.000173;0;0;0;0;
W02;Ne pas gaspiller l'eau de son verre;Eau;BLEUS;Bleus maternelles ;flammant;12/01/2025;1;0.05;28;0;35;0;
E08;Fermer le robinet quand on se brosse les dents;Eau;BLEUS;Bleus maternelles ;flammant;12/01/2025;1;0.000173;0;0;28;0;
E01;Acheter juste ce dont on a besoin;Courses;BLEUS;Bleus maternelles ;flammant;12/01/2025;1;0.027408;0;0;0;0.134615385;
E03;Acheter des produits recyclables et utiliser les bacs de tri;Déchets;BLEUS;Bleus maternelles ;flammant;12/01/2025;1;0.15988;0;0;0;0;
D02;Tout manger ce qu'il y a dans nos assiettes (cantine, maison);Déchets;BLEUS;Bleus maternelles ;flammant;12/01/2025;1;2.453511;0;1.390385;0;1.390384615;
D02;Tout manger ce qu'il y a dans nos assiettes (cantine, maison);Déchets;BLEUS;Bleus maternelles ;renard;12/01/2025;1;2.453511;0;1.390385;0;1.390384615;
E01;Acheter juste ce dont on a besoin;Courses;BLEUS;Bleus maternelles ;chat;12/01/2025;1;0.027408;0;0;0;0.134615385;
T06;Ne pas tuer les petites bêtes et les remettre dehors (c'est la nourriture de oiseaux);Biodiversité;BLEUS;Bleus maternelles ;chat;12/01/2025;1;1.518;0;0;0;0;
E08;Fermer le robinet quand on se brosse les dents;Eau;BLEUS;Bleus maternelles ;chat;12/01/2025;1;0.000173;0;0;28;0;
D09;Eviter de prendre des bains (préférer la douche rapide);Eau;BLEUS;Bleus maternelles ;baleine;12/01/2025;1;0.0623;0;1.75;357;0;
W04;Fermer ses volets quand il fait froid et nuit;Electricité;BLEUS;Bleus maternelles ;baleine;12/01/2025;1;0.006501;16.5;0;0;0;
C01;Eteindre les lumières quand on quitte une pièce ou si il fait jour dehors;Electricité;BLEUS;Bleus maternelles ;baleine;12/01/2025;1;13.7935;0;0;0;0;
E08;Acheter des fruits ou légumes de saison;Courses;BLEUS;Bleus maternelles ;baleine;12/01/2025;1;0.000173;0;0;0;0;
D11;Ne pas prendre sa voiture si c'est possble : préférer la marche et le vélo (pour les petits trajets), le covoiturage…;Transport;BLEUS;Bleus maternelles ;baleine;26/01/2025;1;0.38;0;0.67;0;0;
E04;Eteindre les appareils électriques lorsqu'on ne s'en sert pas (Télé, ordinateur...);Electricité;BLEUS;Bleus maternelles ;baleine;26/01/2025;1;0.15988;0;1;0;0;
D10;Couper l’eau quand on se savonne les mains;Eau;BLEUS;Bleus maternelles ;baleine;26/01/2025;1;0.54243;0;0.21;12.6;0;
E08;Fermer le robinet quand on se brosse les dents;Eau;BLEUS;Bleus maternelles ;baleine;26/01/2025;1;0.000173;0;0;28;0;
T04;Acheter des produits avec moins d'emballages (éviter emballages individuels);Courses;BLEUS;Bleus maternelles ;baleine;26/01/2025;1;0.506;0;0;0;34.86;
E01;Acheter juste ce dont on a besoin;Courses;BLEUS;Bleus maternelles ;baleine;26/01/2025;1;0.027408;0;0;0;0.134615385;
E03;Acheter des produits recyclables et utiliser les bacs de tri;Déchets;BLEUS;Bleus maternelles ;baleine;26/01/2025;1;0.15988;0;0;0;0;
D02;Tout manger ce qu'il y a dans nos assiettes (cantine, maison);Déchets;BLEUS;Bleus maternelles ;baleine;26/01/2025;1;2.453511;0;1.390385;0;1.390384615;
D06;Réduire son temps devant les écrans (Télé, ordinateurs, tablette, jeux vidéos...);Electricité;BLEUS;Bleus maternelles ;chien;26/01/2025;1;0.017374;0;0.183462;0;0;
C01;Eteindre les lumières quand on quitte une pièce ou si il fait jour dehors;Electricité;BLEUS;Bleus maternelles ;chien;26/01/2025;1;13.7935;0;0;0;0;
D10;Couper l’eau quand on se savonne les mains;Eau;BLEUS;Bleus maternelles ;chien;26/01/2025;1;0.54243;0;0.21;12.6;0;
D09;Eviter de prendre des bains (préférer la douche rapide);Eau;BLEUS;Bleus maternelles ;chien;26/01/2025;1;0.0623;0;1.75;357;0;
T06;Ne pas tuer les petites bêtes et les remettre dehors (c'est la nourriture de oiseaux);Biodiversité;BLEUS;Bleus maternelles ;chien;26/01/2025;1;1.518;0;0;0;0;
W03;Préférer les produits réutilisables plutôt que jetables;Courses;BLEUS;Bleus maternelles ;chien;26/01/2025;1;0.004964;12.6;0;0;0;
E08;Acheter des fruits ou légumes de saison;Courses;BLEUS;Bleus maternelles ;chien;26/01/2025;1;0.000173;0;0;0;0;
E08;Ramasser les papiers et les déchets par terre pour les mettre à la poubelle;Déchets;BLEUS;Bleus maternelles ;chien;26/01/2025;1;0.000173;0;0;0;0.1;
D11;Ne pas prendre sa voiture si c'est possble : préférer la marche et le vélo (pour les petits trajets), le covoiturage…;Transport;BLEUS;Bleus maternelles ;mouton;07/02/2025;1;0.38;0;0.67;0;0;
E08;Ramasser les papiers et les déchets par terre pour les mettre à la poubelle;Déchets;BLEUS;Bleus maternelles ;mouton;07/02/2025;1;0.000173;0;0;0;0.1;
D06;Acheter d’occasion plutôt que neuf;Courses;BLEUS;Bleus maternelles ;mouton;07/02/2025;1;0.017374;0;0.183462;0;0.134615385;
E01;Acheter juste ce dont on a besoin;Courses;BLEUS;Bleus maternelles ;mouton;07/02/2025;1;0.027408;0;0;0;0.134615385;
T06;Ne pas tuer les petites bêtes et les remettre dehors (c'est la nourriture de oiseaux);Biodiversité;BLEUS;Bleus maternelles ;mouton;07/02/2025;1;1.518;0;0;0;0;
D06;Réduire son temps devant les écrans (Télé, ordinateurs, tablette, jeux vidéos...);Electricité;BLEUS;Bleus maternelles ;taureau;05/02/2025;1;0.017374;0;0.183462;0;0;
W02;Ne pas gaspiller l'eau de son verre;Eau;BLEUS;Bleus maternelles ;taureau;05/02/2025;1;0.05;28;0;35;0;
D10;Couper l’eau quand on se savonne les mains;Eau;BLEUS;Bleus maternelles ;mouton;07/02/2025;1;0.54243;0;0.21;12.6;0;
D09;Eviter de prendre des bains (préférer la douche rapide);Eau;BLEUS;Bleus maternelles ;mouton;07/02/2025;1;0.0623;0;1.75;357;0;
W04;Fermer ses volets quand il fait froid et nuit;Electricité;BLEUS;Bleus maternelles ;mouton;07/02/2025;1;0.006501;16.5;0;0;0;
E04;Eteindre les appareils électriques lorsqu'on ne s'en sert pas (Télé, ordinateur...);Electricité;BLEUS;Bleus maternelles ;mouton;07/02/2025;1;0.15988;0;1;0;0;
W04;Fermer ses volets quand il fait froid et nuit;Electricité;BLEUS;Bleus maternelles ;escargot;07/02/2025;1;0.006501;16.5;0;0;0;
E04;Eteindre les appareils électriques lorsqu'on ne s'en sert pas (Télé, ordinateur...);Electricité;BLEUS;Bleus maternelles ;escargot;07/02/2025;1;0.15988;0;1;0;0;
D10;Couper l’eau quand on se savonne les mains;Eau;BLEUS;Bleus maternelles ;escargot;07/02/2025;1;0.54243;0;0.21;12.6;0;
D09;Eviter de prendre des bains (préférer la douche rapide);Eau;BLEUS;Bleus maternelles ;escargot;07/02/2025;1;0.0623;0;1.75;357;0;
T04;Acheter des produits avec moins d'emballages (éviter emballages individuels);Courses;BLEUS;Bleus maternelles ;escargot;07/02/2025;1;0.506;0;0;0;34.86;
W03;Préférer les produits réutilisables plutôt que jetables;Courses;BLEUS;Bleus maternelles ;escargot;07/02/2025;1;0.004964;12.6;0;0;0;
E08;Acheter des fruits ou légumes de saison;Courses;BLEUS;Bleus maternelles ;escargot;07/02/2025;1;0.000173;0;0;0;0;
D11;Ne pas prendre sa voiture si c'est possble : préférer la marche et le vélo (pour les petits trajets), le covoiturage…;Transport;BLEUS;Bleus maternelles ;animaux;17/01/2025;1;0.38;0;0.67;0;0;
W04;Fermer ses volets quand il fait froid et nuit;Electricité;BLEUS;Bleus maternelles ;animaux;17/01/2025;1;0.006501;16.5;0;0;0;
D06;Réduire son temps devant les écrans (Télé, ordinateurs, tablette, jeux vidéos...);Electricité;BLEUS;Bleus maternelles ;animaux;17/01/2025;1;0.017374;0;0.183462;0;0;
C01;Eteindre les lumières quand on quitte une pièce ou si il fait jour dehors;Electricité;BLEUS;Bleus maternelles ;animaux;17/01/2025;1;13.7935;0;0;0;0;
W02;Ne pas gaspiller l'eau de son verre;Eau;BLEUS;Bleus maternelles ;animaux;17/01/2025;1;0.05;28;0;35;0;
D09;Eviter de prendre des bains (préférer la douche rapide);Eau;BLEUS;Bleus maternelles ;animaux;17/01/2025;1;0.0623;0;1.75;357;0;
D10;Couper l’eau quand on se savonne les mains;Eau;BLEUS;Bleus maternelles ;animaux;17/01/2025;1;0.54243;0;0.21;12.6;0;
T06;Ne pas tuer les petites bêtes et les remettre dehors (c'est la nourriture de oiseaux);Biodiversité;BLEUS;Bleus maternelles ;animaux;17/01/2025;1;1.518;0;0;0;0;
E01;Acheter juste ce dont on a besoin;Courses;BLEUS;Bleus maternelles ;animaux;17/01/2025;1;0.027408;0;0;0;0.134615385;
W03;Préférer les produits réutilisables plutôt que jetables;Courses;BLEUS;Bleus maternelles ;animaux;17/01/2025;1;0.004964;12.6;0;0;0;
E03;Acheter des produits recyclables et utiliser les bacs de tri;Déchets;BLEUS;Bleus maternelles ;animaux;17/01/2025;1;0.15988;0;0;0;0;
E08;Ramasser les papiers et les déchets par terre pour les mettre à la poubelle;Déchets;BLEUS;Bleus maternelles ;animaux;17/01/2025;1;0.000173;0;0;0;0.1;
D02;Tout manger ce qu'il y a dans nos assiettes (cantine, maison);Déchets;BLEUS;Bleus maternelles ;animaux;17/01/2025;1;2.453511;0;1.390385;0;1.390384615;
D11;Ne pas prendre sa voiture si c'est possble : préférer la marche et le vélo (pour les petits trajets), le covoiturage…;Transport;BLEUS;Bleus maternelles ;escargot;17/01/2025;1;0.38;0;0.67;0;0;
W04;Fermer ses volets quand il fait froid et nuit;Electricité;BLEUS;Bleus maternelles ;escargot;17/01/2025;1;0.006501;16.5;0;0;0;
E04;Eteindre les appareils électriques lorsqu'on ne s'en sert pas (Télé, ordinateur...);Electricité;BLEUS;Bleus maternelles ;escargot;17/01/2025;1;0.15988;0;1;0;0;
C01;Eteindre les lumières quand on quitte une pièce ou si il fait jour dehors;Electricité;BLEUS;Bleus maternelles ;escargot;17/01/2025;1;13.7935;0;0;0;0;
D06;Réduire son temps devant les écrans (Télé, ordinateurs, tablette, jeux vidéos...);Electricité;BLEUS;Bleus maternelles ;escargot;17/01/2025;1;0.017374;0;0.183462;0;0;
D10;Couper l’eau quand on se savonne les mains;Eau;BLEUS;Bleus maternelles ;escargot;17/01/2025;1;0.54243;0;0.21;12.6;0;
D09;Eviter de prendre des bains (préférer la douche rapide);Eau;BLEUS;Bleus maternelles ;escargot;17/01/2025;1;0.0623;0;1.75;357;0;
E08;Fermer le robinet quand on se brosse les dents;Eau;BLEUS;Bleus maternelles ;escargot;17/01/2025;1;0.000173;0;0;28;0;
W03;Préférer les produits réutilisables plutôt que jetables;Courses;BLEUS;Bleus maternelles ;escargot;17/01/2025;1;0.004964;12.6;0;0;0;
E01;Acheter juste ce dont on a besoin;Courses;BLEUS;Bleus maternelles ;escargot;17/01/2025;1;0.027408;0;0;0;0.134615385;
E08;Acheter des fruits ou légumes de saison;Courses;BLEUS;Bleus maternelles ;escargot;17/01/2025;1;0.000173;0;0;0;0;
T04;Acheter des produits avec moins d'emballages (éviter emballages individuels);Courses;BLEUS;Bleus maternelles ;escargot;17/01/2025;1;0.506;0;0;0;34.86;
E03;Acheter des produits recyclables et utiliser les bacs de tri;Déchets;BLEUS;Bleus maternelles ;escargot;17/01/2025;1;0.15988;0;0;0;0;
W04;Fermer ses volets quand il fait froid et nuit;Electricité;BLEUS;Bleus maternelles ;chien;17/01/2025;1;0.006501;16.5;0;0;0;
D06;Réduire son temps devant les écrans (Télé, ordinateurs, tablette, jeux vidéos...);Electricité;BLEUS;Bleus maternelles ;chien;17/01/2025;1;0.017374;0;0.183462;0;0;
E04;Eteindre les appareils électriques lorsqu'on ne s'en sert pas (Télé, ordinateur...);Electricité;BLEUS;Bleus maternelles ;chien;17/01/2025;1;0.15988;0;1;0;0;
C01;Eteindre les lumières quand on quitte une pièce ou si il fait jour dehors;Electricité;BLEUS;Bleus maternelles ;chien;17/01/2025;1;13.7935;0;0;0;0;
D05;Récupérer l'eau de pluie pour arroser;Eau;BLEUS;Bleus maternelles ;chien;17/01/2025;1;0.000239;0;0.134615;35;0;
D10;Couper l’eau quand on se savonne les mains;Eau;BLEUS;Bleus maternelles ;chien;17/01/2025;1;0.54243;0;0.21;12.6;0;
W02;Ne pas gaspiller l'eau de son verre;Eau;BLEUS;Bleus maternelles ;chien;17/01/2025;1;0.05;28;0;35;0;
D09;Eviter de prendre des bains (préférer la douche rapide);Eau;BLEUS;Bleus maternelles ;chien;17/01/2025;1;0.0623;0;1.75;357;0;
E08;Fermer le robinet quand on se brosse les dents;Eau;BLEUS;Bleus maternelles ;chien;17/01/2025;1;0.000173;0;0;28;0;
T06;Ne pas tuer les petites bêtes et les remettre dehors (c'est la nourriture de oiseaux);Biodiversité;BLEUS;Bleus maternelles ;chien;17/01/2025;1;1.518;0;0;0;0;
T04;Acheter des produits avec moins d'emballages (éviter emballages individuels);Courses;BLEUS;Bleus maternelles ;chien;17/01/2025;1;0.506;0;0;0;34.86;
E01;Acheter juste ce dont on a besoin;Courses;BLEUS;Bleus maternelles ;chien;17/01/2025;1;0.027408;0;0;0;0.134615385;
W03;Préférer les produits réutilisables plutôt que jetables;Courses;BLEUS;Bleus maternelles ;chien;17/01/2025;1;0.004964;12.6;0;0;0;
E08;Acheter des fruits ou légumes de saison;Courses;BLEUS;Bleus maternelles ;chien;17/01/2025;1;0.000173;0;0;0;0;
E03;Acheter des produits recyclables et utiliser les bacs de tri;Déchets;BLEUS;Bleus maternelles ;chien;17/01/2025;1;0.15988;0;0;0;0;
E08;Ramasser les papiers et les déchets par terre pour les mettre à la poubelle;Déchets;BLEUS;Bleus maternelles ;chien;17/01/2025;1;0.000173;0;0;0;0.1;
D02;Tout manger ce qu'il y a dans nos assiettes (cantine, maison);Déchets;BLEUS;Bleus maternelles ;chien;17/01/2025;1;2.453511;0;1.390385;0;1.390384615;
E08;Ramasser les papiers et les déchets par terre pour les mettre à la poubelle;Déchets;BLEUS;Bleus maternelles ;taureau;17/01/2025;1;0.000173;0;0;0;0.1;
E03;Acheter des produits recyclables et utiliser les bacs de tri;Déchets;BLEUS;Bleus maternelles ;taureau;17/01/2025;1;0.15988;0;0;0;0;
E01;Acheter juste ce dont on a besoin;Courses;BLEUS;Bleus maternelles ;taureau;17/01/2025;1;0.027408;0;0;0;0.134615385;
W03;Préférer les produits réutilisables plutôt que jetables;Courses;BLEUS;Bleus maternelles ;taureau;17/01/2025;1;0.004964;12.6;0;0;0;
D10;Couper l’eau quand on se savonne les mains;Eau;BLEUS;Bleus maternelles ;taureau;17/01/2025;1;0.54243;0;0.21;12.6;0;
W02;Ne pas gaspiller l'eau de son verre;Eau;BLEUS;Bleus maternelles ;taureau;17/01/2025;1;0.05;28;0;35;0;
E08;Fermer le robinet quand on se brosse les dents;Eau;BLEUS;Bleus maternelles ;taureau;17/01/2025;1;0.000173;0;0;28;0;
D06;Réduire son temps devant les écrans (Télé, ordinateurs, tablette, jeux vidéos...);Electricité;BLEUS;Bleus maternelles ;taureau;17/01/2025;1;0.017374;0;0.183462;0;0;
E04;Eteindre les appareils électriques lorsqu'on ne s'en sert pas (Télé, ordinateur...);Electricité;BLEUS;Bleus maternelles ;taureau;17/01/2025;1;0.15988;0;1;0;0;
C01;Eteindre les lumières quand on quitte une pièce ou si il fait jour dehors;Electricité;BLEUS;Bleus maternelles ;taureau;17/01/2025;1;13.7935;0;0;0;0;
T06;Ne pas tuer les petites bêtes et les remettre dehors (c'est la nourriture de oiseaux);Biodiversité;BLEUS;Bleus maternelles ;taureau;17/01/2025;1;1.518;0;0;0;0;
D06;Acheter d’occasion plutôt que neuf;Courses;BLEUS;Bleus maternelles ;flammant;17/01/2025;1;0.017374;0;0.183462;0;0.134615385;
D10;Couper l’eau quand on se savonne les mains;Eau;BLEUS;Bleus maternelles ;flammant;17/01/2025;1;0.54243;0;0.21;12.6;0;
T04;Acheter des produits avec moins d'emballages (éviter emballages individuels);Courses;BLEUS;Bleus maternelles ;flammant;17/01/2025;1;0.506;0;0;0;34.86;
D02;Tout manger ce qu'il y a dans nos assiettes (cantine, maison);Déchets;BLEUS;Bleus maternelles ;taureau;17/01/2025;1;2.453511;0;1.390385;0;1.390384615;
T04;Acheter des produits avec moins d'emballages (éviter emballages individuels);Courses;BLEUS;Bleus maternelles ;taureau;17/01/2025;1;0.506;0;0;0;34.86;
E08;Acheter des fruits ou légumes de saison;Courses;BLEUS;Bleus maternelles ;taureau;17/01/2025;1;0.000173;0;0;0;0;
D09;Eviter de prendre des bains (préférer la douche rapide);Eau;BLEUS;Bleus maternelles ;taureau;17/01/2025;1;0.0623;0;1.75;357;0;
D09;Eviter de prendre des bains (préférer la douche rapide);Eau;BLEUS;Bleus maternelles ;vache;17/01/2025;1;0.0623;0;1.75;357;0;
D11;Ne pas prendre sa voiture si c'est possble : préférer la marche et le vélo (pour les petits trajets), le covoiturage…;Transport;BLEUS;Bleus maternelles ;vache;17/01/2025;1;0.38;0;0.67;0;0;
T06;Ne pas tuer les petites bêtes et les remettre dehors (c'est la nourriture de oiseaux);Biodiversité;BLEUS;Bleus maternelles ;escargot;17/01/2025;1;1.518;0;0;0;0;
W04;Fermer ses volets quand il fait froid et nuit;Electricité;BLEUS;Bleus maternelles ;vache;17/01/2025;1;0.006501;16.5;0;0;0;
D06;Réduire son temps devant les écrans (Télé, ordinateurs, tablette, jeux vidéos...);Electricité;BLEUS;Bleus maternelles ;vache;17/01/2025;1;0.017374;0;0.183462;0;0;
C01;Eteindre les lumières quand on quitte une pièce ou si il fait jour dehors;Electricité;BLEUS;Bleus maternelles ;vache;17/01/2025;1;13.7935;0;0;0;0;
E04;Eteindre les appareils électriques lorsqu'on ne s'en sert pas (Télé, ordinateur...);Electricité;BLEUS;Bleus maternelles ;vache;17/01/2025;1;0.15988;0;1;0;0;
E01;Acheter juste ce dont on a besoin;Courses;BLEUS;Bleus maternelles ;cheval;19/01/2025;1;0.027408;0;0;0;0.134615385;
E08;Acheter des fruits ou légumes de saison;Courses;BLEUS;Bleus maternelles ;cheval;19/01/2025;1;0.000173;0;0;0;0;
T04;Acheter des produits avec moins d'emballages (éviter emballages individuels);Courses;BLEUS;Bleus maternelles ;cheval;19/01/2025;1;0.506;0;0;0;34.86;
T06;Ne pas tuer les petites bêtes et les remettre dehors (c'est la nourriture de oiseaux);Biodiversité;BLEUS;Bleus maternelles ;cheval;19/01/2025;1;1.518;0;0;0;0;
D10;Couper l’eau quand on se savonne les mains;Eau;BLEUS;Bleus maternelles ;cheval;19/01/2025;1;0.54243;0;0.21;12.6;0;
W02;Ne pas gaspiller l'eau de son verre;Eau;BLEUS;Bleus maternelles ;cheval;19/01/2025;1;0.05;28;0;35;0;
D09;Eviter de prendre des bains (préférer la douche rapide);Eau;BLEUS;Bleus maternelles ;cheval;19/01/2025;1;0.0623;0;1.75;357;0;
E08;Fermer le robinet quand on se brosse les dents;Eau;BLEUS;Bleus maternelles ;cheval;19/01/2025;1;0.000173;0;0;28;0;
W04;Fermer ses volets quand il fait froid et nuit;Electricité;BLEUS;Bleus maternelles ;cheval;19/01/2025;1;0.006501;16.5;0;0;0;
E04;Eteindre les appareils électriques lorsqu'on ne s'en sert pas (Télé, ordinateur...);Electricité;BLEUS;Bleus maternelles ;cheval;19/01/2025;1;0.15988;0;1;0;0;
C01;Eteindre les lumières quand on quitte une pièce ou si il fait jour dehors;Electricité;BLEUS;Bleus maternelles ;cheval;19/01/2025;1;13.7935;0;0;0;0;
D11;Ne pas prendre sa voiture si c'est possble : préférer la marche et le vélo (pour les petits trajets), le covoiturage…;Transport;BLEUS;Bleus maternelles ;cheval;19/01/2025;1;0.38;0;0.67;0;0;
E03;Acheter des produits recyclables et utiliser les bacs de tri;Déchets;BLEUS;Bleus maternelles ;cheval;19/01/2025;1;0.15988;0;0;0;0;
E08;Ramasser les papiers et les déchets par terre pour les mettre à la poubelle;Déchets;BLEUS;Bleus maternelles ;cheval;19/01/2025;1;0.000173;0;0;0;0.1;
D02;Tout manger ce qu'il y a dans nos assiettes (cantine, maison);Déchets;BLEUS;Bleus maternelles ;cheval;19/01/2025;1;2.453511;0;1.390385;0;1.390384615;
D06;Acheter d’occasion plutôt que neuf;Courses;BLEUS;Bleus maternelles ;cheval;19/01/2025;1;0.017374;0;0.183462;0;0.134615385;
W03;Préférer les produits réutilisables plutôt que jetables;Courses;BLEUS;Bleus maternelles ;cheval;19/01/2025;1;0.004964;12.6;0;0;0;
D06;Réduire son temps devant les écrans (Télé, ordinateurs, tablette, jeux vidéos...);Electricité;BLEUS;Bleus maternelles ;girafe;19/01/2025;1;0.017374;0;0.183462;0;0;
C01;Eteindre les lumières quand on quitte une pièce ou si il fait jour dehors;Electricité;BLEUS;Bleus maternelles ;girafe;19/01/2025;1;13.7935;0;0;0;0;
D05;Récupérer l'eau de pluie pour arroser;Eau;BLEUS;Bleus maternelles ;girafe;19/01/2025;1;0.000239;0;0.134615;35;0;
T04;Acheter des produits avec moins d'emballages (éviter emballages individuels);Courses;BLEUS;Bleus maternelles ;girafe;19/01/2025;1;0.506;0;0;0;34.86;
W03;Préférer les produits réutilisables plutôt que jetables;Courses;BLEUS;Bleus maternelles ;girafe;19/01/2025;1;0.004964;12.6;0;0;0;
E03;Acheter des produits recyclables et utiliser les bacs de tri;Déchets;BLEUS;Bleus maternelles ;girafe;19/01/2025;1;0.15988;0;0;0;0;
D10;Couper l’eau quand on se savonne les mains;Eau;BLEUS;Bleus maternelles ;girafe;19/01/2025;1;0.54243;0;0.21;12.6;0;
E01;Acheter juste ce dont on a besoin;Courses;BLEUS;Bleus maternelles ;girafe;19/01/2025;1;0.027408;0;0;0;0.134615385;
W04;Fermer ses volets quand il fait froid et nuit;Electricité;BLEUS;Bleus maternelles ;baleine;26/01/2025;1;0.006501;16.5;0;0;0;
C01;Eteindre les lumières quand on quitte une pièce ou si il fait jour dehors;Electricité;BLEUS;Bleus maternelles ;baleine;26/01/2025;1;13.7935;0;0;0;0;
D09;Eviter de prendre des bains (préférer la douche rapide);Eau;BLEUS;Bleus maternelles ;baleine;26/01/2025;1;0.0623;0;1.75;357;0;
T06;Ne pas tuer les petites bêtes et les remettre dehors (c'est la nourriture de oiseaux);Biodiversité;BLEUS;Bleus maternelles ;baleine;26/01/2025;1;1.518;0;0;0;0;
W03;Préférer les produits réutilisables plutôt que jetables;Courses;BLEUS;Bleus maternelles ;baleine;26/01/2025;1;0.004964;12.6;0;0;0;
E08;Acheter des fruits ou légumes de saison;Courses;BLEUS;Bleus maternelles ;baleine;26/01/2025;1;0.000173;0;0;0;0;
E08;Ramasser les papiers et les déchets par terre pour les mettre à la poubelle;Déchets;BLEUS;Bleus maternelles ;baleine;26/01/2025;1;0.000173;0;0;0;0.1;
W04;Fermer ses volets quand il fait froid et nuit;Electricité;BLEUS;Bleus maternelles ;chien;26/01/2025;1;0.006501;16.5;0;0;0;
E04;Eteindre les appareils électriques lorsqu'on ne s'en sert pas (Télé, ordinateur...);Electricité;BLEUS;Bleus maternelles ;chien;26/01/2025;1;0.15988;0;1;0;0;
D05;Récupérer l'eau de pluie pour arroser;Eau;BLEUS;Bleus maternelles ;chien;26/01/2025;1;0.000239;0;0.134615;35;0;
W02;Ne pas gaspiller l'eau de son verre;Eau;BLEUS;Bleus maternelles ;chien;26/01/2025;1;0.05;28;0;35;0;
E08;Fermer le robinet quand on se brosse les dents;Eau;BLEUS;Bleus maternelles ;chien;26/01/2025;1;0.000173;0;0;28;0;
T04;Acheter des produits avec moins d'emballages (éviter emballages individuels);Courses;BLEUS;Bleus maternelles ;chien;26/01/2025;1;0.506;0;0;0;34.86;
E01;Acheter juste ce dont on a besoin;Courses;BLEUS;Bleus maternelles ;chien;26/01/2025;1;0.027408;0;0;0;0.134615385;
E03;Acheter des produits recyclables et utiliser les bacs de tri;Déchets;BLEUS;Bleus maternelles ;chien;26/01/2025;1;0.15988;0;0;0;0;
D02;Tout manger ce qu'il y a dans nos assiettes (cantine, maison);Déchets;BLEUS;Bleus maternelles ;chien;26/01/2025;1;2.453511;0;1.390385;0;1.390384615;
W04;Fermer ses volets quand il fait froid et nuit;Electricité;BLEUS;Bleus maternelles ;rhinoceros;07/02/2025;1;0.006501;16.5;0;0;0;
E04;Eteindre les appareils électriques lorsqu'on ne s'en sert pas (Télé, ordinateur...);Electricité;BLEUS;Bleus maternelles ;rhinoceros;07/02/2025;1;0.15988;0;1;0;0;
D05;Récupérer l'eau de pluie pour arroser;Eau;BLEUS;Bleus maternelles ;rhinoceros;07/02/2025;1;0.000239;0;0.134615;35;0;
W02;Ne pas gaspiller l'eau de son verre;Eau;BLEUS;Bleus maternelles ;rhinoceros;07/02/2025;1;0.05;28;0;35;0;
E08;Fermer le robinet quand on se brosse les dents;Eau;BLEUS;Bleus maternelles ;rhinoceros;07/02/2025;1;0.000173;0;0;28;0;
D06;Acheter d’occasion plutôt que neuf;Courses;BLEUS;Bleus maternelles ;rhinoceros;07/02/2025;1;0.017374;0;0.183462;0;0.134615385;
E08;Acheter des fruits ou légumes de saison;Courses;BLEUS;Bleus maternelles ;rhinoceros;07/02/2025;1;0.000173;0;0;0;0;
E08;Ramasser les papiers et les déchets par terre pour les mettre à la poubelle;Déchets;BLEUS;Bleus maternelles ;rhinoceros;07/02/2025;1;0.000173;0;0;0;0.1;
D11;Ne pas prendre sa voiture si c'est possble : préférer la marche et le vélo (pour les petits trajets), le covoiturage…;Transport;BLEUS;Bleus maternelles ;taureau;03/03/2025;1;0.38;0;0.67;0;0;
E04;Eteindre les appareils électriques lorsqu'on ne s'en sert pas (Télé, ordinateur...);Electricité;BLEUS;Bleus maternelles ;girafe;19/01/2025;1;0.15988;0;1;0;0;
W04;Fermer ses volets quand il fait froid et nuit;Electricité;BLEUS;Bleus maternelles ;girafe;19/01/2025;1;0.006501;16.5;0;0;0;
E08;Fermer le robinet quand on se brosse les dents;Eau;BLEUS;Bleus maternelles ;girafe;19/01/2025;1;0.000173;0;0;28;0;
D06;Acheter d’occasion plutôt que neuf;Courses;BLEUS;Bleus maternelles ;girafe;19/01/2025;1;0.017374;0;0.183462;0;0.134615385;
E08;Acheter des fruits ou légumes de saison;Courses;BLEUS;Bleus maternelles ;girafe;19/01/2025;1;0.000173;0;0;0;0;
E08;Ramasser les papiers et les déchets par terre pour les mettre à la poubelle;Déchets;BLEUS;Bleus maternelles ;girafe;19/01/2025;1;0.000173;0;0;0;0.1;
W02;Ne pas gaspiller l'eau de son verre;Eau;BLEUS;Bleus maternelles ;girafe;19/01/2025;1;0.05;28;0;35;0;
D09;Eviter de prendre des bains (préférer la douche rapide);Eau;BLEUS;Bleus maternelles ;girafe;20/01/2025;1;0.0623;0;1.75;357;0;
T06;Ne pas tuer les petites bêtes et les remettre dehors (c'est la nourriture de oiseaux);Biodiversité;BLEUS;Bleus maternelles ;girafe;20/01/2025;1;1.518;0;0;0;0;
D02;Tout manger ce qu'il y a dans nos assiettes (cantine, maison);Déchets;BLEUS;Bleus maternelles ;girafe;20/01/2025;1;2.453511;0;1.390385;0;1.390384615;
W04;Fermer ses volets quand il fait froid et nuit;Electricité;BLEUS;Bleus maternelles ;baleine;20/01/2025;1;0.006501;16.5;0;0;0;
D10;Couper l’eau quand on se savonne les mains;Eau;BLEUS;Bleus maternelles ;baleine;20/01/2025;1;0.54243;0;0.21;12.6;0;
E08;Fermer le robinet quand on se brosse les dents;Eau;BLEUS;Bleus maternelles ;baleine;20/01/2025;1;0.000173;0;0;28;0;
E01;Acheter juste ce dont on a besoin;Courses;BLEUS;Bleus maternelles ;baleine;22/01/2025;1;0.027408;0;0;0;0.134615385;
D10;Couper l’eau quand on se savonne les mains;Eau;BLEUS;Bleus maternelles ;mouton;27/01/2025;1;0.54243;0;0.21;12.6;0;
D09;Eviter de prendre des bains (préférer la douche rapide);Eau;BLEUS;Bleus maternelles ;mouton;27/01/2025;1;0.0623;0;1.75;357;0;
W04;Fermer ses volets quand il fait froid et nuit;Electricité;BLEUS;Bleus maternelles ;mouton;27/01/2025;1;0.006501;16.5;0;0;0;
C01;Eteindre les lumières quand on quitte une pièce ou si il fait jour dehors;Electricité;BLEUS;Bleus maternelles ;mouton;27/01/2025;1;13.7935;0;0;0;0;
W03;Préférer les produits réutilisables plutôt que jetables;Courses;BLEUS;Bleus maternelles ;mouton;27/01/2025;1;0.004964;12.6;0;0;0;
T06;Ne pas tuer les petites bêtes et les remettre dehors (c'est la nourriture de oiseaux);Biodiversité;BLEUS;Bleus maternelles ;vache;23/01/2025;1;1.518;0;0;0;0;
D02;Tout manger ce qu'il y a dans nos assiettes (cantine, maison);Déchets;BLEUS;Bleus maternelles ;vache;23/01/2025;1;2.453511;0;1.390385;0;1.390384615;
W04;Fermer ses volets quand il fait froid et nuit;Electricité;BLEUS;Bleus maternelles ;vache;23/01/2025;1;0.006501;16.5;0;0;0;
D10;Couper l’eau quand on se savonne les mains;Eau;BLEUS;Bleus maternelles ;vache;23/01/2025;1;0.54243;0;0.21;12.6;0;
E08;Fermer le robinet quand on se brosse les dents;Eau;BLEUS;Bleus maternelles ;vache;23/01/2025;1;0.000173;0;0;28;0;
C01;Eteindre les lumières quand on quitte une pièce ou si il fait jour dehors;Electricité;BLEUS;Bleus maternelles ;rhinoceros;07/02/2025;1;13.7935;0;0;0;0;
W04;Fermer ses volets quand il fait froid et nuit;Electricité;BLEUS;Bleus maternelles ;poule;29/01/2025;1;0.006501;16.5;0;0;0;
E04;Eteindre les appareils électriques lorsqu'on ne s'en sert pas (Télé, ordinateur...);Electricité;BLEUS;Bleus maternelles ;poule;29/01/2025;1;0.15988;0;1;0;0;
D10;Couper l’eau quand on se savonne les mains;Eau;BLEUS;Bleus maternelles ;poule;29/01/2025;1;0.54243;0;0.21;12.6;0;
E08;Fermer le robinet quand on se brosse les dents;Eau;BLEUS;Bleus maternelles ;poule;29/01/2025;1;0.000173;0;0;28;0;
T04;Acheter des produits avec moins d'emballages (éviter emballages individuels);Courses;BLEUS;Bleus maternelles ;poule;29/01/2025;1;0.506;0;0;0;34.86;
W03;Préférer les produits réutilisables plutôt que jetables;Courses;BLEUS;Bleus maternelles ;poule;29/01/2025;1;0.004964;12.6;0;0;0;
E08;Acheter des fruits ou légumes de saison;Courses;BLEUS;Bleus maternelles ;poule;29/01/2025;1;0.000173;0;0;0;0;
E08;Ramasser les papiers et les déchets par terre pour les mettre à la poubelle;Déchets;BLEUS;Bleus maternelles ;poule;29/01/2025;1;0.000173;0;0;0;0.1;
D10;Couper l’eau quand on se savonne les mains;Eau;BLEUS;Bleus maternelles ;rhinoceros;07/02/2025;1;0.54243;0;0.21;12.6;0;
D11;Ne pas prendre sa voiture si c'est possble : préférer la marche et le vélo (pour les petits trajets), le covoiturage…;Transport;BLEUS;Bleus maternelles ;elephant;30/01/2025;1;0.38;0;0.67;0;0;
D06;Réduire son temps devant les écrans (Télé, ordinateurs, tablette, jeux vidéos...);Electricité;BLEUS;Bleus maternelles ;elephant;30/01/2025;1;0.017374;0;0.183462;0;0;
C01;Eteindre les lumières quand on quitte une pièce ou si il fait jour dehors;Electricité;BLEUS;Bleus maternelles ;elephant;30/01/2025;1;13.7935;0;0;0;0;
D09;Eviter de prendre des bains (préférer la douche rapide);Eau;BLEUS;Bleus maternelles ;rhinoceros;07/02/2025;1;0.0623;0;1.75;357;0;
D10;Couper l’eau quand on se savonne les mains;Eau;BLEUS;Bleus maternelles ;elephant;30/01/2025;1;0.54243;0;0.21;12.6;0;
T06;Ne pas tuer les petites bêtes et les remettre dehors (c'est la nourriture de oiseaux);Biodiversité;BLEUS;Bleus maternelles ;rhinoceros;07/02/2025;1;1.518;0;0;0;0;
D09;Eviter de prendre des bains (préférer la douche rapide);Eau;BLEUS;Bleus maternelles ;elephant;30/01/2025;1;0.0623;0;1.75;357;0;
W03;Préférer les produits réutilisables plutôt que jetables;Courses;BLEUS;Bleus maternelles ;elephant;30/01/2025;1;0.004964;12.6;0;0;0;
E08;Acheter des fruits ou légumes de saison;Courses;BLEUS;Bleus maternelles ;elephant;30/01/2025;1;0.000173;0;0;0;0;
E08;Ramasser les papiers et les déchets par terre pour les mettre à la poubelle;Déchets;BLEUS;Bleus maternelles ;elephant;30/01/2025;1;0.000173;0;0;0;0.1;
T06;Ne pas tuer les petites bêtes et les remettre dehors (c'est la nourriture de oiseaux);Biodiversité;BLEUS;Bleus maternelles ;elephant;30/01/2025;1;1.518;0;0;0;0;
W04;Fermer ses volets quand il fait froid et nuit;Electricité;BLEUS;Bleus maternelles ;animaux;31/01/2025;1;0.006501;16.5;0;0;0;
C01;Eteindre les lumières quand on quitte une pièce ou si il fait jour dehors;Electricité;BLEUS;Bleus maternelles ;animaux;31/01/2025;1;13.7935;0;0;0;0;
T06;Ne pas tuer les petites bêtes et les remettre dehors (c'est la nourriture de oiseaux);Biodiversité;BLEUS;Bleus maternelles ;animaux;31/01/2025;1;1.518;0;0;0;0;
E08;Ramasser les papiers et les déchets par terre pour les mettre à la poubelle;Déchets;BLEUS;Bleus maternelles ;animaux;31/01/2025;1;0.000173;0;0;0;0.1;
D10;Couper l’eau quand on se savonne les mains;Eau;BLEUS;Bleus maternelles ;renard;31/01/2025;1;0.54243;0;0.21;12.6;0;
D09;Eviter de prendre des bains (préférer la douche rapide);Eau;BLEUS;Bleus maternelles ;renard;31/01/2025;1;0.0623;0;1.75;357;0;
E03;Acheter des produits recyclables et utiliser les bacs de tri;Déchets;BLEUS;Bleus maternelles ;renard;31/01/2025;1;0.15988;0;0;0;0;
D02;Tout manger ce qu'il y a dans nos assiettes (cantine, maison);Déchets;BLEUS;Bleus maternelles ;renard;31/01/2025;1;2.453511;0;1.390385;0;1.390384615;
W04;Fermer ses volets quand il fait froid et nuit;Electricité;BLEUS;Bleus maternelles ;renard;31/01/2025;1;0.006501;16.5;0;0;0;
E04;Eteindre les appareils électriques lorsqu'on ne s'en sert pas (Télé, ordinateur...);Electricité;BLEUS;Bleus maternelles ;renard;31/01/2025;1;0.15988;0;1;0;0;
T06;Ne pas tuer les petites bêtes et les remettre dehors (c'est la nourriture de oiseaux);Biodiversité;BLEUS;Bleus maternelles ;renard;31/01/2025;1;1.518;0;0;0;0;
E01;Acheter juste ce dont on a besoin;Courses;BLEUS;Bleus maternelles ;rhinoceros;07/02/2025;1;0.027408;0;0;0;0.134615385;
E03;Acheter des produits recyclables et utiliser les bacs de tri;Déchets;BLEUS;Bleus maternelles ;rhinoceros;07/02/2025;1;0.15988;0;0;0;0;
D02;Tout manger ce qu'il y a dans nos assiettes (cantine, maison);Déchets;BLEUS;Bleus maternelles ;rhinoceros;07/02/2025;1;2.453511;0;1.390385;0;1.390384615;
W04;Fermer ses volets quand il fait froid et nuit;Electricité;BLEUS;Bleus maternelles ;taureau;03/03/2025;1;0.006501;16.5;0;0;0;
D06;Réduire son temps devant les écrans (Télé, ordinateurs, tablette, jeux vidéos...);Electricité;BLEUS;Bleus maternelles ;taureau;03/03/2025;1;0.017374;0;0.183462;0;0;
D05;Récupérer l'eau de pluie pour arroser;Eau;BLEUS;Bleus maternelles ;taureau;03/03/2025;1;0.000239;0;0.134615;35;0;
D10;Couper l’eau quand on se savonne les mains;Eau;BLEUS;Bleus maternelles ;taureau;03/03/2025;1;0.54243;0;0.21;12.6;0;
T06;Ne pas tuer les petites bêtes et les remettre dehors (c'est la nourriture de oiseaux);Biodiversité;BLEUS;Bleus maternelles ;taureau;03/03/2025;1;1.518;0;0;0;0;
T04;Acheter des produits avec moins d'emballages (éviter emballages individuels);Courses;BLEUS;Bleus maternelles ;taureau;03/03/2025;1;0.506;0;0;0;34.86;
D09;Eviter de prendre des bains (préférer la douche rapide);Eau;BLEUS;Bleus maternelles ;taureau;03/03/2025;1;0.0623;0;1.75;357;0;
W02;Ne pas gaspiller l'eau de son verre;Eau;BLEUS;Bleus maternelles ;taureau;03/03/2025;1;0.05;28;0;35;0;
C01;Eteindre les lumières quand on quitte une pièce ou si il fait jour dehors;Electricité;BLEUS;Bleus maternelles ;taureau;03/03/2025;1;13.7935;0;0;0;0;
E04;Eteindre les appareils électriques lorsqu'on ne s'en sert pas (Télé, ordinateur...);Electricité;BLEUS;Bleus maternelles ;taureau;03/03/2025;1;0.15988;0;1;0;0;
D02;Tout manger ce qu'il y a dans nos assiettes (cantine, maison);Déchets;BLEUS;Bleus maternelles ;taureau;03/03/2025;1;2.453511;0;1.390385;0;1.390384615;
E08;Ramasser les papiers et les déchets par terre pour les mettre à la poubelle;Déchets;BLEUS;Bleus maternelles ;taureau;03/03/2025;1;0.000173;0;0;0;0.1;
D06;Réduire son temps devant les écrans (Télé, ordinateurs, tablette, jeux vidéos...);Electricité;BLEUS;Bleus maternelles ;baleine;20/01/2025;1;0.017374;0;0.183462;0;0;
W02;Ne pas gaspiller l'eau de son verre;Eau;BLEUS;Bleus maternelles ;baleine;20/01/2025;1;0.05;28;0;35;0;
T06;Ne pas tuer les petites bêtes et les remettre dehors (c'est la nourriture de oiseaux);Biodiversité;BLEUS;Bleus maternelles ;baleine;20/01/2025;1;1.518;0;0;0;0;
T04;Acheter des produits avec moins d'emballages (éviter emballages individuels);Courses;BLEUS;Bleus maternelles ;baleine;22/01/2025;1;0.506;0;0;0;34.86;
E08;Acheter des fruits ou légumes de saison;Courses;BLEUS;Bleus maternelles ;baleine;22/01/2025;1;0.000173;0;0;0;0;
E03;Acheter des produits recyclables et utiliser les bacs de tri;Déchets;BLEUS;Bleus maternelles ;taureau;03/03/2025;1;0.15988;0;0;0;0;
E08;Fermer le robinet quand on se brosse les dents;Eau;BLEUS;Bleus maternelles ;taureau;03/03/2025;1;0.000173;0;0;28;0;
C01;Eteindre les lumières quand on quitte une pièce ou si il fait jour dehors;Electricité;BLEUS;Bleus maternelles ;vache;23/01/2025;1;13.7935;0;0;0;0;
E08;Ramasser les papiers et les déchets par terre pour les mettre à la poubelle;Déchets;BLEUS;Bleus maternelles ;vache;23/01/2025;1;0.000173;0;0;0;0.1;
D11;Ne pas prendre sa voiture si c'est possble : préférer la marche et le vélo (pour les petits trajets), le covoiturage…;Transport;BLEUS;Bleus maternelles ;vache;23/01/2025;1;0.38;0;0.67;0;0;
D06;Réduire son temps devant les écrans (Télé, ordinateurs, tablette, jeux vidéos...);Electricité;BLEUS;Bleus maternelles ;vache;23/01/2025;1;0.017374;0;0.183462;0;0;
D09;Eviter de prendre des bains (préférer la douche rapide);Eau;BLEUS;Bleus maternelles ;vache;23/01/2025;1;0.0623;0;1.75;357;0;
W04;Fermer ses volets quand il fait froid et nuit;Electricité;BLEUS;Bleus maternelles ;taureau;25/01/2025;1;0.006501;16.5;0;0;0;
D06;Réduire son temps devant les écrans (Télé, ordinateurs, tablette, jeux vidéos...);Electricité;BLEUS;Bleus maternelles ;taureau;25/01/2025;1;0.017374;0;0.183462;0;0;
E04;Eteindre les appareils électriques lorsqu'on ne s'en sert pas (Télé, ordinateur...);Electricité;BLEUS;Bleus maternelles ;taureau;25/01/2025;1;0.15988;0;1;0;0;
C01;Eteindre les lumières quand on quitte une pièce ou si il fait jour dehors;Electricité;BLEUS;Bleus maternelles ;taureau;25/01/2025;1;13.7935;0;0;0;0;
D10;Couper l’eau quand on se savonne les mains;Eau;BLEUS;Bleus maternelles ;taureau;25/01/2025;1;0.54243;0;0.21;12.6;0;
W02;Ne pas gaspiller l'eau de son verre;Eau;BLEUS;Bleus maternelles ;taureau;25/01/2025;1;0.05;28;0;35;0;
D09;Eviter de prendre des bains (préférer la douche rapide);Eau;BLEUS;Bleus maternelles ;taureau;25/01/2025;1;0.0623;0;1.75;357;0;
E08;Fermer le robinet quand on se brosse les dents;Eau;BLEUS;Bleus maternelles ;taureau;25/01/2025;1;0.000173;0;0;28;0;
T06;Ne pas tuer les petites bêtes et les remettre dehors (c'est la nourriture de oiseaux);Biodiversité;BLEUS;Bleus maternelles ;taureau;25/01/2025;1;1.518;0;0;0;0;
T04;Acheter des produits avec moins d'emballages (éviter emballages individuels);Courses;BLEUS;Bleus maternelles ;taureau;25/01/2025;1;0.506;0;0;0;34.86;
W03;Préférer les produits réutilisables plutôt que jetables;Courses;BLEUS;Bleus maternelles ;taureau;25/01/2025;1;0.004964;12.6;0;0;0;
E01;Acheter juste ce dont on a besoin;Courses;BLEUS;Bleus maternelles ;taureau;25/01/2025;1;0.027408;0;0;0;0.134615385;
E08;Acheter des fruits ou légumes de saison;Courses;BLEUS;Bleus maternelles ;taureau;25/01/2025;1;0.000173;0;0;0;0;
D02;Tout manger ce qu'il y a dans nos assiettes (cantine, maison);Déchets;BLEUS;Bleus maternelles ;taureau;25/01/2025;1;2.453511;0;1.390385;0;1.390384615;
E08;Ramasser les papiers et les déchets par terre pour les mettre à la poubelle;Déchets;BLEUS;Bleus maternelles ;taureau;25/01/2025;1;0.000173;0;0;0;0.1;
E03;Acheter des produits recyclables et utiliser les bacs de tri;Déchets;BLEUS;Bleus maternelles ;taureau;25/01/2025;1;0.15988;0;0;0;0;
D11;Ne pas prendre sa voiture si c'est possble : préférer la marche et le vélo (pour les petits trajets), le covoiturage…;Transport;BLEUS;Bleus maternelles ;escargot;26/01/2025;1;0.38;0;0.67;0;0;
D10;Couper l’eau quand on se savonne les mains;Eau;BLEUS;Bleus maternelles ;escargot;26/01/2025;1;0.54243;0;0.21;12.6;0;
W02;Ne pas gaspiller l'eau de son verre;Eau;BLEUS;Bleus maternelles ;escargot;26/01/2025;1;0.05;28;0;35;0;
D09;Eviter de prendre des bains (préférer la douche rapide);Eau;BLEUS;Bleus maternelles ;escargot;26/01/2025;1;0.0623;0;1.75;357;0;
E08;Fermer le robinet quand on se brosse les dents;Eau;BLEUS;Bleus maternelles ;escargot;26/01/2025;1;0.000173;0;0;28;0;
W04;Fermer ses volets quand il fait froid et nuit;Electricité;BLEUS;Bleus maternelles ;escargot;26/01/2025;1;0.006501;16.5;0;0;0;
D06;Réduire son temps devant les écrans (Télé, ordinateurs, tablette, jeux vidéos...);Electricité;BLEUS;Bleus maternelles ;escargot;26/01/2025;1;0.017374;0;0.183462;0;0;
E04;Eteindre les appareils électriques lorsqu'on ne s'en sert pas (Télé, ordinateur...);Electricité;BLEUS;Bleus maternelles ;escargot;26/01/2025;1;0.15988;0;1;0;0;
C01;Eteindre les lumières quand on quitte une pièce ou si il fait jour dehors;Electricité;BLEUS;Bleus maternelles ;escargot;26/01/2025;1;13.7935;0;0;0;0;
T04;Acheter des produits avec moins d'emballages (éviter emballages individuels);Courses;BLEUS;Bleus maternelles ;escargot;26/01/2025;1;0.506;0;0;0;34.86;
W03;Préférer les produits réutilisables plutôt que jetables;Courses;BLEUS;Bleus maternelles ;escargot;26/01/2025;1;0.004964;12.6;0;0;0;
E08;Acheter des fruits ou légumes de saison;Courses;BLEUS;Bleus maternelles ;escargot;26/01/2025;1;0.000173;0;0;0;0;
E08;Ramasser les papiers et les déchets par terre pour les mettre à la poubelle;Déchets;BLEUS;Bleus maternelles ;escargot;26/01/2025;1;0.000173;0;0;0;0.1;
W02;Ne pas gaspiller l'eau de son verre;Eau;BLEUS;Bleus maternelles ;mouton;27/01/2025;1;0.05;28;0;35;0;
E08;Fermer le robinet quand on se brosse les dents;Eau;BLEUS;Bleus maternelles ;mouton;27/01/2025;1;0.000173;0;0;28;0;
E04;Eteindre les appareils électriques lorsqu'on ne s'en sert pas (Télé, ordinateur...);Electricité;BLEUS;Bleus maternelles ;mouton;27/01/2025;1;0.15988;0;1;0;0;
D06;Acheter d’occasion plutôt que neuf;Courses;BLEUS;Bleus maternelles ;mouton;27/01/2025;1;0.017374;0;0.183462;0;0.134615385;
D06;Réduire son temps devant les écrans (Télé, ordinateurs, tablette, jeux vidéos...);Electricité;BLEUS;Bleus maternelles ;poule;29/01/2025;1;0.017374;0;0.183462;0;0;
D05;Récupérer l'eau de pluie pour arroser;Eau;BLEUS;Bleus maternelles ;poule;29/01/2025;1;0.000239;0;0.134615;35;0;
W02;Ne pas gaspiller l'eau de son verre;Eau;BLEUS;Bleus maternelles ;poule;29/01/2025;1;0.05;28;0;35;0;
T06;Ne pas tuer les petites bêtes et les remettre dehors (c'est la nourriture de oiseaux);Biodiversité;BLEUS;Bleus maternelles ;poule;29/01/2025;1;1.518;0;0;0;0;
D06;Acheter d’occasion plutôt que neuf;Courses;BLEUS;Bleus maternelles ;poule;29/01/2025;1;0.017374;0;0.183462;0;0.134615385;
E01;Acheter juste ce dont on a besoin;Courses;BLEUS;Bleus maternelles ;poule;29/01/2025;1;0.027408;0;0;0;0.134615385;
E03;Acheter des produits recyclables et utiliser les bacs de tri;Déchets;BLEUS;Bleus maternelles ;poule;29/01/2025;1;0.15988;0;0;0;0;
D02;Tout manger ce qu'il y a dans nos assiettes (cantine, maison);Déchets;BLEUS;Bleus maternelles ;poule;29/01/2025;1;2.453511;0;1.390385;0;1.390384615;
D11;Ne pas prendre sa voiture si c'est possble : préférer la marche et le vélo (pour les petits trajets), le covoiturage…;Transport;BLEUS;Bleus maternelles ;taureau;29/01/2025;1;0.38;0;0.67;0;0;
D06;Acheter d’occasion plutôt que neuf;Courses;BLEUS;Bleus maternelles ;taureau;29/01/2025;1;0.017374;0;0.183462;0;0.134615385;
D06;Acheter d’occasion plutôt que neuf;Courses;BLEUS;Bleus maternelles ;taureau;03/03/2025;1;0.017374;0;0.183462;0;0.134615385;
W03;Préférer les produits réutilisables plutôt que jetables;Courses;BLEUS;Bleus maternelles ;taureau;03/03/2025;1;0.004964;12.6;0;0;0;
E01;Acheter juste ce dont on a besoin;Courses;BLEUS;Bleus maternelles ;taureau;03/03/2025;1;0.027408;0;0;0;0.134615385;
W04;Fermer ses volets quand il fait froid et nuit;Electricité;BLEUS;Bleus maternelles ;elephant;30/01/2025;1;0.006501;16.5;0;0;0;
E04;Eteindre les appareils électriques lorsqu'on ne s'en sert pas (Télé, ordinateur...);Electricité;BLEUS;Bleus maternelles ;elephant;30/01/2025;1;0.15988;0;1;0;0;
D05;Récupérer l'eau de pluie pour arroser;Eau;BLEUS;Bleus maternelles ;elephant;30/01/2025;1;0.000239;0;0.134615;35;0;
W02;Ne pas gaspiller l'eau de son verre;Eau;BLEUS;Bleus maternelles ;elephant;30/01/2025;1;0.05;28;0;35;0;
E08;Fermer le robinet quand on se brosse les dents;Eau;BLEUS;Bleus maternelles ;elephant;30/01/2025;1;0.000173;0;0;28;0;
E01;Acheter juste ce dont on a besoin;Courses;BLEUS;Bleus maternelles ;elephant;30/01/2025;1;0.027408;0;0;0;0.134615385;
E03;Acheter des produits recyclables et utiliser les bacs de tri;Déchets;BLEUS;Bleus maternelles ;elephant;30/01/2025;1;0.15988;0;0;0;0;
D02;Tout manger ce qu'il y a dans nos assiettes (cantine, maison);Déchets;BLEUS;Bleus maternelles ;elephant;30/01/2025;1;2.453511;0;1.390385;0;1.390384615;
E08;Acheter des fruits ou légumes de saison;Courses;BLEUS;Bleus maternelles ;taureau;03/03/2025;1;0.000173;0;0;0;0;
D11;Ne pas prendre sa voiture si c'est possble : préférer la marche et le vélo (pour les petits trajets), le covoiturage…;Transport;BLEUS;Bleus maternelles ;animaux;31/01/2025;1;0.38;0;0.67;0;0;
D06;Réduire son temps devant les écrans (Télé, ordinateurs, tablette, jeux vidéos...);Electricité;BLEUS;Bleus maternelles ;animaux;31/01/2025;1;0.017374;0;0.183462;0;0;
W02;Ne pas gaspiller l'eau de son verre;Eau;BLEUS;Bleus maternelles ;animaux;31/01/2025;1;0.05;28;0;35;0;
E03;Acheter des produits recyclables et utiliser les bacs de tri;Déchets;BLEUS;Bleus maternelles ;animaux;31/01/2025;1;0.15988;0;0;0;0;
D02;Tout manger ce qu'il y a dans nos assiettes (cantine, maison);Déchets;BLEUS;Bleus maternelles ;animaux;31/01/2025;1;2.453511;0;1.390385;0;1.390384615;
W02;Ne pas gaspiller l'eau de son verre;Eau;BLEUS;Bleus maternelles ;renard;31/01/2025;1;0.05;28;0;35;0;
E08;Fermer le robinet quand on se brosse les dents;Eau;BLEUS;Bleus maternelles ;renard;31/01/2025;1;0.000173;0;0;28;0;
E08;Ramasser les papiers et les déchets par terre pour les mettre à la poubelle;Déchets;BLEUS;Bleus maternelles ;renard;31/01/2025;1;0.000173;0;0;0;0.1;
E08;Acheter des fruits ou légumes de saison;Courses;BLEUS;Bleus maternelles ;renard;31/01/2025;1;0.000173;0;0;0;0;
D06;Réduire son temps devant les écrans (Télé, ordinateurs, tablette, jeux vidéos...);Electricité;BLEUS;Bleus maternelles ;renard;31/01/2025;1;0.017374;0;0.183462;0;0;
C01;Eteindre les lumières quand on quitte une pièce ou si il fait jour dehors;Electricité;BLEUS;Bleus maternelles ;renard;31/01/2025;1;13.7935;0;0;0;0;
D11;Ne pas prendre sa voiture si c'est possble : préférer la marche et le vélo (pour les petits trajets), le covoiturage…;Transport;BLEUS;Bleus maternelles ;girafe;04/03/2025;1;0.38;0;0.67;0;0;
W04;Fermer ses volets quand il fait froid et nuit;Electricité;BLEUS;Bleus maternelles ;girafe;04/03/2025;1;0.006501;16.5;0;0;0;
D06;Réduire son temps devant les écrans (Télé, ordinateurs, tablette, jeux vidéos...);Electricité;BLEUS;Bleus maternelles ;girafe;04/03/2025;1;0.017374;0;0.183462;0;0;
E04;Eteindre les appareils électriques lorsqu'on ne s'en sert pas (Télé, ordinateur...);Electricité;BLEUS;Bleus maternelles ;girafe;04/03/2025;1;0.15988;0;1;0;0;
C01;Eteindre les lumières quand on quitte une pièce ou si il fait jour dehors;Electricité;BLEUS;Bleus maternelles ;girafe;04/03/2025;1;13.7935;0;0;0;0;
E03;Acheter des produits recyclables et utiliser les bacs de tri;Déchets;BLEUS;Bleus maternelles ;escargot;26/01/2025;1;0.15988;0;0;0;0;
D05;Récupérer l'eau de pluie pour arroser;Eau;BLEUS;Bleus maternelles ;taureau;26/01/2025;1;0.000239;0;0.134615;35;0;
D05;Récupérer l'eau de pluie pour arroser;Eau;BLEUS;Bleus maternelles ;girafe;04/03/2025;1;0.000239;0;0.134615;35;0;
D10;Couper l’eau quand on se savonne les mains;Eau;BLEUS;Bleus maternelles ;girafe;04/03/2025;1;0.54243;0;0.21;12.6;0;
W02;Ne pas gaspiller l'eau de son verre;Eau;BLEUS;Bleus maternelles ;girafe;04/03/2025;1;0.05;28;0;35;0;
D09;Eviter de prendre des bains (préférer la douche rapide);Eau;BLEUS;Bleus maternelles ;girafe;04/03/2025;1;0.0623;0;1.75;357;0;
E08;Fermer le robinet quand on se brosse les dents;Eau;BLEUS;Bleus maternelles ;girafe;04/03/2025;1;0.000173;0;0;28;0;
T06;Ne pas tuer les petites bêtes et les remettre dehors (c'est la nourriture de oiseaux);Biodiversité;BLEUS;Bleus maternelles ;girafe;04/03/2025;1;1.518;0;0;0;0;
T04;Acheter des produits avec moins d'emballages (éviter emballages individuels);Courses;BLEUS;Bleus maternelles ;girafe;04/03/2025;1;0.506;0;0;0;34.86;
D06;Acheter d’occasion plutôt que neuf;Courses;BLEUS;Bleus maternelles ;girafe;04/03/2025;1;0.017374;0;0.183462;0;0.134615385;
W03;Préférer les produits réutilisables plutôt que jetables;Courses;BLEUS;Bleus maternelles ;girafe;04/03/2025;1;0.004964;12.6;0;0;0;
E01;Acheter juste ce dont on a besoin;Courses;BLEUS;Bleus maternelles ;girafe;04/03/2025;1;0.027408;0;0;0;0.134615385;
E08;Acheter des fruits ou légumes de saison;Courses;BLEUS;Bleus maternelles ;girafe;04/03/2025;1;0.000173;0;0;0;0;
E03;Acheter des produits recyclables et utiliser les bacs de tri;Déchets;BLEUS;Bleus maternelles ;girafe;04/03/2025;1;0.15988;0;0;0;0;
E08;Ramasser les papiers et les déchets par terre pour les mettre à la poubelle;Déchets;BLEUS;Bleus maternelles ;girafe;04/03/2025;1;0.000173;0;0;0;0.1;
D02;Tout manger ce qu'il y a dans nos assiettes (cantine, maison);Déchets;BLEUS;Bleus maternelles ;girafe;04/03/2025;1;2.453511;0;1.390385;0;1.390384615;
T04;Acheter des produits avec moins d'emballages (éviter emballages individuels);Courses;BLEUS;Bleus maternelles ;taureau;03/02/2025;1;0.506;0;0;0;34.86;
W03;Préférer les produits réutilisables plutôt que jetables;Courses;BLEUS;Bleus maternelles ;taureau;03/02/2025;1;0.004964;12.6;0;0;0;
W04;Fermer ses volets quand il fait froid et nuit;Electricité;BLEUS;Bleus maternelles ;poule;05/02/2025;1;0.006501;16.5;0;0;0;
D06;Réduire son temps devant les écrans (Télé, ordinateurs, tablette, jeux vidéos...);Electricité;BLEUS;Bleus maternelles ;poule;05/02/2025;1;0.017374;0;0.183462;0;0;
E04;Eteindre les appareils électriques lorsqu'on ne s'en sert pas (Télé, ordinateur...);Electricité;BLEUS;Bleus maternelles ;poule;05/02/2025;1;0.15988;0;1;0;0;
C01;Eteindre les lumières quand on quitte une pièce ou si il fait jour dehors;Electricité;BLEUS;Bleus maternelles ;poule;05/02/2025;1;13.7935;0;0;0;0;
D10;Couper l’eau quand on se savonne les mains;Eau;BLEUS;Bleus maternelles ;poule;05/02/2025;1;0.54243;0;0.21;12.6;0;
W02;Ne pas gaspiller l'eau de son verre;Eau;BLEUS;Bleus maternelles ;poule;05/02/2025;1;0.05;28;0;35;0;
E08;Fermer le robinet quand on se brosse les dents;Eau;BLEUS;Bleus maternelles ;poule;05/02/2025;1;0.000173;0;0;28;0;
T06;Ne pas tuer les petites bêtes et les remettre dehors (c'est la nourriture de oiseaux);Biodiversité;BLEUS;Bleus maternelles ;poule;05/02/2025;1;1.518;0;0;0;0;
C01;Eteindre les lumières quand on quitte une pièce ou si il fait jour dehors;Electricité;BLEUS;Bleus maternelles ;vache;01/02/2025;1;13.7935;0;0;0;0;
D09;Eviter de prendre des bains (préférer la douche rapide);Eau;BLEUS;Bleus maternelles ;vache;01/02/2025;1;0.0623;0;1.75;357;0;
T06;Ne pas tuer les petites bêtes et les remettre dehors (c'est la nourriture de oiseaux);Biodiversité;BLEUS;Bleus maternelles ;vache;01/02/2025;1;1.518;0;0;0;0;
E08;Acheter des fruits ou légumes de saison;Courses;BLEUS;Bleus maternelles ;vache;01/02/2025;1;0.000173;0;0;0;0;
E04;Eteindre les appareils électriques lorsqu'on ne s'en sert pas (Télé, ordinateur...);Electricité;BLEUS;Bleus maternelles ;taureau;01/02/2025;1;0.15988;0;1;0;0;
D09;Eviter de prendre des bains (préférer la douche rapide);Eau;BLEUS;Bleus maternelles ;taureau;01/02/2025;1;0.0623;0;1.75;357;0;
D02;Tout manger ce qu'il y a dans nos assiettes (cantine, maison);Déchets;BLEUS;Bleus maternelles ;taureau;06/02/2025;1;2.453511;0;1.390385;0;1.390384615;
E03;Acheter des produits recyclables et utiliser les bacs de tri;Déchets;BLEUS;Bleus maternelles ;taureau;01/02/2025;1;0.15988;0;0;0;0;
T06;Ne pas tuer les petites bêtes et les remettre dehors (c'est la nourriture de oiseaux);Biodiversité;BLEUS;Bleus maternelles ;taureau;03/02/2025;1;1.518;0;0;0;0;
D06;Acheter d’occasion plutôt que neuf;Courses;BLEUS;Bleus maternelles ;taureau;03/02/2025;1;0.017374;0;0.183462;0;0.134615385;
W04;Fermer ses volets quand il fait froid et nuit;Electricité;BLEUS;Bleus maternelles ;taureau;03/04/2025;1;0.006501;16.5;0;0;0;
E04;Eteindre les appareils électriques lorsqu'on ne s'en sert pas (Télé, ordinateur...);Electricité;BLEUS;Bleus maternelles ;taureau;03/04/2025;1;0.15988;0;1;0;0;
D05;Récupérer l'eau de pluie pour arroser;Eau;BLEUS;Bleus maternelles ;taureau;03/04/2025;1;0.000239;0;0.134615;35;0;
W02;Ne pas gaspiller l'eau de son verre;Eau;BLEUS;Bleus maternelles ;taureau;03/04/2025;1;0.05;28;0;35;0;
E08;Fermer le robinet quand on se brosse les dents;Eau;BLEUS;Bleus maternelles ;taureau;03/04/2025;1;0.000173;0;0;28;0;
W04;Fermer ses volets quand il fait froid et nuit;Electricité;BLEUS;Bleus maternelles ;taureau;05/04/2025;1;0.006501;16.5;0;0;0;
T06;Ne pas tuer les petites bêtes et les remettre dehors (c'est la nourriture de oiseaux);Biodiversité;BLEUS;Bleus maternelles ;taureau;05/04/2025;1;1.518;0;0;0;0;
D06;Acheter d’occasion plutôt que neuf;Courses;BLEUS;Bleus maternelles ;taureau;05/04/2025;1;0.017374;0;0.183462;0;0.134615385;
E01;Acheter juste ce dont on a besoin;Courses;BLEUS;Bleus maternelles ;taureau;05/04/2025;1;0.027408;0;0;0;0.134615385;
E03;Acheter des produits recyclables et utiliser les bacs de tri;Déchets;BLEUS;Bleus maternelles ;taureau;05/04/2025;1;0.15988;0;0;0;0;
D02;Tout manger ce qu'il y a dans nos assiettes (cantine, maison);Déchets;BLEUS;Bleus maternelles ;taureau;05/04/2025;1;2.453511;0;1.390385;0;1.390384615;
D11;Ne pas prendre sa voiture si c'est possble : préférer la marche et le vélo (pour les petits trajets), le covoiturage…;Transport;BLEUS;Bleus maternelles ;taureau;05/04/2025;1;0.38;0;0.67;0;0;
D05;Récupérer l'eau de pluie pour arroser;Eau;BLEUS;Bleus maternelles ;taureau;05/04/2025;1;0.000239;0;0.134615;35;0;
T04;Acheter des produits avec moins d'emballages (éviter emballages individuels);Courses;BLEUS;Bleus maternelles ;taureau;05/04/2025;1;0.506;0;0;0;34.86;
W03;Préférer les produits réutilisables plutôt que jetables;Courses;BLEUS;Bleus maternelles ;taureau;05/04/2025;1;0.004964;12.6;0;0;0;
E08;Acheter des fruits ou légumes de saison;Courses;BLEUS;Bleus maternelles ;taureau;05/04/2025;1;0.000173;0;0;0;0;
E08;Ramasser les papiers et les déchets par terre pour les mettre à la poubelle;Déchets;BLEUS;Bleus maternelles ;taureau;05/04/2025;1;0.000173;0;0;0;0.1;
D11;Ne pas prendre sa voiture si c'est possble : préférer la marche et le vélo (pour les petits trajets), le covoiturage…;Transport;BLEUS;Bleus maternelles ;baleine;15/02/2025;1;0.38;0;0.67;0;0;
W04;Fermer ses volets quand il fait froid et nuit;Electricité;BLEUS;Bleus maternelles ;baleine;15/02/2025;1;0.006501;16.5;0;0;0;
D06;Réduire son temps devant les écrans (Télé, ordinateurs, tablette, jeux vidéos...);Electricité;BLEUS;Bleus maternelles ;baleine;15/02/2025;1;0.017374;0;0.183462;0;0;
E04;Eteindre les appareils électriques lorsqu'on ne s'en sert pas (Télé, ordinateur...);Electricité;BLEUS;Bleus maternelles ;baleine;15/02/2025;1;0.15988;0;1;0;0;
D10;Couper l’eau quand on se savonne les mains;Eau;BLEUS;Bleus maternelles ;baleine;15/02/2025;1;0.54243;0;0.21;12.6;0;
D09;Eviter de prendre des bains (préférer la douche rapide);Eau;BLEUS;Bleus maternelles ;baleine;15/02/2025;1;0.0623;0;1.75;357;0;
T06;Ne pas tuer les petites bêtes et les remettre dehors (c'est la nourriture de oiseaux);Biodiversité;BLEUS;Bleus maternelles ;baleine;15/02/2025;1;1.518;0;0;0;0;
E08;Acheter des fruits ou légumes de saison;Courses;BLEUS;Bleus maternelles ;baleine;15/02/2025;1;0.000173;0;0;0;0;
W03;Préférer les produits réutilisables plutôt que jetables;Courses;BLEUS;Bleus maternelles ;baleine;15/02/2025;1;0.004964;12.6;0;0;0;
E08;Ramasser les papiers et les déchets par terre pour les mettre à la poubelle;Déchets;BLEUS;Bleus maternelles ;baleine;15/02/2025;1;0.000173;0;0;0;0.1;
D06;Réduire son temps devant les écrans (Télé, ordinateurs, tablette, jeux vidéos...);Electricité;BLEUS;Bleus maternelles ;girafe;16/02/2025;1;0.017374;0;0.183462;0;0;
C01;Eteindre les lumières quand on quitte une pièce ou si il fait jour dehors;Electricité;BLEUS;Bleus maternelles ;girafe;16/02/2025;1;13.7935;0;0;0;0;
D10;Couper l’eau quand on se savonne les mains;Eau;BLEUS;Bleus maternelles ;girafe;16/02/2025;1;0.54243;0;0.21;12.6;0;
E08;Fermer le robinet quand on se brosse les dents;Eau;BLEUS;Bleus maternelles ;girafe;16/02/2025;1;0.000173;0;0;28;0;
T06;Ne pas tuer les petites bêtes et les remettre dehors (c'est la nourriture de oiseaux);Biodiversité;BLEUS;Bleus maternelles ;girafe;16/02/2025;1;1.518;0;0;0;0;
D06;Acheter d’occasion plutôt que neuf;Courses;BLEUS;Bleus maternelles ;girafe;16/02/2025;1;0.017374;0;0.183462;0;0.134615385;
E01;Acheter juste ce dont on a besoin;Courses;BLEUS;Bleus maternelles ;girafe;16/02/2025;1;0.027408;0;0;0;0.134615385;
E03;Acheter des produits recyclables et utiliser les bacs de tri;Déchets;BLEUS;Bleus maternelles ;girafe;16/02/2025;1;0.15988;0;0;0;0;
D02;Tout manger ce qu'il y a dans nos assiettes (cantine, maison);Déchets;BLEUS;Bleus maternelles ;girafe;16/02/2025;1;2.453511;0;1.390385;0;1.390384615;
D11;Ne pas prendre sa voiture si c'est possble : préférer la marche et le vélo (pour les petits trajets), le covoiturage…;Transport;BLEUS;Bleus maternelles ;girafe;16/02/2025;1;0.38;0;0.67;0;0;
D06;Réduire son temps devant les écrans (Télé, ordinateurs, tablette, jeux vidéos...);Electricité;BLEUS;Bleus maternelles ;rhinoceros;16/02/2025;1;0.017374;0;0.183462;0;0;
C01;Eteindre les lumières quand on quitte une pièce ou si il fait jour dehors;Electricité;BLEUS;Bleus maternelles ;rhinoceros;16/02/2025;1;13.7935;0;0;0;0;
D10;Couper l’eau quand on se savonne les mains;Eau;BLEUS;Bleus maternelles ;rhinoceros;16/02/2025;1;0.54243;0;0.21;12.6;0;
D09;Eviter de prendre des bains (préférer la douche rapide);Eau;BLEUS;Bleus maternelles ;rhinoceros;16/02/2025;1;0.0623;0;1.75;357;0;
T06;Ne pas tuer les petites bêtes et les remettre dehors (c'est la nourriture de oiseaux);Biodiversité;BLEUS;Bleus maternelles ;rhinoceros;16/02/2025;1;1.518;0;0;0;0;
W03;Préférer les produits réutilisables plutôt que jetables;Courses;BLEUS;Bleus maternelles ;rhinoceros;16/02/2025;1;0.004964;12.6;0;0;0;
E08;Acheter des fruits ou légumes de saison;Courses;BLEUS;Bleus maternelles ;rhinoceros;16/02/2025;1;0.000173;0;0;0;0;
E08;Ramasser les papiers et les déchets par terre pour les mettre à la poubelle;Déchets;BLEUS;Bleus maternelles ;rhinoceros;16/02/2025;1;0.000173;0;0;0;0.1;
W04;Fermer ses volets quand il fait froid et nuit;Electricité;BLEUS;Bleus maternelles ;taureau;14/03/2025;1;0.006501;16.5;0;0;0;
E04;Eteindre les appareils électriques lorsqu'on ne s'en sert pas (Télé, ordinateur...);Electricité;BLEUS;Bleus maternelles ;taureau;14/03/2025;1;0.15988;0;1;0;0;
D05;Récupérer l'eau de pluie pour arroser;Eau;BLEUS;Bleus maternelles ;taureau;14/03/2025;1;0.000239;0;0.134615;35;0;
W02;Ne pas gaspiller l'eau de son verre;Eau;BLEUS;Bleus maternelles ;taureau;14/03/2025;1;0.05;28;0;35;0;
E08;Fermer le robinet quand on se brosse les dents;Eau;BLEUS;Bleus maternelles ;taureau;14/03/2025;1;0.000173;0;0;28;0;
T04;Acheter des produits avec moins d'emballages (éviter emballages individuels);Courses;BLEUS;Bleus maternelles ;taureau;14/03/2025;1;0.506;0;0;0;34.86;
W03;Préférer les produits réutilisables plutôt que jetables;Courses;BLEUS;Bleus maternelles ;taureau;14/03/2025;1;0.004964;12.6;0;0;0;
E08;Acheter des fruits ou légumes de saison;Courses;BLEUS;Bleus maternelles ;taureau;14/03/2025;1;0.000173;0;0;0;0;
E08;Ramasser les papiers et les déchets par terre pour les mettre à la poubelle;Déchets;BLEUS;Bleus maternelles ;taureau;14/03/2025;1;0.000173;0;0;0;0.1;
C01;Eteindre les lumières quand on quitte une pièce ou si il fait jour dehors;Electricité;BLEUS;Bleus maternelles ;baleine;15/02/2025;1;13.7935;0;0;0;0;
W02;Ne pas gaspiller l'eau de son verre;Eau;BLEUS;Bleus maternelles ;baleine;15/02/2025;1;0.05;28;0;35;0;
E08;Fermer le robinet quand on se brosse les dents;Eau;BLEUS;Bleus maternelles ;baleine;15/02/2025;1;0.000173;0;0;28;0;
T04;Acheter des produits avec moins d'emballages (éviter emballages individuels);Courses;BLEUS;Bleus maternelles ;baleine;15/02/2025;1;0.506;0;0;0;34.86;
E01;Acheter juste ce dont on a besoin;Courses;BLEUS;Bleus maternelles ;baleine;15/02/2025;1;0.027408;0;0;0;0.134615385;
E03;Acheter des produits recyclables et utiliser les bacs de tri;Déchets;BLEUS;Bleus maternelles ;baleine;15/02/2025;1;0.15988;0;0;0;0;
D02;Tout manger ce qu'il y a dans nos assiettes (cantine, maison);Déchets;BLEUS;Bleus maternelles ;baleine;15/02/2025;1;2.453511;0;1.390385;0;1.390384615;
W04;Fermer ses volets quand il fait froid et nuit;Electricité;BLEUS;Bleus maternelles ;girafe;16/02/2025;1;0.006501;16.5;0;0;0;
E04;Eteindre les appareils électriques lorsqu'on ne s'en sert pas (Télé, ordinateur...);Electricité;BLEUS;Bleus maternelles ;girafe;16/02/2025;1;0.15988;0;1;0;0;
D05;Récupérer l'eau de pluie pour arroser;Eau;BLEUS;Bleus maternelles ;girafe;16/02/2025;1;0.000239;0;0.134615;35;0;
W02;Ne pas gaspiller l'eau de son verre;Eau;BLEUS;Bleus maternelles ;girafe;16/02/2025;1;0.05;28;0;35;0;
D09;Eviter de prendre des bains (préférer la douche rapide);Eau;BLEUS;Bleus maternelles ;girafe;16/02/2025;1;0.0623;0;1.75;357;0;
T04;Acheter des produits avec moins d'emballages (éviter emballages individuels);Courses;BLEUS;Bleus maternelles ;girafe;16/02/2025;1;0.506;0;0;0;34.86;
W03;Préférer les produits réutilisables plutôt que jetables;Courses;BLEUS;Bleus maternelles ;girafe;16/02/2025;1;0.004964;12.6;0;0;0;
E08;Acheter des fruits ou légumes de saison;Courses;BLEUS;Bleus maternelles ;girafe;16/02/2025;1;0.000173;0;0;0;0;
E08;Ramasser les papiers et les déchets par terre pour les mettre à la poubelle;Déchets;BLEUS;Bleus maternelles ;girafe;16/02/2025;1;0.000173;0;0;0;0.1;
W04;Fermer ses volets quand il fait froid et nuit;Electricité;BLEUS;Bleus maternelles ;rhinoceros;16/02/2025;1;0.006501;16.5;0;0;0;
E04;Eteindre les appareils électriques lorsqu'on ne s'en sert pas (Télé, ordinateur...);Electricité;BLEUS;Bleus maternelles ;rhinoceros;16/02/2025;1;0.15988;0;1;0;0;
D05;Récupérer l'eau de pluie pour arroser;Eau;BLEUS;Bleus maternelles ;rhinoceros;16/02/2025;1;0.000239;0;0.134615;35;0;
W02;Ne pas gaspiller l'eau de son verre;Eau;BLEUS;Bleus maternelles ;rhinoceros;16/02/2025;1;0.05;28;0;35;0;
E08;Fermer le robinet quand on se brosse les dents;Eau;BLEUS;Bleus maternelles ;rhinoceros;16/02/2025;1;0.000173;0;0;28;0;
D06;Acheter d’occasion plutôt que neuf;Courses;BLEUS;Bleus maternelles ;rhinoceros;16/02/2025;1;0.017374;0;0.183462;0;0.134615385;
E01;Acheter juste ce dont on a besoin;Courses;BLEUS;Bleus maternelles ;rhinoceros;16/02/2025;1;0.027408;0;0;0;0.134615385;
E03;Acheter des produits recyclables et utiliser les bacs de tri;Déchets;BLEUS;Bleus maternelles ;rhinoceros;16/02/2025;1;0.15988;0;0;0;0;
D02;Tout manger ce qu'il y a dans nos assiettes (cantine, maison);Déchets;BLEUS;Bleus maternelles ;rhinoceros;16/02/2025;1;2.453511;0;1.390385;0;1.390384615;
D11;Ne pas prendre sa voiture si c'est possble : préférer la marche et le vélo (pour les petits trajets), le covoiturage…;Transport;BLEUS;Bleus maternelles ;taureau;17/02/2025;1;0.38;0;0.67;0;0;
W04;Fermer ses volets quand il fait froid et nuit;Electricité;BLEUS;Bleus maternelles ;taureau;17/02/2025;1;0.006501;16.5;0;0;0;
D06;Réduire son temps devant les écrans (Télé, ordinateurs, tablette, jeux vidéos...);Electricité;BLEUS;Bleus maternelles ;taureau;17/02/2025;1;0.017374;0;0.183462;0;0;
E04;Eteindre les appareils électriques lorsqu'on ne s'en sert pas (Télé, ordinateur...);Electricité;BLEUS;Bleus maternelles ;taureau;17/02/2025;1;0.15988;0;1;0;0;
C01;Eteindre les lumières quand on quitte une pièce ou si il fait jour dehors;Electricité;BLEUS;Bleus maternelles ;taureau;17/02/2025;1;13.7935;0;0;0;0;
D05;Récupérer l'eau de pluie pour arroser;Eau;BLEUS;Bleus maternelles ;taureau;17/02/2025;1;0.000239;0;0.134615;35;0;
D10;Couper l’eau quand on se savonne les mains;Eau;BLEUS;Bleus maternelles ;taureau;17/02/2025;1;0.54243;0;0.21;12.6;0;
W02;Ne pas gaspiller l'eau de son verre;Eau;BLEUS;Bleus maternelles ;taureau;17/02/2025;1;0.05;28;0;35;0;
D09;Eviter de prendre des bains (préférer la douche rapide);Eau;BLEUS;Bleus maternelles ;taureau;17/02/2025;1;0.0623;0;1.75;357;0;
E08;Fermer le robinet quand on se brosse les dents;Eau;BLEUS;Bleus maternelles ;taureau;17/02/2025;1;0.000173;0;0;28;0;
T06;Ne pas tuer les petites bêtes et les remettre dehors (c'est la nourriture de oiseaux);Biodiversité;BLEUS;Bleus maternelles ;taureau;17/02/2025;1;1.518;0;0;0;0;
T04;Acheter des produits avec moins d'emballages (éviter emballages individuels);Courses;BLEUS;Bleus maternelles ;taureau;17/02/2025;1;0.506;0;0;0;34.86;
D06;Acheter d’occasion plutôt que neuf;Courses;BLEUS;Bleus maternelles ;taureau;17/02/2025;1;0.017374;0;0.183462;0;0.134615385;
W03;Préférer les produits réutilisables plutôt que jetables;Courses;BLEUS;Bleus maternelles ;taureau;17/02/2025;1;0.004964;12.6;0;0;0;
E01;Acheter juste ce dont on a besoin;Courses;BLEUS;Bleus maternelles ;taureau;17/02/2025;1;0.027408;0;0;0;0.134615385;
E08;Acheter des fruits ou légumes de saison;Courses;BLEUS;Bleus maternelles ;taureau;17/02/2025;1;0.000173;0;0;0;0;
E03;Acheter des produits recyclables et utiliser les bacs de tri;Déchets;BLEUS;Bleus maternelles ;taureau;17/02/2025;1;0.15988;0;0;0;0;
E08;Ramasser les papiers et les déchets par terre pour les mettre à la poubelle;Déchets;BLEUS;Bleus maternelles ;taureau;17/02/2025;1;0.000173;0;0;0;0.1;
D02;Tout manger ce qu'il y a dans nos assiettes (cantine, maison);Déchets;BLEUS;Bleus maternelles ;taureau;17/02/2025;1;2.453511;0;1.390385;0;1.390384615;
D11;Ne pas prendre sa voiture si c'est possble : préférer la marche et le vélo (pour les petits trajets), le covoiturage…;Transport;BLEUS;Bleus maternelles ;escargot;17/02/2025;1;0.38;0;0.67;0;0;
W04;Fermer ses volets quand il fait froid et nuit;Electricité;BLEUS;Bleus maternelles ;escargot;17/02/2025;1;0.006501;16.5;0;0;0;
D06;Réduire son temps devant les écrans (Télé, ordinateurs, tablette, jeux vidéos...);Electricité;BLEUS;Bleus maternelles ;escargot;17/02/2025;1;0.017374;0;0.183462;0;0;
E04;Eteindre les appareils électriques lorsqu'on ne s'en sert pas (Télé, ordinateur...);Electricité;BLEUS;Bleus maternelles ;escargot;17/02/2025;1;0.15988;0;1;0;0;
C01;Eteindre les lumières quand on quitte une pièce ou si il fait jour dehors;Electricité;BLEUS;Bleus maternelles ;escargot;17/02/2025;1;13.7935;0;0;0;0;
D10;Couper l’eau quand on se savonne les mains;Eau;BLEUS;Bleus maternelles ;escargot;17/02/2025;1;0.54243;0;0.21;12.6;0;
W02;Ne pas gaspiller l'eau de son verre;Eau;BLEUS;Bleus maternelles ;escargot;17/02/2025;1;0.05;28;0;35;0;
D09;Eviter de prendre des bains (préférer la douche rapide);Eau;BLEUS;Bleus maternelles ;escargot;17/02/2025;1;0.0623;0;1.75;357;0;
E08;Fermer le robinet quand on se brosse les dents;Eau;BLEUS;Bleus maternelles ;escargot;17/02/2025;1;0.000173;0;0;28;0;
T06;Ne pas tuer les petites bêtes et les remettre dehors (c'est la nourriture de oiseaux);Biodiversité;BLEUS;Bleus maternelles ;escargot;17/02/2025;1;1.518;0;0;0;0;
E03;Acheter des produits recyclables et utiliser les bacs de tri;Déchets;BLEUS;Bleus maternelles ;escargot;17/02/2025;1;0.15988;0;0;0;0;
D06;Acheter d’occasion plutôt que neuf;Courses;BLEUS;Bleus maternelles ;escargot;17/02/2025;1;0.017374;0;0.183462;0;0.134615385;
W03;Préférer les produits réutilisables plutôt que jetables;Courses;BLEUS;Bleus maternelles ;escargot;17/02/2025;1;0.004964;12.6;0;0;0;
E01;Acheter juste ce dont on a besoin;Courses;BLEUS;Bleus maternelles ;escargot;17/02/2025;1;0.027408;0;0;0;0.134615385;
E08;Acheter des fruits ou légumes de saison;Courses;BLEUS;Bleus maternelles ;escargot;17/02/2025;1;0.000173;0;0;0;0;
T04;Acheter des produits avec moins d'emballages (éviter emballages individuels);Courses;BLEUS;Bleus maternelles ;escargot;17/02/2025;1;0.506;0;0;0;34.86;
D11;Ne pas prendre sa voiture si c'est possble : préférer la marche et le vélo (pour les petits trajets), le covoiturage…;Transport;BLEUS;Bleus maternelles ;taureau;14/03/2025;1;0.38;0;0.67;0;0;
D06;Réduire son temps devant les écrans (Télé, ordinateurs, tablette, jeux vidéos...);Electricité;BLEUS;Bleus maternelles ;taureau;14/03/2025;1;0.017374;0;0.183462;0;0;
C01;Eteindre les lumières quand on quitte une pièce ou si il fait jour dehors;Electricité;BLEUS;Bleus maternelles ;taureau;14/03/2025;1;13.7935;0;0;0;0;
D10;Couper l’eau quand on se savonne les mains;Eau;BLEUS;Bleus maternelles ;taureau;14/03/2025;1;0.54243;0;0.21;12.6;0;
D09;Eviter de prendre des bains (préférer la douche rapide);Eau;BLEUS;Bleus maternelles ;taureau;14/03/2025;1;0.0623;0;1.75;357;0;
T06;Ne pas tuer les petites bêtes et les remettre dehors (c'est la nourriture de oiseaux);Biodiversité;BLEUS;Bleus maternelles ;taureau;14/03/2025;1;1.518;0;0;0;0;
D06;Acheter d’occasion plutôt que neuf;Courses;BLEUS;Bleus maternelles ;taureau;14/03/2025;1;0.017374;0;0.183462;0;0.134615385;
E01;Acheter juste ce dont on a besoin;Courses;BLEUS;Bleus maternelles ;taureau;14/03/2025;1;0.027408;0;0;0;0.134615385;
E03;Acheter des produits recyclables et utiliser les bacs de tri;Déchets;BLEUS;Bleus maternelles ;taureau;14/03/2025;1;0.15988;0;0;0;0;
D02;Tout manger ce qu'il y a dans nos assiettes (cantine, maison);Déchets;BLEUS;Bleus maternelles ;taureau;14/03/2025;1;2.453511;0;1.390385;0;1.390384615;
T06;Ne pas tuer les petites bêtes et les remettre dehors (c'est la nourriture de oiseaux);Biodiversité;BLEUS;Bleus maternelles ;taureau;03/04/2025;1;1.518;0;0;0;0;
D06;Acheter d’occasion plutôt que neuf;Courses;BLEUS;Bleus maternelles ;taureau;03/04/2025;1;0.017374;0;0.183462;0;0.134615385;
E01;Acheter juste ce dont on a besoin;Courses;BLEUS;Bleus maternelles ;taureau;03/04/2025;1;0.027408;0;0;0;0.134615385;
E03;Acheter des produits recyclables et utiliser les bacs de tri;Déchets;BLEUS;Bleus maternelles ;taureau;03/04/2025;1;0.15988;0;0;0;0;
D02;Tout manger ce qu'il y a dans nos assiettes (cantine, maison);Déchets;BLEUS;Bleus maternelles ;taureau;03/04/2025;1;2.453511;0;1.390385;0;1.390384615;
D11;Ne pas prendre sa voiture si c'est possble : préférer la marche et le vélo (pour les petits trajets), le covoiturage…;Transport;BLEUS;Bleus maternelles ;taureau;26/04/2025;1;0.38;0;0.67;0;0;
D06;Réduire son temps devant les écrans (Télé, ordinateurs, tablette, jeux vidéos...);Electricité;BLEUS;Bleus maternelles ;taureau;26/04/2025;1;0.017374;0;0.183462;0;0;
C01;Eteindre les lumières quand on quitte une pièce ou si il fait jour dehors;Electricité;BLEUS;Bleus maternelles ;taureau;26/04/2025;1;13.7935;0;0;0;0;
D10;Couper l’eau quand on se savonne les mains;Eau;BLEUS;Bleus maternelles ;taureau;26/04/2025;1;0.54243;0;0.21;12.6;0;
D09;Eviter de prendre des bains (préférer la douche rapide);Eau;BLEUS;Bleus maternelles ;taureau;26/04/2025;1;0.0623;0;1.75;357;0;
T06;Ne pas tuer les petites bêtes et les remettre dehors (c'est la nourriture de oiseaux);Biodiversité;BLEUS;Bleus maternelles ;taureau;26/04/2025;1;1.518;0;0;0;0;
D06;Acheter d’occasion plutôt que neuf;Courses;BLEUS;Bleus maternelles ;taureau;26/04/2025;1;0.017374;0;0.183462;0;0.134615385;
E01;Acheter juste ce dont on a besoin;Courses;BLEUS;Bleus maternelles ;taureau;26/04/2025;1;0.027408;0;0;0;0.134615385;
E03;Acheter des produits recyclables et utiliser les bacs de tri;Déchets;BLEUS;Bleus maternelles ;taureau;26/04/2025;1;0.15988;0;0;0;0;
D02;Tout manger ce qu'il y a dans nos assiettes (cantine, maison);Déchets;BLEUS;Bleus maternelles ;taureau;26/04/2025;1;2.453511;0;1.390385;0;1.390384615;
W04;Fermer ses volets quand il fait froid et nuit;Electricité;BLEUS;Bleus maternelles ;taureau;08/02/2025;1;0.006501;16.5;0;0;0;
E04;Eteindre les appareils électriques lorsqu'on ne s'en sert pas (Télé, ordinateur...);Electricité;BLEUS;Bleus maternelles ;taureau;08/02/2025;1;0.15988;0;1;0;0;
D05;Récupérer l'eau de pluie pour arroser;Eau;BLEUS;Bleus maternelles ;taureau;08/02/2025;1;0.000239;0;0.134615;35;0;
W02;Ne pas gaspiller l'eau de son verre;Eau;BLEUS;Bleus maternelles ;taureau;08/02/2025;1;0.05;28;0;35;0;
E08;Fermer le robinet quand on se brosse les dents;Eau;BLEUS;Bleus maternelles ;taureau;08/02/2025;1;0.000173;0;0;28;0;
T04;Acheter des produits avec moins d'emballages (éviter emballages individuels);Courses;BLEUS;Bleus maternelles ;taureau;08/02/2025;1;0.506;0;0;0;34.86;
W03;Préférer les produits réutilisables plutôt que jetables;Courses;BLEUS;Bleus maternelles ;taureau;08/02/2025;1;0.004964;12.6;0;0;0;
E08;Acheter des fruits ou légumes de saison;Courses;BLEUS;Bleus maternelles ;taureau;08/02/2025;1;0.000173;0;0;0;0;
E08;Ramasser les papiers et les déchets par terre pour les mettre à la poubelle;Déchets;BLEUS;Bleus maternelles ;taureau;08/02/2025;1;0.000173;0;0;0;0.1;
D06;Réduire son temps devant les écrans (Télé, ordinateurs, tablette, jeux vidéos...);Electricité;BLEUS;Bleus maternelles ;sanglier;11/02/2025;1;0.017374;0;0.183462;0;0;
W02;Ne pas gaspiller l'eau de son verre;Eau;BLEUS;Bleus maternelles ;sanglier;11/02/2025;1;0.05;28;0;35;0;
E08;Fermer le robinet quand on se brosse les dents;Eau;BLEUS;Bleus maternelles ;sanglier;11/02/2025;1;0.000173;0;0;28;0;
T04;Acheter des produits avec moins d'emballages (éviter emballages individuels);Courses;BLEUS;Bleus maternelles ;sanglier;11/02/2025;1;0.506;0;0;0;34.86;
W03;Préférer les produits réutilisables plutôt que jetables;Courses;BLEUS;Bleus maternelles ;sanglier;11/02/2025;1;0.004964;12.6;0;0;0;
E08;Acheter des fruits ou légumes de saison;Courses;BLEUS;Bleus maternelles ;sanglier;11/02/2025;1;0.000173;0;0;0;0;
E08;Ramasser les papiers et les déchets par terre pour les mettre à la poubelle;Déchets;BLEUS;Bleus maternelles ;sanglier;11/02/2025;1;0.000173;0;0;0;0.1;
D11;Ne pas prendre sa voiture si c'est possble : préférer la marche et le vélo (pour les petits trajets), le covoiturage…;Transport;BLEUS;Bleus maternelles ;taureau;08/02/2025;1;0.38;0;0.67;0;0;
D06;Réduire son temps devant les écrans (Télé, ordinateurs, tablette, jeux vidéos...);Electricité;BLEUS;Bleus maternelles ;taureau;08/02/2025;1;0.017374;0;0.183462;0;0;
C01;Eteindre les lumières quand on quitte une pièce ou si il fait jour dehors;Electricité;BLEUS;Bleus maternelles ;taureau;08/02/2025;1;13.7935;0;0;0;0;
D10;Couper l’eau quand on se savonne les mains;Eau;BLEUS;Bleus maternelles ;taureau;08/02/2025;1;0.54243;0;0.21;12.6;0;
D09;Eviter de prendre des bains (préférer la douche rapide);Eau;BLEUS;Bleus maternelles ;taureau;08/02/2025;1;0.0623;0;1.75;357;0;
T06;Ne pas tuer les petites bêtes et les remettre dehors (c'est la nourriture de oiseaux);Biodiversité;BLEUS;Bleus maternelles ;taureau;08/02/2025;1;1.518;0;0;0;0;
D06;Acheter d’occasion plutôt que neuf;Courses;BLEUS;Bleus maternelles ;taureau;08/02/2025;1;0.017374;0;0.183462;0;0.134615385;
E01;Acheter juste ce dont on a besoin;Courses;BLEUS;Bleus maternelles ;taureau;08/02/2025;1;0.027408;0;0;0;0.134615385;
E03;Acheter des produits recyclables et utiliser les bacs de tri;Déchets;BLEUS;Bleus maternelles ;taureau;08/02/2025;1;0.15988;0;0;0;0;
D02;Tout manger ce qu'il y a dans nos assiettes (cantine, maison);Déchets;BLEUS;Bleus maternelles ;taureau;08/02/2025;1;2.453511;0;1.390385;0;1.390384615;
W04;Fermer ses volets quand il fait froid et nuit;Electricité;BLEUS;Bleus maternelles ;elephant;08/02/2025;1;0.006501;16.5;0;0;0;
E04;Eteindre les appareils électriques lorsqu'on ne s'en sert pas (Télé, ordinateur...);Electricité;BLEUS;Bleus maternelles ;elephant;08/02/2025;1;0.15988;0;1;0;0;
D06;Réduire son temps devant les écrans (Télé, ordinateurs, tablette, jeux vidéos...);Electricité;BLEUS;Bleus maternelles ;elephant;08/02/2025;1;0.017374;0;0.183462;0;0;
C01;Eteindre les lumières quand on quitte une pièce ou si il fait jour dehors;Electricité;BLEUS;Bleus maternelles ;elephant;08/02/2025;1;13.7935;0;0;0;0;
D02;Tout manger ce qu'il y a dans nos assiettes (cantine, maison);Déchets;BLEUS;Bleus maternelles ;elephant;08/02/2025;1;2.453511;0;1.390385;0;1.390384615;
D10;Couper l’eau quand on se savonne les mains;Eau;BLEUS;Bleus maternelles ;elephant;08/02/2025;1;0.54243;0;0.21;12.6;0;
E03;Acheter des produits recyclables et utiliser les bacs de tri;Déchets;BLEUS;Bleus maternelles ;elephant;08/02/2025;1;0.15988;0;0;0;0;
D11;Ne pas prendre sa voiture si c'est possble : préférer la marche et le vélo (pour les petits trajets), le covoiturage…;Transport;BLEUS;Bleus maternelles ;baleine;09/02/2025;1;0.38;0;0.67;0;0;
D06;Réduire son temps devant les écrans (Télé, ordinateurs, tablette, jeux vidéos...);Electricité;BLEUS;Bleus maternelles ;baleine;09/02/2025;1;0.017374;0;0.183462;0;0;
C01;Eteindre les lumières quand on quitte une pièce ou si il fait jour dehors;Electricité;BLEUS;Bleus maternelles ;baleine;09/02/2025;1;13.7935;0;0;0;0;
D09;Eviter de prendre des bains (préférer la douche rapide);Eau;BLEUS;Bleus maternelles ;baleine;09/02/2025;1;0.0623;0;1.75;357;0;
T06;Ne pas tuer les petites bêtes et les remettre dehors (c'est la nourriture de oiseaux);Biodiversité;BLEUS;Bleus maternelles ;baleine;09/02/2025;1;1.518;0;0;0;0;
W03;Préférer les produits réutilisables plutôt que jetables;Courses;BLEUS;Bleus maternelles ;baleine;09/02/2025;1;0.004964;12.6;0;0;0;
E08;Acheter des fruits ou légumes de saison;Courses;BLEUS;Bleus maternelles ;baleine;09/02/2025;1;0.000173;0;0;0;0;
E08;Ramasser les papiers et les déchets par terre pour les mettre à la poubelle;Déchets;BLEUS;Bleus maternelles ;baleine;09/02/2025;1;0.000173;0;0;0;0.1;
W04;Fermer ses volets quand il fait froid et nuit;Electricité;BLEUS;Bleus maternelles ;girafe;09/02/2025;1;0.006501;16.5;0;0;0;
E04;Eteindre les appareils électriques lorsqu'on ne s'en sert pas (Télé, ordinateur...);Electricité;BLEUS;Bleus maternelles ;girafe;09/02/2025;1;0.15988;0;1;0;0;
D05;Récupérer l'eau de pluie pour arroser;Eau;BLEUS;Bleus maternelles ;girafe;09/02/2025;1;0.000239;0;0.134615;35;0;
W02;Ne pas gaspiller l'eau de son verre;Eau;BLEUS;Bleus maternelles ;girafe;09/02/2025;1;0.05;28;0;35;0;
E08;Fermer le robinet quand on se brosse les dents;Eau;BLEUS;Bleus maternelles ;girafe;09/02/2025;1;0.000173;0;0;28;0;
T04;Acheter des produits avec moins d'emballages (éviter emballages individuels);Courses;BLEUS;Bleus maternelles ;girafe;09/02/2025;1;0.506;0;0;0;34.86;
W03;Préférer les produits réutilisables plutôt que jetables;Courses;BLEUS;Bleus maternelles ;girafe;09/02/2025;1;0.004964;12.6;0;0;0;
E08;Acheter des fruits ou légumes de saison;Courses;BLEUS;Bleus maternelles ;girafe;09/02/2025;1;0.000173;0;0;0;0;
E08;Ramasser les papiers et les déchets par terre pour les mettre à la poubelle;Déchets;BLEUS;Bleus maternelles ;girafe;09/02/2025;1;0.000173;0;0;0;0.1;
D11;Ne pas prendre sa voiture si c'est possble : préférer la marche et le vélo (pour les petits trajets), le covoiturage…;Transport;BLEUS;Bleus maternelles ;girafe;09/02/2025;1;0.38;0;0.67;0;0;
D06;Réduire son temps devant les écrans (Télé, ordinateurs, tablette, jeux vidéos...);Electricité;BLEUS;Bleus maternelles ;vache;10/02/2025;1;0.017374;0;0.183462;0;0;
C01;Eteindre les lumières quand on quitte une pièce ou si il fait jour dehors;Electricité;BLEUS;Bleus maternelles ;vache;10/02/2025;1;13.7935;0;0;0;0;
W02;Ne pas gaspiller l'eau de son verre;Eau;BLEUS;Bleus maternelles ;vache;10/02/2025;1;0.05;28;0;35;0;
E08;Fermer le robinet quand on se brosse les dents;Eau;BLEUS;Bleus maternelles ;vache;10/02/2025;1;0.000173;0;0;28;0;
D06;Acheter d’occasion plutôt que neuf;Courses;BLEUS;Bleus maternelles ;vache;10/02/2025;1;0.017374;0;0.183462;0;0.134615385;
E01;Acheter juste ce dont on a besoin;Courses;BLEUS;Bleus maternelles ;vache;10/02/2025;1;0.027408;0;0;0;0.134615385;
E08;Ramasser les papiers et les déchets par terre pour les mettre à la poubelle;Déchets;BLEUS;Bleus maternelles ;vache;10/02/2025;1;0.000173;0;0;0;0.1;
D11;Ne pas prendre sa voiture si c'est possble : préférer la marche et le vélo (pour les petits trajets), le covoiturage…;Transport;BLEUS;Bleus maternelles ;sanglier;11/02/2025;1;0.38;0;0.67;0;0;
W04;Fermer ses volets quand il fait froid et nuit;Electricité;BLEUS;Bleus maternelles ;baleine;09/02/2025;1;0.006501;16.5;0;0;0;
E04;Eteindre les appareils électriques lorsqu'on ne s'en sert pas (Télé, ordinateur...);Electricité;BLEUS;Bleus maternelles ;baleine;09/02/2025;1;0.15988;0;1;0;0;
D10;Couper l’eau quand on se savonne les mains;Eau;BLEUS;Bleus maternelles ;baleine;09/02/2025;1;0.54243;0;0.21;12.6;0;
E08;Fermer le robinet quand on se brosse les dents;Eau;BLEUS;Bleus maternelles ;baleine;09/02/2025;1;0.000173;0;0;28;0;
T04;Acheter des produits avec moins d'emballages (éviter emballages individuels);Courses;BLEUS;Bleus maternelles ;baleine;09/02/2025;1;0.506;0;0;0;34.86;
E01;Acheter juste ce dont on a besoin;Courses;BLEUS;Bleus maternelles ;baleine;09/02/2025;1;0.027408;0;0;0;0.134615385;
E03;Acheter des produits recyclables et utiliser les bacs de tri;Déchets;BLEUS;Bleus maternelles ;baleine;09/02/2025;1;0.15988;0;0;0;0;
D02;Tout manger ce qu'il y a dans nos assiettes (cantine, maison);Déchets;BLEUS;Bleus maternelles ;baleine;09/02/2025;1;2.453511;0;1.390385;0;1.390384615;
D06;Réduire son temps devant les écrans (Télé, ordinateurs, tablette, jeux vidéos...);Electricité;BLEUS;Bleus maternelles ;girafe;09/02/2025;1;0.017374;0;0.183462;0;0;
C01;Eteindre les lumières quand on quitte une pièce ou si il fait jour dehors;Electricité;BLEUS;Bleus maternelles ;girafe;09/02/2025;1;13.7935;0;0;0;0;
D10;Couper l’eau quand on se savonne les mains;Eau;BLEUS;Bleus maternelles ;girafe;09/02/2025;1;0.54243;0;0.21;12.6;0;
D09;Eviter de prendre des bains (préférer la douche rapide);Eau;BLEUS;Bleus maternelles ;girafe;09/02/2025;1;0.0623;0;1.75;357;0;
T06;Ne pas tuer les petites bêtes et les remettre dehors (c'est la nourriture de oiseaux);Biodiversité;BLEUS;Bleus maternelles ;girafe;09/02/2025;1;1.518;0;0;0;0;
D06;Acheter d’occasion plutôt que neuf;Courses;BLEUS;Bleus maternelles ;girafe;09/02/2025;1;0.017374;0;0.183462;0;0.134615385;
E01;Acheter juste ce dont on a besoin;Courses;BLEUS;Bleus maternelles ;girafe;09/02/2025;1;0.027408;0;0;0;0.134615385;
E03;Acheter des produits recyclables et utiliser les bacs de tri;Déchets;BLEUS;Bleus maternelles ;girafe;09/02/2025;1;0.15988;0;0;0;0;
D02;Tout manger ce qu'il y a dans nos assiettes (cantine, maison);Déchets;BLEUS;Bleus maternelles ;girafe;09/02/2025;1;2.453511;0;1.390385;0;1.390384615;
W04;Fermer ses volets quand il fait froid et nuit;Electricité;BLEUS;Bleus maternelles ;vache;10/02/2025;1;0.006501;16.5;0;0;0;
E04;Eteindre les appareils électriques lorsqu'on ne s'en sert pas (Télé, ordinateur...);Electricité;BLEUS;Bleus maternelles ;vache;10/02/2025;1;0.15988;0;1;0;0;
D10;Couper l’eau quand on se savonne les mains;Eau;BLEUS;Bleus maternelles ;vache;10/02/2025;1;0.54243;0;0.21;12.6;0;
D09;Eviter de prendre des bains (préférer la douche rapide);Eau;BLEUS;Bleus maternelles ;vache;10/02/2025;1;0.0623;0;1.75;357;0;
T06;Ne pas tuer les petites bêtes et les remettre dehors (c'est la nourriture de oiseaux);Biodiversité;BLEUS;Bleus maternelles ;vache;10/02/2025;1;1.518;0;0;0;0;
E03;Acheter des produits recyclables et utiliser les bacs de tri;Déchets;BLEUS;Bleus maternelles ;vache;10/02/2025;1;0.15988;0;0;0;0;
D02;Tout manger ce qu'il y a dans nos assiettes (cantine, maison);Déchets;BLEUS;Bleus maternelles ;vache;10/02/2025;1;2.453511;0;1.390385;0;1.390384615;
W04;Fermer ses volets quand il fait froid et nuit;Electricité;BLEUS;Bleus maternelles ;sanglier;11/02/2025;1;0.006501;16.5;0;0;0;
D10;Couper l’eau quand on se savonne les mains;Eau;BLEUS;Bleus maternelles ;sanglier;11/02/2025;1;0.54243;0;0.21;12.6;0;
D09;Eviter de prendre des bains (préférer la douche rapide);Eau;BLEUS;Bleus maternelles ;sanglier;11/02/2025;1;0.0623;0;1.75;357;0;
T06;Ne pas tuer les petites bêtes et les remettre dehors (c'est la nourriture de oiseaux);Biodiversité;BLEUS;Bleus maternelles ;sanglier;11/02/2025;1;1.518;0;0;0;0;
D06;Acheter d’occasion plutôt que neuf;Courses;BLEUS;Bleus maternelles ;sanglier;11/02/2025;1;0.017374;0;0.183462;0;0.134615385;
E01;Acheter juste ce dont on a besoin;Courses;BLEUS;Bleus maternelles ;sanglier;11/02/2025;1;0.027408;0;0;0;0.134615385;
E03;Acheter des produits recyclables et utiliser les bacs de tri;Déchets;BLEUS;Bleus maternelles ;sanglier;11/02/2025;1;0.15988;0;0;0;0;
W04;Fermer ses volets quand il fait froid et nuit;Electricité;BLEUS;Bleus maternelles ;girafe;23/02/2025;1;0.006501;16.5;0;0;0;
E04;Eteindre les appareils électriques lorsqu'on ne s'en sert pas (Télé, ordinateur...);Electricité;BLEUS;Bleus maternelles ;girafe;23/02/2025;1;0.15988;0;1;0;0;
D05;Récupérer l'eau de pluie pour arroser;Eau;BLEUS;Bleus maternelles ;girafe;23/02/2025;1;0.000239;0;0.134615;35;0;
W02;Ne pas gaspiller l'eau de son verre;Eau;BLEUS;Bleus maternelles ;girafe;23/02/2025;1;0.05;28;0;35;0;
E08;Fermer le robinet quand on se brosse les dents;Eau;BLEUS;Bleus maternelles ;girafe;23/02/2025;1;0.000173;0;0;28;0;
D10;Couper l’eau quand on se savonne les mains;Eau;BLEUS;Bleus maternelles ;taureau;24/02/2025;1;0.54243;0;0.21;12.6;0;
E08;Fermer le robinet quand on se brosse les dents;Eau;BLEUS;Bleus maternelles ;taureau;24/02/2025;1;0.000173;0;0;28;0;
W04;Fermer ses volets quand il fait froid et nuit;Electricité;BLEUS;Bleus maternelles ;taureau;24/02/2025;1;0.006501;16.5;0;0;0;
E04;Eteindre les appareils électriques lorsqu'on ne s'en sert pas (Télé, ordinateur...);Electricité;BLEUS;Bleus maternelles ;taureau;24/02/2025;1;0.15988;0;1;0;0;
T06;Ne pas tuer les petites bêtes et les remettre dehors (c'est la nourriture de oiseaux);Biodiversité;BLEUS;Bleus maternelles ;taureau;24/02/2025;1;1.518;0;0;0;0;
D11;Ne pas prendre sa voiture si c'est possble : préférer la marche et le vélo (pour les petits trajets), le covoiturage…;Transport;BLEUS;Bleus maternelles ;taureau;19/04/2025;1;0.38;0;0.67;0;0;
D06;Réduire son temps devant les écrans (Télé, ordinateurs, tablette, jeux vidéos...);Electricité;BLEUS;Bleus maternelles ;taureau;19/04/2025;1;0.017374;0;0.183462;0;0;
C01;Eteindre les lumières quand on quitte une pièce ou si il fait jour dehors;Electricité;BLEUS;Bleus maternelles ;taureau;19/04/2025;1;13.7935;0;0;0;0;
D10;Couper l’eau quand on se savonne les mains;Eau;BLEUS;Bleus maternelles ;taureau;19/04/2025;1;0.54243;0;0.21;12.6;0;
D09;Eviter de prendre des bains (préférer la douche rapide);Eau;BLEUS;Bleus maternelles ;taureau;19/04/2025;1;0.0623;0;1.75;357;0;
T06;Ne pas tuer les petites bêtes et les remettre dehors (c'est la nourriture de oiseaux);Biodiversité;BLEUS;Bleus maternelles ;taureau;19/04/2025;1;1.518;0;0;0;0;
D06;Acheter d’occasion plutôt que neuf;Courses;BLEUS;Bleus maternelles ;taureau;19/04/2025;1;0.017374;0;0.183462;0;0.134615385;
E01;Acheter juste ce dont on a besoin;Courses;BLEUS;Bleus maternelles ;taureau;19/04/2025;1;0.027408;0;0;0;0.134615385;
E03;Acheter des produits recyclables et utiliser les bacs de tri;Déchets;BLEUS;Bleus maternelles ;taureau;19/04/2025;1;0.15988;0;0;0;0;
D02;Tout manger ce qu'il y a dans nos assiettes (cantine, maison);Déchets;BLEUS;Bleus maternelles ;taureau;19/04/2025;1;2.453511;0;1.390385;0;1.390384615;
D06;Acheter d’occasion plutôt que neuf;Courses;BLEUS;Bleus maternelles ;taureau;24/02/2025;1;0.017374;0;0.183462;0;0.134615385;
E03;Acheter des produits recyclables et utiliser les bacs de tri;Déchets;BLEUS;Bleus maternelles ;taureau;24/02/2025;1;0.15988;0;0;0;0;
E01;Acheter juste ce dont on a besoin;Courses;BLEUS;Bleus maternelles ;taureau;24/02/2025;1;0.027408;0;0;0;0.134615385;
D02;Tout manger ce qu'il y a dans nos assiettes (cantine, maison);Déchets;BLEUS;Bleus maternelles ;taureau;24/02/2025;1;2.453511;0;1.390385;0;1.390384615;
D11;Ne pas prendre sa voiture si c'est possble : préférer la marche et le vélo (pour les petits trajets), le covoiturage…;Transport;BLEUS;Bleus maternelles ;girafe;23/02/2025;1;0.38;0;0.67;0;0;
D06;Réduire son temps devant les écrans (Télé, ordinateurs, tablette, jeux vidéos...);Electricité;BLEUS;Bleus maternelles ;girafe;23/02/2025;1;0.017374;0;0.183462;0;0;
C01;Eteindre les lumières quand on quitte une pièce ou si il fait jour dehors;Electricité;BLEUS;Bleus maternelles ;girafe;23/02/2025;1;13.7935;0;0;0;0;
D10;Couper l’eau quand on se savonne les mains;Eau;BLEUS;Bleus maternelles ;girafe;23/02/2025;1;0.54243;0;0.21;12.6;0;
W04;Fermer ses volets quand il fait froid et nuit;Electricité;BLEUS;Bleus maternelles ;rhinoceros;16/03/2025;1;0.006501;16.5;0;0;0;
E04;Eteindre les appareils électriques lorsqu'on ne s'en sert pas (Télé, ordinateur...);Electricité;BLEUS;Bleus maternelles ;rhinoceros;16/03/2025;1;0.15988;0;1;0;0;
D05;Récupérer l'eau de pluie pour arroser;Eau;BLEUS;Bleus maternelles ;rhinoceros;16/03/2025;1;0.000239;0;0.134615;35;0;
E08;Fermer le robinet quand on se brosse les dents;Eau;BLEUS;Bleus maternelles ;rhinoceros;16/03/2025;1;0.000173;0;0;28;0;
T06;Ne pas tuer les petites bêtes et les remettre dehors (c'est la nourriture de oiseaux);Biodiversité;BLEUS;Bleus maternelles ;rhinoceros;16/03/2025;1;1.518;0;0;0;0;
E01;Acheter juste ce dont on a besoin;Courses;BLEUS;Bleus maternelles ;rhinoceros;16/03/2025;1;0.027408;0;0;0;0.134615385;
D02;Tout manger ce qu'il y a dans nos assiettes (cantine, maison);Déchets;BLEUS;Bleus maternelles ;rhinoceros;16/03/2025;1;2.453511;0;1.390385;0;1.390384615;
D11;Ne pas prendre sa voiture si c'est possble : préférer la marche et le vélo (pour les petits trajets), le covoiturage…;Transport;BLEUS;Bleus maternelles ;baleine;18/03/2025;1;0.38;0;0.67;0;0;
E04;Eteindre les appareils électriques lorsqu'on ne s'en sert pas (Télé, ordinateur...);Electricité;BLEUS;Bleus maternelles ;baleine;18/03/2025;1;0.15988;0;1;0;0;
D05;Récupérer l'eau de pluie pour arroser;Eau;BLEUS;Bleus maternelles ;baleine;18/03/2025;1;0.000239;0;0.134615;35;0;
E08;Fermer le robinet quand on se brosse les dents;Eau;BLEUS;Bleus maternelles ;baleine;18/03/2025;1;0.000173;0;0;28;0;
T06;Ne pas tuer les petites bêtes et les remettre dehors (c'est la nourriture de oiseaux);Biodiversité;BLEUS;Bleus maternelles ;baleine;18/03/2025;1;1.518;0;0;0;0;
D06;Acheter d’occasion plutôt que neuf;Courses;BLEUS;Bleus maternelles ;baleine;18/03/2025;1;0.017374;0;0.183462;0;0.134615385;
E01;Acheter juste ce dont on a besoin;Courses;BLEUS;Bleus maternelles ;baleine;18/03/2025;1;0.027408;0;0;0;0.134615385;
E03;Acheter des produits recyclables et utiliser les bacs de tri;Déchets;BLEUS;Bleus maternelles ;baleine;18/03/2025;1;0.15988;0;0;0;0;
W04;Fermer ses volets quand il fait froid et nuit;Electricité;BLEUS;Bleus maternelles ;taureau;20/03/2025;1;0.006501;16.5;0;0;0;
E04;Eteindre les appareils électriques lorsqu'on ne s'en sert pas (Télé, ordinateur...);Electricité;BLEUS;Bleus maternelles ;taureau;20/03/2025;1;0.15988;0;1;0;0;
D05;Récupérer l'eau de pluie pour arroser;Eau;BLEUS;Bleus maternelles ;taureau;20/03/2025;1;0.000239;0;0.134615;35;0;
W02;Ne pas gaspiller l'eau de son verre;Eau;BLEUS;Bleus maternelles ;taureau;20/03/2025;1;0.05;28;0;35;0;
E08;Fermer le robinet quand on se brosse les dents;Eau;BLEUS;Bleus maternelles ;taureau;20/03/2025;1;0.000173;0;0;28;0;
T04;Acheter des produits avec moins d'emballages (éviter emballages individuels);Courses;BLEUS;Bleus maternelles ;taureau;20/03/2025;1;0.506;0;0;0;34.86;
W03;Préférer les produits réutilisables plutôt que jetables;Courses;BLEUS;Bleus maternelles ;taureau;20/03/2025;1;0.004964;12.6;0;0;0;
E08;Acheter des fruits ou légumes de saison;Courses;BLEUS;Bleus maternelles ;taureau;20/03/2025;1;0.000173;0;0;0;0;
E08;Ramasser les papiers et les déchets par terre pour les mettre à la poubelle;Déchets;BLEUS;Bleus maternelles ;taureau;20/03/2025;1;0.000173;0;0;0;0.1;
D06;Réduire son temps devant les écrans (Télé, ordinateurs, tablette, jeux vidéos...);Electricité;BLEUS;Bleus maternelles ;rhinoceros;16/03/2025;1;0.017374;0;0.183462;0;0;
C01;Eteindre les lumières quand on quitte une pièce ou si il fait jour dehors;Electricité;BLEUS;Bleus maternelles ;rhinoceros;16/03/2025;1;13.7935;0;0;0;0;
D10;Couper l’eau quand on se savonne les mains;Eau;BLEUS;Bleus maternelles ;rhinoceros;16/03/2025;1;0.54243;0;0.21;12.6;0;
D09;Eviter de prendre des bains (préférer la douche rapide);Eau;BLEUS;Bleus maternelles ;rhinoceros;16/03/2025;1;0.0623;0;1.75;357;0;
D06;Acheter d’occasion plutôt que neuf;Courses;BLEUS;Bleus maternelles ;rhinoceros;16/03/2025;1;0.017374;0;0.183462;0;0.134615385;
E08;Acheter des fruits ou légumes de saison;Courses;BLEUS;Bleus maternelles ;rhinoceros;16/03/2025;1;0.000173;0;0;0;0;
E08;Ramasser les papiers et les déchets par terre pour les mettre à la poubelle;Déchets;BLEUS;Bleus maternelles ;rhinoceros;16/03/2025;1;0.000173;0;0;0;0.1;
W04;Fermer ses volets quand il fait froid et nuit;Electricité;BLEUS;Bleus maternelles ;baleine;18/03/2025;1;0.006501;16.5;0;0;0;
C01;Eteindre les lumières quand on quitte une pièce ou si il fait jour dehors;Electricité;BLEUS;Bleus maternelles ;baleine;18/03/2025;1;13.7935;0;0;0;0;
D10;Couper l’eau quand on se savonne les mains;Eau;BLEUS;Bleus maternelles ;baleine;18/03/2025;1;0.54243;0;0.21;12.6;0;
D09;Eviter de prendre des bains (préférer la douche rapide);Eau;BLEUS;Bleus maternelles ;baleine;18/03/2025;1;0.0623;0;1.75;357;0;
T04;Acheter des produits avec moins d'emballages (éviter emballages individuels);Courses;BLEUS;Bleus maternelles ;baleine;18/03/2025;1;0.506;0;0;0;34.86;
W03;Préférer les produits réutilisables plutôt que jetables;Courses;BLEUS;Bleus maternelles ;baleine;18/03/2025;1;0.004964;12.6;0;0;0;
E08;Acheter des fruits ou légumes de saison;Courses;BLEUS;Bleus maternelles ;baleine;18/03/2025;1;0.000173;0;0;0;0;
E08;Ramasser les papiers et les déchets par terre pour les mettre à la poubelle;Déchets;BLEUS;Bleus maternelles ;baleine;18/03/2025;1;0.000173;0;0;0;0.1;
W04;Fermer ses volets quand il fait froid et nuit;Electricité;BLEUS;Bleus maternelles ;taureau;14/04/2025;1;0.006501;16.5;0;0;0;
E04;Eteindre les appareils électriques lorsqu'on ne s'en sert pas (Télé, ordinateur...);Electricité;BLEUS;Bleus maternelles ;taureau;14/04/2025;1;0.15988;0;1;0;0;
D05;Récupérer l'eau de pluie pour arroser;Eau;BLEUS;Bleus maternelles ;taureau;14/04/2025;1;0.000239;0;0.134615;35;0;
W02;Ne pas gaspiller l'eau de son verre;Eau;BLEUS;Bleus maternelles ;taureau;14/04/2025;1;0.05;28;0;35;0;
E08;Fermer le robinet quand on se brosse les dents;Eau;BLEUS;Bleus maternelles ;taureau;14/04/2025;1;0.000173;0;0;28;0;
T04;Acheter des produits avec moins d'emballages (éviter emballages individuels);Courses;BLEUS;Bleus maternelles ;taureau;14/04/2025;1;0.506;0;0;0;34.86;
W03;Préférer les produits réutilisables plutôt que jetables;Courses;BLEUS;Bleus maternelles ;taureau;14/04/2025;1;0.004964;12.6;0;0;0;
D09;Eviter de prendre des bains (préférer la douche rapide);Eau;BLEUS;Bleus maternelles ;girafe;23/02/2025;1;0.0623;0;1.75;357;0;
D09;Eviter de prendre des bains (préférer la douche rapide);Eau;BLEUS;Bleus maternelles ;taureau;24/02/2025;1;0.0623;0;1.75;357;0;
W02;Ne pas gaspiller l'eau de son verre;Eau;BLEUS;Bleus maternelles ;taureau;24/02/2025;1;0.05;28;0;35;0;
D11;Ne pas prendre sa voiture si c'est possble : préférer la marche et le vélo (pour les petits trajets), le covoiturage…;Transport;BLEUS;Bleus maternelles ;taureau;24/02/2025;1;0.38;0;0.67;0;0;
D06;Réduire son temps devant les écrans (Télé, ordinateurs, tablette, jeux vidéos...);Electricité;BLEUS;Bleus maternelles ;taureau;24/02/2025;1;0.017374;0;0.183462;0;0;
C01;Eteindre les lumières quand on quitte une pièce ou si il fait jour dehors;Electricité;BLEUS;Bleus maternelles ;taureau;24/02/2025;1;13.7935;0;0;0;0;
D05;Récupérer l'eau de pluie pour arroser;Eau;BLEUS;Bleus maternelles ;taureau;24/02/2025;1;0.000239;0;0.134615;35;0;
T04;Acheter des produits avec moins d'emballages (éviter emballages individuels);Courses;BLEUS;Bleus maternelles ;taureau;24/02/2025;1;0.506;0;0;0;34.86;
E08;Ramasser les papiers et les déchets par terre pour les mettre à la poubelle;Déchets;BLEUS;Bleus maternelles ;taureau;24/02/2025;1;0.000173;0;0;0;0.1;
D11;Ne pas prendre sa voiture si c'est possble : préférer la marche et le vélo (pour les petits trajets), le covoiturage…;Transport;BLEUS;Bleus maternelles ;taureau;20/03/2025;1;0.38;0;0.67;0;0;
D06;Réduire son temps devant les écrans (Télé, ordinateurs, tablette, jeux vidéos...);Electricité;BLEUS;Bleus maternelles ;taureau;20/03/2025;1;0.017374;0;0.183462;0;0;
C01;Eteindre les lumières quand on quitte une pièce ou si il fait jour dehors;Electricité;BLEUS;Bleus maternelles ;taureau;20/03/2025;1;13.7935;0;0;0;0;
D10;Couper l’eau quand on se savonne les mains;Eau;BLEUS;Bleus maternelles ;taureau;20/03/2025;1;0.54243;0;0.21;12.6;0;
D09;Eviter de prendre des bains (préférer la douche rapide);Eau;BLEUS;Bleus maternelles ;taureau;20/03/2025;1;0.0623;0;1.75;357;0;
T06;Ne pas tuer les petites bêtes et les remettre dehors (c'est la nourriture de oiseaux);Biodiversité;BLEUS;Bleus maternelles ;taureau;20/03/2025;1;1.518;0;0;0;0;
D06;Acheter d’occasion plutôt que neuf;Courses;BLEUS;Bleus maternelles ;taureau;20/03/2025;1;0.017374;0;0.183462;0;0.134615385;
E01;Acheter juste ce dont on a besoin;Courses;BLEUS;Bleus maternelles ;taureau;20/03/2025;1;0.027408;0;0;0;0.134615385;
E03;Acheter des produits recyclables et utiliser les bacs de tri;Déchets;BLEUS;Bleus maternelles ;taureau;20/03/2025;1;0.15988;0;0;0;0;
D02;Tout manger ce qu'il y a dans nos assiettes (cantine, maison);Déchets;BLEUS;Bleus maternelles ;taureau;20/03/2025;1;2.453511;0;1.390385;0;1.390384615;
W03;Préférer les produits réutilisables plutôt que jetables;Courses;BLEUS;Bleus maternelles ;taureau;24/02/2025;1;0.004964;12.6;0;0;0;
E08;Acheter des fruits ou légumes de saison;Courses;BLEUS;Bleus maternelles ;taureau;24/02/2025;1;0.000173;0;0;0;0;
D11;Ne pas prendre sa voiture si c'est possble : préférer la marche et le vélo (pour les petits trajets), le covoiturage…;Transport;BLEUS;Bleus maternelles ;taureau;14/04/2025;1;0.38;0;0.67;0;0;
D06;Réduire son temps devant les écrans (Télé, ordinateurs, tablette, jeux vidéos...);Electricité;BLEUS;Bleus maternelles ;taureau;14/04/2025;1;0.017374;0;0.183462;0;0;
C01;Eteindre les lumières quand on quitte une pièce ou si il fait jour dehors;Electricité;BLEUS;Bleus maternelles ;taureau;14/04/2025;1;13.7935;0;0;0;0;
D10;Couper l’eau quand on se savonne les mains;Eau;BLEUS;Bleus maternelles ;taureau;14/04/2025;1;0.54243;0;0.21;12.6;0;
D09;Eviter de prendre des bains (préférer la douche rapide);Eau;BLEUS;Bleus maternelles ;taureau;14/04/2025;1;0.0623;0;1.75;357;0;
T06;Ne pas tuer les petites bêtes et les remettre dehors (c'est la nourriture de oiseaux);Biodiversité;BLEUS;Bleus maternelles ;taureau;14/04/2025;1;1.518;0;0;0;0;
D06;Acheter d’occasion plutôt que neuf;Courses;BLEUS;Bleus maternelles ;taureau;14/04/2025;1;0.017374;0;0.183462;0;0.134615385;
E01;Acheter juste ce dont on a besoin;Courses;BLEUS;Bleus maternelles ;taureau;14/04/2025;1;0.027408;0;0;0;0.134615385;
E03;Acheter des produits recyclables et utiliser les bacs de tri;Déchets;BLEUS;Bleus maternelles ;taureau;14/04/2025;1;0.15988;0;0;0;0;
D02;Tout manger ce qu'il y a dans nos assiettes (cantine, maison);Déchets;BLEUS;Bleus maternelles ;taureau;14/04/2025;1;2.453511;0;1.390385;0;1.390384615;
W04;Fermer ses volets quand il fait froid et nuit;Electricité;BLEUS;Bleus maternelles ;taureau;19/04/2025;1;0.006501;16.5;0;0;0;
E04;Eteindre les appareils électriques lorsqu'on ne s'en sert pas (Télé, ordinateur...);Electricité;BLEUS;Bleus maternelles ;taureau;19/04/2025;1;0.15988;0;1;0;0;
D05;Récupérer l'eau de pluie pour arroser;Eau;BLEUS;Bleus maternelles ;taureau;19/04/2025;1;0.000239;0;0.134615;35;0;
W02;Ne pas gaspiller l'eau de son verre;Eau;BLEUS;Bleus maternelles ;taureau;19/04/2025;1;0.05;28;0;35;0;
E08;Fermer le robinet quand on se brosse les dents;Eau;BLEUS;Bleus maternelles ;taureau;19/04/2025;1;0.000173;0;0;28;0;
T04;Acheter des produits avec moins d'emballages (éviter emballages individuels);Courses;BLEUS;Bleus maternelles ;taureau;19/04/2025;1;0.506;0;0;0;34.86;
W03;Préférer les produits réutilisables plutôt que jetables;Courses;BLEUS;Bleus maternelles ;taureau;19/04/2025;1;0.004964;12.6;0;0;0;
E08;Acheter des fruits ou légumes de saison;Courses;BLEUS;Bleus maternelles ;taureau;19/04/2025;1;0.000173;0;0;0;0;
E08;Ramasser les papiers et les déchets par terre pour les mettre à la poubelle;Déchets;BLEUS;Bleus maternelles ;taureau;19/04/2025;1;0.000173;0;0;0;0.1;
E08;Acheter des fruits ou légumes de saison;Courses;BLEUS;Bleus maternelles ;taureau;14/04/2025;1;0.000173;0;0;0;0;
E08;Ramasser les papiers et les déchets par terre pour les mettre à la poubelle;Déchets;BLEUS;Bleus maternelles ;taureau;14/04/2025;1;0.000173;0;0;0;0.1;
W04;Fermer ses volets quand il fait froid et nuit;Electricité;BLEUS;Bleus maternelles ;taureau;26/04/2025;1;0.006501;16.5;0;0;0;
E04;Eteindre les appareils électriques lorsqu'on ne s'en sert pas (Télé, ordinateur...);Electricité;BLEUS;Bleus maternelles ;taureau;26/04/2025;1;0.15988;0;1;0;0;
D05;Récupérer l'eau de pluie pour arroser;Eau;BLEUS;Bleus maternelles ;taureau;26/04/2025;1;0.000239;0;0.134615;35;0;
W02;Ne pas gaspiller l'eau de son verre;Eau;BLEUS;Bleus maternelles ;taureau;26/04/2025;1;0.05;28;0;35;0;
E08;Fermer le robinet quand on se brosse les dents;Eau;BLEUS;Bleus maternelles ;taureau;26/04/2025;1;0.000173;0;0;28;0;
T04;Acheter des produits avec moins d'emballages (éviter emballages individuels);Courses;BLEUS;Bleus maternelles ;taureau;26/04/2025;1;0.506;0;0;0;34.86;
W03;Préférer les produits réutilisables plutôt que jetables;Courses;BLEUS;Bleus maternelles ;taureau;26/04/2025;1;0.004964;12.6;0;0;0;
E08;Acheter des fruits ou légumes de saison;Courses;BLEUS;Bleus maternelles ;taureau;26/04/2025;1;0.000173;0;0;0;0;
E08;Ramasser les papiers et les déchets par terre pour les mettre à la poubelle;Déchets;BLEUS;Bleus maternelles ;taureau;26/04/2025;1;0.000173;0;0;0;0.1;
T04;Acheter des produits avec moins d'emballages (éviter emballages individuels);Courses;BLEUS;Bleus maternelles ;taureau;03/04/2025;1;0.506;0;0;0;34.86;
W03;Préférer les produits réutilisables plutôt que jetables;Courses;BLEUS;Bleus maternelles ;taureau;03/04/2025;1;0.004964;12.6;0;0;0;
E08;Acheter des fruits ou légumes de saison;Courses;BLEUS;Bleus maternelles ;taureau;03/04/2025;1;0.000173;0;0;0;0;
E08;Ramasser les papiers et les déchets par terre pour les mettre à la poubelle;Déchets;BLEUS;Bleus maternelles ;taureau;03/04/2025;1;0.000173;0;0;0;0.1;
D11;Ne pas prendre sa voiture si c'est possble : préférer la marche et le vélo (pour les petits trajets), le covoiturage…;Transport;BLEUS;Bleus maternelles ;taureau;03/04/2025;1;0.38;0;0.67;0;0;
D06;Réduire son temps devant les écrans (Télé, ordinateurs, tablette, jeux vidéos...);Electricité;BLEUS;Bleus maternelles ;taureau;03/04/2025;1;0.017374;0;0.183462;0;0;
C01;Eteindre les lumières quand on quitte une pièce ou si il fait jour dehors;Electricité;BLEUS;Bleus maternelles ;taureau;03/04/2025;1;13.7935;0;0;0;0;
D10;Couper l’eau quand on se savonne les mains;Eau;BLEUS;Bleus maternelles ;taureau;03/04/2025;1;0.54243;0;0.21;12.6;0;
D09;Eviter de prendre des bains (préférer la douche rapide);Eau;BLEUS;Bleus maternelles ;taureau;03/04/2025;1;0.0623;0;1.75;357;0;
W04;Fermer ses volets quand il fait froid et nuit;Electricité;BLEUS;Bleus maternelles ;rhinoceros;29/03/2025;1;0.006501;16.5;0;0;0;
D06;Réduire son temps devant les écrans (Télé, ordinateurs, tablette, jeux vidéos...);Electricité;BLEUS;Bleus maternelles ;rhinoceros;29/03/2025;1;0.017374;0;0.183462;0;0;
E04;Eteindre les appareils électriques lorsqu'on ne s'en sert pas (Télé, ordinateur...);Electricité;BLEUS;Bleus maternelles ;rhinoceros;29/03/2025;1;0.15988;0;1;0;0;
C01;Eteindre les lumières quand on quitte une pièce ou si il fait jour dehors;Electricité;BLEUS;Bleus maternelles ;rhinoceros;29/03/2025;1;13.7935;0;0;0;0;
D05;Récupérer l'eau de pluie pour arroser;Eau;BLEUS;Bleus maternelles ;rhinoceros;29/03/2025;1;0.000239;0;0.134615;35;0;
D10;Couper l’eau quand on se savonne les mains;Eau;BLEUS;Bleus maternelles ;rhinoceros;29/03/2025;1;0.54243;0;0.21;12.6;0;
D09;Eviter de prendre des bains (préférer la douche rapide);Eau;BLEUS;Bleus maternelles ;rhinoceros;29/03/2025;1;0.0623;0;1.75;357;0;
E08;Fermer le robinet quand on se brosse les dents;Eau;BLEUS;Bleus maternelles ;rhinoceros;29/03/2025;1;0.000173;0;0;28;0;
W02;Ne pas gaspiller l'eau de son verre;Eau;BLEUS;Bleus maternelles ;rhinoceros;29/03/2025;1;0.05;28;0;35;0;
T06;Ne pas tuer les petites bêtes et les remettre dehors (c'est la nourriture de oiseaux);Biodiversité;BLEUS;Bleus maternelles ;rhinoceros;29/03/2025;1;1.518;0;0;0;0;
D06;Acheter d’occasion plutôt que neuf;Courses;BLEUS;Bleus maternelles ;rhinoceros;29/03/2025;1;0.017374;0;0.183462;0;0.134615385;
W03;Préférer les produits réutilisables plutôt que jetables;Courses;BLEUS;Bleus maternelles ;rhinoceros;29/03/2025;1;0.004964;12.6;0;0;0;
E01;Acheter juste ce dont on a besoin;Courses;BLEUS;Bleus maternelles ;rhinoceros;29/03/2025;1;0.027408;0;0;0;0.134615385;
E08;Acheter des fruits ou légumes de saison;Courses;BLEUS;Bleus maternelles ;rhinoceros;29/03/2025;1;0.000173;0;0;0;0;
E08;Ramasser les papiers et les déchets par terre pour les mettre à la poubelle;Déchets;BLEUS;Bleus maternelles ;rhinoceros;29/03/2025;1;0.000173;0;0;0;0.1;
D02;Tout manger ce qu'il y a dans nos assiettes (cantine, maison);Déchets;BLEUS;Bleus maternelles ;rhinoceros;29/03/2025;1;2.453511;0;1.390385;0;1.390384615;
W04;Fermer ses volets quand il fait froid et nuit;Electricité;BLEUS;Bleus maternelles ;sanglier;25/03/2025;1;0.006501;16.5;0;0;0;
E04;Eteindre les appareils électriques lorsqu'on ne s'en sert pas (Télé, ordinateur...);Electricité;BLEUS;Bleus maternelles ;sanglier;25/03/2025;1;0.15988;0;1;0;0;
W02;Ne pas gaspiller l'eau de son verre;Eau;BLEUS;Bleus maternelles ;sanglier;25/03/2025;1;0.05;28;0;35;0;
T06;Ne pas tuer les petites bêtes et les remettre dehors (c'est la nourriture de oiseaux);Biodiversité;BLEUS;Bleus maternelles ;sanglier;25/03/2025;1;1.518;0;0;0;0;
E01;Acheter juste ce dont on a besoin;Courses;BLEUS;Bleus maternelles ;sanglier;25/03/2025;1;0.027408;0;0;0;0.134615385;
E03;Acheter des produits recyclables et utiliser les bacs de tri;Déchets;BLEUS;Bleus maternelles ;sanglier;25/03/2025;1;0.15988;0;0;0;0;
D11;Ne pas prendre sa voiture si c'est possble : préférer la marche et le vélo (pour les petits trajets), le covoiturage…;Transport;BLEUS;Bleus maternelles ;sanglier;25/03/2025;1;0.38;0;0.67;0;0;
D06;Réduire son temps devant les écrans (Télé, ordinateurs, tablette, jeux vidéos...);Electricité;BLEUS;Bleus maternelles ;sanglier;25/03/2025;1;0.017374;0;0.183462;0;0;
D10;Couper l’eau quand on se savonne les mains;Eau;BLEUS;Bleus maternelles ;sanglier;25/03/2025;1;0.54243;0;0.21;12.6;0;
E08;Fermer le robinet quand on se brosse les dents;Eau;BLEUS;Bleus maternelles ;sanglier;25/03/2025;1;0.000173;0;0;28;0;
D06;Acheter d’occasion plutôt que neuf;Courses;BLEUS;Bleus maternelles ;sanglier;25/03/2025;1;0.017374;0;0.183462;0;0.134615385;
E08;Acheter des fruits ou légumes de saison;Courses;BLEUS;Bleus maternelles ;sanglier;25/03/2025;1;0.000173;0;0;0;0;
D11;Ne pas prendre sa voiture si c'est possble : préférer la marche et le vélo (pour les petits trajets), le covoiturage…;Transport;BLEUS;Bleus maternelles ;taureau;27/03/2025;1;0.38;0;0.67;0;0;
D06;Réduire son temps devant les écrans (Télé, ordinateurs, tablette, jeux vidéos...);Electricité;BLEUS;Bleus maternelles ;taureau;27/03/2025;1;0.017374;0;0.183462;0;0;
C01;Eteindre les lumières quand on quitte une pièce ou si il fait jour dehors;Electricité;BLEUS;Bleus maternelles ;taureau;27/03/2025;1;13.7935;0;0;0;0;
D10;Couper l’eau quand on se savonne les mains;Eau;BLEUS;Bleus maternelles ;taureau;27/03/2025;1;0.54243;0;0.21;12.6;0;
D09;Eviter de prendre des bains (préférer la douche rapide);Eau;BLEUS;Bleus maternelles ;taureau;27/03/2025;1;0.0623;0;1.75;357;0;
W04;Fermer ses volets quand il fait froid et nuit;Electricité;BLEUS;Bleus maternelles ;taureau;27/03/2025;1;0.006501;16.5;0;0;0;
E04;Eteindre les appareils électriques lorsqu'on ne s'en sert pas (Télé, ordinateur...);Electricité;BLEUS;Bleus maternelles ;taureau;27/03/2025;1;0.15988;0;1;0;0;
D05;Récupérer l'eau de pluie pour arroser;Eau;BLEUS;Bleus maternelles ;taureau;27/03/2025;1;0.000239;0;0.134615;35;0;
W02;Ne pas gaspiller l'eau de son verre;Eau;BLEUS;Bleus maternelles ;taureau;27/03/2025;1;0.05;28;0;35;0;
E08;Fermer le robinet quand on se brosse les dents;Eau;BLEUS;Bleus maternelles ;taureau;27/03/2025;1;0.000173;0;0;28;0;
T04;Acheter des produits avec moins d'emballages (éviter emballages individuels);Courses;BLEUS;Bleus maternelles ;taureau;27/03/2025;1;0.506;0;0;0;34.86;
W03;Préférer les produits réutilisables plutôt que jetables;Courses;BLEUS;Bleus maternelles ;taureau;27/03/2025;1;0.004964;12.6;0;0;0;
E08;Acheter des fruits ou légumes de saison;Courses;BLEUS;Bleus maternelles ;taureau;27/03/2025;1;0.000173;0;0;0;0;
E08;Ramasser les papiers et les déchets par terre pour les mettre à la poubelle;Déchets;BLEUS;Bleus maternelles ;taureau;27/03/2025;1;0.000173;0;0;0;0.1;
T06;Ne pas tuer les petites bêtes et les remettre dehors (c'est la nourriture de oiseaux);Biodiversité;BLEUS;Bleus maternelles ;taureau;27/03/2025;1;1.518;0;0;0;0;
D06;Acheter d’occasion plutôt que neuf;Courses;BLEUS;Bleus maternelles ;taureau;27/03/2025;1;0.017374;0;0.183462;0;0.134615385;
E01;Acheter juste ce dont on a besoin;Courses;BLEUS;Bleus maternelles ;taureau;27/03/2025;1;0.027408;0;0;0;0.134615385;
E03;Acheter des produits recyclables et utiliser les bacs de tri;Déchets;BLEUS;Bleus maternelles ;taureau;27/03/2025;1;0.15988;0;0;0;0;
D02;Tout manger ce qu'il y a dans nos assiettes (cantine, maison);Déchets;BLEUS;Bleus maternelles ;taureau;27/03/2025;1;2.453511;0;1.390385;0;1.390384615;
E08;Ramasser les papiers et les déchets par terre pour les mettre à la poubelle;Déchets;BLEUS;Bleus maternelles ;taureau;13/05/2025;1;0.000173;0;0;0;0.1;
D05;Récupérer l'eau de pluie pour arroser;Eau;BLEUS;Bleus maternelles ;taureau;13/05/2025;1;0.000239;0;0.134615;35;0;
T04;Acheter des produits avec moins d'emballages (éviter emballages individuels);Courses;BLEUS;Bleus maternelles ;taureau;13/05/2025;1;0.506;0;0;0;34.86;
W02;Ne pas gaspiller l'eau de son verre;Eau;BLEUS;Bleus maternelles ;taureau;13/05/2025;1;0.05;28;0;35;0;
E08;Fermer le robinet quand on se brosse les dents;Eau;BLEUS;Bleus maternelles ;taureau;13/05/2025;1;0.000173;0;0;28;0;
E01;Acheter juste ce dont on a besoin;Courses;BLEUS;Bleus maternelles ;taureau;13/05/2025;1;0.027408;0;0;0;0.134615385;
E03;Acheter des produits recyclables et utiliser les bacs de tri;Déchets;BLEUS;Bleus maternelles ;taureau;13/05/2025;1;0.15988;0;0;0;0;
D02;Tout manger ce qu'il y a dans nos assiettes (cantine, maison);Déchets;BLEUS;Bleus maternelles ;taureau;13/05/2025;1;2.453511;0;1.390385;0;1.390384615;
D10;Couper l’eau quand on se savonne les mains;Eau;BLEUS;Bleus maternelles ;taureau;13/05/2025;1;0.54243;0;0.21;12.6;0;
D06;Acheter d’occasion plutôt que neuf;Courses;BLEUS;Bleus maternelles ;taureau;13/05/2025;1;0.017374;0;0.183462;0;0.134615385;
D09;Eviter de prendre des bains (préférer la douche rapide);Eau;BLEUS;Bleus maternelles ;taureau;13/05/2025;1;0.0623;0;1.75;357;0;
W03;Préférer les produits réutilisables plutôt que jetables;Courses;BLEUS;Bleus maternelles ;taureau;13/05/2025;1;0.004964;12.6;0;0;0;
E08;Acheter des fruits ou légumes de saison;Courses;BLEUS;Bleus maternelles ;taureau;13/05/2025;1;0.000173;0;0;0;0;
W04;Fermer ses volets quand il fait froid et nuit;Electricité;BLEUS;Bleus maternelles ;taureau;11/05/2025;1;0.006501;16.5;0;0;0;
D06;Réduire son temps devant les écrans (Télé, ordinateurs, tablette, jeux vidéos...);Electricité;BLEUS;Bleus maternelles ;taureau;11/05/2025;1;0.017374;0;0.183462;0;0;
E04;Eteindre les appareils électriques lorsqu'on ne s'en sert pas (Télé, ordinateur...);Electricité;BLEUS;Bleus maternelles ;taureau;11/05/2025;1;0.15988;0;1;0;0;
C01;Eteindre les lumières quand on quitte une pièce ou si il fait jour dehors;Electricité;BLEUS;Bleus maternelles ;taureau;11/05/2025;1;13.7935;0;0;0;0;
T06;Ne pas tuer les petites bêtes et les remettre dehors (c'est la nourriture de oiseaux);Biodiversité;BLEUS;Bleus maternelles ;taureau;11/05/2025;1;1.518;0;0;0;0;
D11;Ne pas prendre sa voiture si c'est possble : préférer la marche et le vélo (pour les petits trajets), le covoiturage…;Transport;BLEUS;Bleus maternelles ;taureau;11/05/2025;1;0.38;0;0.67;0;0;
D11;Ne pas prendre sa voiture si c'est possble : préférer la marche et le vélo (pour les petits trajets), le covoiturage…;Transport;BLEUS;Bleus maternelles ;taureau;27/05/2025;1;0.38;0;0.67;0;0;
W04;Fermer ses volets quand il fait froid et nuit;Electricité;BLEUS;Bleus maternelles ;taureau;27/05/2025;1;0.006501;16.5;0;0;0;
D06;Réduire son temps devant les écrans (Télé, ordinateurs, tablette, jeux vidéos...);Electricité;BLEUS;Bleus maternelles ;taureau;27/05/2025;1;0.017374;0;0.183462;0;0;
E04;Eteindre les appareils électriques lorsqu'on ne s'en sert pas (Télé, ordinateur...);Electricité;BLEUS;Bleus maternelles ;taureau;27/05/2025;1;0.15988;0;1;0;0;
C01;Eteindre les lumières quand on quitte une pièce ou si il fait jour dehors;Electricité;BLEUS;Bleus maternelles ;taureau;27/05/2025;1;13.7935;0;0;0;0;
D11;Ne pas prendre sa voiture si c'est possble : préférer la marche et le vélo (pour les petits trajets), le covoiturage…;Transport;BLEUS;Bleus maternelles ;taureau;18/06/2025;1;0.38;0;0.67;0;0;
W04;Fermer ses volets quand il fait froid et nuit;Electricité;BLEUS;Bleus maternelles ;taureau;18/06/2025;1;0.006501;16.5;0;0;0;
C01;Eteindre les lumières quand on quitte une pièce ou si il fait jour dehors;Electricité;BLEUS;Bleus maternelles ;taureau;18/06/2025;1;13.7935;0;0;0;0;
D10;Couper l’eau quand on se savonne les mains;Eau;BLEUS;Bleus maternelles ;taureau;18/06/2025;1;0.54243;0;0.21;12.6;0;
W02;Ne pas gaspiller l'eau de son verre;Eau;BLEUS;Bleus maternelles ;taureau;18/06/2025;1;0.05;28;0;35;0;
D09;Eviter de prendre des bains (préférer la douche rapide);Eau;BLEUS;Bleus maternelles ;taureau;18/06/2025;1;0.0623;0;1.75;357;0;
T06;Ne pas tuer les petites bêtes et les remettre dehors (c'est la nourriture de oiseaux);Biodiversité;BLEUS;Bleus maternelles ;taureau;18/06/2025;1;1.518;0;0;0;0;
D06;Acheter d’occasion plutôt que neuf;Courses;BLEUS;Bleus maternelles ;taureau;18/06/2025;1;0.017374;0;0.183462;0;0.134615385;
E01;Acheter juste ce dont on a besoin;Courses;BLEUS;Bleus maternelles ;taureau;18/06/2025;1;0.027408;0;0;0;0.134615385;
E03;Acheter des produits recyclables et utiliser les bacs de tri;Déchets;BLEUS;Bleus maternelles ;taureau;18/06/2025;1;0.15988;0;0;0;0;
D02;Tout manger ce qu'il y a dans nos assiettes (cantine, maison);Déchets;BLEUS;Bleus maternelles ;taureau;18/06/2025;1;2.453511;0;1.390385;0;1.390384615;
W04;Fermer ses volets quand il fait froid et nuit;Electricité;BLEUS;Bleus maternelles ;taureau;30/06/2025;1;0.006501;16.5;0;0;0;
E04;Eteindre les appareils électriques lorsqu'on ne s'en sert pas (Télé, ordinateur...);Electricité;BLEUS;Bleus maternelles ;taureau;30/06/2025;1;0.15988;0;1;0;0;
D05;Récupérer l'eau de pluie pour arroser;Eau;BLEUS;Bleus maternelles ;taureau;30/06/2025;1;0.000239;0;0.134615;35;0;
W02;Ne pas gaspiller l'eau de son verre;Eau;BLEUS;Bleus maternelles ;taureau;30/06/2025;1;0.05;28;0;35;0;
E08;Fermer le robinet quand on se brosse les dents;Eau;BLEUS;Bleus maternelles ;taureau;30/06/2025;1;0.000173;0;0;28;0;
T04;Acheter des produits avec moins d'emballages (éviter emballages individuels);Courses;BLEUS;Bleus maternelles ;taureau;30/06/2025;1;0.506;0;0;0;34.86;
W03;Préférer les produits réutilisables plutôt que jetables;Courses;BLEUS;Bleus maternelles ;taureau;30/06/2025;1;0.004964;12.6;0;0;0;
E08;Acheter des fruits ou légumes de saison;Courses;BLEUS;Bleus maternelles ;taureau;30/06/2025;1;0.000173;0;0;0;0;
E08;Ramasser les papiers et les déchets par terre pour les mettre à la poubelle;Déchets;BLEUS;Bleus maternelles ;taureau;30/06/2025;1;0.000173;0;0;0;0.1;
D06;Réduire son temps devant les écrans (Télé, ordinateurs, tablette, jeux vidéos...);Electricité;BLEUS;Bleus maternelles ;taureau;18/06/2025;1;0.017374;0;0.183462;0;0;
D05;Récupérer l'eau de pluie pour arroser;Eau;BLEUS;Bleus maternelles ;taureau;18/06/2025;1;0.000239;0;0.134615;35;0;
E08;Fermer le robinet quand on se brosse les dents;Eau;BLEUS;Bleus maternelles ;taureau;18/06/2025;1;0.000173;0;0;28;0;
T04;Acheter des produits avec moins d'emballages (éviter emballages individuels);Courses;BLEUS;Bleus maternelles ;taureau;18/06/2025;1;0.506;0;0;0;34.86;
W03;Préférer les produits réutilisables plutôt que jetables;Courses;BLEUS;Bleus maternelles ;taureau;18/06/2025;1;0.004964;12.6;0;0;0;
E08;Acheter des fruits ou légumes de saison;Courses;BLEUS;Bleus maternelles ;taureau;18/06/2025;1;0.000173;0;0;0;0;
E08;Ramasser les papiers et les déchets par terre pour les mettre à la poubelle;Déchets;BLEUS;Bleus maternelles ;taureau;18/06/2025;1;0.000173;0;0;0;0.1;
D11;Ne pas prendre sa voiture si c'est possble : préférer la marche et le vélo (pour les petits trajets), le covoiturage…;Transport;BLEUS;Bleus maternelles ;taureau;30/06/2025;1;0.38;0;0.67;0;0;
D06;Réduire son temps devant les écrans (Télé, ordinateurs, tablette, jeux vidéos...);Electricité;BLEUS;Bleus maternelles ;taureau;30/06/2025;1;0.017374;0;0.183462;0;0;
C01;Eteindre les lumières quand on quitte une pièce ou si il fait jour dehors;Electricité;BLEUS;Bleus maternelles ;taureau;30/06/2025;1;13.7935;0;0;0;0;
D10;Couper l’eau quand on se savonne les mains;Eau;BLEUS;Bleus maternelles ;taureau;30/06/2025;1;0.54243;0;0.21;12.6;0;
D09;Eviter de prendre des bains (préférer la douche rapide);Eau;BLEUS;Bleus maternelles ;taureau;30/06/2025;1;0.0623;0;1.75;357;0;
T06;Ne pas tuer les petites bêtes et les remettre dehors (c'est la nourriture de oiseaux);Biodiversité;BLEUS;Bleus maternelles ;taureau;30/06/2025;1;1.518;0;0;0;0;
D06;Acheter d’occasion plutôt que neuf;Courses;BLEUS;Bleus maternelles ;taureau;30/06/2025;1;0.017374;0;0.183462;0;0.134615385;
E01;Acheter juste ce dont on a besoin;Courses;BLEUS;Bleus maternelles ;taureau;30/06/2025;1;0.027408;0;0;0;0.134615385;
E03;Acheter des produits recyclables et utiliser les bacs de tri;Déchets;BLEUS;Bleus maternelles ;taureau;30/06/2025;1;0.15988;0;0;0;0;
D02;Tout manger ce qu'il y a dans nos assiettes (cantine, maison);Déchets;BLEUS;Bleus maternelles ;taureau;30/06/2025;1;2.453511;0;1.390385;0;1.390384615;