Action ref;Action;Category;Team;Group;Children;Date;ref action;Eco tCO2e;Eco eau;Eco dechets;
C03;Je consomme des fruits et légumes de saison;Courses; VERT ;Groupe_Vert;seiche;10/01/2025;A11;6.932;0;0;
D02;Éviter le gaspillage alimentaire : se servir moins, garder pour plus tard.;Déchets; VERT ;Groupe_Vert;seiche;10/01/2025;A04;2.453511;0;1.390385;
D04;Dans l'enceinte de l'école, je ramasse les déchets que je vois.;Déchets; VERT ;Groupe_Vert;seiche;10/01/2025;A02;0.00947;0;0.1;
D03;Je ne jette pas de déchet par terre.;Déchets; VERT ;Groupe_Vert;seiche;10/01/2025;A01;0.424875;0;4.486538;
B02;"Je n""embête pas les petites bêtes.";Biodiversité; VERT ;Groupe_Vert;seiche;10/01/2025;A09;0;0;0;
B01;Je n'arrache pas les végétaux.;Biodiversité; VERT ;Groupe_Vert;seiche;10/01/2025;A10;0;0;0;
W03;"Je ferme l""eau quand je me savonne.";Eau; VERT ;Groupe_Vert;seiche;10/01/2025;A07;0.004964;12.6;0;
W05;"Je prends une douche plutôt qu""un bain.";Eau; VERT ;Groupe_Vert;seiche;10/01/2025;A08;0.140658;357;0;
W03;"Ne pas gaspiller l""eau que l’on boit.";Eau; VERT ;Groupe_Vert;seiche;10/01/2025;A13;0.004964;12.6;0;
T03;Remplacer la voiture lors de courts trajets : vélo, trottinette, à pied, transports en commun.;Transport; VERT ;Groupe_Vert;seiche;10/01/2025;A03;0.506;0;0;
E02;J’ouvre les volets/rideaux pour profiter de la lumière du jour.;Electricité; VERT ;Groupe_Vert;seiche;10/01/2025;A06;0.027408;0;0;
B02;"Je n""embête pas les petites bêtes.";Biodiversité; VERT ;Groupe_Vert;koala;12/01/2025;A09;0;0;0;
B01;Je n'arrache pas les végétaux.;Biodiversité; VERT ;Groupe_Vert;koala;12/01/2025;A10;0;0;0;
C03;Je consomme des fruits et légumes de saison;Courses; VERT ;Groupe_Vert;koala;12/01/2025;A11;6.932;0;0;
D10;Réutiliser des bouteilles vides.;Déchets; VERT ;Groupe_Vert;koala;12/01/2025;A14;0.54243;0;0.21;
D10;Utiliser moins de plastique pour faire les courses (ou les réutiliser).;Déchets; VERT ;Groupe_Vert;koala;12/01/2025;A12;0.54243;0;0.21;
D03;Je ne jette pas de déchet par terre.;Déchets; VERT ;Groupe_Vert;koala;12/01/2025;A01;0.424875;0;4.486538;
E02;J’ouvre les volets/rideaux pour profiter de la lumière du jour.;Electricité; VERT ;Groupe_Vert;koala;12/01/2025;A06;0.027408;0;0;
W05;"Je prends une douche plutôt qu""un bain.";Eau; VERT ;Groupe_Vert;koala;12/01/2025;A08;0.140658;357;0;
W03;"Ne pas gaspiller l""eau que l’on boit.";Eau; VERT ;Groupe_Vert;koala;12/01/2025;A13;0.004964;12.6;0;
T03;Remplacer la voiture lors de courts trajets : vélo, trottinette, à pied, transports en commun.;Transport; VERT ;Groupe_Vert;koala;12/01/2025;A03;0.506;0;0;
B02;"Je n""embête pas les petites bêtes.";Biodiversité; VERT ;Groupe_Vert;matamata;12/01/2025;A09;0;0;0;
B01;Je n'arrache pas les végétaux.;Biodiversité; VERT ;Groupe_Vert;matamata;12/01/2025;A10;0;0;0;
D03;Je ne jette pas de déchet par terre.;Déchets; VERT ;Groupe_Vert;matamata;12/01/2025;A01;0.424875;0;4.486538;
D10;Utiliser moins de plastique pour faire les courses (ou les réutiliser).;Déchets; VERT ;Groupe_Vert;matamata;12/01/2025;A12;0.54243;0;0.21;
D04;Dans l'enceinte de l'école, je ramasse les déchets que je vois.;Déchets; VERT ;Groupe_Vert;matamata;12/01/2025;A02;0.00947;0;0.1;
D10;Réutiliser des bouteilles vides.;Déchets; VERT ;Groupe_Vert;matamata;12/01/2025;A14;0.54243;0;0.21;
D02;Éviter le gaspillage alimentaire : se servir moins, garder pour plus tard.;Déchets; VERT ;Groupe_Vert;matamata;12/01/2025;A04;2.453511;0;1.390385;
W03;"Je ferme l""eau quand je me savonne.";Eau; VERT ;Groupe_Vert;matamata;12/01/2025;A07;0.004964;12.6;0;
W05;"Je prends une douche plutôt qu""un bain.";Eau; VERT ;Groupe_Vert;matamata;12/01/2025;A08;0.140658;357;0;
W03;"Ne pas gaspiller l""eau que l’on boit.";Eau; VERT ;Groupe_Vert;matamata;12/01/2025;A13;0.004964;12.6;0;
C03;Je consomme des fruits et légumes de saison;Courses; VERT ;Groupe_Vert;matamata;12/01/2025;A11;6.932;0;0;
E02;J’ouvre les volets/rideaux pour profiter de la lumière du jour.;Electricité; VERT ;Groupe_Vert;matamata;12/01/2025;A06;0.027408;0;0;
E01;J'éteins la lumière quand je quitte une pièce;Electricité; VERT ;Groupe_Vert;matamata;12/01/2025;A05;0.027408;0;0;
T03;Remplacer la voiture lors de courts trajets : vélo, trottinette, à pied, transports en commun.;Transport; VERT ;Groupe_Vert;matamata;12/01/2025;A03;0.506;0;0;
C03;Je consomme des fruits et légumes de saison;Courses; VERT ;Groupe_Vert;poissoncrocodile;12/01/2025;A11;6.932;0;0;
D02;Éviter le gaspillage alimentaire : se servir moins, garder pour plus tard.;Déchets; VERT ;Groupe_Vert;poissoncrocodile;12/01/2025;A04;2.453511;0;1.390385;
D10;Réutiliser des bouteilles vides.;Déchets; VERT ;Groupe_Vert;poissoncrocodile;12/01/2025;A14;0.54243;0;0.21;
D10;Utiliser moins de plastique pour faire les courses (ou les réutiliser).;Déchets; VERT ;Groupe_Vert;poissoncrocodile;12/01/2025;A12;0.54243;0;0.21;
D03;Je ne jette pas de déchet par terre.;Déchets; VERT ;Groupe_Vert;poissoncrocodile;12/01/2025;A01;0.424875;0;4.486538;
D04;Dans l'enceinte de l'école, je ramasse les déchets que je vois.;Déchets; VERT ;Groupe_Vert;poissoncrocodile;12/01/2025;A02;0.00947;0;0.1;
B02;"Je n""embête pas les petites bêtes.";Biodiversité; VERT ;Groupe_Vert;poissoncrocodile;12/01/2025;A09;0;0;0;
B01;Je n'arrache pas les végétaux.;Biodiversité; VERT ;Groupe_Vert;poissoncrocodile;12/01/2025;A10;0;0;0;
W03;"Je ferme l""eau quand je me savonne.";Eau; VERT ;Groupe_Vert;poissoncrocodile;12/01/2025;A07;0.004964;12.6;0;
W05;"Je prends une douche plutôt qu""un bain.";Eau; VERT ;Groupe_Vert;poissoncrocodile;12/01/2025;A08;0.140658;357;0;
W03;"Ne pas gaspiller l""eau que l’on boit.";Eau; VERT ;Groupe_Vert;poissoncrocodile;12/01/2025;A13;0.004964;12.6;0;
T03;Remplacer la voiture lors de courts trajets : vélo, trottinette, à pied, transports en commun.;Transport; VERT ;Groupe_Vert;poissoncrocodile;12/01/2025;A03;0.506;0;0;
E01;J'éteins la lumière quand je quitte une pièce;Electricité; VERT ;Groupe_Vert;poissoncrocodile;12/01/2025;A05;0.027408;0;0;
E02;J’ouvre les volets/rideaux pour profiter de la lumière du jour.;Electricité; VERT ;Groupe_Vert;poissoncrocodile;12/01/2025;A06;0.027408;0;0;
D02;Éviter le gaspillage alimentaire : se servir moins, garder pour plus tard.;Déchets; VERT ;Groupe_Vert;opossum;12/01/2025;A04;2.453511;0;1.390385;
W03;"Je ferme l""eau quand je me savonne.";Eau; VERT ;Groupe_Vert;opossum;12/01/2025;A07;0.004964;12.6;0;
W05;"Je prends une douche plutôt qu""un bain.";Eau; VERT ;Groupe_Vert;opossum;12/01/2025;A08;0.140658;357;0;
W03;"Ne pas gaspiller l""eau que l’on boit.";Eau; VERT ;Groupe_Vert;opossum;12/01/2025;A13;0.004964;12.6;0;
D03;Je ne jette pas de déchet par terre.;Déchets; VERT ;Groupe_Vert;opossum;12/01/2025;A01;0.424875;0;4.486538;
E02;J’ouvre les volets/rideaux pour profiter de la lumière du jour.;Electricité; VERT ;Groupe_Vert;opossum;12/01/2025;A06;0.027408;0;0;
E01;J'éteins la lumière quand je quitte une pièce;Electricité; VERT ;Groupe_Vert;opossum;12/01/2025;A05;0.027408;0;0;
C03;Je consomme des fruits et légumes de saison;Courses; VERT ;Groupe_Vert;lézardpinocchio;13/01/2025;A11;6.932;0;0;
E02;J’ouvre les volets/rideaux pour profiter de la lumière du jour.;Electricité; VERT ;Groupe_Vert;lézardpinocchio;13/01/2025;A06;0.027408;0;0;
E01;J'éteins la lumière quand je quitte une pièce;Electricité; VERT ;Groupe_Vert;lézardpinocchio;13/01/2025;A05;0.027408;0;0;
W03;"Je ferme l""eau quand je me savonne.";Eau; VERT ;Groupe_Vert;lézardpinocchio;13/01/2025;A07;0.004964;12.6;0;
W05;"Je prends une douche plutôt qu""un bain.";Eau; VERT ;Groupe_Vert;lézardpinocchio;13/01/2025;A08;0.140658;357;0;
W03;"Ne pas gaspiller l""eau que l’on boit.";Eau; VERT ;Groupe_Vert;lézardpinocchio;13/01/2025;A13;0.004964;12.6;0;
B01;Je n'arrache pas les végétaux.;Biodiversité; VERT ;Groupe_Vert;lézardpinocchio;13/01/2025;A10;0;0;0;
D10;Réutiliser des bouteilles vides.;Déchets; VERT ;Groupe_Vert;lézardpinocchio;13/01/2025;A14;0.54243;0;0.21;
D10;Utiliser moins de plastique pour faire les courses (ou les réutiliser).;Déchets; VERT ;Groupe_Vert;lézardpinocchio;13/01/2025;A12;0.54243;0;0.21;
C03;Je consomme des fruits et légumes de saison;Courses; VERT ;Groupe_Vert;koala;06/04/2025;A11;6.932;0;0;
C03;Je consomme des fruits et légumes de saison;Courses; VERT ;Groupe_Vert;koala;02/02/2025;A11;6.932;0;0;
D04;Dans l'enceinte de l'école, je ramasse les déchets que je vois.;Déchets; VERT ;Groupe_Vert;koala;02/02/2025;A02;0.00947;0;0.1;
D03;Je ne jette pas de déchet par terre.;Déchets; VERT ;Groupe_Vert;koala;02/02/2025;A01;0.424875;0;4.486538;
B01;Je n'arrache pas les végétaux.;Biodiversité; VERT ;Groupe_Vert;koala;02/02/2025;A10;0;0;0;
E01;J'éteins la lumière quand je quitte une pièce;Electricité; VERT ;Groupe_Vert;koala;02/02/2025;A05;0.027408;0;0;=
W05;"Je prends une douche plutôt qu""un bain.";Eau; VERT ;Groupe_Vert;koala;02/02/2025;A08;0.140658;357;0;
T03;Remplacer la voiture lors de courts trajets : vélo, trottinette, à pied, transports en commun.;Transport; VERT ;Groupe_Vert;koala;02/02/2025;A03;0.506;0;0;
C03;Je consomme des fruits et légumes de saison;Courses; VERT ;Groupe_Vert;vipère;02/02/2025;A11;6.932;0;0;
D10;Utiliser moins de plastique pour faire les courses (ou les réutiliser).;Déchets; VERT ;Groupe_Vert;vipère;02/02/2025;A12;0.54243;0;0.21;
D10;Réutiliser des bouteilles vides.;Déchets; VERT ;Groupe_Vert;vipère;02/02/2025;A14;0.54243;0;0.21;
B02;"Je n""embête pas les petites bêtes.";Biodiversité; VERT ;Groupe_Vert;vipère;02/02/2025;A09;0;0;0;
W03;"Je ferme l""eau quand je me savonne.";Eau; VERT ;Groupe_Vert;vipère;02/02/2025;A07;0.004964;12.6;0;
W03;"Ne pas gaspiller l""eau que l’on boit.";Eau; VERT ;Groupe_Vert;vipère;02/02/2025;A13;0.004964;12.6;0;
E02;J’ouvre les volets/rideaux pour profiter de la lumière du jour.;Electricité; VERT ;Groupe_Vert;vipère;02/02/2025;A06;0.027408;0;0;
C03;Je consomme des fruits et légumes de saison;Courses; VERT ;Groupe_Vert;matamata;03/02/2025;A11;6.932;0;0;
D10;Utiliser moins de plastique pour faire les courses (ou les réutiliser).;Déchets; VERT ;Groupe_Vert;matamata;03/02/2025;A12;0.54243;0;0.21;
B01;Je n'arrache pas les végétaux.;Biodiversité; VERT ;Groupe_Vert;matamata;03/02/2025;A10;0;0;0;
W03;"Ne pas gaspiller l""eau que l’on boit.";Eau; VERT ;Groupe_Vert;matamata;03/02/2025;A13;0.004964;12.6;0;
E01;J'éteins la lumière quand je quitte une pièce;Electricité; VERT ;Groupe_Vert;matamata;03/02/2025;A05;0.027408;0;0;
D02;Éviter le gaspillage alimentaire : se servir moins, garder pour plus tard.;Déchets; VERT ;Groupe_Vert;matamata;03/02/2025;A04;2.453511;0;1.390385;
C03;Je consomme des fruits et légumes de saison;Courses; VERT ;Groupe_Vert;koala;08/02/2025;A11;6.932;0;0;
D04;Dans l'enceinte de l'école, je ramasse les déchets que je vois.;Déchets; VERT ;Groupe_Vert;koala;08/02/2025;A02;0.00947;0;0.1;
D03;Je ne jette pas de déchet par terre.;Déchets; VERT ;Groupe_Vert;koala;08/02/2025;A01;0.424875;0;4.486538;
E02;J’ouvre les volets/rideaux pour profiter de la lumière du jour.;Electricité; VERT ;Groupe_Vert;koala;08/02/2025;A06;0.027408;0;0;
W03;"Je ferme l""eau quand je me savonne.";Eau; VERT ;Groupe_Vert;koala;08/02/2025;A07;0.004964;12.6;0;
W03;"Ne pas gaspiller l""eau que l’on boit.";Eau; VERT ;Groupe_Vert;koala;08/02/2025;A13;0.004964;12.6;0;
C03;Je consomme des fruits et légumes de saison;Courses; VERT ;Groupe_Vert;seiche;08/02/2025;A11;6.932;0;0;
D04;Dans l'enceinte de l'école, je ramasse les déchets que je vois.;Déchets; VERT ;Groupe_Vert;seiche;08/02/2025;A02;0.00947;0;0.1;
D03;Je ne jette pas de déchet par terre.;Déchets; VERT ;Groupe_Vert;seiche;08/02/2025;A01;0.424875;0;4.486538;
B01;Je n'arrache pas les végétaux.;Biodiversité; VERT ;Groupe_Vert;seiche;08/02/2025;A10;0;0;0;
W05;"Je prends une douche plutôt qu""un bain.";Eau; VERT ;Groupe_Vert;seiche;08/02/2025;A08;0.140658;357;0;
T03;Remplacer la voiture lors de courts trajets : vélo, trottinette, à pied, transports en commun.;Transport; VERT ;Groupe_Vert;seiche;08/02/2025;A03;0.506;0;0;
E01;J'éteins la lumière quand je quitte une pièce;Electricité; VERT ;Groupe_Vert;seiche;08/02/2025;A05;0.027408;0;0;
D10;Réutiliser des bouteilles vides.;Déchets; VERT ;Groupe_Vert;poissoncrocodile;09/02/2025;A14;0.54243;0;0.21;
D10;Utiliser moins de plastique pour faire les courses (ou les réutiliser).;Déchets; VERT ;Groupe_Vert;poissoncrocodile;09/02/2025;A12;0.54243;0;0.21;
C03;Je consomme des fruits et légumes de saison;Courses; VERT ;Groupe_Vert;poissoncrocodile;09/02/2025;A11;6.932;0;0;
B01;Je n'arrache pas les végétaux.;Biodiversité; VERT ;Groupe_Vert;poissoncrocodile;09/02/2025;A10;0;0;0;
W05;"Je prends une douche plutôt qu""un bain.";Eau; VERT ;Groupe_Vert;poissoncrocodile;09/02/2025;A08;0.140658;357;0;
T03;Remplacer la voiture lors de courts trajets : vélo, trottinette, à pied, transports en commun.;Transport; VERT ;Groupe_Vert;poissoncrocodile;09/02/2025;A03;0.506;0;0;
E01;J'éteins la lumière quand je quitte une pièce;Electricité; VERT ;Groupe_Vert;poissoncrocodile;09/02/2025;A05;0.027408;0;0;
E02;J’ouvre les volets/rideaux pour profiter de la lumière du jour.;Electricité; VERT ;Groupe_Vert;matamata;09/02/2025;A06;0.027408;0;0;
W05;"Je prends une douche plutôt qu""un bain.";Eau; VERT ;Groupe_Vert;matamata;09/02/2025;A08;0.140658;357;0;
B02;"Je n""embête pas les petites bêtes.";Biodiversité; VERT ;Groupe_Vert;matamata;09/02/2025;A09;0;0;0;
D10;Utiliser moins de plastique pour faire les courses (ou les réutiliser).;Déchets; VERT ;Groupe_Vert;matamata;09/02/2025;A12;0.54243;0;0.21;
W05;"Je prends une douche plutôt qu""un bain.";Eau; VERT ;Groupe_Vert;vipère;10/02/2025;A08;0.140658;357;0;
W03;"Ne pas gaspiller l""eau que l’on boit.";Eau; VERT ;Groupe_Vert;vipère;10/02/2025;A13;0.004964;12.6;0;
B01;Je n'arrache pas les végétaux.;Biodiversité; VERT ;Groupe_Vert;vipère;10/02/2025;A10;0;0;0;
E02;J’ouvre les volets/rideaux pour profiter de la lumière du jour.;Electricité; VERT ;Groupe_Vert;vipère;10/02/2025;A06;0.027408;0;0;
D04;Dans l'enceinte de l'école, je ramasse les déchets que je vois.;Déchets; VERT ;Groupe_Vert;papillonhibou;10/02/2025;A02;0.00947;0;0.1;
C03;Je consomme des fruits et légumes de saison;Courses; VERT ;Groupe_Vert;koala;16/02/2025;A11;6.932;0;0;
D10;Réutiliser des bouteilles vides.;Déchets; VERT ;Groupe_Vert;koala;16/02/2025;A14;0.54243;0;0.21;
D03;Je ne jette pas de déchet par terre.;Déchets; VERT ;Groupe_Vert;koala;16/02/2025;A01;0.424875;0;4.486538;
E02;J’ouvre les volets/rideaux pour profiter de la lumière du jour.;Electricité; VERT ;Groupe_Vert;koala;16/02/2025;A06;0.027408;0;0;
W03;"Je ferme l""eau quand je me savonne.";Eau; VERT ;Groupe_Vert;koala;16/02/2025;A07;0.004964;12.6;0;
W05;"Je prends une douche plutôt qu""un bain.";Eau; VERT ;Groupe_Vert;koala;16/02/2025;A08;0.140658;357;0;
T03;Remplacer la voiture lors de courts trajets : vélo, trottinette, à pied, transports en commun.;Transport; VERT ;Groupe_Vert;koala;16/02/2025;A03;0.506;0;0;
E02;J’ouvre les volets/rideaux pour profiter de la lumière du jour.;Electricité; VERT ;Groupe_Vert;matamata;16/02/2025;A06;0.027408;0;0;
W05;"Je prends une douche plutôt qu""un bain.";Eau; VERT ;Groupe_Vert;matamata;16/02/2025;A08;0.140658;357;0;
B01;Je n'arrache pas les végétaux.;Biodiversité; VERT ;Groupe_Vert;matamata;16/02/2025;A10;0;0;0;
D03;Je ne jette pas de déchet par terre.;Déchets; VERT ;Groupe_Vert;matamata;16/02/2025;A01;0.424875;0;4.486538;
E02;J’ouvre les volets/rideaux pour profiter de la lumière du jour.;Electricité; VERT ;Groupe_Vert;papillonhibou;17/02/2025;A06;0.027408;0;0;
C03;Je consomme des fruits et légumes de saison;Courses; VERT ;Groupe_Vert;papillonhibou;17/02/2025;A11;6.932;0;0;
D02;Éviter le gaspillage alimentaire : se servir moins, garder pour plus tard.;Déchets; VERT ;Groupe_Vert;lézardpinocchio;13/01/2025;A04;2.453511;0;1.390385;
D04;Dans l'enceinte de l'école, je ramasse les déchets que je vois.;Déchets; VERT ;Groupe_Vert;lézardpinocchio;13/01/2025;A02;0.00947;0;0.1;
D03;Je ne jette pas de déchet par terre.;Déchets; VERT ;Groupe_Vert;lézardpinocchio;13/01/2025;A01;0.424875;0;4.486538;
C03;Je consomme des fruits et légumes de saison;Courses; VERT ;Groupe_Vert;robertlediable;14/01/2025;A11;6.932;0;0;
D10;Réutiliser des bouteilles vides.;Déchets; VERT ;Groupe_Vert;robertlediable;14/01/2025;A14;0.54243;0;0.21;
D04;Dans l'enceinte de l'école, je ramasse les déchets que je vois.;Déchets; VERT ;Groupe_Vert;robertlediable;14/01/2025;A02;0.00947;0;0.1;
D10;Utiliser moins de plastique pour faire les courses (ou les réutiliser).;Déchets; VERT ;Groupe_Vert;robertlediable;14/01/2025;A12;0.54243;0;0.21;
D03;Je ne jette pas de déchet par terre.;Déchets; VERT ;Groupe_Vert;robertlediable;14/01/2025;A01;0.424875;0;4.486538;
B02;"Je n""embête pas les petites bêtes.";Biodiversité; VERT ;Groupe_Vert;robertlediable;14/01/2025;A09;0;0;0;
B01;Je n'arrache pas les végétaux.;Biodiversité; VERT ;Groupe_Vert;robertlediable;14/01/2025;A10;0;0;0;
W03;"Je ferme l""eau quand je me savonne.";Eau; VERT ;Groupe_Vert;robertlediable;14/01/2025;A07;0.004964;12.6;0;
W05;"Je prends une douche plutôt qu""un bain.";Eau; VERT ;Groupe_Vert;robertlediable;14/01/2025;A08;0.140658;357;0;
W03;"Ne pas gaspiller l""eau que l’on boit.";Eau; VERT ;Groupe_Vert;robertlediable;14/01/2025;A13;0.004964;12.6;0;
T03;Remplacer la voiture lors de courts trajets : vélo, trottinette, à pied, transports en commun.;Transport; VERT ;Groupe_Vert;robertlediable;14/01/2025;A03;0.506;0;0;
E02;J’ouvre les volets/rideaux pour profiter de la lumière du jour.;Electricité; VERT ;Groupe_Vert;robertlediable;14/01/2025;A06;0.027408;0;0;
E01;J'éteins la lumière quand je quitte une pièce;Electricité; VERT ;Groupe_Vert;robertlediable;14/01/2025;A05;0.027408;0;0;
C03;Je consomme des fruits et légumes de saison;Courses; VERT ;Groupe_Vert;koala;17/01/2025;A11;6.932;0;0;
D02;Éviter le gaspillage alimentaire : se servir moins, garder pour plus tard.;Déchets; VERT ;Groupe_Vert;koala;17/01/2025;A04;2.453511;0;1.390385;
D10;Réutiliser des bouteilles vides.;Déchets; VERT ;Groupe_Vert;koala;17/01/2025;A14;0.54243;0;0.21;
D10;Utiliser moins de plastique pour faire les courses (ou les réutiliser).;Déchets; VERT ;Groupe_Vert;koala;17/01/2025;A12;0.54243;0;0.21;
D03;Je ne jette pas de déchet par terre.;Déchets; VERT ;Groupe_Vert;koala;17/01/2025;A01;0.424875;0;4.486538;
D04;Dans l'enceinte de l'école, je ramasse les déchets que je vois.;Déchets; VERT ;Groupe_Vert;koala;17/01/2025;A02;0.00947;0;0.1;
B02;"Je n""embête pas les petites bêtes.";Biodiversité; VERT ;Groupe_Vert;koala;17/01/2025;A09;0;0;0;
B01;Je n'arrache pas les végétaux.;Biodiversité; VERT ;Groupe_Vert;koala;17/01/2025;A10;0;0;0;
E02;J’ouvre les volets/rideaux pour profiter de la lumière du jour.;Electricité; VERT ;Groupe_Vert;koala;17/01/2025;A06;0.027408;0;0;
E01;J'éteins la lumière quand je quitte une pièce;Electricité; VERT ;Groupe_Vert;koala;17/01/2025;A05;0.027408;0;0;
W03;"Je ferme l""eau quand je me savonne.";Eau; VERT ;Groupe_Vert;koala;17/01/2025;A07;0.004964;12.6;0;
W05;"Je prends une douche plutôt qu""un bain.";Eau; VERT ;Groupe_Vert;koala;17/01/2025;A08;0.140658;357;0;
W03;"Ne pas gaspiller l""eau que l’on boit.";Eau; VERT ;Groupe_Vert;koala;17/01/2025;A13;0.004964;12.6;0;
T03;Remplacer la voiture lors de courts trajets : vélo, trottinette, à pied, transports en commun.;Transport; VERT ;Groupe_Vert;koala;17/01/2025;A03;0.506;0;0;
C03;Je consomme des fruits et légumes de saison;Courses; VERT ;Groupe_Vert;seiche;17/01/2025;A11;6.932;0;0;
D02;Éviter le gaspillage alimentaire : se servir moins, garder pour plus tard.;Déchets; VERT ;Groupe_Vert;seiche;17/01/2025;A04;2.453511;0;1.390385;
D04;Dans l'enceinte de l'école, je ramasse les déchets que je vois.;Déchets; VERT ;Groupe_Vert;seiche;17/01/2025;A02;0.00947;0;0.1;
D10;Utiliser moins de plastique pour faire les courses (ou les réutiliser).;Déchets; VERT ;Groupe_Vert;seiche;17/01/2025;A12;0.54243;0;0.21;
D03;Je ne jette pas de déchet par terre.;Déchets; VERT ;Groupe_Vert;seiche;17/01/2025;A01;0.424875;0;4.486538;
B02;"Je n""embête pas les petites bêtes.";Biodiversité; VERT ;Groupe_Vert;seiche;17/01/2025;A09;0;0;0;
B01;Je n'arrache pas les végétaux.;Biodiversité; VERT ;Groupe_Vert;seiche;17/01/2025;A10;0;0;0;
W03;"Je ferme l""eau quand je me savonne.";Eau; VERT ;Groupe_Vert;seiche;17/01/2025;A07;0.004964;12.6;0;
W05;"Je prends une douche plutôt qu""un bain.";Eau; VERT ;Groupe_Vert;seiche;17/01/2025;A08;0.140658;357;0;
W03;"Ne pas gaspiller l""eau que l’on boit.";Eau; VERT ;Groupe_Vert;seiche;17/01/2025;A13;0.004964;12.6;0;
E02;J’ouvre les volets/rideaux pour profiter de la lumière du jour.;Electricité; VERT ;Groupe_Vert;seiche;17/01/2025;A06;0.027408;0;0;
E01;J'éteins la lumière quand je quitte une pièce;Electricité; VERT ;Groupe_Vert;seiche;17/01/2025;A05;0.027408;0;0;
C03;Je consomme des fruits et légumes de saison;Courses; VERT ;Groupe_Vert;gecko;17/01/2025;A11;6.932;0;0;
D10;Réutiliser des bouteilles vides.;Déchets; VERT ;Groupe_Vert;gecko;17/01/2025;A14;0.54243;0;0.21;
D04;Dans l'enceinte de l'école, je ramasse les déchets que je vois.;Déchets; VERT ;Groupe_Vert;gecko;17/01/2025;A02;0.00947;0;0.1;
D03;Je ne jette pas de déchet par terre.;Déchets; VERT ;Groupe_Vert;gecko;17/01/2025;A01;0.424875;0;4.486538;
C03;Je consomme des fruits et légumes de saison;Courses; VERT ;Groupe_Vert;bettongie;18/01/2025;A11;6.932;0;0;
D10;Réutiliser des bouteilles vides.;Déchets; VERT ;Groupe_Vert;bettongie;18/01/2025;A14;0.54243;0;0.21;
D04;Dans l'enceinte de l'école, je ramasse les déchets que je vois.;Déchets; VERT ;Groupe_Vert;bettongie;18/01/2025;A02;0.00947;0;0.1;
D10;Utiliser moins de plastique pour faire les courses (ou les réutiliser).;Déchets; VERT ;Groupe_Vert;bettongie;18/01/2025;A12;0.54243;0;0.21;
D03;Je ne jette pas de déchet par terre.;Déchets; VERT ;Groupe_Vert;bettongie;18/01/2025;A01;0.424875;0;4.486538;
B02;"Je n""embête pas les petites bêtes.";Biodiversité; VERT ;Groupe_Vert;bettongie;18/01/2025;A09;0;0;0;
B01;Je n'arrache pas les végétaux.;Biodiversité; VERT ;Groupe_Vert;bettongie;18/01/2025;A10;0;0;0;
W03;"Je ferme l""eau quand je me savonne.";Eau; VERT ;Groupe_Vert;bettongie;18/01/2025;A07;0.004964;12.6;0;
W03;"Ne pas gaspiller l""eau que l’on boit.";Eau; VERT ;Groupe_Vert;bettongie;18/01/2025;A13;0.004964;12.6;0;
T03;Remplacer la voiture lors de courts trajets : vélo, trottinette, à pied, transports en commun.;Transport; VERT ;Groupe_Vert;bettongie;18/01/2025;A03;0.506;0;0;
E02;J’ouvre les volets/rideaux pour profiter de la lumière du jour.;Electricité; VERT ;Groupe_Vert;bettongie;18/01/2025;A06;0.027408;0;0;
C03;Je consomme des fruits et légumes de saison;Courses; VERT ;Groupe_Vert;matamata;19/01/2025;A11;6.932;0;0;
W05;"Je prends une douche plutôt qu""un bain.";Eau; VERT ;Groupe_Vert;matamata;19/01/2025;A08;0.140658;357;0;
W03;"Je ferme l""eau quand je me savonne.";Eau; VERT ;Groupe_Vert;matamata;19/01/2025;A07;0.004964;12.6;0;
W03;"Ne pas gaspiller l""eau que l’on boit.";Eau; VERT ;Groupe_Vert;matamata;19/01/2025;A13;0.004964;12.6;0;
B02;"Je n""embête pas les petites bêtes.";Biodiversité; VERT ;Groupe_Vert;matamata;19/01/2025;A09;0;0;0;
D10;Utiliser moins de plastique pour faire les courses (ou les réutiliser).;Déchets; VERT ;Groupe_Vert;matamata;19/01/2025;A12;0.54243;0;0.21;
D03;Je ne jette pas de déchet par terre.;Déchets; VERT ;Groupe_Vert;matamata;19/01/2025;A01;0.424875;0;4.486538;
T03;Remplacer la voiture lors de courts trajets : vélo, trottinette, à pied, transports en commun.;Transport; VERT ;Groupe_Vert;matamata;19/01/2025;A03;0.506;0;0;
E02;J’ouvre les volets/rideaux pour profiter de la lumière du jour.;Electricité; VERT ;Groupe_Vert;matamata;19/01/2025;A06;0.027408;0;0;
B01;Je n'arrache pas les végétaux.;Biodiversité; VERT ;Groupe_Vert;matamata;19/01/2025;A10;0;0;0;
C03;Je consomme des fruits et légumes de saison;Courses; VERT ;Groupe_Vert;raiehérisson;19/01/2025;A11;6.932;0;0;
D02;Éviter le gaspillage alimentaire : se servir moins, garder pour plus tard.;Déchets; VERT ;Groupe_Vert;raiehérisson;19/01/2025;A04;2.453511;0;1.390385;
D10;Réutiliser des bouteilles vides.;Déchets; VERT ;Groupe_Vert;raiehérisson;19/01/2025;A14;0.54243;0;0.21;
D04;Dans l'enceinte de l'école, je ramasse les déchets que je vois.;Déchets; VERT ;Groupe_Vert;raiehérisson;19/01/2025;A02;0.00947;0;0.1;
D10;Utiliser moins de plastique pour faire les courses (ou les réutiliser).;Déchets; VERT ;Groupe_Vert;raiehérisson;19/01/2025;A12;0.54243;0;0.21;
D03;Je ne jette pas de déchet par terre.;Déchets; VERT ;Groupe_Vert;raiehérisson;19/01/2025;A01;0.424875;0;4.486538;
B02;"Je n""embête pas les petites bêtes.";Biodiversité; VERT ;Groupe_Vert;raiehérisson;19/01/2025;A09;0;0;0;
B01;Je n'arrache pas les végétaux.;Biodiversité; VERT ;Groupe_Vert;raiehérisson;19/01/2025;A10;0;0;0;
W05;"Je prends une douche plutôt qu""un bain.";Eau; VERT ;Groupe_Vert;raiehérisson;19/01/2025;A08;0.140658;357;0;
E02;J’ouvre les volets/rideaux pour profiter de la lumière du jour.;Electricité; VERT ;Groupe_Vert;raiehérisson;19/01/2025;A06;0.027408;0;0;
T03;Remplacer la voiture lors de courts trajets : vélo, trottinette, à pied, transports en commun.;Transport; VERT ;Groupe_Vert;raiehérisson;19/01/2025;A03;0.506;0;0;
D02;Éviter le gaspillage alimentaire : se servir moins, garder pour plus tard.;Déchets; VERT ;Groupe_Vert;brookesie;19/01/2025;A04;2.453511;0;1.390385;
D04;Dans l'enceinte de l'école, je ramasse les déchets que je vois.;Déchets; VERT ;Groupe_Vert;brookesie;19/01/2025;A02;0.00947;0;0.1;
D10;Utiliser moins de plastique pour faire les courses (ou les réutiliser).;Déchets; VERT ;Groupe_Vert;brookesie;19/01/2025;A12;0.54243;0;0.21;
B01;Je n'arrache pas les végétaux.;Biodiversité; VERT ;Groupe_Vert;brookesie;19/01/2025;A10;0;0;0;
E01;J'éteins la lumière quand je quitte une pièce;Electricité; VERT ;Groupe_Vert;brookesie;19/01/2025;A05;0.027408;0;0;
W05;"Je prends une douche plutôt qu""un bain.";Eau; VERT ;Groupe_Vert;brookesie;19/01/2025;A08;0.140658;357;0;
T03;Remplacer la voiture lors de courts trajets : vélo, trottinette, à pied, transports en commun.;Transport; VERT ;Groupe_Vert;brookesie;19/01/2025;A03;0.506;0;0;
D02;Éviter le gaspillage alimentaire : se servir moins, garder pour plus tard.;Déchets; VERT ;Groupe_Vert;koala;02/02/2025;A04;2.453511;0;1.390385;
D10;Réutiliser des bouteilles vides.;Déchets; VERT ;Groupe_Vert;koala;02/02/2025;A14;0.54243;0;0.21;
D10;Utiliser moins de plastique pour faire les courses (ou les réutiliser).;Déchets; VERT ;Groupe_Vert;koala;02/02/2025;A12;0.54243;0;0.21;
B02;"Je n""embête pas les petites bêtes.";Biodiversité; VERT ;Groupe_Vert;koala;02/02/2025;A09;0;0;0;
E02;J’ouvre les volets/rideaux pour profiter de la lumière du jour.;Electricité; VERT ;Groupe_Vert;koala;02/02/2025;A06;0.027408;0;0;
W03;"Je ferme l""eau quand je me savonne.";Eau; VERT ;Groupe_Vert;koala;02/02/2025;A07;0.004964;12.6;0;
W03;"Ne pas gaspiller l""eau que l’on boit.";Eau; VERT ;Groupe_Vert;koala;02/02/2025;A13;0.004964;12.6;0;
D03;Je ne jette pas de déchet par terre.;Déchets; VERT ;Groupe_Vert;vipère;02/02/2025;A01;0.424875;0;4.486538;
D02;Éviter le gaspillage alimentaire : se servir moins, garder pour plus tard.;Déchets; VERT ;Groupe_Vert;vipère;02/02/2025;A04;2.453511;0;1.390385;
D04;Dans l'enceinte de l'école, je ramasse les déchets que je vois.;Déchets; VERT ;Groupe_Vert;vipère;02/02/2025;A02;0.00947;0;0.1;
B01;Je n'arrache pas les végétaux.;Biodiversité; VERT ;Groupe_Vert;vipère;02/02/2025;A10;0;0;0;
W05;"Je prends une douche plutôt qu""un bain.";Eau; VERT ;Groupe_Vert;vipère;02/02/2025;A08;0.140658;357;0;
T03;Remplacer la voiture lors de courts trajets : vélo, trottinette, à pied, transports en commun.;Transport; VERT ;Groupe_Vert;vipère;02/02/2025;A03;0.506;0;0;
E01;J'éteins la lumière quand je quitte une pièce;Electricité; VERT ;Groupe_Vert;vipère;02/02/2025;A05;0.027408;0;0;
D03;Je ne jette pas de déchet par terre.;Déchets; VERT ;Groupe_Vert;matamata;03/02/2025;A01;0.424875;0;4.486538;
B02;"Je n""embête pas les petites bêtes.";Biodiversité; VERT ;Groupe_Vert;matamata;03/02/2025;A09;0;0;0;
W05;"Je prends une douche plutôt qu""un bain.";Eau; VERT ;Groupe_Vert;matamata;03/02/2025;A08;0.140658;357;0;
E02;J’ouvre les volets/rideaux pour profiter de la lumière du jour.;Electricité; VERT ;Groupe_Vert;matamata;03/02/2025;A06;0.027408;0;0;
T03;Remplacer la voiture lors de courts trajets : vélo, trottinette, à pied, transports en commun.;Transport; VERT ;Groupe_Vert;matamata;03/02/2025;A03;0.506;0;0;
D02;Éviter le gaspillage alimentaire : se servir moins, garder pour plus tard.;Déchets; VERT ;Groupe_Vert;koala;08/02/2025;A04;2.453511;0;1.390385;
D10;Réutiliser des bouteilles vides.;Déchets; VERT ;Groupe_Vert;koala;08/02/2025;A14;0.54243;0;0.21;
D10;Utiliser moins de plastique pour faire les courses (ou les réutiliser).;Déchets; VERT ;Groupe_Vert;koala;08/02/2025;A12;0.54243;0;0.21;
B02;"Je n""embête pas les petites bêtes.";Biodiversité; VERT ;Groupe_Vert;koala;08/02/2025;A09;0;0;0;
B01;Je n'arrache pas les végétaux.;Biodiversité; VERT ;Groupe_Vert;koala;08/02/2025;A10;0;0;0;
E01;J'éteins la lumière quand je quitte une pièce;Electricité; VERT ;Groupe_Vert;koala;08/02/2025;A05;0.027408;0;0;
W05;"Je prends une douche plutôt qu""un bain.";Eau; VERT ;Groupe_Vert;koala;08/02/2025;A08;0.140658;357;0;
T03;Remplacer la voiture lors de courts trajets : vélo, trottinette, à pied, transports en commun.;Transport; VERT ;Groupe_Vert;koala;08/02/2025;A03;0.506;0;0;
D02;Éviter le gaspillage alimentaire : se servir moins, garder pour plus tard.;Déchets; VERT ;Groupe_Vert;seiche;08/02/2025;A04;2.453511;0;1.390385;
D10;Utiliser moins de plastique pour faire les courses (ou les réutiliser).;Déchets; VERT ;Groupe_Vert;seiche;08/02/2025;A12;0.54243;0;0.21;
B02;"Je n""embête pas les petites bêtes.";Biodiversité; VERT ;Groupe_Vert;seiche;08/02/2025;A09;0;0;0;
W03;"Je ferme l""eau quand je me savonne.";Eau; VERT ;Groupe_Vert;seiche;08/02/2025;A07;0.004964;12.6;0;
W03;"Ne pas gaspiller l""eau que l’on boit.";Eau; VERT ;Groupe_Vert;seiche;08/02/2025;A13;0.004964;12.6;0;
E02;J’ouvre les volets/rideaux pour profiter de la lumière du jour.;Electricité; VERT ;Groupe_Vert;seiche;08/02/2025;A06;0.027408;0;0;
D02;Éviter le gaspillage alimentaire : se servir moins, garder pour plus tard.;Déchets; VERT ;Groupe_Vert;poissoncrocodile;09/02/2025;A04;2.453511;0;1.390385;
D04;Dans l'enceinte de l'école, je ramasse les déchets que je vois.;Déchets; VERT ;Groupe_Vert;poissoncrocodile;09/02/2025;A02;0.00947;0;0.1;
D03;Je ne jette pas de déchet par terre.;Déchets; VERT ;Groupe_Vert;poissoncrocodile;09/02/2025;A01;0.424875;0;4.486538;
B02;"Je n""embête pas les petites bêtes.";Biodiversité; VERT ;Groupe_Vert;poissoncrocodile;09/02/2025;A09;0;0;0;
W03;"Je ferme l""eau quand je me savonne.";Eau; VERT ;Groupe_Vert;poissoncrocodile;09/02/2025;A07;0.004964;12.6;0;
W03;"Ne pas gaspiller l""eau que l’on boit.";Eau; VERT ;Groupe_Vert;poissoncrocodile;09/02/2025;A13;0.004964;12.6;0;
E02;J’ouvre les volets/rideaux pour profiter de la lumière du jour.;Electricité; VERT ;Groupe_Vert;poissoncrocodile;09/02/2025;A06;0.027408;0;0;
C03;Je consomme des fruits et légumes de saison;Courses; VERT ;Groupe_Vert;matamata;09/02/2025;A11;6.932;0;0;
T03;Remplacer la voiture lors de courts trajets : vélo, trottinette, à pied, transports en commun.;Transport; VERT ;Groupe_Vert;matamata;09/02/2025;A03;0.506;0;0;
W03;"Ne pas gaspiller l""eau que l’on boit.";Eau; VERT ;Groupe_Vert;matamata;09/02/2025;A13;0.004964;12.6;0;
B01;Je n'arrache pas les végétaux.;Biodiversité; VERT ;Groupe_Vert;matamata;09/02/2025;A10;0;0;0;
D03;Je ne jette pas de déchet par terre.;Déchets; VERT ;Groupe_Vert;matamata;09/02/2025;A01;0.424875;0;4.486538;
C03;Je consomme des fruits et légumes de saison;Courses; VERT ;Groupe_Vert;vipère;10/02/2025;A11;6.932;0;0;
W03;"Je ferme l""eau quand je me savonne.";Eau; VERT ;Groupe_Vert;vipère;10/02/2025;A07;0.004964;12.6;0;
B02;"Je n""embête pas les petites bêtes.";Biodiversité; VERT ;Groupe_Vert;vipère;10/02/2025;A09;0;0;0;
T03;Remplacer la voiture lors de courts trajets : vélo, trottinette, à pied, transports en commun.;Transport; VERT ;Groupe_Vert;vipère;10/02/2025;A03;0.506;0;0;
E01;J'éteins la lumière quand je quitte une pièce;Electricité; VERT ;Groupe_Vert;vipère;10/02/2025;A05;0.027408;0;0;
C03;Je consomme des fruits et légumes de saison;Courses; VERT ;Groupe_Vert;poissoncrocodile;19/02/2025;A11;6.932;0;0;
D04;Dans l'enceinte de l'école, je ramasse les déchets que je vois.;Déchets; VERT ;Groupe_Vert;poissoncrocodile;19/02/2025;A02;0.00947;0;0.1;
D10;Utiliser moins de plastique pour faire les courses (ou les réutiliser).;Déchets; VERT ;Groupe_Vert;poissoncrocodile;19/02/2025;A12;0.54243;0;0.21;
B02;"Je n""embête pas les petites bêtes.";Biodiversité; VERT ;Groupe_Vert;poissoncrocodile;19/02/2025;A09;0;0;0;
W03;"Je ferme l""eau quand je me savonne.";Eau; VERT ;Groupe_Vert;poissoncrocodile;19/02/2025;A07;0.004964;12.6;0;
W03;"Ne pas gaspiller l""eau que l’on boit.";Eau; VERT ;Groupe_Vert;poissoncrocodile;19/02/2025;A13;0.004964;12.6;0;
E02;J’ouvre les volets/rideaux pour profiter de la lumière du jour.;Electricité; VERT ;Groupe_Vert;poissoncrocodile;19/02/2025;A06;0.027408;0;0;
C03;Je consomme des fruits et légumes de saison;Courses; VERT ;Groupe_Vert;brookesie;19/02/2025;A11;6.932;0;0;
D10;Réutiliser des bouteilles vides.;Déchets; VERT ;Groupe_Vert;brookesie;19/02/2025;A14;0.54243;0;0.21;
D03;Je ne jette pas de déchet par terre.;Déchets; VERT ;Groupe_Vert;brookesie;19/02/2025;A01;0.424875;0;4.486538;
B02;"Je n""embête pas les petites bêtes.";Biodiversité; VERT ;Groupe_Vert;brookesie;19/02/2025;A09;0;0;0;
E02;J’ouvre les volets/rideaux pour profiter de la lumière du jour.;Electricité; VERT ;Groupe_Vert;brookesie;19/02/2025;A06;0.027408;0;0;
W03;"Je ferme l""eau quand je me savonne.";Eau; VERT ;Groupe_Vert;brookesie;19/02/2025;A07;0.004964;12.6;0;
W03;"Ne pas gaspiller l""eau que l’on boit.";Eau; VERT ;Groupe_Vert;brookesie;19/02/2025;A13;0.004964;12.6;0;
C03;Je consomme des fruits et légumes de saison;Courses; VERT ;Groupe_Vert;raiehérisson;19/02/2025;A11;6.932;0;0;
D10;Réutiliser des bouteilles vides.;Déchets; VERT ;Groupe_Vert;raiehérisson;19/02/2025;A14;0.54243;0;0.21;
D03;Je ne jette pas de déchet par terre.;Déchets; VERT ;Groupe_Vert;raiehérisson;19/02/2025;A01;0.424875;0;4.486538;
B02;"Je n""embête pas les petites bêtes.";Biodiversité; VERT ;Groupe_Vert;raiehérisson;19/02/2025;A09;0;0;0;
E02;J’ouvre les volets/rideaux pour profiter de la lumière du jour.;Electricité; VERT ;Groupe_Vert;raiehérisson;19/02/2025;A06;0.027408;0;0;
W03;"Je ferme l""eau quand je me savonne.";Eau; VERT ;Groupe_Vert;raiehérisson;19/02/2025;A07;0.004964;12.6;0;
W03;"Ne pas gaspiller l""eau que l’on boit.";Eau; VERT ;Groupe_Vert;raiehérisson;19/02/2025;A13;0.004964;12.6;0;
D02;Éviter le gaspillage alimentaire : se servir moins, garder pour plus tard.;Déchets; VERT ;Groupe_Vert;seiche;21/02/2025;A04;2.453511;0;1.390385;
B02;"Je n""embête pas les petites bêtes.";Biodiversité; VERT ;Groupe_Vert;seiche;21/02/2025;A09;0;0;0;
W03;"Je ferme l""eau quand je me savonne.";Eau; VERT ;Groupe_Vert;seiche;21/02/2025;A07;0.004964;12.6;0;
W03;"Ne pas gaspiller l""eau que l’on boit.";Eau; VERT ;Groupe_Vert;seiche;21/02/2025;A13;0.004964;12.6;0;
E02;J’ouvre les volets/rideaux pour profiter de la lumière du jour.;Electricité; VERT ;Groupe_Vert;seiche;21/02/2025;A06;0.027408;0;0;
W03;"Je ferme l""eau quand je me savonne.";Eau; VERT ;Groupe_Vert;raiehérisson;19/01/2025;A07;0.004964;12.6;0;
W03;"Ne pas gaspiller l""eau que l’on boit.";Eau; VERT ;Groupe_Vert;raiehérisson;19/01/2025;A13;0.004964;12.6;0;
E01;J'éteins la lumière quand je quitte une pièce;Electricité; VERT ;Groupe_Vert;raiehérisson;19/01/2025;A05;0.027408;0;0;
C03;Je consomme des fruits et légumes de saison;Courses; VERT ;Groupe_Vert;brookesie;19/01/2025;A11;6.932;0;0;
D10;Réutiliser des bouteilles vides.;Déchets; VERT ;Groupe_Vert;brookesie;19/01/2025;A14;0.54243;0;0.21;
D03;Je ne jette pas de déchet par terre.;Déchets; VERT ;Groupe_Vert;brookesie;19/01/2025;A01;0.424875;0;4.486538;
B02;"Je n""embête pas les petites bêtes.";Biodiversité; VERT ;Groupe_Vert;brookesie;19/01/2025;A09;0;0;0;
E02;J’ouvre les volets/rideaux pour profiter de la lumière du jour.;Electricité; VERT ;Groupe_Vert;brookesie;19/01/2025;A06;0.027408;0;0;
W03;"Je ferme l""eau quand je me savonne.";Eau; VERT ;Groupe_Vert;brookesie;19/01/2025;A07;0.004964;12.6;0;
W03;"Ne pas gaspiller l""eau que l’on boit.";Eau; VERT ;Groupe_Vert;brookesie;19/01/2025;A13;0.004964;12.6;0;
W03;"Je ferme l""eau quand je me savonne.";Eau; VERT ;Groupe_Vert;pieuvre;20/01/2025;A07;0.004964;12.6;0;
W05;"Je prends une douche plutôt qu""un bain.";Eau; VERT ;Groupe_Vert;pieuvre;20/01/2025;A08;0.140658;357;0;
W03;"Ne pas gaspiller l""eau que l’on boit.";Eau; VERT ;Groupe_Vert;pieuvre;20/01/2025;A13;0.004964;12.6;0;
T03;Remplacer la voiture lors de courts trajets : vélo, trottinette, à pied, transports en commun.;Transport; VERT ;Groupe_Vert;pieuvre;20/01/2025;A03;0.506;0;0;
B02;"Je n""embête pas les petites bêtes.";Biodiversité; VERT ;Groupe_Vert;pieuvre;20/01/2025;A09;0;0;0;
B01;Je n'arrache pas les végétaux.;Biodiversité; VERT ;Groupe_Vert;pieuvre;20/01/2025;A10;0;0;0;
E02;J’ouvre les volets/rideaux pour profiter de la lumière du jour.;Electricité; VERT ;Groupe_Vert;pieuvre;20/01/2025;A06;0.027408;0;0;
E01;J'éteins la lumière quand je quitte une pièce;Electricité; VERT ;Groupe_Vert;pieuvre;20/01/2025;A05;0.027408;0;0;
C03;Je consomme des fruits et légumes de saison;Courses; VERT ;Groupe_Vert;pieuvre;20/01/2025;A11;6.932;0;0;
D02;Éviter le gaspillage alimentaire : se servir moins, garder pour plus tard.;Déchets; VERT ;Groupe_Vert;pieuvre;20/01/2025;A04;2.453511;0;1.390385;
D04;Dans l'enceinte de l'école, je ramasse les déchets que je vois.;Déchets; VERT ;Groupe_Vert;pieuvre;20/01/2025;A02;0.00947;0;0.1;
D10;Utiliser moins de plastique pour faire les courses (ou les réutiliser).;Déchets; VERT ;Groupe_Vert;pieuvre;20/01/2025;A12;0.54243;0;0.21;
D03;Je ne jette pas de déchet par terre.;Déchets; VERT ;Groupe_Vert;pieuvre;20/01/2025;A01;0.424875;0;4.486538;
D10;Réutiliser des bouteilles vides.;Déchets; VERT ;Groupe_Vert;pieuvre;20/01/2025;A14;0.54243;0;0.21;
T03;Remplacer la voiture lors de courts trajets : vélo, trottinette, à pied, transports en commun.;Transport; VERT ;Groupe_Vert;reinette;20/01/2025;A03;0.506;0;0;
E02;J’ouvre les volets/rideaux pour profiter de la lumière du jour.;Electricité; VERT ;Groupe_Vert;reinette;20/01/2025;A06;0.027408;0;0;
W03;"Je ferme l""eau quand je me savonne.";Eau; VERT ;Groupe_Vert;reinette;20/01/2025;A07;0.004964;12.6;0;
W05;"Je prends une douche plutôt qu""un bain.";Eau; VERT ;Groupe_Vert;reinette;20/01/2025;A08;0.140658;357;0;
W03;"Ne pas gaspiller l""eau que l’on boit.";Eau; VERT ;Groupe_Vert;reinette;20/01/2025;A13;0.004964;12.6;0;
B02;"Je n""embête pas les petites bêtes.";Biodiversité; VERT ;Groupe_Vert;reinette;20/01/2025;A09;0;0;0;
D10;Réutiliser des bouteilles vides.;Déchets; VERT ;Groupe_Vert;reinette;20/01/2025;A14;0.54243;0;0.21;
D04;Dans l'enceinte de l'école, je ramasse les déchets que je vois.;Déchets; VERT ;Groupe_Vert;reinette;20/01/2025;A02;0.00947;0;0.1;
D02;Éviter le gaspillage alimentaire : se servir moins, garder pour plus tard.;Déchets; VERT ;Groupe_Vert;reinette;20/01/2025;A04;2.453511;0;1.390385;
D10;Utiliser moins de plastique pour faire les courses (ou les réutiliser).;Déchets; VERT ;Groupe_Vert;reinette;20/01/2025;A12;0.54243;0;0.21;
D03;Je ne jette pas de déchet par terre.;Déchets; VERT ;Groupe_Vert;reinette;20/01/2025;A01;0.424875;0;4.486538;
C03;Je consomme des fruits et légumes de saison;Courses; VERT ;Groupe_Vert;reinette;20/01/2025;A11;6.932;0;0;
B01;Je n'arrache pas les végétaux.;Biodiversité; VERT ;Groupe_Vert;reinette;20/01/2025;A10;0;0;0;
W03;"Je ferme l""eau quand je me savonne.";Eau; VERT ;Groupe_Vert;tigre;23/01/2025;A07;0.004964;12.6;0;
W05;"Je prends une douche plutôt qu""un bain.";Eau; VERT ;Groupe_Vert;tigre;23/01/2025;A08;0.140658;357;0;
W03;"Ne pas gaspiller l""eau que l’on boit.";Eau; VERT ;Groupe_Vert;tigre;23/01/2025;A13;0.004964;12.6;0;
E02;J’ouvre les volets/rideaux pour profiter de la lumière du jour.;Electricité; VERT ;Groupe_Vert;tigre;23/01/2025;A06;0.027408;0;0;
E01;J'éteins la lumière quand je quitte une pièce;Electricité; VERT ;Groupe_Vert;tigre;23/01/2025;A05;0.027408;0;0;
C03;Je consomme des fruits et légumes de saison;Courses; VERT ;Groupe_Vert;seiche;24/01/2025;A11;6.932;0;0;
D02;Éviter le gaspillage alimentaire : se servir moins, garder pour plus tard.;Déchets; VERT ;Groupe_Vert;seiche;24/01/2025;A04;2.453511;0;1.390385;
D04;Dans l'enceinte de l'école, je ramasse les déchets que je vois.;Déchets; VERT ;Groupe_Vert;seiche;24/01/2025;A02;0.00947;0;0.1;
D10;Utiliser moins de plastique pour faire les courses (ou les réutiliser).;Déchets; VERT ;Groupe_Vert;seiche;24/01/2025;A12;0.54243;0;0.21;
D03;Je ne jette pas de déchet par terre.;Déchets; VERT ;Groupe_Vert;seiche;24/01/2025;A01;0.424875;0;4.486538;
B02;"Je n""embête pas les petites bêtes.";Biodiversité; VERT ;Groupe_Vert;seiche;24/01/2025;A09;0;0;0;
B01;Je n'arrache pas les végétaux.;Biodiversité; VERT ;Groupe_Vert;seiche;24/01/2025;A10;0;0;0;
W03;"Je ferme l""eau quand je me savonne.";Eau; VERT ;Groupe_Vert;seiche;24/01/2025;A07;0.004964;12.6;0;
W05;"Je prends une douche plutôt qu""un bain.";Eau; VERT ;Groupe_Vert;seiche;24/01/2025;A08;0.140658;357;0;
W03;"Ne pas gaspiller l""eau que l’on boit.";Eau; VERT ;Groupe_Vert;seiche;24/01/2025;A13;0.004964;12.6;0;
T03;Remplacer la voiture lors de courts trajets : vélo, trottinette, à pied, transports en commun.;Transport; VERT ;Groupe_Vert;seiche;24/01/2025;A03;0.506;0;0;
E02;J’ouvre les volets/rideaux pour profiter de la lumière du jour.;Electricité; VERT ;Groupe_Vert;seiche;24/01/2025;A06;0.027408;0;0;
E01;J'éteins la lumière quand je quitte une pièce;Electricité; VERT ;Groupe_Vert;seiche;24/01/2025;A05;0.027408;0;0;
W03;"Je ferme l""eau quand je me savonne.";Eau; VERT ;Groupe_Vert;pangolin;25/01/2025;A07;0.004964;12.6;0;
W03;"Ne pas gaspiller l""eau que l’on boit.";Eau; VERT ;Groupe_Vert;pangolin;25/01/2025;A13;0.004964;12.6;0;
D02;Éviter le gaspillage alimentaire : se servir moins, garder pour plus tard.;Déchets; VERT ;Groupe_Vert;pangolin;25/01/2025;A04;2.453511;0;1.390385;
D10;Utiliser moins de plastique pour faire les courses (ou les réutiliser).;Déchets; VERT ;Groupe_Vert;pangolin;25/01/2025;A12;0.54243;0;0.21;
C03;Je consomme des fruits et légumes de saison;Courses; VERT ;Groupe_Vert;pangolin;25/01/2025;A11;6.932;0;0;
C03;Je consomme des fruits et légumes de saison;Courses; VERT ;Groupe_Vert;wombat;25/01/2025;A11;6.932;0;0;
D04;Dans l'enceinte de l'école, je ramasse les déchets que je vois.;Déchets; VERT ;Groupe_Vert;wombat;25/01/2025;A02;0.00947;0;0.1;
D03;Je ne jette pas de déchet par terre.;Déchets; VERT ;Groupe_Vert;wombat;25/01/2025;A01;0.424875;0;4.486538;
B02;"Je n""embête pas les petites bêtes.";Biodiversité; VERT ;Groupe_Vert;wombat;25/01/2025;A09;0;0;0;
W03;"Je ferme l""eau quand je me savonne.";Eau; VERT ;Groupe_Vert;wombat;25/01/2025;A07;0.004964;12.6;0;
W03;"Ne pas gaspiller l""eau que l’on boit.";Eau; VERT ;Groupe_Vert;wombat;25/01/2025;A13;0.004964;12.6;0;
E02;J’ouvre les volets/rideaux pour profiter de la lumière du jour.;Electricité; VERT ;Groupe_Vert;wombat;25/01/2025;A06;0.027408;0;0;
C03;Je consomme des fruits et légumes de saison;Courses; VERT ;Groupe_Vert;bettongie;26/01/2025;A11;6.932;0;0;
D10;Réutiliser des bouteilles vides.;Déchets; VERT ;Groupe_Vert;bettongie;26/01/2025;A14;0.54243;0;0.21;
D10;Utiliser moins de plastique pour faire les courses (ou les réutiliser).;Déchets; VERT ;Groupe_Vert;bettongie;26/01/2025;A12;0.54243;0;0.21;
B02;"Je n""embête pas les petites bêtes.";Biodiversité; VERT ;Groupe_Vert;bettongie;26/01/2025;A09;0;0;0;
W03;"Je ferme l""eau quand je me savonne.";Eau; VERT ;Groupe_Vert;bettongie;26/01/2025;A07;0.004964;12.6;0;
W03;"Ne pas gaspiller l""eau que l’on boit.";Eau; VERT ;Groupe_Vert;bettongie;26/01/2025;A13;0.004964;12.6;0;
E02;J’ouvre les volets/rideaux pour profiter de la lumière du jour.;Electricité; VERT ;Groupe_Vert;bettongie;26/01/2025;A06;0.027408;0;0;
D10;Réutiliser des bouteilles vides.;Déchets; VERT ;Groupe_Vert;poissoncrocodile;26/01/2025;A14;0.54243;0;0.21;
D10;Utiliser moins de plastique pour faire les courses (ou les réutiliser).;Déchets; VERT ;Groupe_Vert;poissoncrocodile;26/01/2025;A12;0.54243;0;0.21;
B02;"Je n""embête pas les petites bêtes.";Biodiversité; VERT ;Groupe_Vert;poissoncrocodile;26/01/2025;A09;0;0;0;
W03;"Je ferme l""eau quand je me savonne.";Eau; VERT ;Groupe_Vert;poissoncrocodile;26/01/2025;A07;0.004964;12.6;0;
W03;"Ne pas gaspiller l""eau que l’on boit.";Eau; VERT ;Groupe_Vert;poissoncrocodile;26/01/2025;A13;0.004964;12.6;0;
E02;J’ouvre les volets/rideaux pour profiter de la lumière du jour.;Electricité; VERT ;Groupe_Vert;poissoncrocodile;26/01/2025;A06;0.027408;0;0;
C03;Je consomme des fruits et légumes de saison;Courses; VERT ;Groupe_Vert;koala;26/01/2025;A11;6.932;0;0;
D10;Réutiliser des bouteilles vides.;Déchets; VERT ;Groupe_Vert;koala;26/01/2025;A14;0.54243;0;0.21;
D10;Utiliser moins de plastique pour faire les courses (ou les réutiliser).;Déchets; VERT ;Groupe_Vert;koala;26/01/2025;A12;0.54243;0;0.21;
B02;"Je n""embête pas les petites bêtes.";Biodiversité; VERT ;Groupe_Vert;koala;26/01/2025;A09;0;0;0;
W03;"Je ferme l""eau quand je me savonne.";Eau; VERT ;Groupe_Vert;koala;26/01/2025;A07;0.004964;12.6;0;
W03;"Ne pas gaspiller l""eau que l’on boit.";Eau; VERT ;Groupe_Vert;koala;26/01/2025;A13;0.004964;12.6;0;
E02;J’ouvre les volets/rideaux pour profiter de la lumière du jour.;Electricité; VERT ;Groupe_Vert;koala;26/01/2025;A06;0.027408;0;0;
D02;Éviter le gaspillage alimentaire : se servir moins, garder pour plus tard.;Déchets; VERT ;Groupe_Vert;bettongie;05/02/2025;A04;2.453511;0;1.390385;
D04;Dans l'enceinte de l'école, je ramasse les déchets que je vois.;Déchets; VERT ;Groupe_Vert;bettongie;05/02/2025;A02;0.00947;0;0.1;
D03;Je ne jette pas de déchet par terre.;Déchets; VERT ;Groupe_Vert;bettongie;05/02/2025;A01;0.424875;0;4.486538;
B01;Je n'arrache pas les végétaux.;Biodiversité; VERT ;Groupe_Vert;bettongie;05/02/2025;A10;0;0;0;
W03;"Ne pas gaspiller l""eau que l’on boit.";Eau; VERT ;Groupe_Vert;bettongie;05/02/2025;A13;0.004964;12.6;0;
E02;J’ouvre les volets/rideaux pour profiter de la lumière du jour.;Electricité; VERT ;Groupe_Vert;bettongie;05/02/2025;A06;0.027408;0;0;
C03;Je consomme des fruits et légumes de saison;Courses; VERT ;Groupe_Vert;pieuvre;05/02/2025;A11;6.932;0;0;
D10;Réutiliser des bouteilles vides.;Déchets; VERT ;Groupe_Vert;pieuvre;05/02/2025;A14;0.54243;0;0.21;
D10;Utiliser moins de plastique pour faire les courses (ou les réutiliser).;Déchets; VERT ;Groupe_Vert;pieuvre;05/02/2025;A12;0.54243;0;0.21;
B02;"Je n""embête pas les petites bêtes.";Biodiversité; VERT ;Groupe_Vert;pieuvre;05/02/2025;A09;0;0;0;
W03;"Je ferme l""eau quand je me savonne.";Eau; VERT ;Groupe_Vert;pieuvre;05/02/2025;A07;0.004964;12.6;0;
W03;"Ne pas gaspiller l""eau que l’on boit.";Eau; VERT ;Groupe_Vert;pieuvre;05/02/2025;A13;0.004964;12.6;0;
E02;J’ouvre les volets/rideaux pour profiter de la lumière du jour.;Electricité; VERT ;Groupe_Vert;pieuvre;05/02/2025;A06;0.027408;0;0;
D03;Je ne jette pas de déchet par terre.;Déchets; VERT ;Groupe_Vert;papillonhibou;10/02/2025;A01;0.424875;0;4.486538;
E02;J’ouvre les volets/rideaux pour profiter de la lumière du jour.;Electricité; VERT ;Groupe_Vert;papillonhibou;10/02/2025;A06;0.027408;0;0;
E02;J’ouvre les volets/rideaux pour profiter de la lumière du jour.;Electricité; VERT ;Groupe_Vert;bettongie;12/02/2025;A06;0.027408;0;0;
D02;Éviter le gaspillage alimentaire : se servir moins, garder pour plus tard.;Déchets; VERT ;Groupe_Vert;bettongie;12/02/2025;A04;2.453511;0;1.390385;
D04;Dans l'enceinte de l'école, je ramasse les déchets que je vois.;Déchets; VERT ;Groupe_Vert;bettongie;12/02/2025;A02;0.00947;0;0.1;
D03;Je ne jette pas de déchet par terre.;Déchets; VERT ;Groupe_Vert;bettongie;12/02/2025;A01;0.424875;0;4.486538;
B01;Je n'arrache pas les végétaux.;Biodiversité; VERT ;Groupe_Vert;bettongie;12/02/2025;A10;0;0;0;
W05;"Je prends une douche plutôt qu""un bain.";Eau; VERT ;Groupe_Vert;bettongie;12/02/2025;A08;0.140658;357;0;
T03;Remplacer la voiture lors de courts trajets : vélo, trottinette, à pied, transports en commun.;Transport; VERT ;Groupe_Vert;bettongie;12/02/2025;A03;0.506;0;0;
C03;Je consomme des fruits et légumes de saison;Courses; VERT ;Groupe_Vert;seiche;15/02/2025;A11;6.932;0;0;
D04;Dans l'enceinte de l'école, je ramasse les déchets que je vois.;Déchets; VERT ;Groupe_Vert;seiche;15/02/2025;A02;0.00947;0;0.1;
D03;Je ne jette pas de déchet par terre.;Déchets; VERT ;Groupe_Vert;seiche;15/02/2025;A01;0.424875;0;4.486538;
B01;Je n'arrache pas les végétaux.;Biodiversité; VERT ;Groupe_Vert;seiche;15/02/2025;A10;0;0;0;
W05;"Je prends une douche plutôt qu""un bain.";Eau; VERT ;Groupe_Vert;seiche;15/02/2025;A08;0.140658;357;0;
T03;Remplacer la voiture lors de courts trajets : vélo, trottinette, à pied, transports en commun.;Transport; VERT ;Groupe_Vert;seiche;15/02/2025;A03;0.506;0;0;
E01;J'éteins la lumière quand je quitte une pièce;Electricité; VERT ;Groupe_Vert;seiche;15/02/2025;A05;0.027408;0;0;
B01;Je n'arrache pas les végétaux.;Biodiversité; VERT ;Groupe_Vert;poissoncrocodile;19/02/2025;A10;0;0;0;
W05;"Je prends une douche plutôt qu""un bain.";Eau; VERT ;Groupe_Vert;poissoncrocodile;19/02/2025;A08;0.140658;357;0;
T03;Remplacer la voiture lors de courts trajets : vélo, trottinette, à pied, transports en commun.;Transport; VERT ;Groupe_Vert;poissoncrocodile;19/02/2025;A03;0.506;0;0;
E01;J'éteins la lumière quand je quitte une pièce;Electricité; VERT ;Groupe_Vert;poissoncrocodile;19/02/2025;A05;0.027408;0;0;
D02;Éviter le gaspillage alimentaire : se servir moins, garder pour plus tard.;Déchets; VERT ;Groupe_Vert;brookesie;19/02/2025;A04;2.453511;0;1.390385;
D04;Dans l'enceinte de l'école, je ramasse les déchets que je vois.;Déchets; VERT ;Groupe_Vert;brookesie;19/02/2025;A02;0.00947;0;0.1;
D10;Utiliser moins de plastique pour faire les courses (ou les réutiliser).;Déchets; VERT ;Groupe_Vert;brookesie;19/02/2025;A12;0.54243;0;0.21;
B01;Je n'arrache pas les végétaux.;Biodiversité; VERT ;Groupe_Vert;brookesie;19/02/2025;A10;0;0;0;
E01;J'éteins la lumière quand je quitte une pièce;Electricité; VERT ;Groupe_Vert;brookesie;19/02/2025;A05;0.027408;0;0;
W05;"Je prends une douche plutôt qu""un bain.";Eau; VERT ;Groupe_Vert;brookesie;19/02/2025;A08;0.140658;357;0;
T03;Remplacer la voiture lors de courts trajets : vélo, trottinette, à pied, transports en commun.;Transport; VERT ;Groupe_Vert;brookesie;19/02/2025;A03;0.506;0;0;
D02;Éviter le gaspillage alimentaire : se servir moins, garder pour plus tard.;Déchets; VERT ;Groupe_Vert;raiehérisson;19/02/2025;A04;2.453511;0;1.390385;
D04;Dans l'enceinte de l'école, je ramasse les déchets que je vois.;Déchets; VERT ;Groupe_Vert;raiehérisson;19/02/2025;A02;0.00947;0;0.1;
D10;Utiliser moins de plastique pour faire les courses (ou les réutiliser).;Déchets; VERT ;Groupe_Vert;raiehérisson;19/02/2025;A12;0.54243;0;0.21;
B01;Je n'arrache pas les végétaux.;Biodiversité; VERT ;Groupe_Vert;raiehérisson;19/02/2025;A10;0;0;0;
E01;J'éteins la lumière quand je quitte une pièce;Electricité; VERT ;Groupe_Vert;raiehérisson;19/02/2025;A05;0.027408;0;0;
W05;"Je prends une douche plutôt qu""un bain.";Eau; VERT ;Groupe_Vert;raiehérisson;19/02/2025;A08;0.140658;357;0;
T03;Remplacer la voiture lors de courts trajets : vélo, trottinette, à pied, transports en commun.;Transport; VERT ;Groupe_Vert;raiehérisson;19/02/2025;A03;0.506;0;0;
C03;Je consomme des fruits et légumes de saison;Courses; VERT ;Groupe_Vert;pieuvre;23/02/2025;A11;6.932;0;0;
E01;J'éteins la lumière quand je quitte une pièce;Electricité; VERT ;Groupe_Vert;pieuvre;23/02/2025;A05;0.027408;0;0;
W03;"Je ferme l""eau quand je me savonne.";Eau; VERT ;Groupe_Vert;pieuvre;23/02/2025;A07;0.004964;12.6;0;
W03;"Ne pas gaspiller l""eau que l’on boit.";Eau; VERT ;Groupe_Vert;pieuvre;23/02/2025;A13;0.004964;12.6;0;
B01;Je n'arrache pas les végétaux.;Biodiversité; VERT ;Groupe_Vert;pieuvre;23/02/2025;A10;0;0;0;
D10;Réutiliser des bouteilles vides.;Déchets; VERT ;Groupe_Vert;pieuvre;23/02/2025;A14;0.54243;0;0.21;
W05;"Je prends une douche plutôt qu""un bain.";Eau; VERT ;Groupe_Vert;pangolin;25/01/2025;A08;0.140658;357;0;
B01;Je n'arrache pas les végétaux.;Biodiversité; VERT ;Groupe_Vert;pangolin;25/01/2025;A10;0;0;0;
D10;Réutiliser des bouteilles vides.;Déchets; VERT ;Groupe_Vert;pangolin;25/01/2025;A14;0.54243;0;0.21;
D03;Je ne jette pas de déchet par terre.;Déchets; VERT ;Groupe_Vert;pangolin;25/01/2025;A01;0.424875;0;4.486538;
D02;Éviter le gaspillage alimentaire : se servir moins, garder pour plus tard.;Déchets; VERT ;Groupe_Vert;wombat;25/01/2025;A04;2.453511;0;1.390385;
D10;Utiliser moins de plastique pour faire les courses (ou les réutiliser).;Déchets; VERT ;Groupe_Vert;wombat;25/01/2025;A12;0.54243;0;0.21;
D10;Réutiliser des bouteilles vides.;Déchets; VERT ;Groupe_Vert;wombat;25/01/2025;A14;0.54243;0;0.21;
B01;Je n'arrache pas les végétaux.;Biodiversité; VERT ;Groupe_Vert;wombat;25/01/2025;A10;0;0;0;
W05;"Je prends une douche plutôt qu""un bain.";Eau; VERT ;Groupe_Vert;wombat;25/01/2025;A08;0.140658;357;0;
T03;Remplacer la voiture lors de courts trajets : vélo, trottinette, à pied, transports en commun.;Transport; VERT ;Groupe_Vert;wombat;25/01/2025;A03;0.506;0;0;
E01;J'éteins la lumière quand je quitte une pièce;Electricité; VERT ;Groupe_Vert;wombat;25/01/2025;A05;0.027408;0;0;
D02;Éviter le gaspillage alimentaire : se servir moins, garder pour plus tard.;Déchets; VERT ;Groupe_Vert;bettongie;26/01/2025;A04;2.453511;0;1.390385;
D04;Dans l'enceinte de l'école, je ramasse les déchets que je vois.;Déchets; VERT ;Groupe_Vert;bettongie;26/01/2025;A02;0.00947;0;0.1;
D03;Je ne jette pas de déchet par terre.;Déchets; VERT ;Groupe_Vert;bettongie;26/01/2025;A01;0.424875;0;4.486538;
B01;Je n'arrache pas les végétaux.;Biodiversité; VERT ;Groupe_Vert;bettongie;26/01/2025;A10;0;0;0;
W05;"Je prends une douche plutôt qu""un bain.";Eau; VERT ;Groupe_Vert;bettongie;26/01/2025;A08;0.140658;357;0;
T03;Remplacer la voiture lors de courts trajets : vélo, trottinette, à pied, transports en commun.;Transport; VERT ;Groupe_Vert;bettongie;26/01/2025;A03;0.506;0;0;
E01;J'éteins la lumière quand je quitte une pièce;Electricité; VERT ;Groupe_Vert;bettongie;26/01/2025;A05;0.027408;0;0;
D02;Éviter le gaspillage alimentaire : se servir moins, garder pour plus tard.;Déchets; VERT ;Groupe_Vert;poissoncrocodile;26/01/2025;A04;2.453511;0;1.390385;
D04;Dans l'enceinte de l'école, je ramasse les déchets que je vois.;Déchets; VERT ;Groupe_Vert;poissoncrocodile;26/01/2025;A02;0.00947;0;0.1;
D03;Je ne jette pas de déchet par terre.;Déchets; VERT ;Groupe_Vert;poissoncrocodile;26/01/2025;A01;0.424875;0;4.486538;
B01;Je n'arrache pas les végétaux.;Biodiversité; VERT ;Groupe_Vert;poissoncrocodile;26/01/2025;A10;0;0;0;
W05;"Je prends une douche plutôt qu""un bain.";Eau; VERT ;Groupe_Vert;poissoncrocodile;26/01/2025;A08;0.140658;357;0;
T03;Remplacer la voiture lors de courts trajets : vélo, trottinette, à pied, transports en commun.;Transport; VERT ;Groupe_Vert;poissoncrocodile;26/01/2025;A03;0.506;0;0;
E01;J'éteins la lumière quand je quitte une pièce;Electricité; VERT ;Groupe_Vert;poissoncrocodile;26/01/2025;A05;0.027408;0;0;
C03;Je consomme des fruits et légumes de saison;Courses; VERT ;Groupe_Vert;poissoncrocodile;26/01/2025;A11;6.932;0;0;
D02;Éviter le gaspillage alimentaire : se servir moins, garder pour plus tard.;Déchets; VERT ;Groupe_Vert;koala;26/01/2025;A04;2.453511;0;1.390385;
D04;Dans l'enceinte de l'école, je ramasse les déchets que je vois.;Déchets; VERT ;Groupe_Vert;koala;26/01/2025;A02;0.00947;0;0.1;
D03;Je ne jette pas de déchet par terre.;Déchets; VERT ;Groupe_Vert;koala;26/01/2025;A01;0.424875;0;4.486538;
B01;Je n'arrache pas les végétaux.;Biodiversité; VERT ;Groupe_Vert;koala;26/01/2025;A10;0;0;0;
W05;"Je prends une douche plutôt qu""un bain.";Eau; VERT ;Groupe_Vert;koala;26/01/2025;A08;0.140658;357;0;
T03;Remplacer la voiture lors de courts trajets : vélo, trottinette, à pied, transports en commun.;Transport; VERT ;Groupe_Vert;koala;26/01/2025;A03;0.506;0;0;
E01;J'éteins la lumière quand je quitte une pièce;Electricité; VERT ;Groupe_Vert;koala;26/01/2025;A05;0.027408;0;0;
D02;Éviter le gaspillage alimentaire : se servir moins, garder pour plus tard.;Déchets; VERT ;Groupe_Vert;pieuvre;27/01/2025;A04;2.453511;0;1.390385;
D10;Réutiliser des bouteilles vides.;Déchets; VERT ;Groupe_Vert;pieuvre;27/01/2025;A14;0.54243;0;0.21;
D04;Dans l'enceinte de l'école, je ramasse les déchets que je vois.;Déchets; VERT ;Groupe_Vert;pieuvre;27/01/2025;A02;0.00947;0;0.1;
D10;Utiliser moins de plastique pour faire les courses (ou les réutiliser).;Déchets; VERT ;Groupe_Vert;pieuvre;27/01/2025;A12;0.54243;0;0.21;
D03;Je ne jette pas de déchet par terre.;Déchets; VERT ;Groupe_Vert;pieuvre;27/01/2025;A01;0.424875;0;4.486538;
B02;"Je n""embête pas les petites bêtes.";Biodiversité; VERT ;Groupe_Vert;pieuvre;27/01/2025;A09;0;0;0;
B01;Je n'arrache pas les végétaux.;Biodiversité; VERT ;Groupe_Vert;pieuvre;27/01/2025;A10;0;0;0;
W03;"Je ferme l""eau quand je me savonne.";Eau; VERT ;Groupe_Vert;pieuvre;27/01/2025;A07;0.004964;12.6;0;
W05;"Je prends une douche plutôt qu""un bain.";Eau; VERT ;Groupe_Vert;pieuvre;27/01/2025;A08;0.140658;357;0;
W03;"Ne pas gaspiller l""eau que l’on boit.";Eau; VERT ;Groupe_Vert;pieuvre;27/01/2025;A13;0.004964;12.6;0;
T03;Remplacer la voiture lors de courts trajets : vélo, trottinette, à pied, transports en commun.;Transport; VERT ;Groupe_Vert;pieuvre;27/01/2025;A03;0.506;0;0;
E02;J’ouvre les volets/rideaux pour profiter de la lumière du jour.;Electricité; VERT ;Groupe_Vert;pieuvre;27/01/2025;A06;0.027408;0;0;
E01;J'éteins la lumière quand je quitte une pièce;Electricité; VERT ;Groupe_Vert;pieuvre;27/01/2025;A05;0.027408;0;0;
C03;Je consomme des fruits et légumes de saison;Courses; VERT ;Groupe_Vert;pieuvre;27/01/2025;A11;6.932;0;0;
D02;Éviter le gaspillage alimentaire : se servir moins, garder pour plus tard.;Déchets; VERT ;Groupe_Vert;koala;06/04/2025;A04;2.453511;0;1.390385;
D04;Dans l'enceinte de l'école, je ramasse les déchets que je vois.;Déchets; VERT ;Groupe_Vert;koala;06/04/2025;A02;0.00947;0;0.1;
D03;Je ne jette pas de déchet par terre.;Déchets; VERT ;Groupe_Vert;koala;06/04/2025;A01;0.424875;0;4.486538;
B01;Je n'arrache pas les végétaux.;Biodiversité; VERT ;Groupe_Vert;koala;06/04/2025;A10;0;0;0;
E02;J’ouvre les volets/rideaux pour profiter de la lumière du jour.;Electricité; VERT ;Groupe_Vert;koala;06/04/2025;A06;0.027408;0;0;
W03;"Ne pas gaspiller l""eau que l’on boit.";Eau; VERT ;Groupe_Vert;koala;06/04/2025;A13;0.004964;12.6;0;
C03;Je consomme des fruits et légumes de saison;Courses; VERT ;Groupe_Vert;seiche;08/04/2025;A11;6.932;0;0;
D04;Dans l'enceinte de l'école, je ramasse les déchets que je vois.;Déchets; VERT ;Groupe_Vert;seiche;08/04/2025;A02;0.00947;0;0.1;
D02;Éviter le gaspillage alimentaire : se servir moins, garder pour plus tard.;Déchets; VERT ;Groupe_Vert;seiche;01/02/2025;A04;2.453511;0;1.390385;
D10;Utiliser moins de plastique pour faire les courses (ou les réutiliser).;Déchets; VERT ;Groupe_Vert;seiche;01/02/2025;A12;0.54243;0;0.21;
B02;"Je n""embête pas les petites bêtes.";Biodiversité; VERT ;Groupe_Vert;seiche;01/02/2025;A09;0;0;0;
W03;"Je ferme l""eau quand je me savonne.";Eau; VERT ;Groupe_Vert;seiche;01/02/2025;A07;0.004964;12.6;0;
W03;"Ne pas gaspiller l""eau que l’on boit.";Eau; VERT ;Groupe_Vert;seiche;01/02/2025;A13;0.004964;12.6;0;
E02;J’ouvre les volets/rideaux pour profiter de la lumière du jour.;Electricité; VERT ;Groupe_Vert;seiche;01/02/2025;A06;0.027408;0;0;
T03;Remplacer la voiture lors de courts trajets : vélo, trottinette, à pied, transports en commun.;Transport; VERT ;Groupe_Vert;pieuvre;05/02/2025;A03;0.506;0;0;
E01;J'éteins la lumière quand je quitte une pièce;Electricité; VERT ;Groupe_Vert;pieuvre;05/02/2025;A05;0.027408;0;0;
C03;Je consomme des fruits et légumes de saison;Courses; VERT ;Groupe_Vert;papillonhibou;10/02/2025;A11;6.932;0;0;
E01;J'éteins la lumière quand je quitte une pièce;Electricité; VERT ;Groupe_Vert;papillonhibou;10/02/2025;A05;0.027408;0;0;
D10;Réutiliser des bouteilles vides.;Déchets; VERT ;Groupe_Vert;koala;06/04/2025;A14;0.54243;0;0.21;
D10;Utiliser moins de plastique pour faire les courses (ou les réutiliser).;Déchets; VERT ;Groupe_Vert;koala;06/04/2025;A12;0.54243;0;0.21;
C03;Je consomme des fruits et légumes de saison;Courses; VERT ;Groupe_Vert;bettongie;12/02/2025;A11;6.932;0;0;
E01;J'éteins la lumière quand je quitte une pièce;Electricité; VERT ;Groupe_Vert;bettongie;12/02/2025;A05;0.027408;0;0;
D10;Réutiliser des bouteilles vides.;Déchets; VERT ;Groupe_Vert;bettongie;12/02/2025;A14;0.54243;0;0.21;
D10;Utiliser moins de plastique pour faire les courses (ou les réutiliser).;Déchets; VERT ;Groupe_Vert;bettongie;12/02/2025;A12;0.54243;0;0.21;
B02;"Je n""embête pas les petites bêtes.";Biodiversité; VERT ;Groupe_Vert;bettongie;12/02/2025;A09;0;0;0;
W03;"Je ferme l""eau quand je me savonne.";Eau; VERT ;Groupe_Vert;bettongie;12/02/2025;A07;0.004964;12.6;0;
W03;"Ne pas gaspiller l""eau que l’on boit.";Eau; VERT ;Groupe_Vert;bettongie;12/02/2025;A13;0.004964;12.6;0;
B02;"Je n""embête pas les petites bêtes.";Biodiversité; VERT ;Groupe_Vert;koala;06/04/2025;A09;0;0;0;
E01;J'éteins la lumière quand je quitte une pièce;Electricité; VERT ;Groupe_Vert;koala;06/04/2025;A05;0.027408;0;0;
W05;"Je prends une douche plutôt qu""un bain.";Eau; VERT ;Groupe_Vert;koala;06/04/2025;A08;0.140658;357;0;
T03;Remplacer la voiture lors de courts trajets : vélo, trottinette, à pied, transports en commun.;Transport; VERT ;Groupe_Vert;koala;06/04/2025;A03;0.506;0;0;
W03;"Je ferme l""eau quand je me savonne.";Eau; VERT ;Groupe_Vert;koala;06/04/2025;A07;0.004964;12.6;0;
D02;Éviter le gaspillage alimentaire : se servir moins, garder pour plus tard.;Déchets; VERT ;Groupe_Vert;seiche;15/02/2025;A04;2.453511;0;1.390385;
D10;Utiliser moins de plastique pour faire les courses (ou les réutiliser).;Déchets; VERT ;Groupe_Vert;seiche;15/02/2025;A12;0.54243;0;0.21;
B02;"Je n""embête pas les petites bêtes.";Biodiversité; VERT ;Groupe_Vert;seiche;15/02/2025;A09;0;0;0;
W03;"Je ferme l""eau quand je me savonne.";Eau; VERT ;Groupe_Vert;seiche;15/02/2025;A07;0.004964;12.6;0;
W03;"Ne pas gaspiller l""eau que l’on boit.";Eau; VERT ;Groupe_Vert;seiche;15/02/2025;A13;0.004964;12.6;0;
E02;J’ouvre les volets/rideaux pour profiter de la lumière du jour.;Electricité; VERT ;Groupe_Vert;seiche;15/02/2025;A06;0.027408;0;0;
C03;Je consomme des fruits et légumes de saison;Courses; VERT ;Groupe_Vert;seiche;21/02/2025;A11;6.932;0;0;
D04;Dans l'enceinte de l'école, je ramasse les déchets que je vois.;Déchets; VERT ;Groupe_Vert;seiche;21/02/2025;A02;0.00947;0;0.1;
B01;Je n'arrache pas les végétaux.;Biodiversité; VERT ;Groupe_Vert;seiche;21/02/2025;A10;0;0;0;
W05;"Je prends une douche plutôt qu""un bain.";Eau; VERT ;Groupe_Vert;seiche;21/02/2025;A08;0.140658;357;0;
T03;Remplacer la voiture lors de courts trajets : vélo, trottinette, à pied, transports en commun.;Transport; VERT ;Groupe_Vert;seiche;21/02/2025;A03;0.506;0;0;
E01;J'éteins la lumière quand je quitte une pièce;Electricité; VERT ;Groupe_Vert;seiche;21/02/2025;A05;0.027408;0;0;
E02;J’ouvre les volets/rideaux pour profiter de la lumière du jour.;Electricité; VERT ;Groupe_Vert;pieuvre;23/02/2025;A06;0.027408;0;0;
T03;Remplacer la voiture lors de courts trajets : vélo, trottinette, à pied, transports en commun.;Transport; VERT ;Groupe_Vert;pieuvre;23/02/2025;A03;0.506;0;0;
W05;"Je prends une douche plutôt qu""un bain.";Eau; VERT ;Groupe_Vert;pieuvre;23/02/2025;A08;0.140658;357;0;
B02;"Je n""embête pas les petites bêtes.";Biodiversité; VERT ;Groupe_Vert;pieuvre;23/02/2025;A09;0;0;0;
D02;Éviter le gaspillage alimentaire : se servir moins, garder pour plus tard.;Déchets; VERT ;Groupe_Vert;pieuvre;23/02/2025;A04;2.453511;0;1.390385;
C03;Je consomme des fruits et légumes de saison;Courses; VERT ;Groupe_Vert;pieuvre;29/01/2025;A11;6.932;0;0;
D02;Éviter le gaspillage alimentaire : se servir moins, garder pour plus tard.;Déchets; VERT ;Groupe_Vert;pieuvre;29/01/2025;A04;2.453511;0;1.390385;
D10;Réutiliser des bouteilles vides.;Déchets; VERT ;Groupe_Vert;pieuvre;29/01/2025;A14;0.54243;0;0.21;
D04;Dans l'enceinte de l'école, je ramasse les déchets que je vois.;Déchets; VERT ;Groupe_Vert;pieuvre;29/01/2025;A02;0.00947;0;0.1;
D10;Utiliser moins de plastique pour faire les courses (ou les réutiliser).;Déchets; VERT ;Groupe_Vert;pieuvre;29/01/2025;A12;0.54243;0;0.21;
D03;Je ne jette pas de déchet par terre.;Déchets; VERT ;Groupe_Vert;pieuvre;29/01/2025;A01;0.424875;0;4.486538;
B02;"Je n""embête pas les petites bêtes.";Biodiversité; VERT ;Groupe_Vert;pieuvre;29/01/2025;A09;0;0;0;
B01;Je n'arrache pas les végétaux.;Biodiversité; VERT ;Groupe_Vert;pieuvre;29/01/2025;A10;0;0;0;
W03;"Je ferme l""eau quand je me savonne.";Eau; VERT ;Groupe_Vert;pieuvre;29/01/2025;A07;0.004964;12.6;0;
W05;"Je prends une douche plutôt qu""un bain.";Eau; VERT ;Groupe_Vert;pieuvre;29/01/2025;A08;0.140658;357;0;
W03;"Ne pas gaspiller l""eau que l’on boit.";Eau; VERT ;Groupe_Vert;pieuvre;29/01/2025;A13;0.004964;12.6;0;
T03;Remplacer la voiture lors de courts trajets : vélo, trottinette, à pied, transports en commun.;Transport; VERT ;Groupe_Vert;pieuvre;29/01/2025;A03;0.506;0;0;
E02;J’ouvre les volets/rideaux pour profiter de la lumière du jour.;Electricité; VERT ;Groupe_Vert;pieuvre;29/01/2025;A06;0.027408;0;0;
E01;J'éteins la lumière quand je quitte une pièce;Electricité; VERT ;Groupe_Vert;pieuvre;29/01/2025;A05;0.027408;0;0;
C03;Je consomme des fruits et légumes de saison;Courses; VERT ;Groupe_Vert;seiche;01/02/2025;A11;6.932;0;0;
D04;Dans l'enceinte de l'école, je ramasse les déchets que je vois.;Déchets; VERT ;Groupe_Vert;seiche;01/02/2025;A02;0.00947;0;0.1;
D03;Je ne jette pas de déchet par terre.;Déchets; VERT ;Groupe_Vert;seiche;01/02/2025;A01;0.424875;0;4.486538;
B01;Je n'arrache pas les végétaux.;Biodiversité; VERT ;Groupe_Vert;seiche;01/02/2025;A10;0;0;0;
W05;"Je prends une douche plutôt qu""un bain.";Eau; VERT ;Groupe_Vert;seiche;01/02/2025;A08;0.140658;357;0;
T03;Remplacer la voiture lors de courts trajets : vélo, trottinette, à pied, transports en commun.;Transport; VERT ;Groupe_Vert;seiche;01/02/2025;A03;0.506;0;0;
E01;J'éteins la lumière quand je quitte une pièce;Electricité; VERT ;Groupe_Vert;seiche;01/02/2025;A05;0.027408;0;0;
C03;Je consomme des fruits et légumes de saison;Courses; VERT ;Groupe_Vert;bettongie;05/02/2025;A11;6.932;0;0;
D10;Réutiliser des bouteilles vides.;Déchets; VERT ;Groupe_Vert;bettongie;05/02/2025;A14;0.54243;0;0.21;
D10;Utiliser moins de plastique pour faire les courses (ou les réutiliser).;Déchets; VERT ;Groupe_Vert;bettongie;05/02/2025;A12;0.54243;0;0.21;
B02;"Je n""embête pas les petites bêtes.";Biodiversité; VERT ;Groupe_Vert;bettongie;05/02/2025;A09;0;0;0;
W03;"Je ferme l""eau quand je me savonne.";Eau; VERT ;Groupe_Vert;bettongie;05/02/2025;A07;0.004964;12.6;0;
T03;Remplacer la voiture lors de courts trajets : vélo, trottinette, à pied, transports en commun.;Transport; VERT ;Groupe_Vert;bettongie;05/02/2025;A03;0.506;0;0;
E01;J'éteins la lumière quand je quitte une pièce;Electricité; VERT ;Groupe_Vert;bettongie;05/02/2025;A05;0.027408;0;0;
D02;Éviter le gaspillage alimentaire : se servir moins, garder pour plus tard.;Déchets; VERT ;Groupe_Vert;pieuvre;05/02/2025;A04;2.453511;0;1.390385;
D04;Dans l'enceinte de l'école, je ramasse les déchets que je vois.;Déchets; VERT ;Groupe_Vert;pieuvre;05/02/2025;A02;0.00947;0;0.1;
D03;Je ne jette pas de déchet par terre.;Déchets; VERT ;Groupe_Vert;pieuvre;05/02/2025;A01;0.424875;0;4.486538;
B01;Je n'arrache pas les végétaux.;Biodiversité; VERT ;Groupe_Vert;pieuvre;05/02/2025;A10;0;0;0;
W05;"Je prends une douche plutôt qu""un bain.";Eau; VERT ;Groupe_Vert;pieuvre;05/02/2025;A08;0.140658;357;0;
D02;Éviter le gaspillage alimentaire : se servir moins, garder pour plus tard.;Déchets; VERT ;Groupe_Vert;koala;16/02/2025;A04;2.453511;0;1.390385;
D04;Dans l'enceinte de l'école, je ramasse les déchets que je vois.;Déchets; VERT ;Groupe_Vert;koala;16/02/2025;A02;0.00947;0;0.1;
D10;Utiliser moins de plastique pour faire les courses (ou les réutiliser).;Déchets; VERT ;Groupe_Vert;koala;16/02/2025;A12;0.54243;0;0.21;
B02;"Je n""embête pas les petites bêtes.";Biodiversité; VERT ;Groupe_Vert;koala;16/02/2025;A09;0;0;0;
B01;Je n'arrache pas les végétaux.;Biodiversité; VERT ;Groupe_Vert;koala;16/02/2025;A10;0;0;0;
E01;J'éteins la lumière quand je quitte une pièce;Electricité; VERT ;Groupe_Vert;koala;16/02/2025;A05;0.027408;0;0;
W03;"Ne pas gaspiller l""eau que l’on boit.";Eau; VERT ;Groupe_Vert;koala;16/02/2025;A13;0.004964;12.6;0;
C03;Je consomme des fruits et légumes de saison;Courses; VERT ;Groupe_Vert;matamata;16/02/2025;A11;6.932;0;0;
T03;Remplacer la voiture lors de courts trajets : vélo, trottinette, à pied, transports en commun.;Transport; VERT ;Groupe_Vert;matamata;16/02/2025;A03;0.506;0;0;
W03;"Ne pas gaspiller l""eau que l’on boit.";Eau; VERT ;Groupe_Vert;matamata;16/02/2025;A13;0.004964;12.6;0;
B02;"Je n""embête pas les petites bêtes.";Biodiversité; VERT ;Groupe_Vert;matamata;16/02/2025;A09;0;0;0;
D04;Dans l'enceinte de l'école, je ramasse les déchets que je vois.;Déchets; VERT ;Groupe_Vert;papillonhibou;17/02/2025;A02;0.00947;0;0.1;
D03;Je ne jette pas de déchet par terre.;Déchets; VERT ;Groupe_Vert;papillonhibou;17/02/2025;A01;0.424875;0;4.486538;
E01;J'éteins la lumière quand je quitte une pièce;Electricité; VERT ;Groupe_Vert;papillonhibou;17/02/2025;A05;0.027408;0;0;
D02;Éviter le gaspillage alimentaire : se servir moins, garder pour plus tard.;Déchets; VERT ;Groupe_Vert;poissoncrocodile;19/02/2025;A04;2.453511;0;1.390385;
D10;Réutiliser des bouteilles vides.;Déchets; VERT ;Groupe_Vert;poissoncrocodile;19/02/2025;A14;0.54243;0;0.21;
D03;Je ne jette pas de déchet par terre.;Déchets; VERT ;Groupe_Vert;poissoncrocodile;19/02/2025;A01;0.424875;0;4.486538;
D02;Éviter le gaspillage alimentaire : se servir moins, garder pour plus tard.;Déchets; VERT ;Groupe_Vert;seiche;08/04/2025;A04;2.453511;0;1.390385;
D10;Utiliser moins de plastique pour faire les courses (ou les réutiliser).;Déchets; VERT ;Groupe_Vert;seiche;08/04/2025;A12;0.54243;0;0.21;
B01;Je n'arrache pas les végétaux.;Biodiversité; VERT ;Groupe_Vert;seiche;08/04/2025;A10;0;0;0;
W03;"Je ferme l""eau quand je me savonne.";Eau; VERT ;Groupe_Vert;papillonhibou;05/03/2025;A07;0.004964;12.6;0;
W03;"Je ferme l""eau quand je me savonne.";Eau; VERT ;Groupe_Vert;seiche;08/04/2025;A07;0.004964;12.6;0;
W03;"Ne pas gaspiller l""eau que l’on boit.";Eau; VERT ;Groupe_Vert;seiche;08/04/2025;A13;0.004964;12.6;0;
E02;J’ouvre les volets/rideaux pour profiter de la lumière du jour.;Electricité; VERT ;Groupe_Vert;papillonhibou;05/03/2025;A06;0.027408;0;0;
D02;Éviter le gaspillage alimentaire : se servir moins, garder pour plus tard.;Déchets; VERT ;Groupe_Vert;bettongie;05/03/2025;A04;2.453511;0;1.390385;
D04;Dans l'enceinte de l'école, je ramasse les déchets que je vois.;Déchets; VERT ;Groupe_Vert;bettongie;05/03/2025;A02;0.00947;0;0.1;
D03;Je ne jette pas de déchet par terre.;Déchets; VERT ;Groupe_Vert;bettongie;05/03/2025;A01;0.424875;0;4.486538;
D02;Éviter le gaspillage alimentaire : se servir moins, garder pour plus tard.;Déchets; VERT ;Groupe_Vert;wombat;04/03/2025;A04;2.453511;0;1.390385;
D04;Dans l'enceinte de l'école, je ramasse les déchets que je vois.;Déchets; VERT ;Groupe_Vert;wombat;04/03/2025;A02;0.00947;0;0.1;
D03;Je ne jette pas de déchet par terre.;Déchets; VERT ;Groupe_Vert;wombat;04/03/2025;A01;0.424875;0;4.486538;
W05;"Je prends une douche plutôt qu""un bain.";Eau; VERT ;Groupe_Vert;wombat;04/03/2025;A08;0.140658;357;0;
B02;"Je n""embête pas les petites bêtes.";Biodiversité; VERT ;Groupe_Vert;wombat;04/03/2025;A09;0;0;0;
T03;Remplacer la voiture lors de courts trajets : vélo, trottinette, à pied, transports en commun.;Transport; VERT ;Groupe_Vert;wombat;04/03/2025;A03;0.506;0;0;
E01;J'éteins la lumière quand je quitte une pièce;Electricité; VERT ;Groupe_Vert;wombat;04/03/2025;A05;0.027408;0;0;
E02;J’ouvre les volets/rideaux pour profiter de la lumière du jour.;Electricité; VERT ;Groupe_Vert;seiche;08/04/2025;A06;0.027408;0;0;
C03;Je consomme des fruits et légumes de saison;Courses; VERT ;Groupe_Vert;matamata;24/04/2025;A11;6.932;0;0;
T03;Remplacer la voiture lors de courts trajets : vélo, trottinette, à pied, transports en commun.;Transport; VERT ;Groupe_Vert;matamata;24/04/2025;A03;0.506;0;0;
W03;"Ne pas gaspiller l""eau que l’on boit.";Eau; VERT ;Groupe_Vert;matamata;24/04/2025;A13;0.004964;12.6;0;
B02;"Je n""embête pas les petites bêtes.";Biodiversité; VERT ;Groupe_Vert;matamata;24/04/2025;A09;0;0;0;
D10;Utiliser moins de plastique pour faire les courses (ou les réutiliser).;Déchets; VERT ;Groupe_Vert;matamata;24/04/2025;A12;0.54243;0;0.21;
D02;Éviter le gaspillage alimentaire : se servir moins, garder pour plus tard.;Déchets; VERT ;Groupe_Vert;bettongie;02/05/2025;A04;2.453511;0;1.390385;
D04;Dans l'enceinte de l'école, je ramasse les déchets que je vois.;Déchets; VERT ;Groupe_Vert;bettongie;02/05/2025;A02;0.00947;0;0.1;
D03;Je ne jette pas de déchet par terre.;Déchets; VERT ;Groupe_Vert;bettongie;02/05/2025;A01;0.424875;0;4.486538;
B01;Je n'arrache pas les végétaux.;Biodiversité; VERT ;Groupe_Vert;bettongie;02/05/2025;A10;0;0;0;
W05;"Je prends une douche plutôt qu""un bain.";Eau; VERT ;Groupe_Vert;bettongie;02/05/2025;A08;0.140658;357;0;
T03;Remplacer la voiture lors de courts trajets : vélo, trottinette, à pied, transports en commun.;Transport; VERT ;Groupe_Vert;bettongie;02/05/2025;A03;0.506;0;0;
E01;J'éteins la lumière quand je quitte une pièce;Electricité; VERT ;Groupe_Vert;bettongie;02/05/2025;A05;0.027408;0;0;
D03;Je ne jette pas de déchet par terre.;Déchets; VERT ;Groupe_Vert;matamata;03/05/2025;A01;0.424875;0;4.486538;
B01;Je n'arrache pas les végétaux.;Biodiversité; VERT ;Groupe_Vert;matamata;03/05/2025;A10;0;0;0;
W03;"Je ferme l""eau quand je me savonne.";Eau; VERT ;Groupe_Vert;matamata;03/05/2025;A07;0.004964;12.6;0;
W03;"Ne pas gaspiller l""eau que l’on boit.";Eau; VERT ;Groupe_Vert;matamata;03/05/2025;A13;0.004964;12.6;0;
E02;J’ouvre les volets/rideaux pour profiter de la lumière du jour.;Electricité; VERT ;Groupe_Vert;matamata;03/05/2025;A06;0.027408;0;0;
W03;"Ne pas gaspiller l""eau que l’on boit.";Eau; VERT ;Groupe_Vert;vipère;14/05/2025;A13;0.004964;12.6;0;
D02;Éviter le gaspillage alimentaire : se servir moins, garder pour plus tard.;Déchets; VERT ;Groupe_Vert;vipère;14/05/2025;A04;2.453511;0;1.390385;
D04;Dans l'enceinte de l'école, je ramasse les déchets que je vois.;Déchets; VERT ;Groupe_Vert;vipère;14/05/2025;A02;0.00947;0;0.1;
D10;Utiliser moins de plastique pour faire les courses (ou les réutiliser).;Déchets; VERT ;Groupe_Vert;vipère;14/05/2025;A12;0.54243;0;0.21;
B01;Je n'arrache pas les végétaux.;Biodiversité; VERT ;Groupe_Vert;vipère;14/05/2025;A10;0;0;0;
E01;J'éteins la lumière quand je quitte une pièce;Electricité; VERT ;Groupe_Vert;vipère;14/05/2025;A05;0.027408;0;0;
D02;Éviter le gaspillage alimentaire : se servir moins, garder pour plus tard.;Déchets; VERT ;Groupe_Vert;koala;20/05/2025;A04;2.453511;0;1.390385;
D04;Dans l'enceinte de l'école, je ramasse les déchets que je vois.;Déchets; VERT ;Groupe_Vert;koala;20/05/2025;A02;0.00947;0;0.1;
D10;Utiliser moins de plastique pour faire les courses (ou les réutiliser).;Déchets; VERT ;Groupe_Vert;koala;20/05/2025;A12;0.54243;0;0.21;
B01;Je n'arrache pas les végétaux.;Biodiversité; VERT ;Groupe_Vert;koala;20/05/2025;A10;0;0;0;
W03;"Ne pas gaspiller l""eau que l’on boit.";Eau; VERT ;Groupe_Vert;koala;20/05/2025;A13;0.004964;12.6;0;
E02;J’ouvre les volets/rideaux pour profiter de la lumière du jour.;Electricité; VERT ;Groupe_Vert;koala;20/05/2025;A06;0.027408;0;0;
W05;"Je prends une douche plutôt qu""un bain.";Eau; VERT ;Groupe_Vert;papillonhibou;05/03/2025;A08;0.140658;357;0;
D03;Je ne jette pas de déchet par terre.;Déchets; VERT ;Groupe_Vert;papillonhibou;05/03/2025;A01;0.424875;0;4.486538;
C03;Je consomme des fruits et légumes de saison;Courses; VERT ;Groupe_Vert;bettongie;05/03/2025;A11;6.932;0;0;
D10;Réutiliser des bouteilles vides.;Déchets; VERT ;Groupe_Vert;bettongie;05/03/2025;A14;0.54243;0;0.21;
D10;Utiliser moins de plastique pour faire les courses (ou les réutiliser).;Déchets; VERT ;Groupe_Vert;bettongie;05/03/2025;A12;0.54243;0;0.21;
W03;"Je ferme l""eau quand je me savonne.";Eau; VERT ;Groupe_Vert;bettongie;05/03/2025;A07;0.004964;12.6;0;
W05;"Je prends une douche plutôt qu""un bain.";Eau; VERT ;Groupe_Vert;bettongie;05/03/2025;A08;0.140658;357;0;
W03;"Ne pas gaspiller l""eau que l’on boit.";Eau; VERT ;Groupe_Vert;bettongie;05/03/2025;A13;0.004964;12.6;0;
T03;Remplacer la voiture lors de courts trajets : vélo, trottinette, à pied, transports en commun.;Transport; VERT ;Groupe_Vert;bettongie;05/03/2025;A03;0.506;0;0;
E02;J’ouvre les volets/rideaux pour profiter de la lumière du jour.;Electricité; VERT ;Groupe_Vert;bettongie;05/03/2025;A06;0.027408;0;0;
E01;J'éteins la lumière quand je quitte une pièce;Electricité; VERT ;Groupe_Vert;bettongie;05/03/2025;A05;0.027408;0;0;
C03;Je consomme des fruits et légumes de saison;Courses; VERT ;Groupe_Vert;seiche;28/02/2025;A11;6.932;0;0;
D02;Éviter le gaspillage alimentaire : se servir moins, garder pour plus tard.;Déchets; VERT ;Groupe_Vert;seiche;28/02/2025;A04;2.453511;0;1.390385;
D04;Dans l'enceinte de l'école, je ramasse les déchets que je vois.;Déchets; VERT ;Groupe_Vert;seiche;28/02/2025;A02;0.00947;0;0.1;
D10;Utiliser moins de plastique pour faire les courses (ou les réutiliser).;Déchets; VERT ;Groupe_Vert;seiche;28/02/2025;A12;0.54243;0;0.21;
D03;Je ne jette pas de déchet par terre.;Déchets; VERT ;Groupe_Vert;seiche;28/02/2025;A01;0.424875;0;4.486538;
B02;"Je n""embête pas les petites bêtes.";Biodiversité; VERT ;Groupe_Vert;seiche;28/02/2025;A09;0;0;0;
B01;Je n'arrache pas les végétaux.;Biodiversité; VERT ;Groupe_Vert;seiche;28/02/2025;A10;0;0;0;
W03;"Je ferme l""eau quand je me savonne.";Eau; VERT ;Groupe_Vert;seiche;28/02/2025;A07;0.004964;12.6;0;
W05;"Je prends une douche plutôt qu""un bain.";Eau; VERT ;Groupe_Vert;seiche;28/02/2025;A08;0.140658;357;0;
W03;"Ne pas gaspiller l""eau que l’on boit.";Eau; VERT ;Groupe_Vert;seiche;28/02/2025;A13;0.004964;12.6;0;
T03;Remplacer la voiture lors de courts trajets : vélo, trottinette, à pied, transports en commun.;Transport; VERT ;Groupe_Vert;seiche;28/02/2025;A03;0.506;0;0;
E02;J’ouvre les volets/rideaux pour profiter de la lumière du jour.;Electricité; VERT ;Groupe_Vert;seiche;28/02/2025;A06;0.027408;0;0;
E01;J'éteins la lumière quand je quitte une pièce;Electricité; VERT ;Groupe_Vert;seiche;28/02/2025;A05;0.027408;0;0;
C03;Je consomme des fruits et légumes de saison;Courses; VERT ;Groupe_Vert;wombat;04/03/2025;A11;6.932;0;0;
D10;Réutiliser des bouteilles vides.;Déchets; VERT ;Groupe_Vert;wombat;04/03/2025;A14;0.54243;0;0.21;
D10;Utiliser moins de plastique pour faire les courses (ou les réutiliser).;Déchets; VERT ;Groupe_Vert;wombat;04/03/2025;A12;0.54243;0;0.21;
W03;"Je ferme l""eau quand je me savonne.";Eau; VERT ;Groupe_Vert;wombat;04/03/2025;A07;0.004964;12.6;0;
W03;"Ne pas gaspiller l""eau que l’on boit.";Eau; VERT ;Groupe_Vert;wombat;04/03/2025;A13;0.004964;12.6;0;
B01;Je n'arrache pas les végétaux.;Biodiversité; VERT ;Groupe_Vert;wombat;04/03/2025;A10;0;0;0;
E02;J’ouvre les volets/rideaux pour profiter de la lumière du jour.;Electricité; VERT ;Groupe_Vert;wombat;04/03/2025;A06;0.027408;0;0;
C03;Je consomme des fruits et légumes de saison;Courses; VERT ;Groupe_Vert;poissoncrocodile;08/03/2025;A11;6.932;0;0;
D02;Éviter le gaspillage alimentaire : se servir moins, garder pour plus tard.;Déchets; VERT ;Groupe_Vert;poissoncrocodile;08/03/2025;A04;2.453511;0;1.390385;
D10;Réutiliser des bouteilles vides.;Déchets; VERT ;Groupe_Vert;poissoncrocodile;08/03/2025;A14;0.54243;0;0.21;
D04;Dans l'enceinte de l'école, je ramasse les déchets que je vois.;Déchets; VERT ;Groupe_Vert;poissoncrocodile;08/03/2025;A02;0.00947;0;0.1;
D10;Utiliser moins de plastique pour faire les courses (ou les réutiliser).;Déchets; VERT ;Groupe_Vert;poissoncrocodile;08/03/2025;A12;0.54243;0;0.21;
D03;Je ne jette pas de déchet par terre.;Déchets; VERT ;Groupe_Vert;poissoncrocodile;08/03/2025;A01;0.424875;0;4.486538;
B02;"Je n""embête pas les petites bêtes.";Biodiversité; VERT ;Groupe_Vert;poissoncrocodile;08/03/2025;A09;0;0;0;
B01;Je n'arrache pas les végétaux.;Biodiversité; VERT ;Groupe_Vert;poissoncrocodile;08/03/2025;A10;0;0;0;
W03;"Je ferme l""eau quand je me savonne.";Eau; VERT ;Groupe_Vert;poissoncrocodile;08/03/2025;A07;0.004964;12.6;0;
W05;"Je prends une douche plutôt qu""un bain.";Eau; VERT ;Groupe_Vert;poissoncrocodile;08/03/2025;A08;0.140658;357;0;
W03;"Ne pas gaspiller l""eau que l’on boit.";Eau; VERT ;Groupe_Vert;poissoncrocodile;08/03/2025;A13;0.004964;12.6;0;
T03;Remplacer la voiture lors de courts trajets : vélo, trottinette, à pied, transports en commun.;Transport; VERT ;Groupe_Vert;poissoncrocodile;08/03/2025;A03;0.506;0;0;
E02;J’ouvre les volets/rideaux pour profiter de la lumière du jour.;Electricité; VERT ;Groupe_Vert;poissoncrocodile;08/03/2025;A06;0.027408;0;0;
E01;J'éteins la lumière quand je quitte une pièce;Electricité; VERT ;Groupe_Vert;poissoncrocodile;08/03/2025;A05;0.027408;0;0;
C03;Je consomme des fruits et légumes de saison;Courses; VERT ;Groupe_Vert;matamata;08/03/2025;A11;6.932;0;0;
E02;J’ouvre les volets/rideaux pour profiter de la lumière du jour.;Electricité; VERT ;Groupe_Vert;matamata;08/03/2025;A06;0.027408;0;0;
T03;Remplacer la voiture lors de courts trajets : vélo, trottinette, à pied, transports en commun.;Transport; VERT ;Groupe_Vert;matamata;08/03/2025;A03;0.506;0;0;
W03;"Je ferme l""eau quand je me savonne.";Eau; VERT ;Groupe_Vert;matamata;08/03/2025;A07;0.004964;12.6;0;
W05;"Je prends une douche plutôt qu""un bain.";Eau; VERT ;Groupe_Vert;matamata;08/03/2025;A08;0.140658;357;0;
W03;"Ne pas gaspiller l""eau que l’on boit.";Eau; VERT ;Groupe_Vert;matamata;08/03/2025;A13;0.004964;12.6;0;
B02;"Je n""embête pas les petites bêtes.";Biodiversité; VERT ;Groupe_Vert;matamata;08/03/2025;A09;0;0;0;
B01;Je n'arrache pas les végétaux.;Biodiversité; VERT ;Groupe_Vert;matamata;08/03/2025;A10;0;0;0;
D03;Je ne jette pas de déchet par terre.;Déchets; VERT ;Groupe_Vert;matamata;08/03/2025;A01;0.424875;0;4.486538;
D10;Utiliser moins de plastique pour faire les courses (ou les réutiliser).;Déchets; VERT ;Groupe_Vert;matamata;08/03/2025;A12;0.54243;0;0.21;
C03;Je consomme des fruits et légumes de saison;Courses; VERT ;Groupe_Vert;seiche;09/03/2025;A11;6.932;0;0;
D02;Éviter le gaspillage alimentaire : se servir moins, garder pour plus tard.;Déchets; VERT ;Groupe_Vert;seiche;09/03/2025;A04;2.453511;0;1.390385;
D04;Dans l'enceinte de l'école, je ramasse les déchets que je vois.;Déchets; VERT ;Groupe_Vert;seiche;09/03/2025;A02;0.00947;0;0.1;
D10;Utiliser moins de plastique pour faire les courses (ou les réutiliser).;Déchets; VERT ;Groupe_Vert;seiche;09/03/2025;A12;0.54243;0;0.21;
D03;Je ne jette pas de déchet par terre.;Déchets; VERT ;Groupe_Vert;seiche;09/03/2025;A01;0.424875;0;4.486538;
B02;"Je n""embête pas les petites bêtes.";Biodiversité; VERT ;Groupe_Vert;seiche;09/03/2025;A09;0;0;0;
B01;Je n'arrache pas les végétaux.;Biodiversité; VERT ;Groupe_Vert;seiche;09/03/2025;A10;0;0;0;
W03;"Je ferme l""eau quand je me savonne.";Eau; VERT ;Groupe_Vert;seiche;09/03/2025;A07;0.004964;12.6;0;
W05;"Je prends une douche plutôt qu""un bain.";Eau; VERT ;Groupe_Vert;seiche;09/03/2025;A08;0.140658;357;0;
W03;"Ne pas gaspiller l""eau que l’on boit.";Eau; VERT ;Groupe_Vert;seiche;09/03/2025;A13;0.004964;12.6;0;
T03;Remplacer la voiture lors de courts trajets : vélo, trottinette, à pied, transports en commun.;Transport; VERT ;Groupe_Vert;seiche;09/03/2025;A03;0.506;0;0;
E02;J’ouvre les volets/rideaux pour profiter de la lumière du jour.;Electricité; VERT ;Groupe_Vert;seiche;09/03/2025;A06;0.027408;0;0;
E01;J'éteins la lumière quand je quitte une pièce;Electricité; VERT ;Groupe_Vert;seiche;09/03/2025;A05;0.027408;0;0;
C03;Je consomme des fruits et légumes de saison;Courses; VERT ;Groupe_Vert;koala;09/03/2025;A11;6.932;0;0;
D02;Éviter le gaspillage alimentaire : se servir moins, garder pour plus tard.;Déchets; VERT ;Groupe_Vert;koala;09/03/2025;A04;2.453511;0;1.390385;
D10;Réutiliser des bouteilles vides.;Déchets; VERT ;Groupe_Vert;koala;09/03/2025;A14;0.54243;0;0.21;
D04;Dans l'enceinte de l'école, je ramasse les déchets que je vois.;Déchets; VERT ;Groupe_Vert;koala;09/03/2025;A02;0.00947;0;0.1;
D10;Utiliser moins de plastique pour faire les courses (ou les réutiliser).;Déchets; VERT ;Groupe_Vert;koala;09/03/2025;A12;0.54243;0;0.21;
D03;Je ne jette pas de déchet par terre.;Déchets; VERT ;Groupe_Vert;koala;09/03/2025;A01;0.424875;0;4.486538;
B02;"Je n""embête pas les petites bêtes.";Biodiversité; VERT ;Groupe_Vert;koala;09/03/2025;A09;0;0;0;
B01;Je n'arrache pas les végétaux.;Biodiversité; VERT ;Groupe_Vert;koala;09/03/2025;A10;0;0;0;
E01;J'éteins la lumière quand je quitte une pièce;Electricité; VERT ;Groupe_Vert;koala;09/03/2025;A05;0.027408;0;0;
E02;J’ouvre les volets/rideaux pour profiter de la lumière du jour.;Electricité; VERT ;Groupe_Vert;koala;09/03/2025;A06;0.027408;0;0;
W03;"Je ferme l""eau quand je me savonne.";Eau; VERT ;Groupe_Vert;koala;09/03/2025;A07;0.004964;12.6;0;
W05;"Je prends une douche plutôt qu""un bain.";Eau; VERT ;Groupe_Vert;koala;09/03/2025;A08;0.140658;357;0;
W03;"Ne pas gaspiller l""eau que l’on boit.";Eau; VERT ;Groupe_Vert;koala;09/03/2025;A13;0.004964;12.6;0;
T03;Remplacer la voiture lors de courts trajets : vélo, trottinette, à pied, transports en commun.;Transport; VERT ;Groupe_Vert;koala;09/03/2025;A03;0.506;0;0;
D03;Je ne jette pas de déchet par terre.;Déchets; VERT ;Groupe_Vert;seiche;08/04/2025;A01;0.424875;0;4.486538;
B02;"Je n""embête pas les petites bêtes.";Biodiversité; VERT ;Groupe_Vert;seiche;08/04/2025;A09;0;0;0;
W05;"Je prends une douche plutôt qu""un bain.";Eau; VERT ;Groupe_Vert;seiche;08/04/2025;A08;0.140658;357;0;
T03;Remplacer la voiture lors de courts trajets : vélo, trottinette, à pied, transports en commun.;Transport; VERT ;Groupe_Vert;seiche;08/04/2025;A03;0.506;0;0;
E01;J'éteins la lumière quand je quitte une pièce;Electricité; VERT ;Groupe_Vert;seiche;08/04/2025;A05;0.027408;0;0;
D02;Éviter le gaspillage alimentaire : se servir moins, garder pour plus tard.;Déchets; VERT ;Groupe_Vert;seiche;28/04/2025;A04;2.453511;0;1.390385;
D10;Utiliser moins de plastique pour faire les courses (ou les réutiliser).;Déchets; VERT ;Groupe_Vert;seiche;28/04/2025;A12;0.54243;0;0.21;
B02;"Je n""embête pas les petites bêtes.";Biodiversité; VERT ;Groupe_Vert;seiche;28/04/2025;A09;0;0;0;
W03;"Je ferme l""eau quand je me savonne.";Eau; VERT ;Groupe_Vert;seiche;28/04/2025;A07;0.004964;12.6;0;
W03;"Ne pas gaspiller l""eau que l’on boit.";Eau; VERT ;Groupe_Vert;seiche;28/04/2025;A13;0.004964;12.6;0;
E02;J’ouvre les volets/rideaux pour profiter de la lumière du jour.;Electricité; VERT ;Groupe_Vert;seiche;28/04/2025;A06;0.027408;0;0;
D02;Éviter le gaspillage alimentaire : se servir moins, garder pour plus tard.;Déchets; VERT ;Groupe_Vert;poissoncrocodile;15/05/2025;A04;2.453511;0;1.390385;
D04;Dans l'enceinte de l'école, je ramasse les déchets que je vois.;Déchets; VERT ;Groupe_Vert;poissoncrocodile;15/05/2025;A02;0.00947;0;0.1;
D03;Je ne jette pas de déchet par terre.;Déchets; VERT ;Groupe_Vert;poissoncrocodile;15/05/2025;A01;0.424875;0;4.486538;
B01;Je n'arrache pas les végétaux.;Biodiversité; VERT ;Groupe_Vert;poissoncrocodile;15/05/2025;A10;0;0;0;
W05;"Je prends une douche plutôt qu""un bain.";Eau; VERT ;Groupe_Vert;poissoncrocodile;15/05/2025;A08;0.140658;357;0;
T03;Remplacer la voiture lors de courts trajets : vélo, trottinette, à pied, transports en commun.;Transport; VERT ;Groupe_Vert;poissoncrocodile;15/05/2025;A03;0.506;0;0;
E01;J'éteins la lumière quand je quitte une pièce;Electricité; VERT ;Groupe_Vert;poissoncrocodile;15/05/2025;A05;0.027408;0;0;
C03;Je consomme des fruits et légumes de saison;Courses; VERT ;Groupe_Vert;koala;20/05/2025;A11;6.932;0;0;
D10;Réutiliser des bouteilles vides.;Déchets; VERT ;Groupe_Vert;koala;20/05/2025;A14;0.54243;0;0.21;
D03;Je ne jette pas de déchet par terre.;Déchets; VERT ;Groupe_Vert;koala;20/05/2025;A01;0.424875;0;4.486538;
B02;"Je n""embête pas les petites bêtes.";Biodiversité; VERT ;Groupe_Vert;koala;20/05/2025;A09;0;0;0;
W03;"Je ferme l""eau quand je me savonne.";Eau; VERT ;Groupe_Vert;koala;20/05/2025;A07;0.004964;12.6;0;
W05;"Je prends une douche plutôt qu""un bain.";Eau; VERT ;Groupe_Vert;koala;20/05/2025;A08;0.140658;357;0;
T03;Remplacer la voiture lors de courts trajets : vélo, trottinette, à pied, transports en commun.;Transport; VERT ;Groupe_Vert;koala;20/05/2025;A03;0.506;0;0;
E01;J'éteins la lumière quand je quitte une pièce;Electricité; VERT ;Groupe_Vert;koala;20/05/2025;A05;0.027408;0;0;
D10;Réutiliser des bouteilles vides.;Déchets; VERT ;Groupe_Vert;matamata;20/05/2025;A14;0.54243;0;0.21;
D02;Éviter le gaspillage alimentaire : se servir moins, garder pour plus tard.;Déchets; VERT ;Groupe_Vert;matamata;20/05/2025;A04;2.453511;0;1.390385;
D04;Dans l'enceinte de l'école, je ramasse les déchets que je vois.;Déchets; VERT ;Groupe_Vert;matamata;20/05/2025;A02;0.00947;0;0.1;
D10;Utiliser moins de plastique pour faire les courses (ou les réutiliser).;Déchets; VERT ;Groupe_Vert;matamata;20/05/2025;A12;0.54243;0;0.21;
D03;Je ne jette pas de déchet par terre.;Déchets; VERT ;Groupe_Vert;matamata;20/05/2025;A01;0.424875;0;4.486538;
C03;Je consomme des fruits et légumes de saison;Courses; VERT ;Groupe_Vert;poissoncrocodile;21/05/2025;A11;6.932;0;0;
D10;Réutiliser des bouteilles vides.;Déchets; VERT ;Groupe_Vert;poissoncrocodile;21/05/2025;A14;0.54243;0;0.21;
D10;Utiliser moins de plastique pour faire les courses (ou les réutiliser).;Déchets; VERT ;Groupe_Vert;poissoncrocodile;21/05/2025;A12;0.54243;0;0.21;
D03;Je ne jette pas de déchet par terre.;Déchets; VERT ;Groupe_Vert;poissoncrocodile;21/05/2025;A01;0.424875;0;4.486538;
W03;"Je ferme l""eau quand je me savonne.";Eau; VERT ;Groupe_Vert;poissoncrocodile;21/05/2025;A07;0.004964;12.6;0;
T03;Remplacer la voiture lors de courts trajets : vélo, trottinette, à pied, transports en commun.;Transport; VERT ;Groupe_Vert;poissoncrocodile;21/05/2025;A03;0.506;0;0;
E02;J’ouvre les volets/rideaux pour profiter de la lumière du jour.;Electricité; VERT ;Groupe_Vert;poissoncrocodile;21/05/2025;A06;0.027408;0;0;
E01;J'éteins la lumière quand je quitte une pièce;Electricité; VERT ;Groupe_Vert;poissoncrocodile;21/05/2025;A05;0.027408;0;0;
W05;"Je prends une douche plutôt qu""un bain.";Eau; VERT ;Groupe_Vert;poissoncrocodile;21/05/2025;A08;0.140658;357;0;
W03;"Ne pas gaspiller l""eau que l’on boit.";Eau; VERT ;Groupe_Vert;poissoncrocodile;21/05/2025;A13;0.004964;12.6;0;
B01;Je n'arrache pas les végétaux.;Biodiversité; VERT ;Groupe_Vert;poissoncrocodile;21/05/2025;A10;0;0;0;
B02;"Je n""embête pas les petites bêtes.";Biodiversité; VERT ;Groupe_Vert;poissoncrocodile;21/05/2025;A09;0;0;0;
D02;Éviter le gaspillage alimentaire : se servir moins, garder pour plus tard.;Déchets; VERT ;Groupe_Vert;poissoncrocodile;21/05/2025;A04;2.453511;0;1.390385;
D04;Dans l'enceinte de l'école, je ramasse les déchets que je vois.;Déchets; VERT ;Groupe_Vert;poissoncrocodile;21/05/2025;A02;0.00947;0;0.1;
W05;"Je prends une douche plutôt qu""un bain.";Eau; VERT ;Groupe_Vert;vipère;09/04/2025;A08;0.140658;357;0;
C03;Je consomme des fruits et légumes de saison;Courses; VERT ;Groupe_Vert;vipère;09/04/2025;A11;6.932;0;0;
D10;Réutiliser des bouteilles vides.;Déchets; VERT ;Groupe_Vert;vipère;09/04/2025;A14;0.54243;0;0.21;
D10;Utiliser moins de plastique pour faire les courses (ou les réutiliser).;Déchets; VERT ;Groupe_Vert;vipère;09/04/2025;A12;0.54243;0;0.21;
B01;Je n'arrache pas les végétaux.;Biodiversité; VERT ;Groupe_Vert;vipère;09/04/2025;A10;0;0;0;
E02;J’ouvre les volets/rideaux pour profiter de la lumière du jour.;Electricité; VERT ;Groupe_Vert;vipère;09/04/2025;A06;0.027408;0;0;
C03;Je consomme des fruits et légumes de saison;Courses; VERT ;Groupe_Vert;bettongie;10/04/2025;A11;6.932;0;0;
D02;Éviter le gaspillage alimentaire : se servir moins, garder pour plus tard.;Déchets; VERT ;Groupe_Vert;bettongie;10/04/2025;A04;2.453511;0;1.390385;
D04;Dans l'enceinte de l'école, je ramasse les déchets que je vois.;Déchets; VERT ;Groupe_Vert;bettongie;10/04/2025;A02;0.00947;0;0.1;
D03;Je ne jette pas de déchet par terre.;Déchets; VERT ;Groupe_Vert;bettongie;10/04/2025;A01;0.424875;0;4.486538;
B01;Je n'arrache pas les végétaux.;Biodiversité; VERT ;Groupe_Vert;bettongie;10/04/2025;A10;0;0;0;
W03;"Ne pas gaspiller l""eau que l’on boit.";Eau; VERT ;Groupe_Vert;bettongie;10/04/2025;A13;0.004964;12.6;0;
T03;Remplacer la voiture lors de courts trajets : vélo, trottinette, à pied, transports en commun.;Transport; VERT ;Groupe_Vert;bettongie;10/04/2025;A03;0.506;0;0;
E01;J'éteins la lumière quand je quitte une pièce;Electricité; VERT ;Groupe_Vert;bettongie;10/04/2025;A05;0.027408;0;0;
E02;J’ouvre les volets/rideaux pour profiter de la lumière du jour.;Electricité; VERT ;Groupe_Vert;matamata;10/04/2025;A06;0.027408;0;0;
T03;Remplacer la voiture lors de courts trajets : vélo, trottinette, à pied, transports en commun.;Transport; VERT ;Groupe_Vert;matamata;10/04/2025;A03;0.506;0;0;
W05;"Je prends une douche plutôt qu""un bain.";Eau; VERT ;Groupe_Vert;matamata;10/04/2025;A08;0.140658;357;0;
B02;"Je n""embête pas les petites bêtes.";Biodiversité; VERT ;Groupe_Vert;matamata;10/04/2025;A09;0;0;0;
D02;Éviter le gaspillage alimentaire : se servir moins, garder pour plus tard.;Déchets; VERT ;Groupe_Vert;matamata;10/04/2025;A04;2.453511;0;1.390385;
D04;Dans l'enceinte de l'école, je ramasse les déchets que je vois.;Déchets; VERT ;Groupe_Vert;matamata;10/04/2025;A02;0.00947;0;0.1;
D03;Je ne jette pas de déchet par terre.;Déchets; VERT ;Groupe_Vert;matamata;10/04/2025;A01;0.424875;0;4.486538;
D02;Éviter le gaspillage alimentaire : se servir moins, garder pour plus tard.;Déchets; VERT ;Groupe_Vert;seiche;15/04/2025;A04;2.453511;0;1.390385;
B02;"Je n""embête pas les petites bêtes.";Biodiversité; VERT ;Groupe_Vert;seiche;15/04/2025;A09;0;0;0;
W03;"Je ferme l""eau quand je me savonne.";Eau; VERT ;Groupe_Vert;seiche;15/04/2025;A07;0.004964;12.6;0;
W03;"Ne pas gaspiller l""eau que l’on boit.";Eau; VERT ;Groupe_Vert;seiche;15/04/2025;A13;0.004964;12.6;0;
E02;J’ouvre les volets/rideaux pour profiter de la lumière du jour.;Electricité; VERT ;Groupe_Vert;seiche;15/04/2025;A06;0.027408;0;0;
C03;Je consomme des fruits et légumes de saison;Courses; VERT ;Groupe_Vert;vipère;16/04/2025;A11;6.932;0;0;
D10;Réutiliser des bouteilles vides.;Déchets; VERT ;Groupe_Vert;vipère;16/04/2025;A14;0.54243;0;0.21;
D03;Je ne jette pas de déchet par terre.;Déchets; VERT ;Groupe_Vert;vipère;16/04/2025;A01;0.424875;0;4.486538;
W03;"Je ferme l""eau quand je me savonne.";Eau; VERT ;Groupe_Vert;vipère;16/04/2025;A07;0.004964;12.6;0;
W03;"Ne pas gaspiller l""eau que l’on boit.";Eau; VERT ;Groupe_Vert;vipère;16/04/2025;A13;0.004964;12.6;0;
D02;Éviter le gaspillage alimentaire : se servir moins, garder pour plus tard.;Déchets; VERT ;Groupe_Vert;bettongie;16/04/2025;A04;2.453511;0;1.390385;
D10;Utiliser moins de plastique pour faire les courses (ou les réutiliser).;Déchets; VERT ;Groupe_Vert;bettongie;16/04/2025;A12;0.54243;0;0.21;
D10;Réutiliser des bouteilles vides.;Déchets; VERT ;Groupe_Vert;bettongie;16/04/2025;A14;0.54243;0;0.21;
B01;Je n'arrache pas les végétaux.;Biodiversité; VERT ;Groupe_Vert;bettongie;16/04/2025;A10;0;0;0;
W05;"Je prends une douche plutôt qu""un bain.";Eau; VERT ;Groupe_Vert;bettongie;16/04/2025;A08;0.140658;357;0;
T03;Remplacer la voiture lors de courts trajets : vélo, trottinette, à pied, transports en commun.;Transport; VERT ;Groupe_Vert;bettongie;16/04/2025;A03;0.506;0;0;
E01;J'éteins la lumière quand je quitte une pièce;Electricité; VERT ;Groupe_Vert;bettongie;16/04/2025;A05;0.027408;0;0;
D02;Éviter le gaspillage alimentaire : se servir moins, garder pour plus tard.;Déchets; VERT ;Groupe_Vert;koala;18/04/2025;A04;2.453511;0;1.390385;
D03;Je ne jette pas de déchet par terre.;Déchets; VERT ;Groupe_Vert;koala;18/04/2025;A01;0.424875;0;4.486538;
B01;Je n'arrache pas les végétaux.;Biodiversité; VERT ;Groupe_Vert;koala;18/04/2025;A10;0;0;0;
W03;"Je ferme l""eau quand je me savonne.";Eau; VERT ;Groupe_Vert;koala;18/04/2025;A07;0.004964;12.6;0;
W03;"Ne pas gaspiller l""eau que l’on boit.";Eau; VERT ;Groupe_Vert;koala;18/04/2025;A13;0.004964;12.6;0;
E02;J’ouvre les volets/rideaux pour profiter de la lumière du jour.;Electricité; VERT ;Groupe_Vert;koala;18/04/2025;A06;0.027408;0;0;
T03;Remplacer la voiture lors de courts trajets : vélo, trottinette, à pied, transports en commun.;Transport; VERT ;Groupe_Vert;koala;18/04/2025;A03;0.506;0;0;
D02;Éviter le gaspillage alimentaire : se servir moins, garder pour plus tard.;Déchets; VERT ;Groupe_Vert;seiche;20/04/2025;A04;2.453511;0;1.390385;
D03;Je ne jette pas de déchet par terre.;Déchets; VERT ;Groupe_Vert;seiche;20/04/2025;A01;0.424875;0;4.486538;
B01;Je n'arrache pas les végétaux.;Biodiversité; VERT ;Groupe_Vert;seiche;20/04/2025;A10;0;0;0;
W05;"Je prends une douche plutôt qu""un bain.";Eau; VERT ;Groupe_Vert;seiche;20/04/2025;A08;0.140658;357;0;
T03;Remplacer la voiture lors de courts trajets : vélo, trottinette, à pied, transports en commun.;Transport; VERT ;Groupe_Vert;seiche;20/04/2025;A03;0.506;0;0;
C03;Je consomme des fruits et légumes de saison;Courses; VERT ;Groupe_Vert;matamata;19/03/2025;A11;6.932;0;0;
D02;Éviter le gaspillage alimentaire : se servir moins, garder pour plus tard.;Déchets; VERT ;Groupe_Vert;matamata;19/03/2025;A04;2.453511;0;1.390385;
D10;Utiliser moins de plastique pour faire les courses (ou les réutiliser).;Déchets; VERT ;Groupe_Vert;matamata;19/03/2025;A12;0.54243;0;0.21;
D03;Je ne jette pas de déchet par terre.;Déchets; VERT ;Groupe_Vert;matamata;19/03/2025;A01;0.424875;0;4.486538;
B02;"Je n""embête pas les petites bêtes.";Biodiversité; VERT ;Groupe_Vert;matamata;19/03/2025;A09;0;0;0;
B01;Je n'arrache pas les végétaux.;Biodiversité; VERT ;Groupe_Vert;matamata;19/03/2025;A10;0;0;0;
E02;J’ouvre les volets/rideaux pour profiter de la lumière du jour.;Electricité; VERT ;Groupe_Vert;matamata;19/03/2025;A06;0.027408;0;0;
E01;J'éteins la lumière quand je quitte une pièce;Electricité; VERT ;Groupe_Vert;matamata;19/03/2025;A05;0.027408;0;0;
T03;Remplacer la voiture lors de courts trajets : vélo, trottinette, à pied, transports en commun.;Transport; VERT ;Groupe_Vert;matamata;19/03/2025;A03;0.506;0;0;
W05;"Je prends une douche plutôt qu""un bain.";Eau; VERT ;Groupe_Vert;matamata;19/03/2025;A08;0.140658;357;0;
W03;"Je ferme l""eau quand je me savonne.";Eau; VERT ;Groupe_Vert;matamata;19/03/2025;A07;0.004964;12.6;0;
W03;"Ne pas gaspiller l""eau que l’on boit.";Eau; VERT ;Groupe_Vert;matamata;19/03/2025;A13;0.004964;12.6;0;
C03;Je consomme des fruits et légumes de saison;Courses; VERT ;Groupe_Vert;bettongie;14/03/2025;A11;6.932;0;0;
D02;Éviter le gaspillage alimentaire : se servir moins, garder pour plus tard.;Déchets; VERT ;Groupe_Vert;bettongie;14/03/2025;A04;2.453511;0;1.390385;
D10;Réutiliser des bouteilles vides.;Déchets; VERT ;Groupe_Vert;bettongie;14/03/2025;A14;0.54243;0;0.21;
D04;Dans l'enceinte de l'école, je ramasse les déchets que je vois.;Déchets; VERT ;Groupe_Vert;bettongie;14/03/2025;A02;0.00947;0;0.1;
D10;Utiliser moins de plastique pour faire les courses (ou les réutiliser).;Déchets; VERT ;Groupe_Vert;bettongie;14/03/2025;A12;0.54243;0;0.21;
D03;Je ne jette pas de déchet par terre.;Déchets; VERT ;Groupe_Vert;bettongie;14/03/2025;A01;0.424875;0;4.486538;
B02;"Je n""embête pas les petites bêtes.";Biodiversité; VERT ;Groupe_Vert;bettongie;14/03/2025;A09;0;0;0;
B01;Je n'arrache pas les végétaux.;Biodiversité; VERT ;Groupe_Vert;bettongie;14/03/2025;A10;0;0;0;
W03;"Je ferme l""eau quand je me savonne.";Eau; VERT ;Groupe_Vert;bettongie;14/03/2025;A07;0.004964;12.6;0;
W05;"Je prends une douche plutôt qu""un bain.";Eau; VERT ;Groupe_Vert;bettongie;14/03/2025;A08;0.140658;357;0;
W03;"Ne pas gaspiller l""eau que l’on boit.";Eau; VERT ;Groupe_Vert;bettongie;14/03/2025;A13;0.004964;12.6;0;
T03;Remplacer la voiture lors de courts trajets : vélo, trottinette, à pied, transports en commun.;Transport; VERT ;Groupe_Vert;bettongie;14/03/2025;A03;0.506;0;0;
E01;J'éteins la lumière quand je quitte une pièce;Electricité; VERT ;Groupe_Vert;bettongie;14/03/2025;A05;0.027408;0;0;
E02;J’ouvre les volets/rideaux pour profiter de la lumière du jour.;Electricité; VERT ;Groupe_Vert;bettongie;14/03/2025;A06;0.027408;0;0;
C03;Je consomme des fruits et légumes de saison;Courses; VERT ;Groupe_Vert;seiche;14/03/2025;A11;6.932;0;0;
D02;Éviter le gaspillage alimentaire : se servir moins, garder pour plus tard.;Déchets; VERT ;Groupe_Vert;seiche;14/03/2025;A04;2.453511;0;1.390385;
D04;Dans l'enceinte de l'école, je ramasse les déchets que je vois.;Déchets; VERT ;Groupe_Vert;seiche;14/03/2025;A02;0.00947;0;0.1;
D10;Utiliser moins de plastique pour faire les courses (ou les réutiliser).;Déchets; VERT ;Groupe_Vert;seiche;14/03/2025;A12;0.54243;0;0.21;
D03;Je ne jette pas de déchet par terre.;Déchets; VERT ;Groupe_Vert;seiche;14/03/2025;A01;0.424875;0;4.486538;
B01;Je n'arrache pas les végétaux.;Biodiversité; VERT ;Groupe_Vert;seiche;14/03/2025;A10;0;0;0;
B02;"Je n""embête pas les petites bêtes.";Biodiversité; VERT ;Groupe_Vert;seiche;14/03/2025;A09;0;0;0;
W05;"Je prends une douche plutôt qu""un bain.";Eau; VERT ;Groupe_Vert;seiche;14/03/2025;A08;0.140658;357;0;
W03;"Je ferme l""eau quand je me savonne.";Eau; VERT ;Groupe_Vert;seiche;14/03/2025;A07;0.004964;12.6;0;
W03;"Ne pas gaspiller l""eau que l’on boit.";Eau; VERT ;Groupe_Vert;seiche;14/03/2025;A13;0.004964;12.6;0;
T03;Remplacer la voiture lors de courts trajets : vélo, trottinette, à pied, transports en commun.;Transport; VERT ;Groupe_Vert;seiche;14/03/2025;A03;0.506;0;0;
E02;J’ouvre les volets/rideaux pour profiter de la lumière du jour.;Electricité; VERT ;Groupe_Vert;seiche;14/03/2025;A06;0.027408;0;0;
C03;Je consomme des fruits et légumes de saison;Courses; VERT ;Groupe_Vert;koala;17/03/2025;A11;6.932;0;0;
D02;Éviter le gaspillage alimentaire : se servir moins, garder pour plus tard.;Déchets; VERT ;Groupe_Vert;koala;17/03/2025;A04;2.453511;0;1.390385;
D10;Réutiliser des bouteilles vides.;Déchets; VERT ;Groupe_Vert;koala;17/03/2025;A14;0.54243;0;0.21;
D04;Dans l'enceinte de l'école, je ramasse les déchets que je vois.;Déchets; VERT ;Groupe_Vert;koala;17/03/2025;A02;0.00947;0;0.1;
D10;Utiliser moins de plastique pour faire les courses (ou les réutiliser).;Déchets; VERT ;Groupe_Vert;koala;17/03/2025;A12;0.54243;0;0.21;
D03;Je ne jette pas de déchet par terre.;Déchets; VERT ;Groupe_Vert;koala;17/03/2025;A01;0.424875;0;4.486538;
B02;"Je n""embête pas les petites bêtes.";Biodiversité; VERT ;Groupe_Vert;koala;17/03/2025;A09;0;0;0;
B01;Je n'arrache pas les végétaux.;Biodiversité; VERT ;Groupe_Vert;koala;17/03/2025;A10;0;0;0;
E02;J’ouvre les volets/rideaux pour profiter de la lumière du jour.;Electricité; VERT ;Groupe_Vert;koala;17/03/2025;A06;0.027408;0;0;
E01;J'éteins la lumière quand je quitte une pièce;Electricité; VERT ;Groupe_Vert;koala;17/03/2025;A05;0.027408;0;0;
W03;"Je ferme l""eau quand je me savonne.";Eau; VERT ;Groupe_Vert;koala;17/03/2025;A07;0.004964;12.6;0;
W05;"Je prends une douche plutôt qu""un bain.";Eau; VERT ;Groupe_Vert;koala;17/03/2025;A08;0.140658;357;0;
W03;"Ne pas gaspiller l""eau que l’on boit.";Eau; VERT ;Groupe_Vert;koala;17/03/2025;A13;0.004964;12.6;0;
T03;Remplacer la voiture lors de courts trajets : vélo, trottinette, à pied, transports en commun.;Transport; VERT ;Groupe_Vert;koala;17/03/2025;A03;0.506;0;0;
C03;Je consomme des fruits et légumes de saison;Courses; VERT ;Groupe_Vert;poissoncrocodile;20/03/2025;A11;6.932;0;0;
D10;Réutiliser des bouteilles vides.;Déchets; VERT ;Groupe_Vert;poissoncrocodile;20/03/2025;A14;0.54243;0;0.21;
D02;Éviter le gaspillage alimentaire : se servir moins, garder pour plus tard.;Déchets; VERT ;Groupe_Vert;poissoncrocodile;20/03/2025;A04;2.453511;0;1.390385;
D04;Dans l'enceinte de l'école, je ramasse les déchets que je vois.;Déchets; VERT ;Groupe_Vert;poissoncrocodile;20/03/2025;A02;0.00947;0;0.1;
D10;Utiliser moins de plastique pour faire les courses (ou les réutiliser).;Déchets; VERT ;Groupe_Vert;poissoncrocodile;20/03/2025;A12;0.54243;0;0.21;
D03;Je ne jette pas de déchet par terre.;Déchets; VERT ;Groupe_Vert;poissoncrocodile;20/03/2025;A01;0.424875;0;4.486538;
B02;"Je n""embête pas les petites bêtes.";Biodiversité; VERT ;Groupe_Vert;poissoncrocodile;20/03/2025;A09;0;0;0;
B01;Je n'arrache pas les végétaux.;Biodiversité; VERT ;Groupe_Vert;poissoncrocodile;20/03/2025;A10;0;0;0;
W03;"Je ferme l""eau quand je me savonne.";Eau; VERT ;Groupe_Vert;poissoncrocodile;20/03/2025;A07;0.004964;12.6;0;
W05;"Je prends une douche plutôt qu""un bain.";Eau; VERT ;Groupe_Vert;poissoncrocodile;20/03/2025;A08;0.140658;357;0;
W03;"Ne pas gaspiller l""eau que l’on boit.";Eau; VERT ;Groupe_Vert;poissoncrocodile;20/03/2025;A13;0.004964;12.6;0;
T03;Remplacer la voiture lors de courts trajets : vélo, trottinette, à pied, transports en commun.;Transport; VERT ;Groupe_Vert;poissoncrocodile;20/03/2025;A03;0.506;0;0;
E02;J’ouvre les volets/rideaux pour profiter de la lumière du jour.;Electricité; VERT ;Groupe_Vert;poissoncrocodile;20/03/2025;A06;0.027408;0;0;
E01;J'éteins la lumière quand je quitte une pièce;Electricité; VERT ;Groupe_Vert;poissoncrocodile;20/03/2025;A05;0.027408;0;0;
C03;Je consomme des fruits et légumes de saison;Courses; VERT ;Groupe_Vert;bettongie;20/03/2025;A11;6.932;0;0;
D10;Réutiliser des bouteilles vides.;Déchets; VERT ;Groupe_Vert;bettongie;20/03/2025;A14;0.54243;0;0.21;
D02;Éviter le gaspillage alimentaire : se servir moins, garder pour plus tard.;Déchets; VERT ;Groupe_Vert;bettongie;20/03/2025;A04;2.453511;0;1.390385;
D04;Dans l'enceinte de l'école, je ramasse les déchets que je vois.;Déchets; VERT ;Groupe_Vert;bettongie;20/03/2025;A02;0.00947;0;0.1;
D10;Utiliser moins de plastique pour faire les courses (ou les réutiliser).;Déchets; VERT ;Groupe_Vert;bettongie;20/03/2025;A12;0.54243;0;0.21;
D03;Je ne jette pas de déchet par terre.;Déchets; VERT ;Groupe_Vert;bettongie;20/03/2025;A01;0.424875;0;4.486538;
B02;"Je n""embête pas les petites bêtes.";Biodiversité; VERT ;Groupe_Vert;bettongie;20/03/2025;A09;0;0;0;
B01;Je n'arrache pas les végétaux.;Biodiversité; VERT ;Groupe_Vert;bettongie;20/03/2025;A10;0;0;0;
W03;"Je ferme l""eau quand je me savonne.";Eau; VERT ;Groupe_Vert;bettongie;20/03/2025;A07;0.004964;12.6;0;
W05;"Je prends une douche plutôt qu""un bain.";Eau; VERT ;Groupe_Vert;bettongie;20/03/2025;A08;0.140658;357;0;
W03;"Ne pas gaspiller l""eau que l’on boit.";Eau; VERT ;Groupe_Vert;bettongie;20/03/2025;A13;0.004964;12.6;0;
T03;Remplacer la voiture lors de courts trajets : vélo, trottinette, à pied, transports en commun.;Transport; VERT ;Groupe_Vert;bettongie;20/03/2025;A03;0.506;0;0;
E02;J’ouvre les volets/rideaux pour profiter de la lumière du jour.;Electricité; VERT ;Groupe_Vert;bettongie;20/03/2025;A06;0.027408;0;0;
W05;"Je prends une douche plutôt qu""un bain.";Eau; VERT ;Groupe_Vert;wallaroo;23/03/2025;A08;0.140658;357;0;
C03;Je consomme des fruits et légumes de saison;Courses; VERT ;Groupe_Vert;wallaroo;23/03/2025;A11;6.932;0;0;
D10;Réutiliser des bouteilles vides.;Déchets; VERT ;Groupe_Vert;wallaroo;23/03/2025;A14;0.54243;0;0.21;
D10;Utiliser moins de plastique pour faire les courses (ou les réutiliser).;Déchets; VERT ;Groupe_Vert;wallaroo;23/03/2025;A12;0.54243;0;0.21;
B02;"Je n""embête pas les petites bêtes.";Biodiversité; VERT ;Groupe_Vert;wallaroo;23/03/2025;A09;0;0;0;
T03;Remplacer la voiture lors de courts trajets : vélo, trottinette, à pied, transports en commun.;Transport; VERT ;Groupe_Vert;wallaroo;23/03/2025;A03;0.506;0;0;
E02;J’ouvre les volets/rideaux pour profiter de la lumière du jour.;Electricité; VERT ;Groupe_Vert;wallaroo;23/03/2025;A06;0.027408;0;0;
D02;Éviter le gaspillage alimentaire : se servir moins, garder pour plus tard.;Déchets; VERT ;Groupe_Vert;seiche;23/03/2025;A04;2.453511;0;1.390385;
D03;Je ne jette pas de déchet par terre.;Déchets; VERT ;Groupe_Vert;seiche;23/03/2025;A01;0.424875;0;4.486538;
W03;"Je ferme l""eau quand je me savonne.";Eau; VERT ;Groupe_Vert;seiche;23/03/2025;A07;0.004964;12.6;0;
E02;J’ouvre les volets/rideaux pour profiter de la lumière du jour.;Electricité; VERT ;Groupe_Vert;seiche;23/03/2025;A06;0.027408;0;0;
W03;"Je ferme l""eau quand je me savonne.";Eau; VERT ;Groupe_Vert;vipère;23/03/2025;A07;0.004964;12.6;0;
W03;"Ne pas gaspiller l""eau que l’on boit.";Eau; VERT ;Groupe_Vert;vipère;23/03/2025;A13;0.004964;12.6;0;
D02;Éviter le gaspillage alimentaire : se servir moins, garder pour plus tard.;Déchets; VERT ;Groupe_Vert;vipère;23/03/2025;A04;2.453511;0;1.390385;
D03;Je ne jette pas de déchet par terre.;Déchets; VERT ;Groupe_Vert;vipère;23/03/2025;A01;0.424875;0;4.486538;
E02;J’ouvre les volets/rideaux pour profiter de la lumière du jour.;Electricité; VERT ;Groupe_Vert;vipère;23/03/2025;A06;0.027408;0;0;
B02;"Je n""embête pas les petites bêtes.";Biodiversité; VERT ;Groupe_Vert;vipère;23/03/2025;A09;0;0;0;
D10;Utiliser moins de plastique pour faire les courses (ou les réutiliser).;Déchets; VERT ;Groupe_Vert;vipère;23/03/2025;A12;0.54243;0;0.21;
E02;J’ouvre les volets/rideaux pour profiter de la lumière du jour.;Electricité; VERT ;Groupe_Vert;matamata;26/03/2025;A06;0.027408;0;0;
W03;"Je ferme l""eau quand je me savonne.";Eau; VERT ;Groupe_Vert;matamata;26/03/2025;A07;0.004964;12.6;0;
B02;"Je n""embête pas les petites bêtes.";Biodiversité; VERT ;Groupe_Vert;matamata;26/03/2025;A09;0;0;0;
D02;Éviter le gaspillage alimentaire : se servir moins, garder pour plus tard.;Déchets; VERT ;Groupe_Vert;matamata;26/03/2025;A04;2.453511;0;1.390385;
D10;Utiliser moins de plastique pour faire les courses (ou les réutiliser).;Déchets; VERT ;Groupe_Vert;matamata;26/03/2025;A12;0.54243;0;0.21;
W03;"Ne pas gaspiller l""eau que l’on boit.";Eau; VERT ;Groupe_Vert;matamata;26/03/2025;A13;0.004964;12.6;0;
W03;"Je ferme l""eau quand je me savonne.";Eau; VERT ;Groupe_Vert;vipère;09/04/2025;A07;0.004964;12.6;0;
W03;"Ne pas gaspiller l""eau que l’on boit.";Eau; VERT ;Groupe_Vert;vipère;09/04/2025;A13;0.004964;12.6;0;
D02;Éviter le gaspillage alimentaire : se servir moins, garder pour plus tard.;Déchets; VERT ;Groupe_Vert;vipère;09/04/2025;A04;2.453511;0;1.390385;
D04;Dans l'enceinte de l'école, je ramasse les déchets que je vois.;Déchets; VERT ;Groupe_Vert;vipère;09/04/2025;A02;0.00947;0;0.1;
D03;Je ne jette pas de déchet par terre.;Déchets; VERT ;Groupe_Vert;vipère;09/04/2025;A01;0.424875;0;4.486538;
T03;Remplacer la voiture lors de courts trajets : vélo, trottinette, à pied, transports en commun.;Transport; VERT ;Groupe_Vert;vipère;09/04/2025;A03;0.506;0;0;
E01;J'éteins la lumière quand je quitte une pièce;Electricité; VERT ;Groupe_Vert;vipère;09/04/2025;A05;0.027408;0;0;
D10;Réutiliser des bouteilles vides.;Déchets; VERT ;Groupe_Vert;bettongie;10/04/2025;A14;0.54243;0;0.21;
D10;Utiliser moins de plastique pour faire les courses (ou les réutiliser).;Déchets; VERT ;Groupe_Vert;bettongie;10/04/2025;A12;0.54243;0;0.21;
W03;"Je ferme l""eau quand je me savonne.";Eau; VERT ;Groupe_Vert;bettongie;10/04/2025;A07;0.004964;12.6;0;
W05;"Je prends une douche plutôt qu""un bain.";Eau; VERT ;Groupe_Vert;bettongie;10/04/2025;A08;0.140658;357;0;
E02;J’ouvre les volets/rideaux pour profiter de la lumière du jour.;Electricité; VERT ;Groupe_Vert;bettongie;10/04/2025;A06;0.027408;0;0;
C03;Je consomme des fruits et légumes de saison;Courses; VERT ;Groupe_Vert;matamata;10/04/2025;A11;6.932;0;0;
E01;J'éteins la lumière quand je quitte une pièce;Electricité; VERT ;Groupe_Vert;matamata;10/04/2025;A05;0.027408;0;0;
W03;"Je ferme l""eau quand je me savonne.";Eau; VERT ;Groupe_Vert;matamata;10/04/2025;A07;0.004964;12.6;0;
W03;"Ne pas gaspiller l""eau que l’on boit.";Eau; VERT ;Groupe_Vert;matamata;10/04/2025;A13;0.004964;12.6;0;
B01;Je n'arrache pas les végétaux.;Biodiversité; VERT ;Groupe_Vert;matamata;10/04/2025;A10;0;0;0;
D10;Réutiliser des bouteilles vides.;Déchets; VERT ;Groupe_Vert;matamata;10/04/2025;A14;0.54243;0;0.21;
D10;Utiliser moins de plastique pour faire les courses (ou les réutiliser).;Déchets; VERT ;Groupe_Vert;matamata;10/04/2025;A12;0.54243;0;0.21;
B02;"Je n""embête pas les petites bêtes.";Biodiversité; VERT ;Groupe_Vert;bettongie;13/04/2025;A09;0;0;0;
C03;Je consomme des fruits et légumes de saison;Courses; VERT ;Groupe_Vert;seiche;15/04/2025;A11;6.932;0;0;
D03;Je ne jette pas de déchet par terre.;Déchets; VERT ;Groupe_Vert;seiche;15/04/2025;A01;0.424875;0;4.486538;
B01;Je n'arrache pas les végétaux.;Biodiversité; VERT ;Groupe_Vert;seiche;15/04/2025;A10;0;0;0;
W05;"Je prends une douche plutôt qu""un bain.";Eau; VERT ;Groupe_Vert;seiche;15/04/2025;A08;0.140658;357;0;
T03;Remplacer la voiture lors de courts trajets : vélo, trottinette, à pied, transports en commun.;Transport; VERT ;Groupe_Vert;seiche;15/04/2025;A03;0.506;0;0;
E01;J'éteins la lumière quand je quitte une pièce;Electricité; VERT ;Groupe_Vert;seiche;15/04/2025;A05;0.027408;0;0;
D02;Éviter le gaspillage alimentaire : se servir moins, garder pour plus tard.;Déchets; VERT ;Groupe_Vert;vipère;16/04/2025;A04;2.453511;0;1.390385;
D04;Dans l'enceinte de l'école, je ramasse les déchets que je vois.;Déchets; VERT ;Groupe_Vert;vipère;16/04/2025;A02;0.00947;0;0.1;
D10;Utiliser moins de plastique pour faire les courses (ou les réutiliser).;Déchets; VERT ;Groupe_Vert;vipère;16/04/2025;A12;0.54243;0;0.21;
W05;"Je prends une douche plutôt qu""un bain.";Eau; VERT ;Groupe_Vert;vipère;16/04/2025;A08;0.140658;357;0;
C03;Je consomme des fruits et légumes de saison;Courses; VERT ;Groupe_Vert;bettongie;16/04/2025;A11;6.932;0;0;
D03;Je ne jette pas de déchet par terre.;Déchets; VERT ;Groupe_Vert;bettongie;16/04/2025;A01;0.424875;0;4.486538;
D04;Dans l'enceinte de l'école, je ramasse les déchets que je vois.;Déchets; VERT ;Groupe_Vert;bettongie;16/04/2025;A02;0.00947;0;0.1;
B02;"Je n""embête pas les petites bêtes.";Biodiversité; VERT ;Groupe_Vert;bettongie;16/04/2025;A09;0;0;0;
W03;"Je ferme l""eau quand je me savonne.";Eau; VERT ;Groupe_Vert;bettongie;16/04/2025;A07;0.004964;12.6;0;
W03;"Ne pas gaspiller l""eau que l’on boit.";Eau; VERT ;Groupe_Vert;bettongie;16/04/2025;A13;0.004964;12.6;0;
E01;J'éteins la lumière quand je quitte une pièce;Electricité; VERT ;Groupe_Vert;bettongie;20/03/2025;A05;0.027408;0;0;
W03;"Ne pas gaspiller l""eau que l’on boit.";Eau; VERT ;Groupe_Vert;wallaroo;23/03/2025;A13;0.004964;12.6;0;
W03;"Je ferme l""eau quand je me savonne.";Eau; VERT ;Groupe_Vert;wallaroo;23/03/2025;A07;0.004964;12.6;0;
D02;Éviter le gaspillage alimentaire : se servir moins, garder pour plus tard.;Déchets; VERT ;Groupe_Vert;wallaroo;23/03/2025;A04;2.453511;0;1.390385;
D04;Dans l'enceinte de l'école, je ramasse les déchets que je vois.;Déchets; VERT ;Groupe_Vert;wallaroo;23/03/2025;A02;0.00947;0;0.1;
D03;Je ne jette pas de déchet par terre.;Déchets; VERT ;Groupe_Vert;wallaroo;23/03/2025;A01;0.424875;0;4.486538;
B01;Je n'arrache pas les végétaux.;Biodiversité; VERT ;Groupe_Vert;wallaroo;23/03/2025;A10;0;0;0;
E01;J'éteins la lumière quand je quitte une pièce;Electricité; VERT ;Groupe_Vert;wallaroo;23/03/2025;A05;0.027408;0;0;
C03;Je consomme des fruits et légumes de saison;Courses; VERT ;Groupe_Vert;seiche;23/03/2025;A11;6.932;0;0;
D10;Utiliser moins de plastique pour faire les courses (ou les réutiliser).;Déchets; VERT ;Groupe_Vert;seiche;23/03/2025;A12;0.54243;0;0.21;
B02;"Je n""embête pas les petites bêtes.";Biodiversité; VERT ;Groupe_Vert;seiche;23/03/2025;A09;0;0;0;
W05;"Je prends une douche plutôt qu""un bain.";Eau; VERT ;Groupe_Vert;seiche;23/03/2025;A08;0.140658;357;0;
E01;J'éteins la lumière quand je quitte une pièce;Electricité; VERT ;Groupe_Vert;seiche;23/03/2025;A05;0.027408;0;0;
W05;"Je prends une douche plutôt qu""un bain.";Eau; VERT ;Groupe_Vert;vipère;23/03/2025;A08;0.140658;357;0;
C03;Je consomme des fruits et légumes de saison;Courses; VERT ;Groupe_Vert;vipère;23/03/2025;A11;6.932;0;0;
D10;Réutiliser des bouteilles vides.;Déchets; VERT ;Groupe_Vert;vipère;23/03/2025;A14;0.54243;0;0.21;
T03;Remplacer la voiture lors de courts trajets : vélo, trottinette, à pied, transports en commun.;Transport; VERT ;Groupe_Vert;vipère;23/03/2025;A03;0.506;0;0;
E01;J'éteins la lumière quand je quitte une pièce;Electricité; VERT ;Groupe_Vert;vipère;23/03/2025;A05;0.027408;0;0;
B01;Je n'arrache pas les végétaux.;Biodiversité; VERT ;Groupe_Vert;vipère;23/03/2025;A10;0;0;0;
C03;Je consomme des fruits et légumes de saison;Courses; VERT ;Groupe_Vert;matamata;26/03/2025;A11;6.932;0;0;
T03;Remplacer la voiture lors de courts trajets : vélo, trottinette, à pied, transports en commun.;Transport; VERT ;Groupe_Vert;matamata;26/03/2025;A03;0.506;0;0;
W05;"Je prends une douche plutôt qu""un bain.";Eau; VERT ;Groupe_Vert;matamata;26/03/2025;A08;0.140658;357;0;
B01;Je n'arrache pas les végétaux.;Biodiversité; VERT ;Groupe_Vert;matamata;26/03/2025;A10;0;0;0;
D10;Réutiliser des bouteilles vides.;Déchets; VERT ;Groupe_Vert;matamata;26/03/2025;A14;0.54243;0;0.21;
D03;Je ne jette pas de déchet par terre.;Déchets; VERT ;Groupe_Vert;matamata;26/03/2025;A01;0.424875;0;4.486538;
C03;Je consomme des fruits et légumes de saison;Courses; VERT ;Groupe_Vert;seiche;29/03/2025;A11;6.932;0;0;
D02;Éviter le gaspillage alimentaire : se servir moins, garder pour plus tard.;Déchets; VERT ;Groupe_Vert;seiche;29/03/2025;A04;2.453511;0;1.390385;
D10;Utiliser moins de plastique pour faire les courses (ou les réutiliser).;Déchets; VERT ;Groupe_Vert;seiche;29/03/2025;A12;0.54243;0;0.21;
D03;Je ne jette pas de déchet par terre.;Déchets; VERT ;Groupe_Vert;seiche;29/03/2025;A01;0.424875;0;4.486538;
B02;"Je n""embête pas les petites bêtes.";Biodiversité; VERT ;Groupe_Vert;seiche;29/03/2025;A09;0;0;0;
W03;"Je ferme l""eau quand je me savonne.";Eau; VERT ;Groupe_Vert;seiche;29/03/2025;A07;0.004964;12.6;0;
W05;"Je prends une douche plutôt qu""un bain.";Eau; VERT ;Groupe_Vert;seiche;29/03/2025;A08;0.140658;357;0;
W03;"Ne pas gaspiller l""eau que l’on boit.";Eau; VERT ;Groupe_Vert;seiche;29/03/2025;A13;0.004964;12.6;0;
E02;J’ouvre les volets/rideaux pour profiter de la lumière du jour.;Electricité; VERT ;Groupe_Vert;seiche;29/03/2025;A06;0.027408;0;0;
E01;J'éteins la lumière quand je quitte une pièce;Electricité; VERT ;Groupe_Vert;seiche;29/03/2025;A05;0.027408;0;0;
C03;Je consomme des fruits et légumes de saison;Courses; VERT ;Groupe_Vert;koala;30/03/2025;A11;6.932;0;0;
D02;Éviter le gaspillage alimentaire : se servir moins, garder pour plus tard.;Déchets; VERT ;Groupe_Vert;koala;30/03/2025;A04;2.453511;0;1.390385;
D10;Réutiliser des bouteilles vides.;Déchets; VERT ;Groupe_Vert;koala;30/03/2025;A14;0.54243;0;0.21;
D04;Dans l'enceinte de l'école, je ramasse les déchets que je vois.;Déchets; VERT ;Groupe_Vert;koala;30/03/2025;A02;0.00947;0;0.1;
D10;Utiliser moins de plastique pour faire les courses (ou les réutiliser).;Déchets; VERT ;Groupe_Vert;koala;30/03/2025;A12;0.54243;0;0.21;
D03;Je ne jette pas de déchet par terre.;Déchets; VERT ;Groupe_Vert;koala;30/03/2025;A01;0.424875;0;4.486538;
B02;"Je n""embête pas les petites bêtes.";Biodiversité; VERT ;Groupe_Vert;koala;30/03/2025;A09;0;0;0;
B01;Je n'arrache pas les végétaux.;Biodiversité; VERT ;Groupe_Vert;koala;30/03/2025;A10;0;0;0;
E02;J’ouvre les volets/rideaux pour profiter de la lumière du jour.;Electricité; VERT ;Groupe_Vert;koala;30/03/2025;A06;0.027408;0;0;
E01;J'éteins la lumière quand je quitte une pièce;Electricité; VERT ;Groupe_Vert;koala;30/03/2025;A05;0.027408;0;0;
W03;"Je ferme l""eau quand je me savonne.";Eau; VERT ;Groupe_Vert;koala;30/03/2025;A07;0.004964;12.6;0;
W05;"Je prends une douche plutôt qu""un bain.";Eau; VERT ;Groupe_Vert;koala;30/03/2025;A08;0.140658;357;0;
W03;"Ne pas gaspiller l""eau que l’on boit.";Eau; VERT ;Groupe_Vert;koala;30/03/2025;A13;0.004964;12.6;0;
T03;Remplacer la voiture lors de courts trajets : vélo, trottinette, à pied, transports en commun.;Transport; VERT ;Groupe_Vert;koala;30/03/2025;A03;0.506;0;0;
D02;Éviter le gaspillage alimentaire : se servir moins, garder pour plus tard.;Déchets; VERT ;Groupe_Vert;vipère;01/04/2025;A04;2.453511;0;1.390385;
D10;Réutiliser des bouteilles vides.;Déchets; VERT ;Groupe_Vert;vipère;01/04/2025;A14;0.54243;0;0.21;
D04;Dans l'enceinte de l'école, je ramasse les déchets que je vois.;Déchets; VERT ;Groupe_Vert;vipère;01/04/2025;A02;0.00947;0;0.1;
D10;Utiliser moins de plastique pour faire les courses (ou les réutiliser).;Déchets; VERT ;Groupe_Vert;vipère;01/04/2025;A12;0.54243;0;0.21;
D03;Je ne jette pas de déchet par terre.;Déchets; VERT ;Groupe_Vert;vipère;01/04/2025;A01;0.424875;0;4.486538;
B02;"Je n""embête pas les petites bêtes.";Biodiversité; VERT ;Groupe_Vert;tigre;01/04/2025;A09;0;0;0;
B01;Je n'arrache pas les végétaux.;Biodiversité; VERT ;Groupe_Vert;tigre;01/04/2025;A10;0;0;0;
W03;"Je ferme l""eau quand je me savonne.";Eau; VERT ;Groupe_Vert;tigre;01/04/2025;A07;0.004964;12.6;0;
W05;"Je prends une douche plutôt qu""un bain.";Eau; VERT ;Groupe_Vert;tigre;01/04/2025;A08;0.140658;357;0;
W03;"Ne pas gaspiller l""eau que l’on boit.";Eau; VERT ;Groupe_Vert;tigre;01/04/2025;A13;0.004964;12.6;0;
E02;J’ouvre les volets/rideaux pour profiter de la lumière du jour.;Electricité; VERT ;Groupe_Vert;tigre;01/04/2025;A06;0.027408;0;0;
E01;J'éteins la lumière quand je quitte une pièce;Electricité; VERT ;Groupe_Vert;tigre;01/04/2025;A05;0.027408;0;0;
C03;Je consomme des fruits et légumes de saison;Courses; VERT ;Groupe_Vert;tigre;01/04/2025;A11;6.932;0;0;
C03;Je consomme des fruits et légumes de saison;Courses; VERT ;Groupe_Vert;matamata;03/04/2025;A11;6.932;0;0;
T03;Remplacer la voiture lors de courts trajets : vélo, trottinette, à pied, transports en commun.;Transport; VERT ;Groupe_Vert;matamata;03/04/2025;A03;0.506;0;0;
W05;"Je prends une douche plutôt qu""un bain.";Eau; VERT ;Groupe_Vert;matamata;03/04/2025;A08;0.140658;357;0;
D10;Utiliser moins de plastique pour faire les courses (ou les réutiliser).;Déchets; VERT ;Groupe_Vert;matamata;03/04/2025;A12;0.54243;0;0.21;
D03;Je ne jette pas de déchet par terre.;Déchets; VERT ;Groupe_Vert;matamata;03/04/2025;A01;0.424875;0;4.486538;
W03;"Ne pas gaspiller l""eau que l’on boit.";Eau; VERT ;Groupe_Vert;matamata;03/04/2025;A13;0.004964;12.6;0;
E02;J’ouvre les volets/rideaux pour profiter de la lumière du jour.;Electricité; VERT ;Groupe_Vert;bettongie;04/04/2025;A06;0.027408;0;0;
T03;Remplacer la voiture lors de courts trajets : vélo, trottinette, à pied, transports en commun.;Transport; VERT ;Groupe_Vert;bettongie;04/04/2025;A03;0.506;0;0;
W05;"Je prends une douche plutôt qu""un bain.";Eau; VERT ;Groupe_Vert;bettongie;04/04/2025;A08;0.140658;357;0;
B02;"Je n""embête pas les petites bêtes.";Biodiversité; VERT ;Groupe_Vert;bettongie;04/04/2025;A09;0;0;0;
D02;Éviter le gaspillage alimentaire : se servir moins, garder pour plus tard.;Déchets; VERT ;Groupe_Vert;bettongie;04/04/2025;A04;2.453511;0;1.390385;
D04;Dans l'enceinte de l'école, je ramasse les déchets que je vois.;Déchets; VERT ;Groupe_Vert;bettongie;04/04/2025;A02;0.00947;0;0.1;
D03;Je ne jette pas de déchet par terre.;Déchets; VERT ;Groupe_Vert;bettongie;04/04/2025;A01;0.424875;0;4.486538;
E02;J’ouvre les volets/rideaux pour profiter de la lumière du jour.;Electricité; VERT ;Groupe_Vert;bettongie;16/04/2025;A06;0.027408;0;0;
C03;Je consomme des fruits et légumes de saison;Courses; VERT ;Groupe_Vert;koala;18/04/2025;A11;6.932;0;0;
D10;Réutiliser des bouteilles vides.;Déchets; VERT ;Groupe_Vert;koala;18/04/2025;A14;0.54243;0;0.21;
D10;Utiliser moins de plastique pour faire les courses (ou les réutiliser).;Déchets; VERT ;Groupe_Vert;koala;18/04/2025;A12;0.54243;0;0.21;
D04;Dans l'enceinte de l'école, je ramasse les déchets que je vois.;Déchets; VERT ;Groupe_Vert;koala;18/04/2025;A02;0.00947;0;0.1;
B02;"Je n""embête pas les petites bêtes.";Biodiversité; VERT ;Groupe_Vert;koala;18/04/2025;A09;0;0;0;
W05;"Je prends une douche plutôt qu""un bain.";Eau; VERT ;Groupe_Vert;koala;18/04/2025;A08;0.140658;357;0;
E01;J'éteins la lumière quand je quitte une pièce;Electricité; VERT ;Groupe_Vert;koala;18/04/2025;A05;0.027408;0;0;
C03;Je consomme des fruits et légumes de saison;Courses; VERT ;Groupe_Vert;seiche;20/04/2025;A11;6.932;0;0;
D10;Utiliser moins de plastique pour faire les courses (ou les réutiliser).;Déchets; VERT ;Groupe_Vert;seiche;20/04/2025;A12;0.54243;0;0.21;
B02;"Je n""embête pas les petites bêtes.";Biodiversité; VERT ;Groupe_Vert;seiche;20/04/2025;A09;0;0;0;
W03;"Je ferme l""eau quand je me savonne.";Eau; VERT ;Groupe_Vert;seiche;20/04/2025;A07;0.004964;12.6;0;
W03;"Ne pas gaspiller l""eau que l’on boit.";Eau; VERT ;Groupe_Vert;seiche;20/04/2025;A13;0.004964;12.6;0;
D02;Éviter le gaspillage alimentaire : se servir moins, garder pour plus tard.;Déchets; VERT ;Groupe_Vert;matamata;12/05/2025;A04;2.453511;0;1.390385;
D04;Dans l'enceinte de l'école, je ramasse les déchets que je vois.;Déchets; VERT ;Groupe_Vert;matamata;12/05/2025;A02;0.00947;0;0.1;
D03;Je ne jette pas de déchet par terre.;Déchets; VERT ;Groupe_Vert;matamata;12/05/2025;A01;0.424875;0;4.486538;
B02;"Je n""embête pas les petites bêtes.";Biodiversité; VERT ;Groupe_Vert;matamata;12/05/2025;A09;0;0;0;
W05;"Je prends une douche plutôt qu""un bain.";Eau; VERT ;Groupe_Vert;matamata;12/05/2025;A08;0.140658;357;0;
T03;Remplacer la voiture lors de courts trajets : vélo, trottinette, à pied, transports en commun.;Transport; VERT ;Groupe_Vert;matamata;12/05/2025;A03;0.506;0;0;
C03;Je consomme des fruits et légumes de saison;Courses; VERT ;Groupe_Vert;vipère;14/05/2025;A11;6.932;0;0;
W05;"Je prends une douche plutôt qu""un bain.";Eau; VERT ;Groupe_Vert;vipère;14/05/2025;A08;0.140658;357;0;
T03;Remplacer la voiture lors de courts trajets : vélo, trottinette, à pied, transports en commun.;Transport; VERT ;Groupe_Vert;vipère;14/05/2025;A03;0.506;0;0;
D10;Réutiliser des bouteilles vides.;Déchets; VERT ;Groupe_Vert;vipère;14/05/2025;A14;0.54243;0;0.21;
D03;Je ne jette pas de déchet par terre.;Déchets; VERT ;Groupe_Vert;vipère;14/05/2025;A01;0.424875;0;4.486538;
B02;"Je n""embête pas les petites bêtes.";Biodiversité; VERT ;Groupe_Vert;vipère;14/05/2025;A09;0;0;0;
E02;J’ouvre les volets/rideaux pour profiter de la lumière du jour.;Electricité; VERT ;Groupe_Vert;vipère;14/05/2025;A06;0.027408;0;0;
C03;Je consomme des fruits et légumes de saison;Courses; VERT ;Groupe_Vert;bettongie;14/05/2025;A11;6.932;0;0;
D10;Réutiliser des bouteilles vides.;Déchets; VERT ;Groupe_Vert;bettongie;14/05/2025;A14;0.54243;0;0.21;
D10;Utiliser moins de plastique pour faire les courses (ou les réutiliser).;Déchets; VERT ;Groupe_Vert;bettongie;14/05/2025;A12;0.54243;0;0.21;
B02;"Je n""embête pas les petites bêtes.";Biodiversité; VERT ;Groupe_Vert;bettongie;14/05/2025;A09;0;0;0;
W03;"Je ferme l""eau quand je me savonne.";Eau; VERT ;Groupe_Vert;bettongie;14/05/2025;A07;0.004964;12.6;0;
W03;"Ne pas gaspiller l""eau que l’on boit.";Eau; VERT ;Groupe_Vert;bettongie;14/05/2025;A13;0.004964;12.6;0;
E02;J’ouvre les volets/rideaux pour profiter de la lumière du jour.;Electricité; VERT ;Groupe_Vert;bettongie;14/05/2025;A06;0.027408;0;0;
C03;Je consomme des fruits et légumes de saison;Courses; VERT ;Groupe_Vert;poissoncrocodile;15/05/2025;A11;6.932;0;0;
D10;Réutiliser des bouteilles vides.;Déchets; VERT ;Groupe_Vert;poissoncrocodile;15/05/2025;A14;0.54243;0;0.21;
D10;Utiliser moins de plastique pour faire les courses (ou les réutiliser).;Déchets; VERT ;Groupe_Vert;poissoncrocodile;15/05/2025;A12;0.54243;0;0.21;
B02;"Je n""embête pas les petites bêtes.";Biodiversité; VERT ;Groupe_Vert;poissoncrocodile;15/05/2025;A09;0;0;0;
W03;"Je ferme l""eau quand je me savonne.";Eau; VERT ;Groupe_Vert;poissoncrocodile;15/05/2025;A07;0.004964;12.6;0;
W03;"Ne pas gaspiller l""eau que l’on boit.";Eau; VERT ;Groupe_Vert;poissoncrocodile;15/05/2025;A13;0.004964;12.6;0;
E02;J’ouvre les volets/rideaux pour profiter de la lumière du jour.;Electricité; VERT ;Groupe_Vert;poissoncrocodile;15/05/2025;A06;0.027408;0;0;
E02;J’ouvre les volets/rideaux pour profiter de la lumière du jour.;Electricité; VERT ;Groupe_Vert;matamata;03/04/2025;A06;0.027408;0;0;
W03;"Je ferme l""eau quand je me savonne.";Eau; VERT ;Groupe_Vert;matamata;03/04/2025;A07;0.004964;12.6;0;
B02;"Je n""embête pas les petites bêtes.";Biodiversité; VERT ;Groupe_Vert;matamata;03/04/2025;A09;0;0;0;
D10;Réutiliser des bouteilles vides.;Déchets; VERT ;Groupe_Vert;matamata;03/04/2025;A14;0.54243;0;0.21;
E02;J’ouvre les volets/rideaux pour profiter de la lumière du jour.;Electricité; VERT ;Groupe_Vert;seiche;20/04/2025;A06;0.027408;0;0;
D02;Éviter le gaspillage alimentaire : se servir moins, garder pour plus tard.;Déchets; VERT ;Groupe_Vert;matamata;03/04/2025;A04;2.453511;0;1.390385;
C03;Je consomme des fruits et légumes de saison;Courses; VERT ;Groupe_Vert;bettongie;04/04/2025;A11;6.932;0;0;
E01;J'éteins la lumière quand je quitte une pièce;Electricité; VERT ;Groupe_Vert;bettongie;04/04/2025;A05;0.027408;0;0;
W03;"Je ferme l""eau quand je me savonne.";Eau; VERT ;Groupe_Vert;bettongie;04/04/2025;A07;0.004964;12.6;0;
W03;"Ne pas gaspiller l""eau que l’on boit.";Eau; VERT ;Groupe_Vert;bettongie;04/04/2025;A13;0.004964;12.6;0;
B01;Je n'arrache pas les végétaux.;Biodiversité; VERT ;Groupe_Vert;bettongie;04/04/2025;A10;0;0;0;
D10;Réutiliser des bouteilles vides.;Déchets; VERT ;Groupe_Vert;bettongie;04/04/2025;A14;0.54243;0;0.21;
D10;Utiliser moins de plastique pour faire les courses (ou les réutiliser).;Déchets; VERT ;Groupe_Vert;bettongie;04/04/2025;A12;0.54243;0;0.21;
E02;J’ouvre les volets/rideaux pour profiter de la lumière du jour.;Electricité; VERT ;Groupe_Vert;matamata;24/04/2025;A06;0.027408;0;0;
W05;"Je prends une douche plutôt qu""un bain.";Eau; VERT ;Groupe_Vert;matamata;24/04/2025;A08;0.140658;357;0;
W03;"Je ferme l""eau quand je me savonne.";Eau; VERT ;Groupe_Vert;matamata;24/04/2025;A07;0.004964;12.6;0;
B01;Je n'arrache pas les végétaux.;Biodiversité; VERT ;Groupe_Vert;matamata;24/04/2025;A10;0;0;0;
D03;Je ne jette pas de déchet par terre.;Déchets; VERT ;Groupe_Vert;matamata;24/04/2025;A01;0.424875;0;4.486538;
C03;Je consomme des fruits et légumes de saison;Courses; VERT ;Groupe_Vert;seiche;28/04/2025;A11;6.932;0;0;
D04;Dans l'enceinte de l'école, je ramasse les déchets que je vois.;Déchets; VERT ;Groupe_Vert;seiche;28/04/2025;A02;0.00947;0;0.1;
D03;Je ne jette pas de déchet par terre.;Déchets; VERT ;Groupe_Vert;seiche;28/04/2025;A01;0.424875;0;4.486538;
B01;Je n'arrache pas les végétaux.;Biodiversité; VERT ;Groupe_Vert;seiche;28/04/2025;A10;0;0;0;
W05;"Je prends une douche plutôt qu""un bain.";Eau; VERT ;Groupe_Vert;seiche;28/04/2025;A08;0.140658;357;0;
T03;Remplacer la voiture lors de courts trajets : vélo, trottinette, à pied, transports en commun.;Transport; VERT ;Groupe_Vert;seiche;28/04/2025;A03;0.506;0;0;
E01;J'éteins la lumière quand je quitte une pièce;Electricité; VERT ;Groupe_Vert;seiche;28/04/2025;A05;0.027408;0;0;
C03;Je consomme des fruits et légumes de saison;Courses; VERT ;Groupe_Vert;bettongie;02/05/2025;A11;6.932;0;0;
D10;Réutiliser des bouteilles vides.;Déchets; VERT ;Groupe_Vert;bettongie;02/05/2025;A14;0.54243;0;0.21;
D10;Utiliser moins de plastique pour faire les courses (ou les réutiliser).;Déchets; VERT ;Groupe_Vert;bettongie;02/05/2025;A12;0.54243;0;0.21;
B02;"Je n""embête pas les petites bêtes.";Biodiversité; VERT ;Groupe_Vert;bettongie;02/05/2025;A09;0;0;0;
W03;"Je ferme l""eau quand je me savonne.";Eau; VERT ;Groupe_Vert;bettongie;02/05/2025;A07;0.004964;12.6;0;
W03;"Ne pas gaspiller l""eau que l’on boit.";Eau; VERT ;Groupe_Vert;bettongie;02/05/2025;A13;0.004964;12.6;0;
E02;J’ouvre les volets/rideaux pour profiter de la lumière du jour.;Electricité; VERT ;Groupe_Vert;bettongie;02/05/2025;A06;0.027408;0;0;
D10;Utiliser moins de plastique pour faire les courses (ou les réutiliser).;Déchets; VERT ;Groupe_Vert;matamata;03/05/2025;A12;0.54243;0;0.21;
C03;Je consomme des fruits et légumes de saison;Courses; VERT ;Groupe_Vert;matamata;03/05/2025;A11;6.932;0;0;
B02;"Je n""embête pas les petites bêtes.";Biodiversité; VERT ;Groupe_Vert;matamata;03/05/2025;A09;0;0;0;
W05;"Je prends une douche plutôt qu""un bain.";Eau; VERT ;Groupe_Vert;matamata;03/05/2025;A08;0.140658;357;0;
T03;Remplacer la voiture lors de courts trajets : vélo, trottinette, à pied, transports en commun.;Transport; VERT ;Groupe_Vert;matamata;03/05/2025;A03;0.506;0;0;
C03;Je consomme des fruits et légumes de saison;Courses; VERT ;Groupe_Vert;matamata;12/05/2025;A11;6.932;0;0;
D10;Réutiliser des bouteilles vides.;Déchets; VERT ;Groupe_Vert;matamata;12/05/2025;A14;0.54243;0;0.21;
D10;Utiliser moins de plastique pour faire les courses (ou les réutiliser).;Déchets; VERT ;Groupe_Vert;matamata;12/05/2025;A12;0.54243;0;0.21;
B01;Je n'arrache pas les végétaux.;Biodiversité; VERT ;Groupe_Vert;matamata;12/05/2025;A10;0;0;0;
W03;"Je ferme l""eau quand je me savonne.";Eau; VERT ;Groupe_Vert;matamata;12/05/2025;A07;0.004964;12.6;0;
W03;"Ne pas gaspiller l""eau que l’on boit.";Eau; VERT ;Groupe_Vert;matamata;12/05/2025;A13;0.004964;12.6;0;
E02;J’ouvre les volets/rideaux pour profiter de la lumière du jour.;Electricité; VERT ;Groupe_Vert;matamata;12/05/2025;A06;0.027408;0;0;
W03;"Je ferme l""eau quand je me savonne.";Eau; VERT ;Groupe_Vert;vipère;14/05/2025;A07;0.004964;12.6;0;
D02;Éviter le gaspillage alimentaire : se servir moins, garder pour plus tard.;Déchets; VERT ;Groupe_Vert;bettongie;14/05/2025;A04;2.453511;0;1.390385;
D04;Dans l'enceinte de l'école, je ramasse les déchets que je vois.;Déchets; VERT ;Groupe_Vert;bettongie;14/05/2025;A02;0.00947;0;0.1;
D03;Je ne jette pas de déchet par terre.;Déchets; VERT ;Groupe_Vert;bettongie;14/05/2025;A01;0.424875;0;4.486538;
B01;Je n'arrache pas les végétaux.;Biodiversité; VERT ;Groupe_Vert;bettongie;14/05/2025;A10;0;0;0;
W05;"Je prends une douche plutôt qu""un bain.";Eau; VERT ;Groupe_Vert;bettongie;14/05/2025;A08;0.140658;357;0;
T03;Remplacer la voiture lors de courts trajets : vélo, trottinette, à pied, transports en commun.;Transport; VERT ;Groupe_Vert;bettongie;14/05/2025;A03;0.506;0;0;
E01;J'éteins la lumière quand je quitte une pièce;Electricité; VERT ;Groupe_Vert;bettongie;14/05/2025;A05;0.027408;0;0;
C03;Je consomme des fruits et légumes de saison;Courses; VERT ;Groupe_Vert;bettongie;25/05/2025;A11;6.932;0;0;
D10;Réutiliser des bouteilles vides.;Déchets; VERT ;Groupe_Vert;bettongie;25/05/2025;A14;0.54243;0;0.21;
D10;Utiliser moins de plastique pour faire les courses (ou les réutiliser).;Déchets; VERT ;Groupe_Vert;bettongie;25/05/2025;A12;0.54243;0;0.21;
B02;"Je n""embête pas les petites bêtes.";Biodiversité; VERT ;Groupe_Vert;bettongie;25/05/2025;A09;0;0;0;
W03;"Je ferme l""eau quand je me savonne.";Eau; VERT ;Groupe_Vert;bettongie;25/05/2025;A07;0.004964;12.6;0;
W03;"Ne pas gaspiller l""eau que l’on boit.";Eau; VERT ;Groupe_Vert;bettongie;25/05/2025;A13;0.004964;12.6;0;
E02;J’ouvre les volets/rideaux pour profiter de la lumière du jour.;Electricité; VERT ;Groupe_Vert;bettongie;25/05/2025;A06;0.027408;0;0;
C03;Je consomme des fruits et légumes de saison;Courses; VERT ;Groupe_Vert;seiche;27/05/2025;A11;6.932;0;0;
D10;Utiliser moins de plastique pour faire les courses (ou les réutiliser).;Déchets; VERT ;Groupe_Vert;seiche;27/05/2025;A12;0.54243;0;0.21;
B02;"Je n""embête pas les petites bêtes.";Biodiversité; VERT ;Groupe_Vert;seiche;27/05/2025;A09;0;0;0;
W03;"Je ferme l""eau quand je me savonne.";Eau; VERT ;Groupe_Vert;seiche;27/05/2025;A07;0.004964;12.6;0;
W03;"Ne pas gaspiller l""eau que l’on boit.";Eau; VERT ;Groupe_Vert;seiche;27/05/2025;A13;0.004964;12.6;0;
E02;J’ouvre les volets/rideaux pour profiter de la lumière du jour.;Electricité; VERT ;Groupe_Vert;seiche;27/05/2025;A06;0.027408;0;0;
D02;Éviter le gaspillage alimentaire : se servir moins, garder pour plus tard.;Déchets; VERT ;Groupe_Vert;bettongie;05/06/2025;A04;2.453511;0;1.390385;
D04;Dans l'enceinte de l'école, je ramasse les déchets que je vois.;Déchets; VERT ;Groupe_Vert;bettongie;05/06/2025;A02;0.00947;0;0.1;
D03;Je ne jette pas de déchet par terre.;Déchets; VERT ;Groupe_Vert;bettongie;05/06/2025;A01;0.424875;0;4.486538;
E02;J’ouvre les volets/rideaux pour profiter de la lumière du jour.;Electricité; VERT ;Groupe_Vert;matamata;03/06/2025;A06;0.027408;0;0;
W05;"Je prends une douche plutôt qu""un bain.";Eau; VERT ;Groupe_Vert;matamata;03/06/2025;A08;0.140658;357;0;
B01;Je n'arrache pas les végétaux.;Biodiversité; VERT ;Groupe_Vert;matamata;03/06/2025;A10;0;0;0;
D10;Réutiliser des bouteilles vides.;Déchets; VERT ;Groupe_Vert;matamata;03/06/2025;A14;0.54243;0;0.21;
D10;Utiliser moins de plastique pour faire les courses (ou les réutiliser).;Déchets; VERT ;Groupe_Vert;matamata;03/06/2025;A12;0.54243;0;0.21;
D02;Éviter le gaspillage alimentaire : se servir moins, garder pour plus tard.;Déchets; VERT ;Groupe_Vert;koala;03/06/2025;A04;2.453511;0;1.390385;
D10;Réutiliser des bouteilles vides.;Déchets; VERT ;Groupe_Vert;koala;03/06/2025;A14;0.54243;0;0.21;
D10;Utiliser moins de plastique pour faire les courses (ou les réutiliser).;Déchets; VERT ;Groupe_Vert;koala;03/06/2025;A12;0.54243;0;0.21;
B01;Je n'arrache pas les végétaux.;Biodiversité; VERT ;Groupe_Vert;koala;03/06/2025;A10;0;0;0;
W05;"Je prends une douche plutôt qu""un bain.";Eau; VERT ;Groupe_Vert;koala;03/06/2025;A08;0.140658;357;0;
T03;Remplacer la voiture lors de courts trajets : vélo, trottinette, à pied, transports en commun.;Transport; VERT ;Groupe_Vert;koala;03/06/2025;A03;0.506;0;0;
E01;J'éteins la lumière quand je quitte une pièce;Electricité; VERT ;Groupe_Vert;koala;03/06/2025;A05;0.027408;0;0;
D02;Éviter le gaspillage alimentaire : se servir moins, garder pour plus tard.;Déchets; VERT ;Groupe_Vert;bettongie;25/05/2025;A04;2.453511;0;1.390385;
D04;Dans l'enceinte de l'école, je ramasse les déchets que je vois.;Déchets; VERT ;Groupe_Vert;bettongie;25/05/2025;A02;0.00947;0;0.1;
D03;Je ne jette pas de déchet par terre.;Déchets; VERT ;Groupe_Vert;bettongie;25/05/2025;A01;0.424875;0;4.486538;
B01;Je n'arrache pas les végétaux.;Biodiversité; VERT ;Groupe_Vert;bettongie;25/05/2025;A10;0;0;0;
W05;"Je prends une douche plutôt qu""un bain.";Eau; VERT ;Groupe_Vert;bettongie;25/05/2025;A08;0.140658;357;0;
T03;Remplacer la voiture lors de courts trajets : vélo, trottinette, à pied, transports en commun.;Transport; VERT ;Groupe_Vert;bettongie;25/05/2025;A03;0.506;0;0;
E01;J'éteins la lumière quand je quitte une pièce;Electricité; VERT ;Groupe_Vert;bettongie;25/05/2025;A05;0.027408;0;0;
D02;Éviter le gaspillage alimentaire : se servir moins, garder pour plus tard.;Déchets; VERT ;Groupe_Vert;seiche;27/05/2025;A04;2.453511;0;1.390385;
D03;Je ne jette pas de déchet par terre.;Déchets; VERT ;Groupe_Vert;seiche;27/05/2025;A01;0.424875;0;4.486538;
B01;Je n'arrache pas les végétaux.;Biodiversité; VERT ;Groupe_Vert;seiche;27/05/2025;A10;0;0;0;
W05;"Je prends une douche plutôt qu""un bain.";Eau; VERT ;Groupe_Vert;seiche;27/05/2025;A08;0.140658;357;0;
T03;Remplacer la voiture lors de courts trajets : vélo, trottinette, à pied, transports en commun.;Transport; VERT ;Groupe_Vert;seiche;27/05/2025;A03;0.506;0;0;
E01;J'éteins la lumière quand je quitte une pièce;Electricité; VERT ;Groupe_Vert;seiche;27/05/2025;A05;0.027408;0;0;
C03;Je consomme des fruits et légumes de saison;Courses; VERT ;Groupe_Vert;bettongie;05/06/2025;A11;6.932;0;0;
D10;Réutiliser des bouteilles vides.;Déchets; VERT ;Groupe_Vert;bettongie;05/06/2025;A14;0.54243;0;0.21;
D10;Utiliser moins de plastique pour faire les courses (ou les réutiliser).;Déchets; VERT ;Groupe_Vert;bettongie;05/06/2025;A12;0.54243;0;0.21;
B02;"Je n""embête pas les petites bêtes.";Biodiversité; VERT ;Groupe_Vert;bettongie;05/06/2025;A09;0;0;0;
B01;Je n'arrache pas les végétaux.;Biodiversité; VERT ;Groupe_Vert;bettongie;05/06/2025;A10;0;0;0;
W03;"Je ferme l""eau quand je me savonne.";Eau; VERT ;Groupe_Vert;bettongie;05/06/2025;A07;0.004964;12.6;0;
W05;"Je prends une douche plutôt qu""un bain.";Eau; VERT ;Groupe_Vert;bettongie;05/06/2025;A08;0.140658;357;0;
W03;"Ne pas gaspiller l""eau que l’on boit.";Eau; VERT ;Groupe_Vert;bettongie;05/06/2025;A13;0.004964;12.6;0;
T03;Remplacer la voiture lors de courts trajets : vélo, trottinette, à pied, transports en commun.;Transport; VERT ;Groupe_Vert;bettongie;05/06/2025;A03;0.506;0;0;
E02;J’ouvre les volets/rideaux pour profiter de la lumière du jour.;Electricité; VERT ;Groupe_Vert;bettongie;05/06/2025;A06;0.027408;0;0;
E01;J'éteins la lumière quand je quitte une pièce;Electricité; VERT ;Groupe_Vert;bettongie;05/06/2025;A05;0.027408;0;0;
C03;Je consomme des fruits et légumes de saison;Courses; VERT ;Groupe_Vert;seiche;11/06/2025;A11;6.932;0;0;
D10;Utiliser moins de plastique pour faire les courses (ou les réutiliser).;Déchets; VERT ;Groupe_Vert;seiche;11/06/2025;A12;0.54243;0;0.21;
B02;"Je n""embête pas les petites bêtes.";Biodiversité; VERT ;Groupe_Vert;seiche;11/06/2025;A09;0;0;0;
W03;"Je ferme l""eau quand je me savonne.";Eau; VERT ;Groupe_Vert;seiche;11/06/2025;A07;0.004964;12.6;0;
W03;"Ne pas gaspiller l""eau que l’on boit.";Eau; VERT ;Groupe_Vert;seiche;11/06/2025;A13;0.004964;12.6;0;
E02;J’ouvre les volets/rideaux pour profiter de la lumière du jour.;Electricité; VERT ;Groupe_Vert;seiche;11/06/2025;A06;0.027408;0;0;
C03;Je consomme des fruits et légumes de saison;Courses; VERT ;Groupe_Vert;matamata;11/06/2025;A11;6.932;0;0;
W03;"Je ferme l""eau quand je me savonne.";Eau; VERT ;Groupe_Vert;matamata;11/06/2025;A07;0.004964;12.6;0;
W03;"Ne pas gaspiller l""eau que l’on boit.";Eau; VERT ;Groupe_Vert;matamata;11/06/2025;A13;0.004964;12.6;0;
D10;Utiliser moins de plastique pour faire les courses (ou les réutiliser).;Déchets; VERT ;Groupe_Vert;matamata;11/06/2025;A12;0.54243;0;0.21;
E02;J’ouvre les volets/rideaux pour profiter de la lumière du jour.;Electricité; VERT ;Groupe_Vert;matamata;11/06/2025;A06;0.027408;0;0;
B02;"Je n""embête pas les petites bêtes.";Biodiversité; VERT ;Groupe_Vert;matamata;11/06/2025;A09;0;0;0;
C03;Je consomme des fruits et légumes de saison;Courses; VERT ;Groupe_Vert;matamata;03/06/2025;A11;6.932;0;0;
T03;Remplacer la voiture lors de courts trajets : vélo, trottinette, à pied, transports en commun.;Transport; VERT ;Groupe_Vert;matamata;03/06/2025;A03;0.506;0;0;
W03;"Ne pas gaspiller l""eau que l’on boit.";Eau; VERT ;Groupe_Vert;matamata;03/06/2025;A13;0.004964;12.6;0;
B02;"Je n""embête pas les petites bêtes.";Biodiversité; VERT ;Groupe_Vert;matamata;03/06/2025;A09;0;0;0;
D03;Je ne jette pas de déchet par terre.;Déchets; VERT ;Groupe_Vert;matamata;03/06/2025;A01;0.424875;0;4.486538;
C03;Je consomme des fruits et légumes de saison;Courses; VERT ;Groupe_Vert;koala;03/06/2025;A11;6.932;0;0;
D04;Dans l'enceinte de l'école, je ramasse les déchets que je vois.;Déchets; VERT ;Groupe_Vert;koala;03/06/2025;A02;0.00947;0;0.1;
D03;Je ne jette pas de déchet par terre.;Déchets; VERT ;Groupe_Vert;koala;03/06/2025;A01;0.424875;0;4.486538;
B02;"Je n""embête pas les petites bêtes.";Biodiversité; VERT ;Groupe_Vert;koala;03/06/2025;A09;0;0;0;
W03;"Je ferme l""eau quand je me savonne.";Eau; VERT ;Groupe_Vert;koala;03/06/2025;A07;0.004964;12.6;0;
W03;"Ne pas gaspiller l""eau que l’on boit.";Eau; VERT ;Groupe_Vert;koala;03/06/2025;A13;0.004964;12.6;0;
E02;J’ouvre les volets/rideaux pour profiter de la lumière du jour.;Electricité; VERT ;Groupe_Vert;koala;03/06/2025;A06;0.027408;0;0;
D02;Éviter le gaspillage alimentaire : se servir moins, garder pour plus tard.;Déchets; VERT ;Groupe_Vert;seiche;11/06/2025;A04;2.453511;0;1.390385;
D03;Je ne jette pas de déchet par terre.;Déchets; VERT ;Groupe_Vert;seiche;11/06/2025;A01;0.424875;0;4.486538;
B01;Je n'arrache pas les végétaux.;Biodiversité; VERT ;Groupe_Vert;seiche;11/06/2025;A10;0;0;0;
W05;"Je prends une douche plutôt qu""un bain.";Eau; VERT ;Groupe_Vert;seiche;11/06/2025;A08;0.140658;357;0;
T03;Remplacer la voiture lors de courts trajets : vélo, trottinette, à pied, transports en commun.;Transport; VERT ;Groupe_Vert;seiche;11/06/2025;A03;0.506;0;0;
E01;J'éteins la lumière quand je quitte une pièce;Electricité; VERT ;Groupe_Vert;seiche;11/06/2025;A05;0.027408;0;0;
T03;Remplacer la voiture lors de courts trajets : vélo, trottinette, à pied, transports en commun.;Transport; VERT ;Groupe_Vert;matamata;11/06/2025;A03;0.506;0;0;
W05;"Je prends une douche plutôt qu""un bain.";Eau; VERT ;Groupe_Vert;matamata;11/06/2025;A08;0.140658;357;0;
D10;Réutiliser des bouteilles vides.;Déchets; VERT ;Groupe_Vert;matamata;11/06/2025;A14;0.54243;0;0.21;
D03;Je ne jette pas de déchet par terre.;Déchets; VERT ;Groupe_Vert;matamata;11/06/2025;A01;0.424875;0;4.486538;
E01;J'éteins la lumière quand je quitte une pièce;Electricité; VERT ;Groupe_Vert;matamata;11/06/2025;A05;0.027408;0;0;
B01;Je n'arrache pas les végétaux.;Biodiversité; VERT ;Groupe_Vert;matamata;11/06/2025;A10;0;0;0;
C03;Je consomme des fruits et légumes de saison;Courses; VERT ;Groupe_Vert;bettongie;17/06/2025;A11;6.932;0;0;
D02;Éviter le gaspillage alimentaire : se servir moins, garder pour plus tard.;Déchets; VERT ;Groupe_Vert;bettongie;17/06/2025;A04;2.453511;0;1.390385;
D10;Réutiliser des bouteilles vides.;Déchets; VERT ;Groupe_Vert;bettongie;17/06/2025;A14;0.54243;0;0.21;
D04;Dans l'enceinte de l'école, je ramasse les déchets que je vois.;Déchets; VERT ;Groupe_Vert;bettongie;17/06/2025;A02;0.00947;0;0.1;
D10;Utiliser moins de plastique pour faire les courses (ou les réutiliser).;Déchets; VERT ;Groupe_Vert;bettongie;17/06/2025;A12;0.54243;0;0.21;
D03;Je ne jette pas de déchet par terre.;Déchets; VERT ;Groupe_Vert;bettongie;17/06/2025;A01;0.424875;0;4.486538;
B02;"Je n""embête pas les petites bêtes.";Biodiversité; VERT ;Groupe_Vert;bettongie;17/06/2025;A09;0;0;0;
B01;Je n'arrache pas les végétaux.;Biodiversité; VERT ;Groupe_Vert;bettongie;17/06/2025;A10;0;0;0;
W03;"Je ferme l""eau quand je me savonne.";Eau; VERT ;Groupe_Vert;bettongie;17/06/2025;A07;0.004964;12.6;0;
W05;"Je prends une douche plutôt qu""un bain.";Eau; VERT ;Groupe_Vert;bettongie;17/06/2025;A08;0.140658;357;0;
W03;"Ne pas gaspiller l""eau que l’on boit.";Eau; VERT ;Groupe_Vert;bettongie;17/06/2025;A13;0.004964;12.6;0;
T03;Remplacer la voiture lors de courts trajets : vélo, trottinette, à pied, transports en commun.;Transport; VERT ;Groupe_Vert;bettongie;17/06/2025;A03;0.506;0;0;
E02;J’ouvre les volets/rideaux pour profiter de la lumière du jour.;Electricité; VERT ;Groupe_Vert;bettongie;17/06/2025;A06;0.027408;0;0;
E01;J'éteins la lumière quand je quitte une pièce;Electricité; VERT ;Groupe_Vert;bettongie;17/06/2025;A05;0.027408;0;0;
C03;Je consomme des fruits et légumes de saison;Courses; VERT ;Groupe_Vert;koala;08/07/2025;A11;6.932;0;0;
D10;Réutiliser des bouteilles vides.;Déchets; VERT ;Groupe_Vert;koala;08/07/2025;A14;0.54243;0;0.21;
D10;Utiliser moins de plastique pour faire les courses (ou les réutiliser).;Déchets; VERT ;Groupe_Vert;koala;08/07/2025;A12;0.54243;0;0.21;
B01;Je n'arrache pas les végétaux.;Biodiversité; VERT ;Groupe_Vert;koala;08/07/2025;A10;0;0;0;
E01;J'éteins la lumière quand je quitte une pièce;Electricité; VERT ;Groupe_Vert;koala;08/07/2025;A05;0.027408;0;0;
W03;"Je ferme l""eau quand je me savonne.";Eau; VERT ;Groupe_Vert;koala;08/07/2025;A07;0.004964;12.6;0;
W03;"Ne pas gaspiller l""eau que l’on boit.";Eau; VERT ;Groupe_Vert;koala;08/07/2025;A13;0.004964;12.6;0;
C03;Je consomme des fruits et légumes de saison;Courses; VERT ;Groupe_Vert;koala;25/06/2025;A11;6.932;0;0;
D02;Éviter le gaspillage alimentaire : se servir moins, garder pour plus tard.;Déchets; VERT ;Groupe_Vert;koala;25/06/2025;A04;2.453511;0;1.390385;
D10;Réutiliser des bouteilles vides.;Déchets; VERT ;Groupe_Vert;koala;25/06/2025;A14;0.54243;0;0.21;
D04;Dans l'enceinte de l'école, je ramasse les déchets que je vois.;Déchets; VERT ;Groupe_Vert;koala;25/06/2025;A02;0.00947;0;0.1;
D03;Je ne jette pas de déchet par terre.;Déchets; VERT ;Groupe_Vert;koala;25/06/2025;A01;0.424875;0;4.486538;
D10;Utiliser moins de plastique pour faire les courses (ou les réutiliser).;Déchets; VERT ;Groupe_Vert;koala;25/06/2025;A12;0.54243;0;0.21;
B02;"Je n""embête pas les petites bêtes.";Biodiversité; VERT ;Groupe_Vert;koala;25/06/2025;A09;0;0;0;
B01;Je n'arrache pas les végétaux.;Biodiversité; VERT ;Groupe_Vert;koala;25/06/2025;A10;0;0;0;
W03;"Je ferme l""eau quand je me savonne.";Eau; VERT ;Groupe_Vert;koala;25/06/2025;A07;0.004964;12.6;0;
W05;"Je prends une douche plutôt qu""un bain.";Eau; VERT ;Groupe_Vert;koala;25/06/2025;A08;0.140658;357;0;
W03;"Ne pas gaspiller l""eau que l’on boit.";Eau; VERT ;Groupe_Vert;koala;25/06/2025;A13;0.004964;12.6;0;
T03;Remplacer la voiture lors de courts trajets : vélo, trottinette, à pied, transports en commun.;Transport; VERT ;Groupe_Vert;koala;25/06/2025;A03;0.506;0;0;
D02;Éviter le gaspillage alimentaire : se servir moins, garder pour plus tard.;Déchets; VERT ;Groupe_Vert;koala;08/07/2025;A04;2.453511;0;1.390385;
D04;Dans l'enceinte de l'école, je ramasse les déchets que je vois.;Déchets; VERT ;Groupe_Vert;koala;08/07/2025;A02;0.00947;0;0.1;
D03;Je ne jette pas de déchet par terre.;Déchets; VERT ;Groupe_Vert;koala;08/07/2025;A01;0.424875;0;4.486538;
B02;"Je n""embête pas les petites bêtes.";Biodiversité; VERT ;Groupe_Vert;koala;08/07/2025;A09;0;0;0;
E02;J’ouvre les volets/rideaux pour profiter de la lumière du jour.;Electricité; VERT ;Groupe_Vert;koala;08/07/2025;A06;0.027408;0;0;
W05;"Je prends une douche plutôt qu""un bain.";Eau; VERT ;Groupe_Vert;koala;08/07/2025;A08;0.140658;357;0;
T03;Remplacer la voiture lors de courts trajets : vélo, trottinette, à pied, transports en commun.;Transport; VERT ;Groupe_Vert;koala;08/07/2025;A03;0.506;0;0;
E02;J’ouvre les volets/rideaux pour profiter de la lumière du jour.;Electricité;VIOLET;Groupe_Violet;requin;09/01/2025;A06;0.027408;0;0;
E01;J'éteins la lumière quand je quitte une pièce;Electricité;VIOLET;Groupe_Violet;requin;09/01/2025;A05;0.027408;0;0;
C03;Je consomme des fruits et légumes de saison;Courses;VIOLET;Groupe_Violet;requin;09/01/2025;A11;6.932;0;0;
W03;"Ne pas gaspiller l""eau que l’on boit.";Eau;VIOLET;Groupe_Violet;requin;09/01/2025;A13;0.004964;12.6;0;
T03;Remplacer la voiture lors de courts trajets : vélo, trottinette, à pied, transports en commun.;Transport;VIOLET;Groupe_Violet;requin;09/01/2025;A03;0.506;0;0;
D10;Utiliser moins de plastique pour faire les courses (ou les réutiliser).;Déchets;VIOLET;Groupe_Violet;requin;09/01/2025;A12;0.54243;0;0.21;
D03;Je ne jette pas de déchet par terre.;Déchets;VIOLET;Groupe_Violet;requin;09/01/2025;A01;0.424875;0;4.486538;
C03;Je consomme des fruits et légumes de saison;Courses;VIOLET;Groupe_Violet;paresseux;09/01/2025;A11;6.932;0;0;
D02;Éviter le gaspillage alimentaire : se servir moins, garder pour plus tard.;Déchets;VIOLET;Groupe_Violet;paresseux;09/01/2025;A04;2.453511;0;1.390385;
D04;Dans l'enceinte de l'école, je ramasse les déchets que je vois.;Déchets;VIOLET;Groupe_Violet;paresseux;09/01/2025;A02;0.00947;0;0.1;
D03;Je ne jette pas de déchet par terre.;Déchets;VIOLET;Groupe_Violet;paresseux;09/01/2025;A01;0.424875;0;4.486538;
B02;"Je n""embête pas les petites bêtes.";Biodiversité;VIOLET;Groupe_Violet;paresseux;09/01/2025;A09;0;0;0;
C03;Je consomme des fruits et légumes de saison;Courses;VIOLET;Groupe_Violet;poussin;07/01/2025;A11;6.932;0;0;
E02;J’ouvre les volets/rideaux pour profiter de la lumière du jour.;Electricité;VIOLET;Groupe_Violet;poussin;07/01/2025;A06;0.027408;0;0;
D02;Éviter le gaspillage alimentaire : se servir moins, garder pour plus tard.;Déchets;VIOLET;Groupe_Violet;poussin;07/01/2025;A04;2.453511;0;1.390385;
D10;Utiliser moins de plastique pour faire les courses (ou les réutiliser).;Déchets;VIOLET;Groupe_Violet;poussin;07/01/2025;A12;0.54243;0;0.21;
D03;Je ne jette pas de déchet par terre.;Déchets;VIOLET;Groupe_Violet;poussin;07/01/2025;A01;0.424875;0;4.486538;
D10;Réutiliser des bouteilles vides.;Déchets;VIOLET;Groupe_Violet;poussin;07/01/2025;A14;0.54243;0;0.21;
B01;Je n'arrache pas les végétaux.;Biodiversité;VIOLET;Groupe_Violet;poussin;07/01/2025;A10;0;0;0;
W05;"Je prends une douche plutôt qu""un bain.";Eau;VIOLET;Groupe_Violet;poussin;07/01/2025;A08;0.140658;357;0;
W03;"Ne pas gaspiller l""eau que l’on boit.";Eau;VIOLET;Groupe_Violet;poussin;07/01/2025;A13;0.004964;12.6;0;
W03;"Je ferme l""eau quand je me savonne.";Eau;VIOLET;Groupe_Violet;poussin;07/01/2025;A07;0.004964;12.6;0;
D04;Dans l'enceinte de l'école, je ramasse les déchets que je vois.;Déchets;VIOLET;Groupe_Violet;poussin;07/01/2025;A02;0.00947;0;0.1;
B02;"Je n""embête pas les petites bêtes.";Biodiversité;VIOLET;Groupe_Violet;poussin;07/01/2025;A09;0;0;0;
B01;Je n'arrache pas les végétaux.;Biodiversité;VIOLET;Groupe_Violet;paresseux;09/01/2025;A10;0;0;0;
W03;"Je ferme l""eau quand je me savonne.";Eau;VIOLET;Groupe_Violet;paresseux;09/01/2025;A07;0.004964;12.6;0;
W05;"Je prends une douche plutôt qu""un bain.";Eau;VIOLET;Groupe_Violet;paresseux;09/01/2025;A08;0.140658;357;0;
C03;Je consomme des fruits et légumes de saison;Courses;VIOLET;Groupe_Violet;chaton;08/01/2025;A11;6.932;0;0;
C03;Je consomme des fruits et légumes de saison;Courses;VIOLET;Groupe_Violet;lion;08/01/2025;A11;6.932;0;0;
D10;Réutiliser des bouteilles vides.;Déchets;VIOLET;Groupe_Violet;lion;08/01/2025;A14;0.54243;0;0.21;
D03;Je ne jette pas de déchet par terre.;Déchets;VIOLET;Groupe_Violet;lion;08/01/2025;A01;0.424875;0;4.486538;
B02;"Je n""embête pas les petites bêtes.";Biodiversité;VIOLET;Groupe_Violet;lion;08/01/2025;A09;0;0;0;
B01;Je n'arrache pas les végétaux.;Biodiversité;VIOLET;Groupe_Violet;lion;08/01/2025;A10;0;0;0;
W03;"Je ferme l""eau quand je me savonne.";Eau;VIOLET;Groupe_Violet;lion;08/01/2025;A07;0.004964;12.6;0;
W05;"Je prends une douche plutôt qu""un bain.";Eau;VIOLET;Groupe_Violet;lion;08/01/2025;A08;0.140658;357;0;
E02;J’ouvre les volets/rideaux pour profiter de la lumière du jour.;Electricité;VIOLET;Groupe_Violet;lion;08/01/2025;A06;0.027408;0;0;
E01;J'éteins la lumière quand je quitte une pièce;Electricité;VIOLET;Groupe_Violet;lion;08/01/2025;A05;0.027408;0;0;
T03;Remplacer la voiture lors de courts trajets : vélo, trottinette, à pied, transports en commun.;Transport;VIOLET;Groupe_Violet;chat;08/01/2025;A03;0.506;0;0;
E02;J’ouvre les volets/rideaux pour profiter de la lumière du jour.;Electricité;VIOLET;Groupe_Violet;chat;08/01/2025;A06;0.027408;0;0;
C03;Je consomme des fruits et légumes de saison;Courses;VIOLET;Groupe_Violet;chat;08/01/2025;A11;6.932;0;0;
D03;Je ne jette pas de déchet par terre.;Déchets;VIOLET;Groupe_Violet;chaton;08/01/2025;A01;0.424875;0;4.486538;
W05;"Je prends une douche plutôt qu""un bain.";Eau;VIOLET;Groupe_Violet;chaton;08/01/2025;A08;0.140658;357;0;
W03;"Ne pas gaspiller l""eau que l’on boit.";Eau;VIOLET;Groupe_Violet;chaton;08/01/2025;A13;0.004964;12.6;0;
D04;Dans l'enceinte de l'école, je ramasse les déchets que je vois.;Déchets;VIOLET;Groupe_Violet;chaton;08/01/2025;A02;0.00947;0;0.1;
E01;J'éteins la lumière quand je quitte une pièce;Electricité;VIOLET;Groupe_Violet;chaton;08/01/2025;A05;0.027408;0;0;
T03;Remplacer la voiture lors de courts trajets : vélo, trottinette, à pied, transports en commun.;Transport;VIOLET;Groupe_Violet;chaton;08/01/2025;A03;0.506;0;0;
B02;"Je n""embête pas les petites bêtes.";Biodiversité;VIOLET;Groupe_Violet;chaton;08/01/2025;A09;0;0;0;
C03;Je consomme des fruits et légumes de saison;Courses;VIOLET;Groupe_Violet;dragon;09/01/2025;A11;6.932;0;0;
D02;Éviter le gaspillage alimentaire : se servir moins, garder pour plus tard.;Déchets;VIOLET;Groupe_Violet;dragon;09/01/2025;A04;2.453511;0;1.390385;
D10;Réutiliser des bouteilles vides.;Déchets;VIOLET;Groupe_Violet;dragon;09/01/2025;A14;0.54243;0;0.21;
D04;Dans l'enceinte de l'école, je ramasse les déchets que je vois.;Déchets;VIOLET;Groupe_Violet;dragon;09/01/2025;A02;0.00947;0;0.1;
D10;Utiliser moins de plastique pour faire les courses (ou les réutiliser).;Déchets;VIOLET;Groupe_Violet;dragon;09/01/2025;A12;0.54243;0;0.21;
D03;Je ne jette pas de déchet par terre.;Déchets;VIOLET;Groupe_Violet;dragon;09/01/2025;A01;0.424875;0;4.486538;
B02;"Je n""embête pas les petites bêtes.";Biodiversité;VIOLET;Groupe_Violet;dragon;09/01/2025;A09;0;0;0;
B01;Je n'arrache pas les végétaux.;Biodiversité;VIOLET;Groupe_Violet;dragon;09/01/2025;A10;0;0;0;
W03;"Je ferme l""eau quand je me savonne.";Eau;VIOLET;Groupe_Violet;dragon;09/01/2025;A07;0.004964;12.6;0;
W03;"Ne pas gaspiller l""eau que l’on boit.";Eau;VIOLET;Groupe_Violet;dragon;09/01/2025;A13;0.004964;12.6;0;
T03;Remplacer la voiture lors de courts trajets : vélo, trottinette, à pied, transports en commun.;Transport;VIOLET;Groupe_Violet;dragon;09/01/2025;A03;0.506;0;0;
E02;J’ouvre les volets/rideaux pour profiter de la lumière du jour.;Electricité;VIOLET;Groupe_Violet;dragon;09/01/2025;A06;0.027408;0;0;
E01;J'éteins la lumière quand je quitte une pièce;Electricité;VIOLET;Groupe_Violet;dragon;09/01/2025;A05;0.027408;0;0;
W03;"Ne pas gaspiller l""eau que l’on boit.";Eau;VIOLET;Groupe_Violet;paresseux;09/01/2025;A13;0.004964;12.6;0;
E02;J’ouvre les volets/rideaux pour profiter de la lumière du jour.;Electricité;VIOLET;Groupe_Violet;paresseux;09/01/2025;A06;0.027408;0;0;
W03;"Je ferme l""eau quand je me savonne.";Eau;VIOLET;Groupe_Violet;licorne;11/01/2025;A07;0.004964;12.6;0;
C03;Je consomme des fruits et légumes de saison;Courses;VIOLET;Groupe_Violet;licorne;11/01/2025;A11;6.932;0;0;
D02;Éviter le gaspillage alimentaire : se servir moins, garder pour plus tard.;Déchets;VIOLET;Groupe_Violet;licorne;11/01/2025;A04;2.453511;0;1.390385;
D10;Réutiliser des bouteilles vides.;Déchets;VIOLET;Groupe_Violet;licorne;11/01/2025;A14;0.54243;0;0.21;
D10;Utiliser moins de plastique pour faire les courses (ou les réutiliser).;Déchets;VIOLET;Groupe_Violet;licorne;11/01/2025;A12;0.54243;0;0.21;
D03;Je ne jette pas de déchet par terre.;Déchets;VIOLET;Groupe_Violet;licorne;11/01/2025;A01;0.424875;0;4.486538;
D04;Dans l'enceinte de l'école, je ramasse les déchets que je vois.;Déchets;VIOLET;Groupe_Violet;licorne;11/01/2025;A02;0.00947;0;0.1;
B01;Je n'arrache pas les végétaux.;Biodiversité;VIOLET;Groupe_Violet;licorne;11/01/2025;A10;0;0;0;
B02;"Je n""embête pas les petites bêtes.";Biodiversité;VIOLET;Groupe_Violet;licorne;11/01/2025;A09;0;0;0;
W05;"Je prends une douche plutôt qu""un bain.";Eau;VIOLET;Groupe_Violet;licorne;11/01/2025;A08;0.140658;357;0;
W03;"Ne pas gaspiller l""eau que l’on boit.";Eau;VIOLET;Groupe_Violet;licorne;11/01/2025;A13;0.004964;12.6;0;
T03;Remplacer la voiture lors de courts trajets : vélo, trottinette, à pied, transports en commun.;Transport;VIOLET;Groupe_Violet;suricate;11/01/2025;A03;0.506;0;0;
E02;J’ouvre les volets/rideaux pour profiter de la lumière du jour.;Electricité;VIOLET;Groupe_Violet;suricate;11/01/2025;A06;0.027408;0;0;
E01;J'éteins la lumière quand je quitte une pièce;Electricité;VIOLET;Groupe_Violet;suricate;11/01/2025;A05;0.027408;0;0;
C03;Je consomme des fruits et légumes de saison;Courses;VIOLET;Groupe_Violet;tortue;12/01/2025;A11;6.932;0;0;
D10;Utiliser moins de plastique pour faire les courses (ou les réutiliser).;Déchets;VIOLET;Groupe_Violet;tortue;12/01/2025;A12;0.54243;0;0.21;
D02;Éviter le gaspillage alimentaire : se servir moins, garder pour plus tard.;Déchets;VIOLET;Groupe_Violet;tortue;12/01/2025;A04;2.453511;0;1.390385;
D04;Dans l'enceinte de l'école, je ramasse les déchets que je vois.;Déchets;VIOLET;Groupe_Violet;tortue;12/01/2025;A02;0.00947;0;0.1;
D10;Réutiliser des bouteilles vides.;Déchets;VIOLET;Groupe_Violet;tortue;12/01/2025;A14;0.54243;0;0.21;
D03;Je ne jette pas de déchet par terre.;Déchets;VIOLET;Groupe_Violet;tortue;12/01/2025;A01;0.424875;0;4.486538;
B02;"Je n""embête pas les petites bêtes.";Biodiversité;VIOLET;Groupe_Violet;tortue;12/01/2025;A09;0;0;0;
B01;Je n'arrache pas les végétaux.;Biodiversité;VIOLET;Groupe_Violet;tortue;12/01/2025;A10;0;0;0;
W03;"Je ferme l""eau quand je me savonne.";Eau;VIOLET;Groupe_Violet;tortue;12/01/2025;A07;0.004964;12.6;0;
W05;"Je prends une douche plutôt qu""un bain.";Eau;VIOLET;Groupe_Violet;tortue;12/01/2025;A08;0.140658;357;0;
W03;"Ne pas gaspiller l""eau que l’on boit.";Eau;VIOLET;Groupe_Violet;tortue;12/01/2025;A13;0.004964;12.6;0;
T03;Remplacer la voiture lors de courts trajets : vélo, trottinette, à pied, transports en commun.;Transport;VIOLET;Groupe_Violet;tortue;12/01/2025;A03;0.506;0;0;
E02;J’ouvre les volets/rideaux pour profiter de la lumière du jour.;Electricité;VIOLET;Groupe_Violet;tortue;12/01/2025;A06;0.027408;0;0;
E01;J'éteins la lumière quand je quitte une pièce;Electricité;VIOLET;Groupe_Violet;tortue;12/01/2025;A05;0.027408;0;0;
W03;"Je ferme l""eau quand je me savonne.";Eau;VIOLET;Groupe_Violet;licorne;02/02/2025;A07;0.004964;12.6;0;
C03;Je consomme des fruits et légumes de saison;Courses;VIOLET;Groupe_Violet;poussin;13/01/2025;A11;6.932;0;0;
D10;Réutiliser des bouteilles vides.;Déchets;VIOLET;Groupe_Violet;poussin;13/01/2025;A14;0.54243;0;0.21;
B02;"Je n""embête pas les petites bêtes.";Biodiversité;VIOLET;Groupe_Violet;poussin;13/01/2025;A09;0;0;0;
W03;"Je ferme l""eau quand je me savonne.";Eau;VIOLET;Groupe_Violet;poussin;13/01/2025;A07;0.004964;12.6;0;
W03;"Ne pas gaspiller l""eau que l’on boit.";Eau;VIOLET;Groupe_Violet;licorne;02/02/2025;A13;0.004964;12.6;0;
W03;"Ne pas gaspiller l""eau que l’on boit.";Eau;VIOLET;Groupe_Violet;poussin;13/01/2025;A13;0.004964;12.6;0;
D02;Éviter le gaspillage alimentaire : se servir moins, garder pour plus tard.;Déchets;VIOLET;Groupe_Violet;licorne;02/02/2025;A04;2.453511;0;1.390385;
E01;J'éteins la lumière quand je quitte une pièce;Electricité;VIOLET;Groupe_Violet;poussin;13/01/2025;A05;0.027408;0;0;
D10;Utiliser moins de plastique pour faire les courses (ou les réutiliser).;Déchets;VIOLET;Groupe_Violet;poussin;13/01/2025;A12;0.54243;0;0.21;
D04;Dans l'enceinte de l'école, je ramasse les déchets que je vois.;Déchets;VIOLET;Groupe_Violet;licorne;02/02/2025;A02;0.00947;0;0.1;
D03;Je ne jette pas de déchet par terre.;Déchets;VIOLET;Groupe_Violet;licorne;02/02/2025;A01;0.424875;0;4.486538;
B01;Je n'arrache pas les végétaux.;Biodiversité;VIOLET;Groupe_Violet;licorne;02/02/2025;A10;0;0;0;
E01;J'éteins la lumière quand je quitte une pièce;Electricité;VIOLET;Groupe_Violet;licorne;02/02/2025;A05;0.027408;0;0;
W03;"Je ferme l""eau quand je me savonne.";Eau;VIOLET;Groupe_Violet;dauphin;02/02/2025;A07;0.004964;12.6;0;
W03;"Ne pas gaspiller l""eau que l’on boit.";Eau;VIOLET;Groupe_Violet;dauphin;02/02/2025;A13;0.004964;12.6;0;
E02;J’ouvre les volets/rideaux pour profiter de la lumière du jour.;Electricité;VIOLET;Groupe_Violet;dauphin;02/02/2025;A06;0.027408;0;0;
D02;Éviter le gaspillage alimentaire : se servir moins, garder pour plus tard.;Déchets;VIOLET;Groupe_Violet;dauphin;02/02/2025;A04;2.453511;0;1.390385;
D10;Utiliser moins de plastique pour faire les courses (ou les réutiliser).;Déchets;VIOLET;Groupe_Violet;dauphin;02/02/2025;A12;0.54243;0;0.21;
B02;"Je n""embête pas les petites bêtes.";Biodiversité;VIOLET;Groupe_Violet;dauphin;02/02/2025;A09;0;0;0;
D02;Éviter le gaspillage alimentaire : se servir moins, garder pour plus tard.;Déchets;VIOLET;Groupe_Violet;paresseux;02/02/2025;A04;2.453511;0;1.390385;
D10;Utiliser moins de plastique pour faire les courses (ou les réutiliser).;Déchets;VIOLET;Groupe_Violet;paresseux;02/02/2025;A12;0.54243;0;0.21;
B02;"Je n""embête pas les petites bêtes.";Biodiversité;VIOLET;Groupe_Violet;paresseux;02/02/2025;A09;0;0;0;
W05;"Je prends une douche plutôt qu""un bain.";Eau;VIOLET;Groupe_Violet;paresseux;02/02/2025;A08;0.140658;357;0;
T03;Remplacer la voiture lors de courts trajets : vélo, trottinette, à pied, transports en commun.;Transport;VIOLET;Groupe_Violet;paresseux;02/02/2025;A03;0.506;0;0;
E01;J'éteins la lumière quand je quitte une pièce;Electricité;VIOLET;Groupe_Violet;paresseux;02/02/2025;A05;0.027408;0;0;
E02;J’ouvre les volets/rideaux pour profiter de la lumière du jour.;Electricité;VIOLET;Groupe_Violet;baleine;02/02/2025;A06;0.027408;0;0;
C03;Je consomme des fruits et légumes de saison;Courses;VIOLET;Groupe_Violet;baleine;02/02/2025;A11;6.932;0;0;
D10;Réutiliser des bouteilles vides.;Déchets;VIOLET;Groupe_Violet;baleine;02/02/2025;A14;0.54243;0;0.21;
D10;Utiliser moins de plastique pour faire les courses (ou les réutiliser).;Déchets;VIOLET;Groupe_Violet;baleine;02/02/2025;A12;0.54243;0;0.21;
D02;Éviter le gaspillage alimentaire : se servir moins, garder pour plus tard.;Déchets;VIOLET;Groupe_Violet;vélociraptor;03/02/2025;A04;2.453511;0;1.390385;
D10;Utiliser moins de plastique pour faire les courses (ou les réutiliser).;Déchets;VIOLET;Groupe_Violet;vélociraptor;03/02/2025;A12;0.54243;0;0.21;
B02;"Je n""embête pas les petites bêtes.";Biodiversité;VIOLET;Groupe_Violet;vélociraptor;03/02/2025;A09;0;0;0;
W05;"Je prends une douche plutôt qu""un bain.";Eau;VIOLET;Groupe_Violet;vélociraptor;03/02/2025;A08;0.140658;357;0;
T03;Remplacer la voiture lors de courts trajets : vélo, trottinette, à pied, transports en commun.;Transport;VIOLET;Groupe_Violet;vélociraptor;03/02/2025;A03;0.506;0;0;
D02;Éviter le gaspillage alimentaire : se servir moins, garder pour plus tard.;Déchets;VIOLET;Groupe_Violet;girafe;04/02/2025;A04;2.453511;0;1.390385;
D03;Je ne jette pas de déchet par terre.;Déchets;VIOLET;Groupe_Violet;girafe;04/02/2025;A01;0.424875;0;4.486538;
B02;"Je n""embête pas les petites bêtes.";Biodiversité;VIOLET;Groupe_Violet;girafe;04/02/2025;A09;0;0;0;
W03;"Je ferme l""eau quand je me savonne.";Eau;VIOLET;Groupe_Violet;girafe;04/02/2025;A07;0.004964;12.6;0;
B02;"Je n""embête pas les petites bêtes.";Biodiversité;VIOLET;Groupe_Violet;licorne;07/02/2025;A09;0;0;0;
E02;J’ouvre les volets/rideaux pour profiter de la lumière du jour.;Electricité;VIOLET;Groupe_Violet;licorne;07/02/2025;A06;0.027408;0;0;
T03;Remplacer la voiture lors de courts trajets : vélo, trottinette, à pied, transports en commun.;Transport;VIOLET;Groupe_Violet;licorne;07/02/2025;A03;0.506;0;0;
D10;Réutiliser des bouteilles vides.;Déchets;VIOLET;Groupe_Violet;écureuil;08/02/2025;A14;0.54243;0;0.21;
B02;"Je n""embête pas les petites bêtes.";Biodiversité;VIOLET;Groupe_Violet;écureuil;08/02/2025;A09;0;0;0;
W03;"Je ferme l""eau quand je me savonne.";Eau;VIOLET;Groupe_Violet;écureuil;08/02/2025;A07;0.004964;12.6;0;
T03;Remplacer la voiture lors de courts trajets : vélo, trottinette, à pied, transports en commun.;Transport;VIOLET;Groupe_Violet;écureuil;08/02/2025;A03;0.506;0;0;
C03;Je consomme des fruits et légumes de saison;Courses;VIOLET;Groupe_Violet;paresseux;08/02/2025;A11;6.932;0;0;
D10;Réutiliser des bouteilles vides.;Déchets;VIOLET;Groupe_Violet;paresseux;08/02/2025;A14;0.54243;0;0.21;
D03;Je ne jette pas de déchet par terre.;Déchets;VIOLET;Groupe_Violet;paresseux;08/02/2025;A01;0.424875;0;4.486538;
B01;Je n'arrache pas les végétaux.;Biodiversité;VIOLET;Groupe_Violet;paresseux;08/02/2025;A10;0;0;0;
W05;"Je prends une douche plutôt qu""un bain.";Eau;VIOLET;Groupe_Violet;paresseux;08/02/2025;A08;0.140658;357;0;
E02;J’ouvre les volets/rideaux pour profiter de la lumière du jour.;Electricité;VIOLET;Groupe_Violet;paresseux;08/02/2025;A06;0.027408;0;0;
E01;J'éteins la lumière quand je quitte une pièce;Electricité;VIOLET;Groupe_Violet;suricate;08/02/2025;A05;0.027408;0;0;
C03;Je consomme des fruits et légumes de saison;Courses;VIOLET;Groupe_Violet;girafe;10/02/2025;A11;6.932;0;0;
D10;Réutiliser des bouteilles vides.;Déchets;VIOLET;Groupe_Violet;girafe;10/02/2025;A14;0.54243;0;0.21;
D10;Utiliser moins de plastique pour faire les courses (ou les réutiliser).;Déchets;VIOLET;Groupe_Violet;girafe;10/02/2025;A12;0.54243;0;0.21;
B01;Je n'arrache pas les végétaux.;Biodiversité;VIOLET;Groupe_Violet;girafe;10/02/2025;A10;0;0;0;
W03;"Ne pas gaspiller l""eau que l’on boit.";Eau;VIOLET;Groupe_Violet;girafe;10/02/2025;A13;0.004964;12.6;0;
E01;J'éteins la lumière quand je quitte une pièce;Electricité;VIOLET;Groupe_Violet;girafe;10/02/2025;A05;0.027408;0;0;
C03;Je consomme des fruits et légumes de saison;Courses;VIOLET;Groupe_Violet;tortue;10/02/2025;A11;6.932;0;0;
D10;Réutiliser des bouteilles vides.;Déchets;VIOLET;Groupe_Violet;tortue;10/02/2025;A14;0.54243;0;0.21;
D10;Utiliser moins de plastique pour faire les courses (ou les réutiliser).;Déchets;VIOLET;Groupe_Violet;tortue;10/02/2025;A12;0.54243;0;0.21;
W03;"Je ferme l""eau quand je me savonne.";Eau;VIOLET;Groupe_Violet;paresseux;16/02/2025;A07;0.004964;12.6;0;
W03;"Ne pas gaspiller l""eau que l’on boit.";Eau;VIOLET;Groupe_Violet;paresseux;16/02/2025;A13;0.004964;12.6;0;
E01;J'éteins la lumière quand je quitte une pièce;Electricité;VIOLET;Groupe_Violet;paresseux;16/02/2025;A05;0.027408;0;0;
B02;"Je n""embête pas les petites bêtes.";Biodiversité;VIOLET;Groupe_Violet;paresseux;16/02/2025;A09;0;0;0;
B02;"Je n""embête pas les petites bêtes.";Biodiversité;VIOLET;Groupe_Violet;suricate;16/02/2025;A09;0;0;0;
T03;Remplacer la voiture lors de courts trajets : vélo, trottinette, à pied, transports en commun.;Transport;VIOLET;Groupe_Violet;suricate;16/02/2025;A03;0.506;0;0;
W03;"Je ferme l""eau quand je me savonne.";Eau;VIOLET;Groupe_Violet;dauphin;16/02/2025;A07;0.004964;12.6;0;
W03;"Ne pas gaspiller l""eau que l’on boit.";Eau;VIOLET;Groupe_Violet;dauphin;16/02/2025;A13;0.004964;12.6;0;
E02;J’ouvre les volets/rideaux pour profiter de la lumière du jour.;Electricité;VIOLET;Groupe_Violet;dauphin;16/02/2025;A06;0.027408;0;0;
D10;Réutiliser des bouteilles vides.;Déchets;VIOLET;Groupe_Violet;dauphin;16/02/2025;A14;0.54243;0;0.21;
D10;Utiliser moins de plastique pour faire les courses (ou les réutiliser).;Déchets;VIOLET;Groupe_Violet;dauphin;16/02/2025;A12;0.54243;0;0.21;
B02;"Je n""embête pas les petites bêtes.";Biodiversité;VIOLET;Groupe_Violet;dauphin;16/02/2025;A09;0;0;0;
C03;Je consomme des fruits et légumes de saison;Courses;VIOLET;Groupe_Violet;dauphin;16/02/2025;A11;6.932;0;0;
W03;"Je ferme l""eau quand je me savonne.";Eau;VIOLET;Groupe_Violet;licorne;16/02/2025;A07;0.004964;12.6;0;
D02;Éviter le gaspillage alimentaire : se servir moins, garder pour plus tard.;Déchets;VIOLET;Groupe_Violet;licorne;16/02/2025;A04;2.453511;0;1.390385;
D10;Utiliser moins de plastique pour faire les courses (ou les réutiliser).;Déchets;VIOLET;Groupe_Violet;licorne;16/02/2025;A12;0.54243;0;0.21;
D02;Éviter le gaspillage alimentaire : se servir moins, garder pour plus tard.;Déchets;VIOLET;Groupe_Violet;tortue;16/02/2025;A04;2.453511;0;1.390385;
D04;Dans l'enceinte de l'école, je ramasse les déchets que je vois.;Déchets;VIOLET;Groupe_Violet;tortue;16/02/2025;A02;0.00947;0;0.1;
D03;Je ne jette pas de déchet par terre.;Déchets;VIOLET;Groupe_Violet;tortue;16/02/2025;A01;0.424875;0;4.486538;
B01;Je n'arrache pas les végétaux.;Biodiversité;VIOLET;Groupe_Violet;tortue;16/02/2025;A10;0;0;0;
W05;"Je prends une douche plutôt qu""un bain.";Eau;VIOLET;Groupe_Violet;tortue;16/02/2025;A08;0.140658;357;0;
T03;Remplacer la voiture lors de courts trajets : vélo, trottinette, à pied, transports en commun.;Transport;VIOLET;Groupe_Violet;tortue;16/02/2025;A03;0.506;0;0;
E02;J’ouvre les volets/rideaux pour profiter de la lumière du jour.;Electricité;VIOLET;Groupe_Violet;tortue;16/02/2025;A06;0.027408;0;0;
D02;Éviter le gaspillage alimentaire : se servir moins, garder pour plus tard.;Déchets;VIOLET;Groupe_Violet;girafe;18/02/2025;A04;2.453511;0;1.390385;
B01;Je n'arrache pas les végétaux.;Biodiversité;VIOLET;Groupe_Violet;girafe;18/02/2025;A10;0;0;0;
D03;Je ne jette pas de déchet par terre.;Déchets;VIOLET;Groupe_Violet;girafe;18/02/2025;A01;0.424875;0;4.486538;
W05;"Je prends une douche plutôt qu""un bain.";Eau;VIOLET;Groupe_Violet;licorne;02/02/2025;A08;0.140658;357;0;
D02;Éviter le gaspillage alimentaire : se servir moins, garder pour plus tard.;Déchets;VIOLET;Groupe_Violet;poussin;13/01/2025;A04;2.453511;0;1.390385;
D04;Dans l'enceinte de l'école, je ramasse les déchets que je vois.;Déchets;VIOLET;Groupe_Violet;poussin;13/01/2025;A02;0.00947;0;0.1;
B01;Je n'arrache pas les végétaux.;Biodiversité;VIOLET;Groupe_Violet;poussin;13/01/2025;A10;0;0;0;
W05;"Je prends une douche plutôt qu""un bain.";Eau;VIOLET;Groupe_Violet;poussin;13/01/2025;A08;0.140658;357;0;
E02;J’ouvre les volets/rideaux pour profiter de la lumière du jour.;Electricité;VIOLET;Groupe_Violet;poussin;13/01/2025;A06;0.027408;0;0;
D03;Je ne jette pas de déchet par terre.;Déchets;VIOLET;Groupe_Violet;poussin;13/01/2025;A01;0.424875;0;4.486538;
C03;Je consomme des fruits et légumes de saison;Courses;VIOLET;Groupe_Violet;licorne;02/02/2025;A11;6.932;0;0;
D10;Réutiliser des bouteilles vides.;Déchets;VIOLET;Groupe_Violet;licorne;02/02/2025;A14;0.54243;0;0.21;
C03;Je consomme des fruits et légumes de saison;Courses;VIOLET;Groupe_Violet;perroquet;13/01/2025;A11;6.932;0;0;
D10;Réutiliser des bouteilles vides.;Déchets;VIOLET;Groupe_Violet;perroquet;13/01/2025;A14;0.54243;0;0.21;
D04;Dans l'enceinte de l'école, je ramasse les déchets que je vois.;Déchets;VIOLET;Groupe_Violet;perroquet;13/01/2025;A02;0.00947;0;0.1;
D10;Utiliser moins de plastique pour faire les courses (ou les réutiliser).;Déchets;VIOLET;Groupe_Violet;perroquet;13/01/2025;A12;0.54243;0;0.21;
D03;Je ne jette pas de déchet par terre.;Déchets;VIOLET;Groupe_Violet;perroquet;13/01/2025;A01;0.424875;0;4.486538;
B02;"Je n""embête pas les petites bêtes.";Biodiversité;VIOLET;Groupe_Violet;perroquet;13/01/2025;A09;0;0;0;
B01;Je n'arrache pas les végétaux.;Biodiversité;VIOLET;Groupe_Violet;perroquet;13/01/2025;A10;0;0;0;
W03;"Je ferme l""eau quand je me savonne.";Eau;VIOLET;Groupe_Violet;perroquet;13/01/2025;A07;0.004964;12.6;0;
W05;"Je prends une douche plutôt qu""un bain.";Eau;VIOLET;Groupe_Violet;perroquet;13/01/2025;A08;0.140658;357;0;
W03;"Ne pas gaspiller l""eau que l’on boit.";Eau;VIOLET;Groupe_Violet;perroquet;13/01/2025;A13;0.004964;12.6;0;
T03;Remplacer la voiture lors de courts trajets : vélo, trottinette, à pied, transports en commun.;Transport;VIOLET;Groupe_Violet;perroquet;13/01/2025;A03;0.506;0;0;
E02;J’ouvre les volets/rideaux pour profiter de la lumière du jour.;Electricité;VIOLET;Groupe_Violet;perroquet;13/01/2025;A06;0.027408;0;0;
E01;J'éteins la lumière quand je quitte une pièce;Electricité;VIOLET;Groupe_Violet;perroquet;13/01/2025;A05;0.027408;0;0;
D10;Utiliser moins de plastique pour faire les courses (ou les réutiliser).;Déchets;VIOLET;Groupe_Violet;licorne;02/02/2025;A12;0.54243;0;0.21;
D02;Éviter le gaspillage alimentaire : se servir moins, garder pour plus tard.;Déchets;VIOLET;Groupe_Violet;chat;14/01/2025;A04;2.453511;0;1.390385;
D10;Utiliser moins de plastique pour faire les courses (ou les réutiliser).;Déchets;VIOLET;Groupe_Violet;chat;14/01/2025;A12;0.54243;0;0.21;
B02;"Je n""embête pas les petites bêtes.";Biodiversité;VIOLET;Groupe_Violet;chat;14/01/2025;A09;0;0;0;
B01;Je n'arrache pas les végétaux.;Biodiversité;VIOLET;Groupe_Violet;chat;14/01/2025;A10;0;0;0;
W03;"Je ferme l""eau quand je me savonne.";Eau;VIOLET;Groupe_Violet;chat;14/01/2025;A07;0.004964;12.6;0;
W05;"Je prends une douche plutôt qu""un bain.";Eau;VIOLET;Groupe_Violet;chat;14/01/2025;A08;0.140658;357;0;
W03;"Ne pas gaspiller l""eau que l’on boit.";Eau;VIOLET;Groupe_Violet;chat;14/01/2025;A13;0.004964;12.6;0;
E01;J'éteins la lumière quand je quitte une pièce;Electricité;VIOLET;Groupe_Violet;chat;14/01/2025;A05;0.027408;0;0;
B02;"Je n""embête pas les petites bêtes.";Biodiversité;VIOLET;Groupe_Violet;licorne;02/02/2025;A09;0;0;0;
E02;J’ouvre les volets/rideaux pour profiter de la lumière du jour.;Electricité;VIOLET;Groupe_Violet;licorne;02/02/2025;A06;0.027408;0;0;
C03;Je consomme des fruits et légumes de saison;Courses;VIOLET;Groupe_Violet;suricate;17/01/2025;A11;6.932;0;0;
D02;Éviter le gaspillage alimentaire : se servir moins, garder pour plus tard.;Déchets;VIOLET;Groupe_Violet;suricate;17/01/2025;A04;2.453511;0;1.390385;
D03;Je ne jette pas de déchet par terre.;Déchets;VIOLET;Groupe_Violet;suricate;17/01/2025;A01;0.424875;0;4.486538;
C03;Je consomme des fruits et légumes de saison;Courses;VIOLET;Groupe_Violet;dragon;18/01/2025;A11;6.932;0;0;
D02;Éviter le gaspillage alimentaire : se servir moins, garder pour plus tard.;Déchets;VIOLET;Groupe_Violet;dragon;18/01/2025;A04;2.453511;0;1.390385;
D10;Réutiliser des bouteilles vides.;Déchets;VIOLET;Groupe_Violet;dragon;18/01/2025;A14;0.54243;0;0.21;
D04;Dans l'enceinte de l'école, je ramasse les déchets que je vois.;Déchets;VIOLET;Groupe_Violet;dragon;18/01/2025;A02;0.00947;0;0.1;
D10;Utiliser moins de plastique pour faire les courses (ou les réutiliser).;Déchets;VIOLET;Groupe_Violet;dragon;18/01/2025;A12;0.54243;0;0.21;
D03;Je ne jette pas de déchet par terre.;Déchets;VIOLET;Groupe_Violet;dragon;18/01/2025;A01;0.424875;0;4.486538;
B02;"Je n""embête pas les petites bêtes.";Biodiversité;VIOLET;Groupe_Violet;dragon;18/01/2025;A09;0;0;0;
B01;Je n'arrache pas les végétaux.;Biodiversité;VIOLET;Groupe_Violet;dragon;18/01/2025;A10;0;0;0;
W03;"Ne pas gaspiller l""eau que l’on boit.";Eau;VIOLET;Groupe_Violet;dragon;18/01/2025;A13;0.004964;12.6;0;
W03;"Je ferme l""eau quand je me savonne.";Eau;VIOLET;Groupe_Violet;dragon;18/01/2025;A07;0.004964;12.6;0;
T03;Remplacer la voiture lors de courts trajets : vélo, trottinette, à pied, transports en commun.;Transport;VIOLET;Groupe_Violet;dragon;18/01/2025;A03;0.506;0;0;
E02;J’ouvre les volets/rideaux pour profiter de la lumière du jour.;Electricité;VIOLET;Groupe_Violet;dragon;18/01/2025;A06;0.027408;0;0;
C03;Je consomme des fruits et légumes de saison;Courses;VIOLET;Groupe_Violet;paresseux;18/01/2025;A11;6.932;0;0;
D02;Éviter le gaspillage alimentaire : se servir moins, garder pour plus tard.;Déchets;VIOLET;Groupe_Violet;paresseux;18/01/2025;A04;2.453511;0;1.390385;
D04;Dans l'enceinte de l'école, je ramasse les déchets que je vois.;Déchets;VIOLET;Groupe_Violet;paresseux;18/01/2025;A02;0.00947;0;0.1;
D10;Utiliser moins de plastique pour faire les courses (ou les réutiliser).;Déchets;VIOLET;Groupe_Violet;paresseux;18/01/2025;A12;0.54243;0;0.21;
D03;Je ne jette pas de déchet par terre.;Déchets;VIOLET;Groupe_Violet;paresseux;18/01/2025;A01;0.424875;0;4.486538;
B02;"Je n""embête pas les petites bêtes.";Biodiversité;VIOLET;Groupe_Violet;paresseux;18/01/2025;A09;0;0;0;
B01;Je n'arrache pas les végétaux.;Biodiversité;VIOLET;Groupe_Violet;paresseux;18/01/2025;A10;0;0;0;
W03;"Je ferme l""eau quand je me savonne.";Eau;VIOLET;Groupe_Violet;paresseux;18/01/2025;A07;0.004964;12.6;0;
W05;"Je prends une douche plutôt qu""un bain.";Eau;VIOLET;Groupe_Violet;paresseux;18/01/2025;A08;0.140658;357;0;
W03;"Ne pas gaspiller l""eau que l’on boit.";Eau;VIOLET;Groupe_Violet;paresseux;18/01/2025;A13;0.004964;12.6;0;
E02;J’ouvre les volets/rideaux pour profiter de la lumière du jour.;Electricité;VIOLET;Groupe_Violet;paresseux;18/01/2025;A06;0.027408;0;0;
T03;Remplacer la voiture lors de courts trajets : vélo, trottinette, à pied, transports en commun.;Transport;VIOLET;Groupe_Violet;paresseux;18/01/2025;A03;0.506;0;0;
C03;Je consomme des fruits et légumes de saison;Courses;VIOLET;Groupe_Violet;écureuil;18/01/2025;A11;6.932;0;0;
D10;Réutiliser des bouteilles vides.;Déchets;VIOLET;Groupe_Violet;écureuil;18/01/2025;A14;0.54243;0;0.21;
D10;Utiliser moins de plastique pour faire les courses (ou les réutiliser).;Déchets;VIOLET;Groupe_Violet;écureuil;18/01/2025;A12;0.54243;0;0.21;
D03;Je ne jette pas de déchet par terre.;Déchets;VIOLET;Groupe_Violet;écureuil;18/01/2025;A01;0.424875;0;4.486538;
W05;"Je prends une douche plutôt qu""un bain.";Eau;VIOLET;Groupe_Violet;écureuil;18/01/2025;A08;0.140658;357;0;
W03;"Ne pas gaspiller l""eau que l’on boit.";Eau;VIOLET;Groupe_Violet;écureuil;18/01/2025;A13;0.004964;12.6;0;
B02;"Je n""embête pas les petites bêtes.";Biodiversité;VIOLET;Groupe_Violet;écureuil;18/01/2025;A09;0;0;0;
B01;Je n'arrache pas les végétaux.;Biodiversité;VIOLET;Groupe_Violet;écureuil;18/01/2025;A10;0;0;0;
E02;J’ouvre les volets/rideaux pour profiter de la lumière du jour.;Electricité;VIOLET;Groupe_Violet;écureuil;18/01/2025;A06;0.027408;0;0;
E01;J'éteins la lumière quand je quitte une pièce;Electricité;VIOLET;Groupe_Violet;écureuil;18/01/2025;A05;0.027408;0;0;
T03;Remplacer la voiture lors de courts trajets : vélo, trottinette, à pied, transports en commun.;Transport;VIOLET;Groupe_Violet;baleine;19/01/2025;A03;0.506;0;0;
E02;J’ouvre les volets/rideaux pour profiter de la lumière du jour.;Electricité;VIOLET;Groupe_Violet;baleine;19/01/2025;A06;0.027408;0;0;
E01;J'éteins la lumière quand je quitte une pièce;Electricité;VIOLET;Groupe_Violet;baleine;19/01/2025;A05;0.027408;0;0;
D02;Éviter le gaspillage alimentaire : se servir moins, garder pour plus tard.;Déchets;VIOLET;Groupe_Violet;perroquet;19/01/2025;A04;2.453511;0;1.390385;
D10;Réutiliser des bouteilles vides.;Déchets;VIOLET;Groupe_Violet;perroquet;19/01/2025;A14;0.54243;0;0.21;
D10;Utiliser moins de plastique pour faire les courses (ou les réutiliser).;Déchets;VIOLET;Groupe_Violet;perroquet;19/01/2025;A12;0.54243;0;0.21;
B02;"Je n""embête pas les petites bêtes.";Biodiversité;VIOLET;Groupe_Violet;perroquet;19/01/2025;A09;0;0;0;
W03;"Je ferme l""eau quand je me savonne.";Eau;VIOLET;Groupe_Violet;perroquet;19/01/2025;A07;0.004964;12.6;0;
W03;"Ne pas gaspiller l""eau que l’on boit.";Eau;VIOLET;Groupe_Violet;perroquet;19/01/2025;A13;0.004964;12.6;0;
T03;Remplacer la voiture lors de courts trajets : vélo, trottinette, à pied, transports en commun.;Transport;VIOLET;Groupe_Violet;perroquet;19/01/2025;A03;0.506;0;0;
C03;Je consomme des fruits et légumes de saison;Courses;VIOLET;Groupe_Violet;perroquet;19/01/2025;A11;6.932;0;0;
T03;Remplacer la voiture lors de courts trajets : vélo, trottinette, à pied, transports en commun.;Transport;VIOLET;Groupe_Violet;licorne;02/02/2025;A03;0.506;0;0;
W03;"Je ferme l""eau quand je me savonne.";Eau;VIOLET;Groupe_Violet;t-rex;20/01/2025;A07;0.004964;12.6;0;
W05;"Je prends une douche plutôt qu""un bain.";Eau;VIOLET;Groupe_Violet;dauphin;02/02/2025;A08;0.140658;357;0;
T03;Remplacer la voiture lors de courts trajets : vélo, trottinette, à pied, transports en commun.;Transport;VIOLET;Groupe_Violet;dauphin;02/02/2025;A03;0.506;0;0;
B01;Je n'arrache pas les végétaux.;Biodiversité;VIOLET;Groupe_Violet;t-rex;20/01/2025;A10;0;0;0;
C03;Je consomme des fruits et légumes de saison;Courses;VIOLET;Groupe_Violet;dauphin;02/02/2025;A11;6.932;0;0;
D10;Réutiliser des bouteilles vides.;Déchets;VIOLET;Groupe_Violet;dauphin;02/02/2025;A14;0.54243;0;0.21;
D03;Je ne jette pas de déchet par terre.;Déchets;VIOLET;Groupe_Violet;dauphin;02/02/2025;A01;0.424875;0;4.486538;
B01;Je n'arrache pas les végétaux.;Biodiversité;VIOLET;Groupe_Violet;dauphin;02/02/2025;A10;0;0;0;
C03;Je consomme des fruits et légumes de saison;Courses;VIOLET;Groupe_Violet;paresseux;02/02/2025;A11;6.932;0;0;
D10;Réutiliser des bouteilles vides.;Déchets;VIOLET;Groupe_Violet;paresseux;02/02/2025;A14;0.54243;0;0.21;
D03;Je ne jette pas de déchet par terre.;Déchets;VIOLET;Groupe_Violet;paresseux;02/02/2025;A01;0.424875;0;4.486538;
B01;Je n'arrache pas les végétaux.;Biodiversité;VIOLET;Groupe_Violet;paresseux;02/02/2025;A10;0;0;0;
W03;"Ne pas gaspiller l""eau que l’on boit.";Eau;VIOLET;Groupe_Violet;paresseux;02/02/2025;A13;0.004964;12.6;0;
E02;J’ouvre les volets/rideaux pour profiter de la lumière du jour.;Electricité;VIOLET;Groupe_Violet;paresseux;02/02/2025;A06;0.027408;0;0;
T03;Remplacer la voiture lors de courts trajets : vélo, trottinette, à pied, transports en commun.;Transport;VIOLET;Groupe_Violet;baleine;02/02/2025;A03;0.506;0;0;
E01;J'éteins la lumière quand je quitte une pièce;Electricité;VIOLET;Groupe_Violet;baleine;02/02/2025;A05;0.027408;0;0;
D02;Éviter le gaspillage alimentaire : se servir moins, garder pour plus tard.;Déchets;VIOLET;Groupe_Violet;baleine;02/02/2025;A04;2.453511;0;1.390385;
D04;Dans l'enceinte de l'école, je ramasse les déchets que je vois.;Déchets;VIOLET;Groupe_Violet;baleine;02/02/2025;A02;0.00947;0;0.1;
D03;Je ne jette pas de déchet par terre.;Déchets;VIOLET;Groupe_Violet;baleine;02/02/2025;A01;0.424875;0;4.486538;
C03;Je consomme des fruits et légumes de saison;Courses;VIOLET;Groupe_Violet;vélociraptor;03/02/2025;A11;6.932;0;0;
D04;Dans l'enceinte de l'école, je ramasse les déchets que je vois.;Déchets;VIOLET;Groupe_Violet;vélociraptor;03/02/2025;A02;0.00947;0;0.1;
D03;Je ne jette pas de déchet par terre.;Déchets;VIOLET;Groupe_Violet;vélociraptor;03/02/2025;A01;0.424875;0;4.486538;
B01;Je n'arrache pas les végétaux.;Biodiversité;VIOLET;Groupe_Violet;vélociraptor;03/02/2025;A10;0;0;0;
W03;"Ne pas gaspiller l""eau que l’on boit.";Eau;VIOLET;Groupe_Violet;vélociraptor;03/02/2025;A13;0.004964;12.6;0;
C03;Je consomme des fruits et légumes de saison;Courses;VIOLET;Groupe_Violet;girafe;04/02/2025;A11;6.932;0;0;
D10;Utiliser moins de plastique pour faire les courses (ou les réutiliser).;Déchets;VIOLET;Groupe_Violet;girafe;04/02/2025;A12;0.54243;0;0.21;
D10;Réutiliser des bouteilles vides.;Déchets;VIOLET;Groupe_Violet;girafe;04/02/2025;A14;0.54243;0;0.21;
B01;Je n'arrache pas les végétaux.;Biodiversité;VIOLET;Groupe_Violet;girafe;04/02/2025;A10;0;0;0;
W03;"Ne pas gaspiller l""eau que l’on boit.";Eau;VIOLET;Groupe_Violet;girafe;04/02/2025;A13;0.004964;12.6;0;
B01;Je n'arrache pas les végétaux.;Biodiversité;VIOLET;Groupe_Violet;licorne;07/02/2025;A10;0;0;0;
E01;J'éteins la lumière quand je quitte une pièce;Electricité;VIOLET;Groupe_Violet;licorne;07/02/2025;A05;0.027408;0;0;
C03;Je consomme des fruits et légumes de saison;Courses;VIOLET;Groupe_Violet;écureuil;08/02/2025;A11;6.932;0;0;
D03;Je ne jette pas de déchet par terre.;Déchets;VIOLET;Groupe_Violet;écureuil;08/02/2025;A01;0.424875;0;4.486538;
B01;Je n'arrache pas les végétaux.;Biodiversité;VIOLET;Groupe_Violet;écureuil;08/02/2025;A10;0;0;0;
W05;"Je prends une douche plutôt qu""un bain.";Eau;VIOLET;Groupe_Violet;écureuil;08/02/2025;A08;0.140658;357;0;
E02;J’ouvre les volets/rideaux pour profiter de la lumière du jour.;Electricité;VIOLET;Groupe_Violet;écureuil;08/02/2025;A06;0.027408;0;0;
D02;Éviter le gaspillage alimentaire : se servir moins, garder pour plus tard.;Déchets;VIOLET;Groupe_Violet;paresseux;08/02/2025;A04;2.453511;0;1.390385;
D10;Utiliser moins de plastique pour faire les courses (ou les réutiliser).;Déchets;VIOLET;Groupe_Violet;paresseux;08/02/2025;A12;0.54243;0;0.21;
B02;"Je n""embête pas les petites bêtes.";Biodiversité;VIOLET;Groupe_Violet;paresseux;08/02/2025;A09;0;0;0;
W03;"Je ferme l""eau quand je me savonne.";Eau;VIOLET;Groupe_Violet;paresseux;08/02/2025;A07;0.004964;12.6;0;
W03;"Ne pas gaspiller l""eau que l’on boit.";Eau;VIOLET;Groupe_Violet;paresseux;08/02/2025;A13;0.004964;12.6;0;
E01;J'éteins la lumière quand je quitte une pièce;Electricité;VIOLET;Groupe_Violet;paresseux;08/02/2025;A05;0.027408;0;0;
E02;J’ouvre les volets/rideaux pour profiter de la lumière du jour.;Electricité;VIOLET;Groupe_Violet;suricate;08/02/2025;A06;0.027408;0;0;
D10;Réutiliser des bouteilles vides.;Déchets;VIOLET;Groupe_Violet;licorne;09/02/2025;A14;0.54243;0;0.21;
D02;Éviter le gaspillage alimentaire : se servir moins, garder pour plus tard.;Déchets;VIOLET;Groupe_Violet;girafe;10/02/2025;A04;2.453511;0;1.390385;
D03;Je ne jette pas de déchet par terre.;Déchets;VIOLET;Groupe_Violet;girafe;10/02/2025;A01;0.424875;0;4.486538;
B02;"Je n""embête pas les petites bêtes.";Biodiversité;VIOLET;Groupe_Violet;girafe;10/02/2025;A09;0;0;0;
W03;"Je ferme l""eau quand je me savonne.";Eau;VIOLET;Groupe_Violet;girafe;10/02/2025;A07;0.004964;12.6;0;
E02;J’ouvre les volets/rideaux pour profiter de la lumière du jour.;Electricité;VIOLET;Groupe_Violet;girafe;10/02/2025;A06;0.027408;0;0;
D02;Éviter le gaspillage alimentaire : se servir moins, garder pour plus tard.;Déchets;VIOLET;Groupe_Violet;tortue;10/02/2025;A04;2.453511;0;1.390385;
D04;Dans l'enceinte de l'école, je ramasse les déchets que je vois.;Déchets;VIOLET;Groupe_Violet;tortue;10/02/2025;A02;0.00947;0;0.1;
D03;Je ne jette pas de déchet par terre.;Déchets;VIOLET;Groupe_Violet;tortue;10/02/2025;A01;0.424875;0;4.486538;
W03;"Ne pas gaspiller l""eau que l’on boit.";Eau;VIOLET;Groupe_Violet;girafe;18/02/2025;A13;0.004964;12.6;0;
E02;J’ouvre les volets/rideaux pour profiter de la lumière du jour.;Electricité;VIOLET;Groupe_Violet;girafe;18/02/2025;A06;0.027408;0;0;
D02;Éviter le gaspillage alimentaire : se servir moins, garder pour plus tard.;Déchets;VIOLET;Groupe_Violet;pingouin;18/02/2025;A04;2.453511;0;1.390385;
D04;Dans l'enceinte de l'école, je ramasse les déchets que je vois.;Déchets;VIOLET;Groupe_Violet;pingouin;18/02/2025;A02;0.00947;0;0.1;
B02;"Je n""embête pas les petites bêtes.";Biodiversité;VIOLET;Groupe_Violet;pingouin;18/02/2025;A09;0;0;0;
T03;Remplacer la voiture lors de courts trajets : vélo, trottinette, à pied, transports en commun.;Transport;VIOLET;Groupe_Violet;pingouin;18/02/2025;A03;0.506;0;0;
E02;J’ouvre les volets/rideaux pour profiter de la lumière du jour.;Electricité;VIOLET;Groupe_Violet;pingouin;18/02/2025;A06;0.027408;0;0;
D02;Éviter le gaspillage alimentaire : se servir moins, garder pour plus tard.;Déchets;VIOLET;Groupe_Violet;dragon;19/02/2025;A04;2.453511;0;1.390385;
D04;Dans l'enceinte de l'école, je ramasse les déchets que je vois.;Déchets;VIOLET;Groupe_Violet;dragon;19/02/2025;A02;0.00947;0;0.1;
D03;Je ne jette pas de déchet par terre.;Déchets;VIOLET;Groupe_Violet;dragon;19/02/2025;A01;0.424875;0;4.486538;
B01;Je n'arrache pas les végétaux.;Biodiversité;VIOLET;Groupe_Violet;dragon;19/02/2025;A10;0;0;0;
W05;"Je prends une douche plutôt qu""un bain.";Eau;VIOLET;Groupe_Violet;dragon;19/02/2025;A08;0.140658;357;0;
T03;Remplacer la voiture lors de courts trajets : vélo, trottinette, à pied, transports en commun.;Transport;VIOLET;Groupe_Violet;dragon;19/02/2025;A03;0.506;0;0;
E02;J’ouvre les volets/rideaux pour profiter de la lumière du jour.;Electricité;VIOLET;Groupe_Violet;suricate;21/02/2025;A06;0.027408;0;0;
D03;Je ne jette pas de déchet par terre.;Déchets;VIOLET;Groupe_Violet;suricate;21/02/2025;A01;0.424875;0;4.486538;
W05;"Je prends une douche plutôt qu""un bain.";Eau;VIOLET;Groupe_Violet;t-rex;20/01/2025;A08;0.140658;357;0;
W03;"Ne pas gaspiller l""eau que l’on boit.";Eau;VIOLET;Groupe_Violet;t-rex;20/01/2025;A13;0.004964;12.6;0;
B02;"Je n""embête pas les petites bêtes.";Biodiversité;VIOLET;Groupe_Violet;t-rex;20/01/2025;A09;0;0;0;
D02;Éviter le gaspillage alimentaire : se servir moins, garder pour plus tard.;Déchets;VIOLET;Groupe_Violet;t-rex;20/01/2025;A04;2.453511;0;1.390385;
D04;Dans l'enceinte de l'école, je ramasse les déchets que je vois.;Déchets;VIOLET;Groupe_Violet;t-rex;20/01/2025;A02;0.00947;0;0.1;
D10;Utiliser moins de plastique pour faire les courses (ou les réutiliser).;Déchets;VIOLET;Groupe_Violet;t-rex;20/01/2025;A12;0.54243;0;0.21;
D03;Je ne jette pas de déchet par terre.;Déchets;VIOLET;Groupe_Violet;t-rex;20/01/2025;A01;0.424875;0;4.486538;
C03;Je consomme des fruits et légumes de saison;Courses;VIOLET;Groupe_Violet;t-rex;20/01/2025;A11;6.932;0;0;
E02;J’ouvre les volets/rideaux pour profiter de la lumière du jour.;Electricité;VIOLET;Groupe_Violet;t-rex;20/01/2025;A06;0.027408;0;0;
D10;Réutiliser des bouteilles vides.;Déchets;VIOLET;Groupe_Violet;t-rex;20/01/2025;A14;0.54243;0;0.21;
D02;Éviter le gaspillage alimentaire : se servir moins, garder pour plus tard.;Déchets;VIOLET;Groupe_Violet;dauphin;20/01/2025;A04;2.453511;0;1.390385;
D03;Je ne jette pas de déchet par terre.;Déchets;VIOLET;Groupe_Violet;dauphin;20/01/2025;A01;0.424875;0;4.486538;
D04;Dans l'enceinte de l'école, je ramasse les déchets que je vois.;Déchets;VIOLET;Groupe_Violet;dauphin;20/01/2025;A02;0.00947;0;0.1;
B02;"Je n""embête pas les petites bêtes.";Biodiversité;VIOLET;Groupe_Violet;dauphin;20/01/2025;A09;0;0;0;
B01;Je n'arrache pas les végétaux.;Biodiversité;VIOLET;Groupe_Violet;dauphin;20/01/2025;A10;0;0;0;
W03;"Je ferme l""eau quand je me savonne.";Eau;VIOLET;Groupe_Violet;dauphin;20/01/2025;A07;0.004964;12.6;0;
W05;"Je prends une douche plutôt qu""un bain.";Eau;VIOLET;Groupe_Violet;dauphin;20/01/2025;A08;0.140658;357;0;
W03;"Ne pas gaspiller l""eau que l’on boit.";Eau;VIOLET;Groupe_Violet;dauphin;20/01/2025;A13;0.004964;12.6;0;
T03;Remplacer la voiture lors de courts trajets : vélo, trottinette, à pied, transports en commun.;Transport;VIOLET;Groupe_Violet;dauphin;20/01/2025;A03;0.506;0;0;
E02;J’ouvre les volets/rideaux pour profiter de la lumière du jour.;Electricité;VIOLET;Groupe_Violet;dauphin;20/01/2025;A06;0.027408;0;0;
C03;Je consomme des fruits et légumes de saison;Courses;VIOLET;Groupe_Violet;dauphin;20/01/2025;A11;6.932;0;0;
D10;Réutiliser des bouteilles vides.;Déchets;VIOLET;Groupe_Violet;dauphin;20/01/2025;A14;0.54243;0;0.21;
D10;Utiliser moins de plastique pour faire les courses (ou les réutiliser).;Déchets;VIOLET;Groupe_Violet;dauphin;20/01/2025;A12;0.54243;0;0.21;
E02;J’ouvre les volets/rideaux pour profiter de la lumière du jour.;Electricité;VIOLET;Groupe_Violet;chaton;20/01/2025;A06;0.027408;0;0;
D02;Éviter le gaspillage alimentaire : se servir moins, garder pour plus tard.;Déchets;VIOLET;Groupe_Violet;chaton;20/01/2025;A04;2.453511;0;1.390385;
D04;Dans l'enceinte de l'école, je ramasse les déchets que je vois.;Déchets;VIOLET;Groupe_Violet;chaton;20/01/2025;A02;0.00947;0;0.1;
D03;Je ne jette pas de déchet par terre.;Déchets;VIOLET;Groupe_Violet;chaton;20/01/2025;A01;0.424875;0;4.486538;
W05;"Je prends une douche plutôt qu""un bain.";Eau;VIOLET;Groupe_Violet;chaton;20/01/2025;A08;0.140658;357;0;
W03;"Ne pas gaspiller l""eau que l’on boit.";Eau;VIOLET;Groupe_Violet;chaton;20/01/2025;A13;0.004964;12.6;0;
T03;Remplacer la voiture lors de courts trajets : vélo, trottinette, à pied, transports en commun.;Transport;VIOLET;Groupe_Violet;chaton;20/01/2025;A03;0.506;0;0;
C03;Je consomme des fruits et légumes de saison;Courses;VIOLET;Groupe_Violet;girafe;21/01/2025;A11;6.932;0;0;
D02;Éviter le gaspillage alimentaire : se servir moins, garder pour plus tard.;Déchets;VIOLET;Groupe_Violet;girafe;21/01/2025;A04;2.453511;0;1.390385;
D10;Réutiliser des bouteilles vides.;Déchets;VIOLET;Groupe_Violet;girafe;21/01/2025;A14;0.54243;0;0.21;
D03;Je ne jette pas de déchet par terre.;Déchets;VIOLET;Groupe_Violet;girafe;21/01/2025;A01;0.424875;0;4.486538;
D10;Utiliser moins de plastique pour faire les courses (ou les réutiliser).;Déchets;VIOLET;Groupe_Violet;girafe;21/01/2025;A12;0.54243;0;0.21;
B02;"Je n""embête pas les petites bêtes.";Biodiversité;VIOLET;Groupe_Violet;girafe;21/01/2025;A09;0;0;0;
B01;Je n'arrache pas les végétaux.;Biodiversité;VIOLET;Groupe_Violet;girafe;21/01/2025;A10;0;0;0;
W03;"Ne pas gaspiller l""eau que l’on boit.";Eau;VIOLET;Groupe_Violet;girafe;21/01/2025;A13;0.004964;12.6;0;
C03;Je consomme des fruits et légumes de saison;Courses;VIOLET;Groupe_Violet;requinmarteau;21/01/2025;A11;6.932;0;0;
D02;Éviter le gaspillage alimentaire : se servir moins, garder pour plus tard.;Déchets;VIOLET;Groupe_Violet;requinmarteau;21/01/2025;A04;2.453511;0;1.390385;
D10;Réutiliser des bouteilles vides.;Déchets;VIOLET;Groupe_Violet;requinmarteau;21/01/2025;A14;0.54243;0;0.21;
D03;Je ne jette pas de déchet par terre.;Déchets;VIOLET;Groupe_Violet;requinmarteau;21/01/2025;A01;0.424875;0;4.486538;
D10;Utiliser moins de plastique pour faire les courses (ou les réutiliser).;Déchets;VIOLET;Groupe_Violet;requinmarteau;21/01/2025;A12;0.54243;0;0.21;
B02;"Je n""embête pas les petites bêtes.";Biodiversité;VIOLET;Groupe_Violet;requinmarteau;21/01/2025;A09;0;0;0;
B01;Je n'arrache pas les végétaux.;Biodiversité;VIOLET;Groupe_Violet;requinmarteau;21/01/2025;A10;0;0;0;
W03;"Je ferme l""eau quand je me savonne.";Eau;VIOLET;Groupe_Violet;requinmarteau;21/01/2025;A07;0.004964;12.6;0;
W05;"Je prends une douche plutôt qu""un bain.";Eau;VIOLET;Groupe_Violet;requinmarteau;21/01/2025;A08;0.140658;357;0;
W03;"Ne pas gaspiller l""eau que l’on boit.";Eau;VIOLET;Groupe_Violet;requinmarteau;21/01/2025;A13;0.004964;12.6;0;
T03;Remplacer la voiture lors de courts trajets : vélo, trottinette, à pied, transports en commun.;Transport;VIOLET;Groupe_Violet;requinmarteau;21/01/2025;A03;0.506;0;0;
D04;Dans l'enceinte de l'école, je ramasse les déchets que je vois.;Déchets;VIOLET;Groupe_Violet;perroquet;21/01/2025;A02;0.00947;0;0.1;
D03;Je ne jette pas de déchet par terre.;Déchets;VIOLET;Groupe_Violet;perroquet;21/01/2025;A01;0.424875;0;4.486538;
B01;Je n'arrache pas les végétaux.;Biodiversité;VIOLET;Groupe_Violet;perroquet;21/01/2025;A10;0;0;0;
W05;"Je prends une douche plutôt qu""un bain.";Eau;VIOLET;Groupe_Violet;perroquet;21/01/2025;A08;0.140658;357;0;
E02;J’ouvre les volets/rideaux pour profiter de la lumière du jour.;Electricité;VIOLET;Groupe_Violet;perroquet;21/01/2025;A06;0.027408;0;0;
E01;J'éteins la lumière quand je quitte une pièce;Electricité;VIOLET;Groupe_Violet;perroquet;21/01/2025;A05;0.027408;0;0;
C03;Je consomme des fruits et légumes de saison;Courses;VIOLET;Groupe_Violet;poussin;21/01/2025;A11;6.932;0;0;
D02;Éviter le gaspillage alimentaire : se servir moins, garder pour plus tard.;Déchets;VIOLET;Groupe_Violet;poussin;21/01/2025;A04;2.453511;0;1.390385;
D10;Réutiliser des bouteilles vides.;Déchets;VIOLET;Groupe_Violet;poussin;21/01/2025;A14;0.54243;0;0.21;
W03;"Je ferme l""eau quand je me savonne.";Eau;VIOLET;Groupe_Violet;poussin;21/01/2025;A07;0.004964;12.6;0;
W05;"Je prends une douche plutôt qu""un bain.";Eau;VIOLET;Groupe_Violet;poussin;21/01/2025;A08;0.140658;357;0;
E01;J'éteins la lumière quand je quitte une pièce;Electricité;VIOLET;Groupe_Violet;poussin;21/01/2025;A05;0.027408;0;0;
E02;J’ouvre les volets/rideaux pour profiter de la lumière du jour.;Electricité;VIOLET;Groupe_Violet;poussin;21/01/2025;A06;0.027408;0;0;
B02;"Je n""embête pas les petites bêtes.";Biodiversité;VIOLET;Groupe_Violet;poussin;21/01/2025;A09;0;0;0;
B01;Je n'arrache pas les végétaux.;Biodiversité;VIOLET;Groupe_Violet;poussin;21/01/2025;A10;0;0;0;
W03;"Ne pas gaspiller l""eau que l’on boit.";Eau;VIOLET;Groupe_Violet;poussin;21/01/2025;A13;0.004964;12.6;0;
D04;Dans l'enceinte de l'école, je ramasse les déchets que je vois.;Déchets;VIOLET;Groupe_Violet;poussin;21/01/2025;A02;0.00947;0;0.1;
D10;Utiliser moins de plastique pour faire les courses (ou les réutiliser).;Déchets;VIOLET;Groupe_Violet;poussin;21/01/2025;A12;0.54243;0;0.21;
D03;Je ne jette pas de déchet par terre.;Déchets;VIOLET;Groupe_Violet;poussin;21/01/2025;A01;0.424875;0;4.486538;
C03;Je consomme des fruits et légumes de saison;Courses;VIOLET;Groupe_Violet;dragon;22/01/2025;A11;6.932;0;0;
D02;Éviter le gaspillage alimentaire : se servir moins, garder pour plus tard.;Déchets;VIOLET;Groupe_Violet;dragon;22/01/2025;A04;2.453511;0;1.390385;
D10;Réutiliser des bouteilles vides.;Déchets;VIOLET;Groupe_Violet;dragon;22/01/2025;A14;0.54243;0;0.21;
D04;Dans l'enceinte de l'école, je ramasse les déchets que je vois.;Déchets;VIOLET;Groupe_Violet;dragon;22/01/2025;A02;0.00947;0;0.1;
D10;Utiliser moins de plastique pour faire les courses (ou les réutiliser).;Déchets;VIOLET;Groupe_Violet;dragon;22/01/2025;A12;0.54243;0;0.21;
D03;Je ne jette pas de déchet par terre.;Déchets;VIOLET;Groupe_Violet;dragon;22/01/2025;A01;0.424875;0;4.486538;
B01;Je n'arrache pas les végétaux.;Biodiversité;VIOLET;Groupe_Violet;dragon;22/01/2025;A10;0;0;0;
B02;"Je n""embête pas les petites bêtes.";Biodiversité;VIOLET;Groupe_Violet;dragon;22/01/2025;A09;0;0;0;
W03;"Je ferme l""eau quand je me savonne.";Eau;VIOLET;Groupe_Violet;dragon;22/01/2025;A07;0.004964;12.6;0;
W05;"Je prends une douche plutôt qu""un bain.";Eau;VIOLET;Groupe_Violet;dragon;22/01/2025;A08;0.140658;357;0;
W03;"Ne pas gaspiller l""eau que l’on boit.";Eau;VIOLET;Groupe_Violet;dragon;22/01/2025;A13;0.004964;12.6;0;
T03;Remplacer la voiture lors de courts trajets : vélo, trottinette, à pied, transports en commun.;Transport;VIOLET;Groupe_Violet;dragon;22/01/2025;A03;0.506;0;0;
E02;J’ouvre les volets/rideaux pour profiter de la lumière du jour.;Electricité;VIOLET;Groupe_Violet;dragon;22/01/2025;A06;0.027408;0;0;
C03;Je consomme des fruits et légumes de saison;Courses;VIOLET;Groupe_Violet;jaguar;23/01/2025;A11;6.932;0;0;
D10;Réutiliser des bouteilles vides.;Déchets;VIOLET;Groupe_Violet;jaguar;23/01/2025;A14;0.54243;0;0.21;
D03;Je ne jette pas de déchet par terre.;Déchets;VIOLET;Groupe_Violet;jaguar;23/01/2025;A01;0.424875;0;4.486538;
C03;Je consomme des fruits et légumes de saison;Courses;VIOLET;Groupe_Violet;hamster;23/01/2025;A11;6.932;0;0;
D02;Éviter le gaspillage alimentaire : se servir moins, garder pour plus tard.;Déchets;VIOLET;Groupe_Violet;hamster;23/01/2025;A04;2.453511;0;1.390385;
D10;Réutiliser des bouteilles vides.;Déchets;VIOLET;Groupe_Violet;hamster;23/01/2025;A14;0.54243;0;0.21;
D10;Utiliser moins de plastique pour faire les courses (ou les réutiliser).;Déchets;VIOLET;Groupe_Violet;hamster;23/01/2025;A12;0.54243;0;0.21;
D03;Je ne jette pas de déchet par terre.;Déchets;VIOLET;Groupe_Violet;hamster;23/01/2025;A01;0.424875;0;4.486538;
D04;Dans l'enceinte de l'école, je ramasse les déchets que je vois.;Déchets;VIOLET;Groupe_Violet;hamster;23/01/2025;A02;0.00947;0;0.1;
W03;"Je ferme l""eau quand je me savonne.";Eau;VIOLET;Groupe_Violet;hamster;23/01/2025;A07;0.004964;12.6;0;
W05;"Je prends une douche plutôt qu""un bain.";Eau;VIOLET;Groupe_Violet;hamster;23/01/2025;A08;0.140658;357;0;
W03;"Ne pas gaspiller l""eau que l’on boit.";Eau;VIOLET;Groupe_Violet;hamster;23/01/2025;A13;0.004964;12.6;0;
T03;Remplacer la voiture lors de courts trajets : vélo, trottinette, à pied, transports en commun.;Transport;VIOLET;Groupe_Violet;hamster;23/01/2025;A03;0.506;0;0;
E02;J’ouvre les volets/rideaux pour profiter de la lumière du jour.;Electricité;VIOLET;Groupe_Violet;hamster;23/01/2025;A06;0.027408;0;0;
E01;J'éteins la lumière quand je quitte une pièce;Electricité;VIOLET;Groupe_Violet;hamster;23/01/2025;A05;0.027408;0;0;
B02;"Je n""embête pas les petites bêtes.";Biodiversité;VIOLET;Groupe_Violet;hamster;23/01/2025;A09;0;0;0;
B01;Je n'arrache pas les végétaux.;Biodiversité;VIOLET;Groupe_Violet;hamster;23/01/2025;A10;0;0;0;
T03;Remplacer la voiture lors de courts trajets : vélo, trottinette, à pied, transports en commun.;Transport;VIOLET;Groupe_Violet;suricate;24/01/2025;A03;0.506;0;0;
W05;"Je prends une douche plutôt qu""un bain.";Eau;VIOLET;Groupe_Violet;suricate;24/01/2025;A08;0.140658;357;0;
B02;"Je n""embête pas les petites bêtes.";Biodiversité;VIOLET;Groupe_Violet;suricate;24/01/2025;A09;0;0;0;
C03;Je consomme des fruits et légumes de saison;Courses;VIOLET;Groupe_Violet;léopard;04/02/2025;A11;6.932;0;0;
E02;J’ouvre les volets/rideaux pour profiter de la lumière du jour.;Electricité;VIOLET;Groupe_Violet;paresseux;25/01/2025;A06;0.027408;0;0;
W05;"Je prends une douche plutôt qu""un bain.";Eau;VIOLET;Groupe_Violet;paresseux;25/01/2025;A08;0.140658;357;0;
B02;"Je n""embête pas les petites bêtes.";Biodiversité;VIOLET;Groupe_Violet;paresseux;25/01/2025;A09;0;0;0;
D02;Éviter le gaspillage alimentaire : se servir moins, garder pour plus tard.;Déchets;VIOLET;Groupe_Violet;paresseux;25/01/2025;A04;2.453511;0;1.390385;
D10;Utiliser moins de plastique pour faire les courses (ou les réutiliser).;Déchets;VIOLET;Groupe_Violet;paresseux;25/01/2025;A12;0.54243;0;0.21;
D10;Réutiliser des bouteilles vides.;Déchets;VIOLET;Groupe_Violet;léopard;04/02/2025;A14;0.54243;0;0.21;
D03;Je ne jette pas de déchet par terre.;Déchets;VIOLET;Groupe_Violet;léopard;04/02/2025;A01;0.424875;0;4.486538;
C03;Je consomme des fruits et légumes de saison;Courses;VIOLET;Groupe_Violet;tortue;26/01/2025;A11;6.932;0;0;
D10;Réutiliser des bouteilles vides.;Déchets;VIOLET;Groupe_Violet;tortue;26/01/2025;A14;0.54243;0;0.21;
B02;"Je n""embête pas les petites bêtes.";Biodiversité;VIOLET;Groupe_Violet;léopard;04/02/2025;A09;0;0;0;
W05;"Je prends une douche plutôt qu""un bain.";Eau;VIOLET;Groupe_Violet;léopard;04/02/2025;A08;0.140658;357;0;
T03;Remplacer la voiture lors de courts trajets : vélo, trottinette, à pied, transports en commun.;Transport;VIOLET;Groupe_Violet;léopard;04/02/2025;A03;0.506;0;0;
E01;J'éteins la lumière quand je quitte une pièce;Electricité;VIOLET;Groupe_Violet;léopard;04/02/2025;A05;0.027408;0;0;
D02;Éviter le gaspillage alimentaire : se servir moins, garder pour plus tard.;Déchets;VIOLET;Groupe_Violet;chat;05/02/2025;A04;2.453511;0;1.390385;
D04;Dans l'enceinte de l'école, je ramasse les déchets que je vois.;Déchets;VIOLET;Groupe_Violet;chat;05/02/2025;A02;0.00947;0;0.1;
D03;Je ne jette pas de déchet par terre.;Déchets;VIOLET;Groupe_Violet;chat;05/02/2025;A01;0.424875;0;4.486538;
B01;Je n'arrache pas les végétaux.;Biodiversité;VIOLET;Groupe_Violet;chat;05/02/2025;A10;0;0;0;
W05;"Je prends une douche plutôt qu""un bain.";Eau;VIOLET;Groupe_Violet;chat;05/02/2025;A08;0.140658;357;0;
T03;Remplacer la voiture lors de courts trajets : vélo, trottinette, à pied, transports en commun.;Transport;VIOLET;Groupe_Violet;chat;05/02/2025;A03;0.506;0;0;
E01;J'éteins la lumière quand je quitte une pièce;Electricité;VIOLET;Groupe_Violet;chat;05/02/2025;A05;0.027408;0;0;
D02;Éviter le gaspillage alimentaire : se servir moins, garder pour plus tard.;Déchets;VIOLET;Groupe_Violet;hamster;05/02/2025;A04;2.453511;0;1.390385;
D10;Utiliser moins de plastique pour faire les courses (ou les réutiliser).;Déchets;VIOLET;Groupe_Violet;hamster;05/02/2025;A12;0.54243;0;0.21;
D10;Réutiliser des bouteilles vides.;Déchets;VIOLET;Groupe_Violet;hamster;05/02/2025;A14;0.54243;0;0.21;
B01;Je n'arrache pas les végétaux.;Biodiversité;VIOLET;Groupe_Violet;hamster;05/02/2025;A10;0;0;0;
W05;"Je prends une douche plutôt qu""un bain.";Eau;VIOLET;Groupe_Violet;hamster;05/02/2025;A08;0.140658;357;0;
T03;Remplacer la voiture lors de courts trajets : vélo, trottinette, à pied, transports en commun.;Transport;VIOLET;Groupe_Violet;hamster;05/02/2025;A03;0.506;0;0;
E01;J'éteins la lumière quand je quitte une pièce;Electricité;VIOLET;Groupe_Violet;hamster;05/02/2025;A05;0.027408;0;0;
C03;Je consomme des fruits et légumes de saison;Courses;VIOLET;Groupe_Violet;jaguar;06/02/2025;A11;6.932;0;0;
D10;Réutiliser des bouteilles vides.;Déchets;VIOLET;Groupe_Violet;jaguar;06/02/2025;A14;0.54243;0;0.21;
D03;Je ne jette pas de déchet par terre.;Déchets;VIOLET;Groupe_Violet;jaguar;06/02/2025;A01;0.424875;0;4.486538;
B01;Je n'arrache pas les végétaux.;Biodiversité;VIOLET;Groupe_Violet;jaguar;06/02/2025;A10;0;0;0;
W05;"Je prends une douche plutôt qu""un bain.";Eau;VIOLET;Groupe_Violet;jaguar;06/02/2025;A08;0.140658;357;0;
E02;J’ouvre les volets/rideaux pour profiter de la lumière du jour.;Electricité;VIOLET;Groupe_Violet;jaguar;06/02/2025;A06;0.027408;0;0;
B01;Je n'arrache pas les végétaux.;Biodiversité;VIOLET;Groupe_Violet;tortue;10/02/2025;A10;0;0;0;
W03;"Je ferme l""eau quand je me savonne.";Eau;VIOLET;Groupe_Violet;tortue;10/02/2025;A07;0.004964;12.6;0;
W03;"Ne pas gaspiller l""eau que l’on boit.";Eau;VIOLET;Groupe_Violet;tortue;10/02/2025;A13;0.004964;12.6;0;
E02;J’ouvre les volets/rideaux pour profiter de la lumière du jour.;Electricité;VIOLET;Groupe_Violet;tortue;10/02/2025;A06;0.027408;0;0;
D02;Éviter le gaspillage alimentaire : se servir moins, garder pour plus tard.;Déchets;VIOLET;Groupe_Violet;poussin;11/02/2025;A04;2.453511;0;1.390385;
D03;Je ne jette pas de déchet par terre.;Déchets;VIOLET;Groupe_Violet;poussin;11/02/2025;A01;0.424875;0;4.486538;
B01;Je n'arrache pas les végétaux.;Biodiversité;VIOLET;Groupe_Violet;poussin;11/02/2025;A10;0;0;0;
W05;"Je prends une douche plutôt qu""un bain.";Eau;VIOLET;Groupe_Violet;poussin;11/02/2025;A08;0.140658;357;0;
W03;"Ne pas gaspiller l""eau que l’on boit.";Eau;VIOLET;Groupe_Violet;poussin;11/02/2025;A13;0.004964;12.6;0;
E01;J'éteins la lumière quand je quitte une pièce;Electricité;VIOLET;Groupe_Violet;poussin;11/02/2025;A05;0.027408;0;0;
D04;Dans l'enceinte de l'école, je ramasse les déchets que je vois.;Déchets;VIOLET;Groupe_Violet;poussin;11/02/2025;A02;0.00947;0;0.1;
D10;Utiliser moins de plastique pour faire les courses (ou les réutiliser).;Déchets;VIOLET;Groupe_Violet;chaton;11/02/2025;A12;0.54243;0;0.21;
B02;"Je n""embête pas les petites bêtes.";Biodiversité;VIOLET;Groupe_Violet;chaton;11/02/2025;A09;0;0;0;
W03;"Ne pas gaspiller l""eau que l’on boit.";Eau;VIOLET;Groupe_Violet;chaton;11/02/2025;A13;0.004964;12.6;0;
E02;J’ouvre les volets/rideaux pour profiter de la lumière du jour.;Electricité;VIOLET;Groupe_Violet;chaton;11/02/2025;A06;0.027408;0;0;
C03;Je consomme des fruits et légumes de saison;Courses;VIOLET;Groupe_Violet;requin;12/02/2025;A11;6.932;0;0;
D04;Dans l'enceinte de l'école, je ramasse les déchets que je vois.;Déchets;VIOLET;Groupe_Violet;requin;12/02/2025;A02;0.00947;0;0.1;
D03;Je ne jette pas de déchet par terre.;Déchets;VIOLET;Groupe_Violet;requin;12/02/2025;A01;0.424875;0;4.486538;
B02;"Je n""embête pas les petites bêtes.";Biodiversité;VIOLET;Groupe_Violet;requin;12/02/2025;A09;0;0;0;
T03;Remplacer la voiture lors de courts trajets : vélo, trottinette, à pied, transports en commun.;Transport;VIOLET;Groupe_Violet;requin;12/02/2025;A03;0.506;0;0;
E01;J'éteins la lumière quand je quitte une pièce;Electricité;VIOLET;Groupe_Violet;requin;12/02/2025;A05;0.027408;0;0;
D02;Éviter le gaspillage alimentaire : se servir moins, garder pour plus tard.;Déchets;VIOLET;Groupe_Violet;dragon;13/02/2025;A04;2.453511;0;1.390385;
D10;Utiliser moins de plastique pour faire les courses (ou les réutiliser).;Déchets;VIOLET;Groupe_Violet;dragon;13/02/2025;A12;0.54243;0;0.21;
B02;"Je n""embête pas les petites bêtes.";Biodiversité;VIOLET;Groupe_Violet;dragon;13/02/2025;A09;0;0;0;
W03;"Je ferme l""eau quand je me savonne.";Eau;VIOLET;Groupe_Violet;dragon;13/02/2025;A07;0.004964;12.6;0;
T03;Remplacer la voiture lors de courts trajets : vélo, trottinette, à pied, transports en commun.;Transport;VIOLET;Groupe_Violet;dragon;13/02/2025;A03;0.506;0;0;
C03;Je consomme des fruits et légumes de saison;Courses;VIOLET;Groupe_Violet;chat;15/02/2025;A11;6.932;0;0;
E01;J'éteins la lumière quand je quitte une pièce;Electricité;VIOLET;Groupe_Violet;chat;15/02/2025;A05;0.027408;0;0;
W03;"Je ferme l""eau quand je me savonne.";Eau;VIOLET;Groupe_Violet;chat;15/02/2025;A07;0.004964;12.6;0;
W03;"Ne pas gaspiller l""eau que l’on boit.";Eau;VIOLET;Groupe_Violet;chat;15/02/2025;A13;0.004964;12.6;0;
B01;Je n'arrache pas les végétaux.;Biodiversité;VIOLET;Groupe_Violet;chat;15/02/2025;A10;0;0;0;
D10;Réutiliser des bouteilles vides.;Déchets;VIOLET;Groupe_Violet;chat;15/02/2025;A14;0.54243;0;0.21;
D10;Utiliser moins de plastique pour faire les courses (ou les réutiliser).;Déchets;VIOLET;Groupe_Violet;chat;15/02/2025;A12;0.54243;0;0.21;
E02;J’ouvre les volets/rideaux pour profiter de la lumière du jour.;Electricité;VIOLET;Groupe_Violet;licorne;16/02/2025;A06;0.027408;0;0;
E02;J’ouvre les volets/rideaux pour profiter de la lumière du jour.;Electricité;VIOLET;Groupe_Violet;suricate;24/01/2025;A06;0.027408;0;0;
D02;Éviter le gaspillage alimentaire : se servir moins, garder pour plus tard.;Déchets;VIOLET;Groupe_Violet;léopard;04/02/2025;A04;2.453511;0;1.390385;
D04;Dans l'enceinte de l'école, je ramasse les déchets que je vois.;Déchets;VIOLET;Groupe_Violet;léopard;04/02/2025;A02;0.00947;0;0.1;
C03;Je consomme des fruits et légumes de saison;Courses;VIOLET;Groupe_Violet;paresseux;25/01/2025;A11;6.932;0;0;
E01;J'éteins la lumière quand je quitte une pièce;Electricité;VIOLET;Groupe_Violet;paresseux;25/01/2025;A05;0.027408;0;0;
W03;"Ne pas gaspiller l""eau que l’on boit.";Eau;VIOLET;Groupe_Violet;paresseux;25/01/2025;A13;0.004964;12.6;0;
B01;Je n'arrache pas les végétaux.;Biodiversité;VIOLET;Groupe_Violet;paresseux;25/01/2025;A10;0;0;0;
D10;Réutiliser des bouteilles vides.;Déchets;VIOLET;Groupe_Violet;paresseux;25/01/2025;A14;0.54243;0;0.21;
D03;Je ne jette pas de déchet par terre.;Déchets;VIOLET;Groupe_Violet;paresseux;25/01/2025;A01;0.424875;0;4.486538;
D10;Utiliser moins de plastique pour faire les courses (ou les réutiliser).;Déchets;VIOLET;Groupe_Violet;léopard;04/02/2025;A12;0.54243;0;0.21;
B01;Je n'arrache pas les végétaux.;Biodiversité;VIOLET;Groupe_Violet;léopard;04/02/2025;A10;0;0;0;
D02;Éviter le gaspillage alimentaire : se servir moins, garder pour plus tard.;Déchets;VIOLET;Groupe_Violet;tortue;26/01/2025;A04;2.453511;0;1.390385;
D04;Dans l'enceinte de l'école, je ramasse les déchets que je vois.;Déchets;VIOLET;Groupe_Violet;tortue;26/01/2025;A02;0.00947;0;0.1;
D10;Utiliser moins de plastique pour faire les courses (ou les réutiliser).;Déchets;VIOLET;Groupe_Violet;tortue;26/01/2025;A12;0.54243;0;0.21;
D03;Je ne jette pas de déchet par terre.;Déchets;VIOLET;Groupe_Violet;tortue;26/01/2025;A01;0.424875;0;4.486538;
B02;"Je n""embête pas les petites bêtes.";Biodiversité;VIOLET;Groupe_Violet;tortue;26/01/2025;A09;0;0;0;
B01;Je n'arrache pas les végétaux.;Biodiversité;VIOLET;Groupe_Violet;tortue;26/01/2025;A10;0;0;0;
W03;"Je ferme l""eau quand je me savonne.";Eau;VIOLET;Groupe_Violet;tortue;26/01/2025;A07;0.004964;12.6;0;
W05;"Je prends une douche plutôt qu""un bain.";Eau;VIOLET;Groupe_Violet;tortue;26/01/2025;A08;0.140658;357;0;
W03;"Ne pas gaspiller l""eau que l’on boit.";Eau;VIOLET;Groupe_Violet;tortue;26/01/2025;A13;0.004964;12.6;0;
T03;Remplacer la voiture lors de courts trajets : vélo, trottinette, à pied, transports en commun.;Transport;VIOLET;Groupe_Violet;tortue;26/01/2025;A03;0.506;0;0;
E02;J’ouvre les volets/rideaux pour profiter de la lumière du jour.;Electricité;VIOLET;Groupe_Violet;tortue;26/01/2025;A06;0.027408;0;0;
E01;J'éteins la lumière quand je quitte une pièce;Electricité;VIOLET;Groupe_Violet;tortue;26/01/2025;A05;0.027408;0;0;
C03;Je consomme des fruits et légumes de saison;Courses;VIOLET;Groupe_Violet;girafe;27/01/2025;A11;6.932;0;0;
D02;Éviter le gaspillage alimentaire : se servir moins, garder pour plus tard.;Déchets;VIOLET;Groupe_Violet;girafe;27/01/2025;A04;2.453511;0;1.390385;
D10;Réutiliser des bouteilles vides.;Déchets;VIOLET;Groupe_Violet;girafe;27/01/2025;A14;0.54243;0;0.21;
D03;Je ne jette pas de déchet par terre.;Déchets;VIOLET;Groupe_Violet;girafe;27/01/2025;A01;0.424875;0;4.486538;
D10;Utiliser moins de plastique pour faire les courses (ou les réutiliser).;Déchets;VIOLET;Groupe_Violet;girafe;27/01/2025;A12;0.54243;0;0.21;
B02;"Je n""embête pas les petites bêtes.";Biodiversité;VIOLET;Groupe_Violet;girafe;27/01/2025;A09;0;0;0;
B01;Je n'arrache pas les végétaux.;Biodiversité;VIOLET;Groupe_Violet;girafe;27/01/2025;A10;0;0;0;
W03;"Ne pas gaspiller l""eau que l’on boit.";Eau;VIOLET;Groupe_Violet;girafe;27/01/2025;A13;0.004964;12.6;0;
W03;"Je ferme l""eau quand je me savonne.";Eau;VIOLET;Groupe_Violet;girafe;27/01/2025;A07;0.004964;12.6;0;
W03;"Ne pas gaspiller l""eau que l’on boit.";Eau;VIOLET;Groupe_Violet;léopard;04/02/2025;A13;0.004964;12.6;0;
C03;Je consomme des fruits et légumes de saison;Courses;VIOLET;Groupe_Violet;écureuil;27/01/2025;A11;6.932;0;0;
D03;Je ne jette pas de déchet par terre.;Déchets;VIOLET;Groupe_Violet;écureuil;27/01/2025;A01;0.424875;0;4.486538;
B01;Je n'arrache pas les végétaux.;Biodiversité;VIOLET;Groupe_Violet;écureuil;27/01/2025;A10;0;0;0;
B02;"Je n""embête pas les petites bêtes.";Biodiversité;VIOLET;Groupe_Violet;écureuil;27/01/2025;A09;0;0;0;
W03;"Je ferme l""eau quand je me savonne.";Eau;VIOLET;Groupe_Violet;écureuil;27/01/2025;A07;0.004964;12.6;0;
W05;"Je prends une douche plutôt qu""un bain.";Eau;VIOLET;Groupe_Violet;écureuil;27/01/2025;A08;0.140658;357;0;
T03;Remplacer la voiture lors de courts trajets : vélo, trottinette, à pied, transports en commun.;Transport;VIOLET;Groupe_Violet;écureuil;27/01/2025;A03;0.506;0;0;
E02;J’ouvre les volets/rideaux pour profiter de la lumière du jour.;Electricité;VIOLET;Groupe_Violet;écureuil;27/01/2025;A06;0.027408;0;0;
E02;J’ouvre les volets/rideaux pour profiter de la lumière du jour.;Electricité;VIOLET;Groupe_Violet;léopard;04/02/2025;A06;0.027408;0;0;
C03;Je consomme des fruits et légumes de saison;Courses;VIOLET;Groupe_Violet;guépard;28/01/2025;A11;6.932;0;0;
D04;Dans l'enceinte de l'école, je ramasse les déchets que je vois.;Déchets;VIOLET;Groupe_Violet;guépard;28/01/2025;A02;0.00947;0;0.1;
D03;Je ne jette pas de déchet par terre.;Déchets;VIOLET;Groupe_Violet;guépard;28/01/2025;A01;0.424875;0;4.486538;
D10;Utiliser moins de plastique pour faire les courses (ou les réutiliser).;Déchets;VIOLET;Groupe_Violet;guépard;28/01/2025;A12;0.54243;0;0.21;
B02;"Je n""embête pas les petites bêtes.";Biodiversité;VIOLET;Groupe_Violet;guépard;28/01/2025;A09;0;0;0;
B01;Je n'arrache pas les végétaux.;Biodiversité;VIOLET;Groupe_Violet;guépard;28/01/2025;A10;0;0;0;
W03;"Je ferme l""eau quand je me savonne.";Eau;VIOLET;Groupe_Violet;guépard;28/01/2025;A07;0.004964;12.6;0;
W03;"Ne pas gaspiller l""eau que l’on boit.";Eau;VIOLET;Groupe_Violet;guépard;28/01/2025;A13;0.004964;12.6;0;
T03;Remplacer la voiture lors de courts trajets : vélo, trottinette, à pied, transports en commun.;Transport;VIOLET;Groupe_Violet;guépard;28/01/2025;A03;0.506;0;0;
E02;J’ouvre les volets/rideaux pour profiter de la lumière du jour.;Electricité;VIOLET;Groupe_Violet;guépard;28/01/2025;A06;0.027408;0;0;
E01;J'éteins la lumière quand je quitte une pièce;Electricité;VIOLET;Groupe_Violet;guépard;28/01/2025;A05;0.027408;0;0;
D02;Éviter le gaspillage alimentaire : se servir moins, garder pour plus tard.;Déchets;VIOLET;Groupe_Violet;poussin;28/01/2025;A04;2.453511;0;1.390385;
D10;Réutiliser des bouteilles vides.;Déchets;VIOLET;Groupe_Violet;poussin;28/01/2025;A14;0.54243;0;0.21;
D04;Dans l'enceinte de l'école, je ramasse les déchets que je vois.;Déchets;VIOLET;Groupe_Violet;poussin;28/01/2025;A02;0.00947;0;0.1;
B02;"Je n""embête pas les petites bêtes.";Biodiversité;VIOLET;Groupe_Violet;poussin;28/01/2025;A09;0;0;0;
B01;Je n'arrache pas les végétaux.;Biodiversité;VIOLET;Groupe_Violet;poussin;28/01/2025;A10;0;0;0;
W03;"Je ferme l""eau quand je me savonne.";Eau;VIOLET;Groupe_Violet;poussin;28/01/2025;A07;0.004964;12.6;0;
W05;"Je prends une douche plutôt qu""un bain.";Eau;VIOLET;Groupe_Violet;poussin;28/01/2025;A08;0.140658;357;0;
W03;"Ne pas gaspiller l""eau que l’on boit.";Eau;VIOLET;Groupe_Violet;poussin;28/01/2025;A13;0.004964;12.6;0;
T03;Remplacer la voiture lors de courts trajets : vélo, trottinette, à pied, transports en commun.;Transport;VIOLET;Groupe_Violet;poussin;28/01/2025;A03;0.506;0;0;
E02;J’ouvre les volets/rideaux pour profiter de la lumière du jour.;Electricité;VIOLET;Groupe_Violet;poussin;28/01/2025;A06;0.027408;0;0;
E01;J'éteins la lumière quand je quitte une pièce;Electricité;VIOLET;Groupe_Violet;poussin;28/01/2025;A05;0.027408;0;0;
C03;Je consomme des fruits et légumes de saison;Courses;VIOLET;Groupe_Violet;poussin;28/01/2025;A11;6.932;0;0;
D10;Utiliser moins de plastique pour faire les courses (ou les réutiliser).;Déchets;VIOLET;Groupe_Violet;poussin;28/01/2025;A12;0.54243;0;0.21;
C03;Je consomme des fruits et légumes de saison;Courses;VIOLET;Groupe_Violet;chat;28/01/2025;A11;6.932;0;0;
D02;Éviter le gaspillage alimentaire : se servir moins, garder pour plus tard.;Déchets;VIOLET;Groupe_Violet;chat;28/01/2025;A04;2.453511;0;1.390385;
D10;Utiliser moins de plastique pour faire les courses (ou les réutiliser).;Déchets;VIOLET;Groupe_Violet;chat;28/01/2025;A12;0.54243;0;0.21;
D03;Je ne jette pas de déchet par terre.;Déchets;VIOLET;Groupe_Violet;chat;28/01/2025;A01;0.424875;0;4.486538;
B02;"Je n""embête pas les petites bêtes.";Biodiversité;VIOLET;Groupe_Violet;chat;28/01/2025;A09;0;0;0;
B01;Je n'arrache pas les végétaux.;Biodiversité;VIOLET;Groupe_Violet;chat;28/01/2025;A10;0;0;0;
W03;"Je ferme l""eau quand je me savonne.";Eau;VIOLET;Groupe_Violet;chat;28/01/2025;A07;0.004964;12.6;0;
W05;"Je prends une douche plutôt qu""un bain.";Eau;VIOLET;Groupe_Violet;chat;28/01/2025;A08;0.140658;357;0;
W03;"Ne pas gaspiller l""eau que l’on boit.";Eau;VIOLET;Groupe_Violet;chat;28/01/2025;A13;0.004964;12.6;0;
T03;Remplacer la voiture lors de courts trajets : vélo, trottinette, à pied, transports en commun.;Transport;VIOLET;Groupe_Violet;chat;28/01/2025;A03;0.506;0;0;
E02;J’ouvre les volets/rideaux pour profiter de la lumière du jour.;Electricité;VIOLET;Groupe_Violet;chat;28/01/2025;A06;0.027408;0;0;
E01;J'éteins la lumière quand je quitte une pièce;Electricité;VIOLET;Groupe_Violet;chat;28/01/2025;A05;0.027408;0;0;
D02;Éviter le gaspillage alimentaire : se servir moins, garder pour plus tard.;Déchets;VIOLET;Groupe_Violet;jaguar;28/01/2025;A04;2.453511;0;1.390385;
B02;"Je n""embête pas les petites bêtes.";Biodiversité;VIOLET;Groupe_Violet;jaguar;28/01/2025;A09;0;0;0;
W03;"Je ferme l""eau quand je me savonne.";Eau;VIOLET;Groupe_Violet;jaguar;28/01/2025;A07;0.004964;12.6;0;
W05;"Je prends une douche plutôt qu""un bain.";Eau;VIOLET;Groupe_Violet;jaguar;28/01/2025;A08;0.140658;357;0;
E02;J’ouvre les volets/rideaux pour profiter de la lumière du jour.;Electricité;VIOLET;Groupe_Violet;jaguar;28/01/2025;A06;0.027408;0;0;
C03;Je consomme des fruits et légumes de saison;Courses;VIOLET;Groupe_Violet;paresseux;06/04/2025;A11;6.932;0;0;
B01;Je n'arrache pas les végétaux.;Biodiversité;VIOLET;Groupe_Violet;paresseux;06/04/2025;A10;0;0;0;
W05;"Je prends une douche plutôt qu""un bain.";Eau;VIOLET;Groupe_Violet;paresseux;06/04/2025;A08;0.140658;357;0;
T03;Remplacer la voiture lors de courts trajets : vélo, trottinette, à pied, transports en commun.;Transport;VIOLET;Groupe_Violet;paresseux;06/04/2025;A03;0.506;0;0;
E01;J'éteins la lumière quand je quitte une pièce;Electricité;VIOLET;Groupe_Violet;paresseux;06/04/2025;A05;0.027408;0;0;
D02;Éviter le gaspillage alimentaire : se servir moins, garder pour plus tard.;Déchets;VIOLET;Groupe_Violet;tortue;06/04/2025;A04;2.453511;0;1.390385;
D04;Dans l'enceinte de l'école, je ramasse les déchets que je vois.;Déchets;VIOLET;Groupe_Violet;tortue;06/04/2025;A02;0.00947;0;0.1;
D03;Je ne jette pas de déchet par terre.;Déchets;VIOLET;Groupe_Violet;tortue;06/04/2025;A01;0.424875;0;4.486538;
B01;Je n'arrache pas les végétaux.;Biodiversité;VIOLET;Groupe_Violet;tortue;06/04/2025;A10;0;0;0;
W05;"Je prends une douche plutôt qu""un bain.";Eau;VIOLET;Groupe_Violet;tortue;06/04/2025;A08;0.140658;357;0;
T03;Remplacer la voiture lors de courts trajets : vélo, trottinette, à pied, transports en commun.;Transport;VIOLET;Groupe_Violet;tortue;06/04/2025;A03;0.506;0;0;
E01;J'éteins la lumière quand je quitte une pièce;Electricité;VIOLET;Groupe_Violet;tortue;06/04/2025;A05;0.027408;0;0;
C03;Je consomme des fruits et légumes de saison;Courses;VIOLET;Groupe_Violet;tortue;06/04/2025;A11;6.932;0;0;
D02;Éviter le gaspillage alimentaire : se servir moins, garder pour plus tard.;Déchets;VIOLET;Groupe_Violet;girafe;07/04/2025;A04;2.453511;0;1.390385;
D03;Je ne jette pas de déchet par terre.;Déchets;VIOLET;Groupe_Violet;girafe;07/04/2025;A01;0.424875;0;4.486538;
W03;"Ne pas gaspiller l""eau que l’on boit.";Eau;VIOLET;Groupe_Violet;girafe;07/04/2025;A13;0.004964;12.6;0;
E01;J'éteins la lumière quand je quitte une pièce;Electricité;VIOLET;Groupe_Violet;girafe;07/04/2025;A05;0.027408;0;0;
D02;Éviter le gaspillage alimentaire : se servir moins, garder pour plus tard.;Déchets;VIOLET;Groupe_Violet;suricate;08/04/2025;A04;2.453511;0;1.390385;
D03;Je ne jette pas de déchet par terre.;Déchets;VIOLET;Groupe_Violet;tortue;29/01/2025;A01;0.424875;0;4.486538;
B01;Je n'arrache pas les végétaux.;Biodiversité;VIOLET;Groupe_Violet;tortue;29/01/2025;A10;0;0;0;
W05;"Je prends une douche plutôt qu""un bain.";Eau;VIOLET;Groupe_Violet;tortue;29/01/2025;A08;0.140658;357;0;
T03;Remplacer la voiture lors de courts trajets : vélo, trottinette, à pied, transports en commun.;Transport;VIOLET;Groupe_Violet;tortue;29/01/2025;A03;0.506;0;0;
E01;J'éteins la lumière quand je quitte une pièce;Electricité;VIOLET;Groupe_Violet;tortue;29/01/2025;A05;0.027408;0;0;
D02;Éviter le gaspillage alimentaire : se servir moins, garder pour plus tard.;Déchets;VIOLET;Groupe_Violet;perroquet;31/01/2025;A04;2.453511;0;1.390385;
D04;Dans l'enceinte de l'école, je ramasse les déchets que je vois.;Déchets;VIOLET;Groupe_Violet;perroquet;31/01/2025;A02;0.00947;0;0.1;
D10;Utiliser moins de plastique pour faire les courses (ou les réutiliser).;Déchets;VIOLET;Groupe_Violet;perroquet;31/01/2025;A12;0.54243;0;0.21;
B02;"Je n""embête pas les petites bêtes.";Biodiversité;VIOLET;Groupe_Violet;perroquet;31/01/2025;A09;0;0;0;
W03;"Je ferme l""eau quand je me savonne.";Eau;VIOLET;Groupe_Violet;perroquet;31/01/2025;A07;0.004964;12.6;0;
W03;"Ne pas gaspiller l""eau que l’on boit.";Eau;VIOLET;Groupe_Violet;perroquet;31/01/2025;A13;0.004964;12.6;0;
D10;Utiliser moins de plastique pour faire les courses (ou les réutiliser).;Déchets;VIOLET;Groupe_Violet;suricate;31/01/2025;A12;0.54243;0;0.21;
T03;Remplacer la voiture lors de courts trajets : vélo, trottinette, à pied, transports en commun.;Transport;VIOLET;Groupe_Violet;suricate;31/01/2025;A03;0.506;0;0;
W05;"Je prends une douche plutôt qu""un bain.";Eau;VIOLET;Groupe_Violet;requinmarteau;01/02/2025;A08;0.140658;357;0;
E02;J’ouvre les volets/rideaux pour profiter de la lumière du jour.;Electricité;VIOLET;Groupe_Violet;requinmarteau;01/02/2025;A06;0.027408;0;0;
D02;Éviter le gaspillage alimentaire : se servir moins, garder pour plus tard.;Déchets;VIOLET;Groupe_Violet;requinmarteau;01/02/2025;A04;2.453511;0;1.390385;
D03;Je ne jette pas de déchet par terre.;Déchets;VIOLET;Groupe_Violet;requinmarteau;01/02/2025;A01;0.424875;0;4.486538;
T03;Remplacer la voiture lors de courts trajets : vélo, trottinette, à pied, transports en commun.;Transport;VIOLET;Groupe_Violet;requinmarteau;01/02/2025;A03;0.506;0;0;
B01;Je n'arrache pas les végétaux.;Biodiversité;VIOLET;Groupe_Violet;requinmarteau;01/02/2025;A10;0;0;0;
D10;Utiliser moins de plastique pour faire les courses (ou les réutiliser).;Déchets;VIOLET;Groupe_Violet;requinmarteau;01/02/2025;A12;0.54243;0;0.21;
C03;Je consomme des fruits et légumes de saison;Courses;VIOLET;Groupe_Violet;t-rex;02/02/2025;A11;6.932;0;0;
D10;Réutiliser des bouteilles vides.;Déchets;VIOLET;Groupe_Violet;t-rex;02/02/2025;A14;0.54243;0;0.21;
D10;Utiliser moins de plastique pour faire les courses (ou les réutiliser).;Déchets;VIOLET;Groupe_Violet;t-rex;02/02/2025;A12;0.54243;0;0.21;
D04;Dans l'enceinte de l'école, je ramasse les déchets que je vois.;Déchets;VIOLET;Groupe_Violet;t-rex;02/02/2025;A02;0.00947;0;0.1;
B01;Je n'arrache pas les végétaux.;Biodiversité;VIOLET;Groupe_Violet;t-rex;02/02/2025;A10;0;0;0;
W05;"Je prends une douche plutôt qu""un bain.";Eau;VIOLET;Groupe_Violet;t-rex;02/02/2025;A08;0.140658;357;0;
D02;Éviter le gaspillage alimentaire : se servir moins, garder pour plus tard.;Déchets;VIOLET;Groupe_Violet;dragon;02/02/2025;A04;2.453511;0;1.390385;
E02;J’ouvre les volets/rideaux pour profiter de la lumière du jour.;Electricité;VIOLET;Groupe_Violet;t-rex;02/02/2025;A06;0.027408;0;0;
D10;Réutiliser des bouteilles vides.;Déchets;VIOLET;Groupe_Violet;dragon;02/02/2025;A14;0.54243;0;0.21;
D10;Utiliser moins de plastique pour faire les courses (ou les réutiliser).;Déchets;VIOLET;Groupe_Violet;dragon;02/02/2025;A12;0.54243;0;0.21;
B02;"Je n""embête pas les petites bêtes.";Biodiversité;VIOLET;Groupe_Violet;dragon;02/02/2025;A09;0;0;0;
E02;J’ouvre les volets/rideaux pour profiter de la lumière du jour.;Electricité;VIOLET;Groupe_Violet;dragon;02/02/2025;A06;0.027408;0;0;
W05;"Je prends une douche plutôt qu""un bain.";Eau;VIOLET;Groupe_Violet;dragon;02/02/2025;A08;0.140658;357;0;
T03;Remplacer la voiture lors de courts trajets : vélo, trottinette, à pied, transports en commun.;Transport;VIOLET;Groupe_Violet;dragon;02/02/2025;A03;0.506;0;0;
D02;Éviter le gaspillage alimentaire : se servir moins, garder pour plus tard.;Déchets;VIOLET;Groupe_Violet;jaguar;06/02/2025;A04;2.453511;0;1.390385;
D10;Utiliser moins de plastique pour faire les courses (ou les réutiliser).;Déchets;VIOLET;Groupe_Violet;jaguar;06/02/2025;A12;0.54243;0;0.21;
B02;"Je n""embête pas les petites bêtes.";Biodiversité;VIOLET;Groupe_Violet;jaguar;06/02/2025;A09;0;0;0;
W03;"Je ferme l""eau quand je me savonne.";Eau;VIOLET;Groupe_Violet;jaguar;06/02/2025;A07;0.004964;12.6;0;
W03;"Ne pas gaspiller l""eau que l’on boit.";Eau;VIOLET;Groupe_Violet;jaguar;06/02/2025;A13;0.004964;12.6;0;
B02;"Je n""embête pas les petites bêtes.";Biodiversité;VIOLET;Groupe_Violet;tortue;10/02/2025;A09;0;0;0;
W05;"Je prends une douche plutôt qu""un bain.";Eau;VIOLET;Groupe_Violet;tortue;10/02/2025;A08;0.140658;357;0;
T03;Remplacer la voiture lors de courts trajets : vélo, trottinette, à pied, transports en commun.;Transport;VIOLET;Groupe_Violet;tortue;10/02/2025;A03;0.506;0;0;
E01;J'éteins la lumière quand je quitte une pièce;Electricité;VIOLET;Groupe_Violet;tortue;10/02/2025;A05;0.027408;0;0;
D10;Réutiliser des bouteilles vides.;Déchets;VIOLET;Groupe_Violet;poussin;11/02/2025;A14;0.54243;0;0.21;
D10;Utiliser moins de plastique pour faire les courses (ou les réutiliser).;Déchets;VIOLET;Groupe_Violet;poussin;11/02/2025;A12;0.54243;0;0.21;
B02;"Je n""embête pas les petites bêtes.";Biodiversité;VIOLET;Groupe_Violet;poussin;11/02/2025;A09;0;0;0;
W03;"Je ferme l""eau quand je me savonne.";Eau;VIOLET;Groupe_Violet;poussin;11/02/2025;A07;0.004964;12.6;0;
E02;J’ouvre les volets/rideaux pour profiter de la lumière du jour.;Electricité;VIOLET;Groupe_Violet;poussin;11/02/2025;A06;0.027408;0;0;
C03;Je consomme des fruits et légumes de saison;Courses;VIOLET;Groupe_Violet;poussin;11/02/2025;A11;6.932;0;0;
D04;Dans l'enceinte de l'école, je ramasse les déchets que je vois.;Déchets;VIOLET;Groupe_Violet;chaton;11/02/2025;A02;0.00947;0;0.1;
D03;Je ne jette pas de déchet par terre.;Déchets;VIOLET;Groupe_Violet;chaton;11/02/2025;A01;0.424875;0;4.486538;
W05;"Je prends une douche plutôt qu""un bain.";Eau;VIOLET;Groupe_Violet;chaton;11/02/2025;A08;0.140658;357;0;
T03;Remplacer la voiture lors de courts trajets : vélo, trottinette, à pied, transports en commun.;Transport;VIOLET;Groupe_Violet;chaton;11/02/2025;A03;0.506;0;0;
E01;J'éteins la lumière quand je quitte une pièce;Electricité;VIOLET;Groupe_Violet;chaton;11/02/2025;A05;0.027408;0;0;
D10;Réutiliser des bouteilles vides.;Déchets;VIOLET;Groupe_Violet;requin;12/02/2025;A14;0.54243;0;0.21;
D10;Utiliser moins de plastique pour faire les courses (ou les réutiliser).;Déchets;VIOLET;Groupe_Violet;requin;12/02/2025;A12;0.54243;0;0.21;
B01;Je n'arrache pas les végétaux.;Biodiversité;VIOLET;Groupe_Violet;requin;12/02/2025;A10;0;0;0;
W03;"Ne pas gaspiller l""eau que l’on boit.";Eau;VIOLET;Groupe_Violet;requin;12/02/2025;A13;0.004964;12.6;0;
E02;J’ouvre les volets/rideaux pour profiter de la lumière du jour.;Electricité;VIOLET;Groupe_Violet;requin;12/02/2025;A06;0.027408;0;0;
C03;Je consomme des fruits et légumes de saison;Courses;VIOLET;Groupe_Violet;dragon;13/02/2025;A11;6.932;0;0;
D10;Réutiliser des bouteilles vides.;Déchets;VIOLET;Groupe_Violet;dragon;13/02/2025;A14;0.54243;0;0.21;
D03;Je ne jette pas de déchet par terre.;Déchets;VIOLET;Groupe_Violet;dragon;13/02/2025;A01;0.424875;0;4.486538;
B01;Je n'arrache pas les végétaux.;Biodiversité;VIOLET;Groupe_Violet;dragon;13/02/2025;A10;0;0;0;
B02;"Je n""embête pas les petites bêtes.";Biodiversité;VIOLET;Groupe_Violet;paresseux;06/04/2025;A09;0;0;0;
W03;"Ne pas gaspiller l""eau que l’on boit.";Eau;VIOLET;Groupe_Violet;dragon;13/02/2025;A13;0.004964;12.6;0;
E02;J’ouvre les volets/rideaux pour profiter de la lumière du jour.;Electricité;VIOLET;Groupe_Violet;dragon;13/02/2025;A06;0.027408;0;0;
E02;J’ouvre les volets/rideaux pour profiter de la lumière du jour.;Electricité;VIOLET;Groupe_Violet;chat;15/02/2025;A06;0.027408;0;0;
T03;Remplacer la voiture lors de courts trajets : vélo, trottinette, à pied, transports en commun.;Transport;VIOLET;Groupe_Violet;chat;15/02/2025;A03;0.506;0;0;
W05;"Je prends une douche plutôt qu""un bain.";Eau;VIOLET;Groupe_Violet;chat;15/02/2025;A08;0.140658;357;0;
B02;"Je n""embête pas les petites bêtes.";Biodiversité;VIOLET;Groupe_Violet;chat;15/02/2025;A09;0;0;0;
D02;Éviter le gaspillage alimentaire : se servir moins, garder pour plus tard.;Déchets;VIOLET;Groupe_Violet;chat;15/02/2025;A04;2.453511;0;1.390385;
D04;Dans l'enceinte de l'école, je ramasse les déchets que je vois.;Déchets;VIOLET;Groupe_Violet;chat;15/02/2025;A02;0.00947;0;0.1;
D03;Je ne jette pas de déchet par terre.;Déchets;VIOLET;Groupe_Violet;chat;15/02/2025;A01;0.424875;0;4.486538;
W03;"Je ferme l""eau quand je me savonne.";Eau;VIOLET;Groupe_Violet;paresseux;06/04/2025;A07;0.004964;12.6;0;
W03;"Ne pas gaspiller l""eau que l’on boit.";Eau;VIOLET;Groupe_Violet;paresseux;06/04/2025;A13;0.004964;12.6;0;
E02;J’ouvre les volets/rideaux pour profiter de la lumière du jour.;Electricité;VIOLET;Groupe_Violet;paresseux;06/04/2025;A06;0.027408;0;0;
D10;Réutiliser des bouteilles vides.;Déchets;VIOLET;Groupe_Violet;tortue;06/04/2025;A14;0.54243;0;0.21;
D10;Utiliser moins de plastique pour faire les courses (ou les réutiliser).;Déchets;VIOLET;Groupe_Violet;tortue;06/04/2025;A12;0.54243;0;0.21;
E01;J'éteins la lumière quand je quitte une pièce;Electricité;VIOLET;Groupe_Violet;licorne;16/02/2025;A05;0.027408;0;0;
B02;"Je n""embête pas les petites bêtes.";Biodiversité;VIOLET;Groupe_Violet;tortue;06/04/2025;A09;0;0;0;
T03;Remplacer la voiture lors de courts trajets : vélo, trottinette, à pied, transports en commun.;Transport;VIOLET;Groupe_Violet;suricate;21/02/2025;A03;0.506;0;0;
E01;J'éteins la lumière quand je quitte une pièce;Electricité;VIOLET;Groupe_Violet;suricate;21/02/2025;A05;0.027408;0;0;
W03;"Je ferme l""eau quand je me savonne.";Eau;VIOLET;Groupe_Violet;tortue;06/04/2025;A07;0.004964;12.6;0;
D10;Réutiliser des bouteilles vides.;Déchets;VIOLET;Groupe_Violet;paresseux;23/02/2025;A14;0.54243;0;0.21;
D04;Dans l'enceinte de l'école, je ramasse les déchets que je vois.;Déchets;VIOLET;Groupe_Violet;paresseux;23/02/2025;A02;0.00947;0;0.1;
D10;Utiliser moins de plastique pour faire les courses (ou les réutiliser).;Déchets;VIOLET;Groupe_Violet;paresseux;23/02/2025;A12;0.54243;0;0.21;
W03;"Ne pas gaspiller l""eau que l’on boit.";Eau;VIOLET;Groupe_Violet;tortue;06/04/2025;A13;0.004964;12.6;0;
D03;Je ne jette pas de déchet par terre.;Déchets;VIOLET;Groupe_Violet;paresseux;23/02/2025;A01;0.424875;0;4.486538;
B02;"Je n""embête pas les petites bêtes.";Biodiversité;VIOLET;Groupe_Violet;paresseux;23/02/2025;A09;0;0;0;
B01;Je n'arrache pas les végétaux.;Biodiversité;VIOLET;Groupe_Violet;paresseux;23/02/2025;A10;0;0;0;
W03;"Je ferme l""eau quand je me savonne.";Eau;VIOLET;Groupe_Violet;paresseux;23/02/2025;A07;0.004964;12.6;0;
W05;"Je prends une douche plutôt qu""un bain.";Eau;VIOLET;Groupe_Violet;paresseux;23/02/2025;A08;0.140658;357;0;
W03;"Ne pas gaspiller l""eau que l’on boit.";Eau;VIOLET;Groupe_Violet;paresseux;23/02/2025;A13;0.004964;12.6;0;
E02;J’ouvre les volets/rideaux pour profiter de la lumière du jour.;Electricité;VIOLET;Groupe_Violet;paresseux;23/02/2025;A06;0.027408;0;0;
E01;J'éteins la lumière quand je quitte une pièce;Electricité;VIOLET;Groupe_Violet;paresseux;23/02/2025;A05;0.027408;0;0;
C03;Je consomme des fruits et légumes de saison;Courses;VIOLET;Groupe_Violet;paresseux;23/02/2025;A11;6.932;0;0;
E02;J’ouvre les volets/rideaux pour profiter de la lumière du jour.;Electricité;VIOLET;Groupe_Violet;licorne;24/02/2025;A06;0.027408;0;0;
E01;J'éteins la lumière quand je quitte une pièce;Electricité;VIOLET;Groupe_Violet;licorne;24/02/2025;A05;0.027408;0;0;
T03;Remplacer la voiture lors de courts trajets : vélo, trottinette, à pied, transports en commun.;Transport;VIOLET;Groupe_Violet;licorne;25/02/2025;A03;0.506;0;0;
C03;Je consomme des fruits et légumes de saison;Courses;VIOLET;Groupe_Violet;licorne;25/02/2025;A11;6.932;0;0;
D02;Éviter le gaspillage alimentaire : se servir moins, garder pour plus tard.;Déchets;VIOLET;Groupe_Violet;licorne;25/02/2025;A04;2.453511;0;1.390385;
D10;Réutiliser des bouteilles vides.;Déchets;VIOLET;Groupe_Violet;licorne;25/02/2025;A14;0.54243;0;0.21;
E02;J’ouvre les volets/rideaux pour profiter de la lumière du jour.;Electricité;VIOLET;Groupe_Violet;tortue;06/04/2025;A06;0.027408;0;0;
D04;Dans l'enceinte de l'école, je ramasse les déchets que je vois.;Déchets;VIOLET;Groupe_Violet;licorne;25/02/2025;A02;0.00947;0;0.1;
D03;Je ne jette pas de déchet par terre.;Déchets;VIOLET;Groupe_Violet;licorne;25/02/2025;A01;0.424875;0;4.486538;
D10;Utiliser moins de plastique pour faire les courses (ou les réutiliser).;Déchets;VIOLET;Groupe_Violet;licorne;25/02/2025;A12;0.54243;0;0.21;
C03;Je consomme des fruits et légumes de saison;Courses;VIOLET;Groupe_Violet;girafe;07/04/2025;A11;6.932;0;0;
D10;Réutiliser des bouteilles vides.;Déchets;VIOLET;Groupe_Violet;girafe;07/04/2025;A14;0.54243;0;0.21;
D10;Utiliser moins de plastique pour faire les courses (ou les réutiliser).;Déchets;VIOLET;Groupe_Violet;girafe;07/04/2025;A12;0.54243;0;0.21;
E02;J’ouvre les volets/rideaux pour profiter de la lumière du jour.;Electricité;VIOLET;Groupe_Violet;girafe;07/04/2025;A06;0.027408;0;0;
C03;Je consomme des fruits et légumes de saison;Courses;VIOLET;Groupe_Violet;suricate;08/04/2025;A11;6.932;0;0;
B02;"Je n""embête pas les petites bêtes.";Biodiversité;VIOLET;Groupe_Violet;suricate;08/04/2025;A09;0;0;0;
C03;Je consomme des fruits et légumes de saison;Courses;VIOLET;Groupe_Violet;chat;05/02/2025;A11;6.932;0;0;
D10;Réutiliser des bouteilles vides.;Déchets;VIOLET;Groupe_Violet;chat;05/02/2025;A14;0.54243;0;0.21;
C03;Je consomme des fruits et légumes de saison;Courses;VIOLET;Groupe_Violet;écureuil;29/01/2025;A11;6.932;0;0;
D02;Éviter le gaspillage alimentaire : se servir moins, garder pour plus tard.;Déchets;VIOLET;Groupe_Violet;écureuil;29/01/2025;A04;2.453511;0;1.390385;
D10;Réutiliser des bouteilles vides.;Déchets;VIOLET;Groupe_Violet;écureuil;29/01/2025;A14;0.54243;0;0.21;
D10;Utiliser moins de plastique pour faire les courses (ou les réutiliser).;Déchets;VIOLET;Groupe_Violet;écureuil;29/01/2025;A12;0.54243;0;0.21;
B02;"Je n""embête pas les petites bêtes.";Biodiversité;VIOLET;Groupe_Violet;écureuil;29/01/2025;A09;0;0;0;
B01;Je n'arrache pas les végétaux.;Biodiversité;VIOLET;Groupe_Violet;écureuil;29/01/2025;A10;0;0;0;
W03;"Je ferme l""eau quand je me savonne.";Eau;VIOLET;Groupe_Violet;écureuil;29/01/2025;A07;0.004964;12.6;0;
W05;"Je prends une douche plutôt qu""un bain.";Eau;VIOLET;Groupe_Violet;écureuil;29/01/2025;A08;0.140658;357;0;
W03;"Ne pas gaspiller l""eau que l’on boit.";Eau;VIOLET;Groupe_Violet;écureuil;29/01/2025;A13;0.004964;12.6;0;
E02;J’ouvre les volets/rideaux pour profiter de la lumière du jour.;Electricité;VIOLET;Groupe_Violet;écureuil;29/01/2025;A06;0.027408;0;0;
E01;J'éteins la lumière quand je quitte une pièce;Electricité;VIOLET;Groupe_Violet;écureuil;29/01/2025;A05;0.027408;0;0;
D03;Je ne jette pas de déchet par terre.;Déchets;VIOLET;Groupe_Violet;écureuil;29/01/2025;A01;0.424875;0;4.486538;
C03;Je consomme des fruits et légumes de saison;Courses;VIOLET;Groupe_Violet;tortue;29/01/2025;A11;6.932;0;0;
D02;Éviter le gaspillage alimentaire : se servir moins, garder pour plus tard.;Déchets;VIOLET;Groupe_Violet;tortue;29/01/2025;A04;2.453511;0;1.390385;
D10;Réutiliser des bouteilles vides.;Déchets;VIOLET;Groupe_Violet;tortue;29/01/2025;A14;0.54243;0;0.21;
D04;Dans l'enceinte de l'école, je ramasse les déchets que je vois.;Déchets;VIOLET;Groupe_Violet;tortue;29/01/2025;A02;0.00947;0;0.1;
D10;Utiliser moins de plastique pour faire les courses (ou les réutiliser).;Déchets;VIOLET;Groupe_Violet;tortue;29/01/2025;A12;0.54243;0;0.21;
B02;"Je n""embête pas les petites bêtes.";Biodiversité;VIOLET;Groupe_Violet;tortue;29/01/2025;A09;0;0;0;
W03;"Je ferme l""eau quand je me savonne.";Eau;VIOLET;Groupe_Violet;tortue;29/01/2025;A07;0.004964;12.6;0;
W03;"Ne pas gaspiller l""eau que l’on boit.";Eau;VIOLET;Groupe_Violet;tortue;29/01/2025;A13;0.004964;12.6;0;
E02;J’ouvre les volets/rideaux pour profiter de la lumière du jour.;Electricité;VIOLET;Groupe_Violet;tortue;29/01/2025;A06;0.027408;0;0;
C03;Je consomme des fruits et légumes de saison;Courses;VIOLET;Groupe_Violet;perroquet;31/01/2025;A11;6.932;0;0;
D10;Réutiliser des bouteilles vides.;Déchets;VIOLET;Groupe_Violet;perroquet;31/01/2025;A14;0.54243;0;0.21;
D03;Je ne jette pas de déchet par terre.;Déchets;VIOLET;Groupe_Violet;perroquet;31/01/2025;A01;0.424875;0;4.486538;
T03;Remplacer la voiture lors de courts trajets : vélo, trottinette, à pied, transports en commun.;Transport;VIOLET;Groupe_Violet;perroquet;31/01/2025;A03;0.506;0;0;
B01;Je n'arrache pas les végétaux.;Biodiversité;VIOLET;Groupe_Violet;perroquet;31/01/2025;A10;0;0;0;
W05;"Je prends une douche plutôt qu""un bain.";Eau;VIOLET;Groupe_Violet;perroquet;31/01/2025;A08;0.140658;357;0;
C03;Je consomme des fruits et légumes de saison;Courses;VIOLET;Groupe_Violet;suricate;31/01/2025;A11;6.932;0;0;
D03;Je ne jette pas de déchet par terre.;Déchets;VIOLET;Groupe_Violet;suricate;31/01/2025;A01;0.424875;0;4.486538;
W03;"Ne pas gaspiller l""eau que l’on boit.";Eau;VIOLET;Groupe_Violet;requinmarteau;01/02/2025;A13;0.004964;12.6;0;
W03;"Je ferme l""eau quand je me savonne.";Eau;VIOLET;Groupe_Violet;requinmarteau;01/02/2025;A07;0.004964;12.6;0;
E01;J'éteins la lumière quand je quitte une pièce;Electricité;VIOLET;Groupe_Violet;requinmarteau;01/02/2025;A05;0.027408;0;0;
D10;Réutiliser des bouteilles vides.;Déchets;VIOLET;Groupe_Violet;requinmarteau;01/02/2025;A14;0.54243;0;0.21;
C03;Je consomme des fruits et légumes de saison;Courses;VIOLET;Groupe_Violet;requinmarteau;01/02/2025;A11;6.932;0;0;
B02;"Je n""embête pas les petites bêtes.";Biodiversité;VIOLET;Groupe_Violet;requinmarteau;01/02/2025;A09;0;0;0;
D04;Dans l'enceinte de l'école, je ramasse les déchets que je vois.;Déchets;VIOLET;Groupe_Violet;requinmarteau;01/02/2025;A02;0.00947;0;0.1;
D02;Éviter le gaspillage alimentaire : se servir moins, garder pour plus tard.;Déchets;VIOLET;Groupe_Violet;t-rex;02/02/2025;A04;2.453511;0;1.390385;
C03;Je consomme des fruits et légumes de saison;Courses;VIOLET;Groupe_Violet;dragon;02/02/2025;A11;6.932;0;0;
D03;Je ne jette pas de déchet par terre.;Déchets;VIOLET;Groupe_Violet;t-rex;02/02/2025;A01;0.424875;0;4.486538;
B02;"Je n""embête pas les petites bêtes.";Biodiversité;VIOLET;Groupe_Violet;t-rex;02/02/2025;A09;0;0;0;
W03;"Je ferme l""eau quand je me savonne.";Eau;VIOLET;Groupe_Violet;t-rex;02/02/2025;A07;0.004964;12.6;0;
W03;"Ne pas gaspiller l""eau que l’on boit.";Eau;VIOLET;Groupe_Violet;t-rex;02/02/2025;A13;0.004964;12.6;0;
T03;Remplacer la voiture lors de courts trajets : vélo, trottinette, à pied, transports en commun.;Transport;VIOLET;Groupe_Violet;t-rex;02/02/2025;A03;0.506;0;0;
E01;J'éteins la lumière quand je quitte une pièce;Electricité;VIOLET;Groupe_Violet;t-rex;02/02/2025;A05;0.027408;0;0;
D04;Dans l'enceinte de l'école, je ramasse les déchets que je vois.;Déchets;VIOLET;Groupe_Violet;dragon;02/02/2025;A02;0.00947;0;0.1;
D03;Je ne jette pas de déchet par terre.;Déchets;VIOLET;Groupe_Violet;dragon;02/02/2025;A01;0.424875;0;4.486538;
B01;Je n'arrache pas les végétaux.;Biodiversité;VIOLET;Groupe_Violet;dragon;02/02/2025;A10;0;0;0;
W03;"Je ferme l""eau quand je me savonne.";Eau;VIOLET;Groupe_Violet;dragon;02/02/2025;A07;0.004964;12.6;0;
W03;"Ne pas gaspiller l""eau que l’on boit.";Eau;VIOLET;Groupe_Violet;dragon;02/02/2025;A13;0.004964;12.6;0;
D10;Utiliser moins de plastique pour faire les courses (ou les réutiliser).;Déchets;VIOLET;Groupe_Violet;chat;05/02/2025;A12;0.54243;0;0.21;
B02;"Je n""embête pas les petites bêtes.";Biodiversité;VIOLET;Groupe_Violet;chat;05/02/2025;A09;0;0;0;
W03;"Je ferme l""eau quand je me savonne.";Eau;VIOLET;Groupe_Violet;chat;05/02/2025;A07;0.004964;12.6;0;
W03;"Ne pas gaspiller l""eau que l’on boit.";Eau;VIOLET;Groupe_Violet;chat;05/02/2025;A13;0.004964;12.6;0;
E02;J’ouvre les volets/rideaux pour profiter de la lumière du jour.;Electricité;VIOLET;Groupe_Violet;chat;05/02/2025;A06;0.027408;0;0;
C03;Je consomme des fruits et légumes de saison;Courses;VIOLET;Groupe_Violet;hamster;05/02/2025;A11;6.932;0;0;
D04;Dans l'enceinte de l'école, je ramasse les déchets que je vois.;Déchets;VIOLET;Groupe_Violet;hamster;05/02/2025;A02;0.00947;0;0.1;
D03;Je ne jette pas de déchet par terre.;Déchets;VIOLET;Groupe_Violet;hamster;05/02/2025;A01;0.424875;0;4.486538;
B02;"Je n""embête pas les petites bêtes.";Biodiversité;VIOLET;Groupe_Violet;hamster;05/02/2025;A09;0;0;0;
W03;"Je ferme l""eau quand je me savonne.";Eau;VIOLET;Groupe_Violet;hamster;05/02/2025;A07;0.004964;12.6;0;
W03;"Ne pas gaspiller l""eau que l’on boit.";Eau;VIOLET;Groupe_Violet;hamster;05/02/2025;A13;0.004964;12.6;0;
E02;J’ouvre les volets/rideaux pour profiter de la lumière du jour.;Electricité;VIOLET;Groupe_Violet;hamster;05/02/2025;A06;0.027408;0;0;
T03;Remplacer la voiture lors de courts trajets : vélo, trottinette, à pied, transports en commun.;Transport;VIOLET;Groupe_Violet;licorne;16/02/2025;A03;0.506;0;0;
W05;"Je prends une douche plutôt qu""un bain.";Eau;VIOLET;Groupe_Violet;paresseux;16/02/2025;A08;0.140658;357;0;
E02;J’ouvre les volets/rideaux pour profiter de la lumière du jour.;Electricité;VIOLET;Groupe_Violet;paresseux;16/02/2025;A06;0.027408;0;0;
C03;Je consomme des fruits et légumes de saison;Courses;VIOLET;Groupe_Violet;paresseux;16/02/2025;A11;6.932;0;0;
B01;Je n'arrache pas les végétaux.;Biodiversité;VIOLET;Groupe_Violet;paresseux;16/02/2025;A10;0;0;0;
W03;"Je ferme l""eau quand je me savonne.";Eau;VIOLET;Groupe_Violet;suricate;16/02/2025;A07;0.004964;12.6;0;
E02;J’ouvre les volets/rideaux pour profiter de la lumière du jour.;Electricité;VIOLET;Groupe_Violet;suricate;16/02/2025;A06;0.027408;0;0;
W05;"Je prends une douche plutôt qu""un bain.";Eau;VIOLET;Groupe_Violet;dauphin;16/02/2025;A08;0.140658;357;0;
T03;Remplacer la voiture lors de courts trajets : vélo, trottinette, à pied, transports en commun.;Transport;VIOLET;Groupe_Violet;dauphin;16/02/2025;A03;0.506;0;0;
D02;Éviter le gaspillage alimentaire : se servir moins, garder pour plus tard.;Déchets;VIOLET;Groupe_Violet;dauphin;16/02/2025;A04;2.453511;0;1.390385;
D04;Dans l'enceinte de l'école, je ramasse les déchets que je vois.;Déchets;VIOLET;Groupe_Violet;dauphin;16/02/2025;A02;0.00947;0;0.1;
D03;Je ne jette pas de déchet par terre.;Déchets;VIOLET;Groupe_Violet;dauphin;16/02/2025;A01;0.424875;0;4.486538;
B01;Je n'arrache pas les végétaux.;Biodiversité;VIOLET;Groupe_Violet;dauphin;16/02/2025;A10;0;0;0;
W05;"Je prends une douche plutôt qu""un bain.";Eau;VIOLET;Groupe_Violet;licorne;16/02/2025;A08;0.140658;357;0;
W03;"Ne pas gaspiller l""eau que l’on boit.";Eau;VIOLET;Groupe_Violet;licorne;16/02/2025;A13;0.004964;12.6;0;
D10;Réutiliser des bouteilles vides.;Déchets;VIOLET;Groupe_Violet;licorne;16/02/2025;A14;0.54243;0;0.21;
C03;Je consomme des fruits et légumes de saison;Courses;VIOLET;Groupe_Violet;tortue;16/02/2025;A11;6.932;0;0;
D10;Réutiliser des bouteilles vides.;Déchets;VIOLET;Groupe_Violet;tortue;16/02/2025;A14;0.54243;0;0.21;
D10;Utiliser moins de plastique pour faire les courses (ou les réutiliser).;Déchets;VIOLET;Groupe_Violet;tortue;16/02/2025;A12;0.54243;0;0.21;
B02;"Je n""embête pas les petites bêtes.";Biodiversité;VIOLET;Groupe_Violet;tortue;16/02/2025;A09;0;0;0;
W03;"Je ferme l""eau quand je me savonne.";Eau;VIOLET;Groupe_Violet;tortue;16/02/2025;A07;0.004964;12.6;0;
W03;"Ne pas gaspiller l""eau que l’on boit.";Eau;VIOLET;Groupe_Violet;tortue;16/02/2025;A13;0.004964;12.6;0;
E01;J'éteins la lumière quand je quitte une pièce;Electricité;VIOLET;Groupe_Violet;tortue;16/02/2025;A05;0.027408;0;0;
C03;Je consomme des fruits et légumes de saison;Courses;VIOLET;Groupe_Violet;girafe;18/02/2025;A11;6.932;0;0;
D10;Réutiliser des bouteilles vides.;Déchets;VIOLET;Groupe_Violet;girafe;18/02/2025;A14;0.54243;0;0.21;
B02;"Je n""embête pas les petites bêtes.";Biodiversité;VIOLET;Groupe_Violet;girafe;18/02/2025;A09;0;0;0;
D10;Utiliser moins de plastique pour faire les courses (ou les réutiliser).;Déchets;VIOLET;Groupe_Violet;girafe;18/02/2025;A12;0.54243;0;0.21;
W03;"Je ferme l""eau quand je me savonne.";Eau;VIOLET;Groupe_Violet;girafe;18/02/2025;A07;0.004964;12.6;0;
E01;J'éteins la lumière quand je quitte une pièce;Electricité;VIOLET;Groupe_Violet;girafe;18/02/2025;A05;0.027408;0;0;
D10;Réutiliser des bouteilles vides.;Déchets;VIOLET;Groupe_Violet;pingouin;18/02/2025;A14;0.54243;0;0.21;
D03;Je ne jette pas de déchet par terre.;Déchets;VIOLET;Groupe_Violet;pingouin;18/02/2025;A01;0.424875;0;4.486538;
B01;Je n'arrache pas les végétaux.;Biodiversité;VIOLET;Groupe_Violet;pingouin;18/02/2025;A10;0;0;0;
E01;J'éteins la lumière quand je quitte une pièce;Electricité;VIOLET;Groupe_Violet;pingouin;18/02/2025;A05;0.027408;0;0;
C03;Je consomme des fruits et légumes de saison;Courses;VIOLET;Groupe_Violet;dragon;19/02/2025;A11;6.932;0;0;
D10;Réutiliser des bouteilles vides.;Déchets;VIOLET;Groupe_Violet;dragon;19/02/2025;A14;0.54243;0;0.21;
D10;Utiliser moins de plastique pour faire les courses (ou les réutiliser).;Déchets;VIOLET;Groupe_Violet;dragon;19/02/2025;A12;0.54243;0;0.21;
B02;"Je n""embête pas les petites bêtes.";Biodiversité;VIOLET;Groupe_Violet;dragon;19/02/2025;A09;0;0;0;
W03;"Je ferme l""eau quand je me savonne.";Eau;VIOLET;Groupe_Violet;dragon;19/02/2025;A07;0.004964;12.6;0;
W03;"Ne pas gaspiller l""eau que l’on boit.";Eau;VIOLET;Groupe_Violet;dragon;19/02/2025;A13;0.004964;12.6;0;
E02;J’ouvre les volets/rideaux pour profiter de la lumière du jour.;Electricité;VIOLET;Groupe_Violet;dragon;19/02/2025;A06;0.027408;0;0;
D02;Éviter le gaspillage alimentaire : se servir moins, garder pour plus tard.;Déchets;VIOLET;Groupe_Violet;dragon;05/03/2025;A04;2.453511;0;1.390385;
D04;Dans l'enceinte de l'école, je ramasse les déchets que je vois.;Déchets;VIOLET;Groupe_Violet;dragon;05/03/2025;A02;0.00947;0;0.1;
D10;Utiliser moins de plastique pour faire les courses (ou les réutiliser).;Déchets;VIOLET;Groupe_Violet;dragon;05/03/2025;A12;0.54243;0;0.21;
B02;"Je n""embête pas les petites bêtes.";Biodiversité;VIOLET;Groupe_Violet;dragon;05/03/2025;A09;0;0;0;
W05;"Je prends une douche plutôt qu""un bain.";Eau;VIOLET;Groupe_Violet;dragon;05/03/2025;A08;0.140658;357;0;
T03;Remplacer la voiture lors de courts trajets : vélo, trottinette, à pied, transports en commun.;Transport;VIOLET;Groupe_Violet;dragon;05/03/2025;A03;0.506;0;0;
E01;J'éteins la lumière quand je quitte une pièce;Electricité;VIOLET;Groupe_Violet;dragon;05/03/2025;A05;0.027408;0;0;
D03;Je ne jette pas de déchet par terre.;Déchets;VIOLET;Groupe_Violet;dragon;01/03/2025;A01;0.424875;0;4.486538;
B02;"Je n""embête pas les petites bêtes.";Biodiversité;VIOLET;Groupe_Violet;dragon;01/03/2025;A09;0;0;0;
W05;"Je prends une douche plutôt qu""un bain.";Eau;VIOLET;Groupe_Violet;dragon;01/03/2025;A08;0.140658;357;0;
T03;Remplacer la voiture lors de courts trajets : vélo, trottinette, à pied, transports en commun.;Transport;VIOLET;Groupe_Violet;dragon;01/03/2025;A03;0.506;0;0;
E01;J'éteins la lumière quand je quitte une pièce;Electricité;VIOLET;Groupe_Violet;dragon;01/03/2025;A05;0.027408;0;0;
D02;Éviter le gaspillage alimentaire : se servir moins, garder pour plus tard.;Déchets;VIOLET;Groupe_Violet;paresseux;03/03/2025;A04;2.453511;0;1.390385;
D04;Dans l'enceinte de l'école, je ramasse les déchets que je vois.;Déchets;VIOLET;Groupe_Violet;paresseux;03/03/2025;A02;0.00947;0;0.1;
D03;Je ne jette pas de déchet par terre.;Déchets;VIOLET;Groupe_Violet;paresseux;03/03/2025;A01;0.424875;0;4.486538;
B01;Je n'arrache pas les végétaux.;Biodiversité;VIOLET;Groupe_Violet;paresseux;03/03/2025;A10;0;0;0;
W05;"Je prends une douche plutôt qu""un bain.";Eau;VIOLET;Groupe_Violet;paresseux;03/03/2025;A08;0.140658;357;0;
T03;Remplacer la voiture lors de courts trajets : vélo, trottinette, à pied, transports en commun.;Transport;VIOLET;Groupe_Violet;paresseux;03/03/2025;A03;0.506;0;0;
E01;J'éteins la lumière quand je quitte une pièce;Electricité;VIOLET;Groupe_Violet;paresseux;03/03/2025;A05;0.027408;0;0;
D02;Éviter le gaspillage alimentaire : se servir moins, garder pour plus tard.;Déchets;VIOLET;Groupe_Violet;licorne;04/03/2025;A04;2.453511;0;1.390385;
D10;Utiliser moins de plastique pour faire les courses (ou les réutiliser).;Déchets;VIOLET;Groupe_Violet;licorne;04/03/2025;A12;0.54243;0;0.21;
D03;Je ne jette pas de déchet par terre.;Déchets;VIOLET;Groupe_Violet;licorne;04/03/2025;A01;0.424875;0;4.486538;
B01;Je n'arrache pas les végétaux.;Biodiversité;VIOLET;Groupe_Violet;licorne;04/03/2025;A10;0;0;0;
W03;"Je ferme l""eau quand je me savonne.";Eau;VIOLET;Groupe_Violet;licorne;04/03/2025;A07;0.004964;12.6;0;
W03;"Ne pas gaspiller l""eau que l’on boit.";Eau;VIOLET;Groupe_Violet;licorne;04/03/2025;A13;0.004964;12.6;0;
E02;J’ouvre les volets/rideaux pour profiter de la lumière du jour.;Electricité;VIOLET;Groupe_Violet;licorne;04/03/2025;A06;0.027408;0;0;
D02;Éviter le gaspillage alimentaire : se servir moins, garder pour plus tard.;Déchets;VIOLET;Groupe_Violet;girafe;04/03/2025;A04;2.453511;0;1.390385;
D03;Je ne jette pas de déchet par terre.;Déchets;VIOLET;Groupe_Violet;girafe;04/03/2025;A01;0.424875;0;4.486538;
B01;Je n'arrache pas les végétaux.;Biodiversité;VIOLET;Groupe_Violet;girafe;04/03/2025;A10;0;0;0;
W03;"Je ferme l""eau quand je me savonne.";Eau;VIOLET;Groupe_Violet;girafe;04/03/2025;A07;0.004964;12.6;0;
T03;Remplacer la voiture lors de courts trajets : vélo, trottinette, à pied, transports en commun.;Transport;VIOLET;Groupe_Violet;girafe;04/03/2025;A03;0.506;0;0;
E01;J'éteins la lumière quand je quitte une pièce;Electricité;VIOLET;Groupe_Violet;girafe;04/03/2025;A05;0.027408;0;0;
C03;Je consomme des fruits et légumes de saison;Courses;VIOLET;Groupe_Violet;léopard;08/04/2025;A11;6.932;0;0;
D10;Réutiliser des bouteilles vides.;Déchets;VIOLET;Groupe_Violet;léopard;08/04/2025;A14;0.54243;0;0.21;
D03;Je ne jette pas de déchet par terre.;Déchets;VIOLET;Groupe_Violet;léopard;08/04/2025;A01;0.424875;0;4.486538;
W03;"Ne pas gaspiller l""eau que l’on boit.";Eau;VIOLET;Groupe_Violet;léopard;08/04/2025;A13;0.004964;12.6;0;
W03;"Je ferme l""eau quand je me savonne.";Eau;VIOLET;Groupe_Violet;léopard;08/04/2025;A07;0.004964;12.6;0;
E01;J'éteins la lumière quand je quitte une pièce;Electricité;VIOLET;Groupe_Violet;léopard;08/04/2025;A05;0.027408;0;0;
C03;Je consomme des fruits et légumes de saison;Courses;VIOLET;Groupe_Violet;chat;08/04/2025;A11;6.932;0;0;
D04;Dans l'enceinte de l'école, je ramasse les déchets que je vois.;Déchets;VIOLET;Groupe_Violet;chat;08/04/2025;A02;0.00947;0;0.1;
D03;Je ne jette pas de déchet par terre.;Déchets;VIOLET;Groupe_Violet;chat;08/04/2025;A01;0.424875;0;4.486538;
B01;Je n'arrache pas les végétaux.;Biodiversité;VIOLET;Groupe_Violet;chat;08/04/2025;A10;0;0;0;
W05;"Je prends une douche plutôt qu""un bain.";Eau;VIOLET;Groupe_Violet;chat;08/04/2025;A08;0.140658;357;0;
C03;Je consomme des fruits et légumes de saison;Courses;VIOLET;Groupe_Violet;perroquet;21/04/2025;A11;6.932;0;0;
D10;Réutiliser des bouteilles vides.;Déchets;VIOLET;Groupe_Violet;perroquet;21/04/2025;A14;0.54243;0;0.21;
D10;Utiliser moins de plastique pour faire les courses (ou les réutiliser).;Déchets;VIOLET;Groupe_Violet;perroquet;21/04/2025;A12;0.54243;0;0.21;
B02;"Je n""embête pas les petites bêtes.";Biodiversité;VIOLET;Groupe_Violet;perroquet;21/04/2025;A09;0;0;0;
W03;"Je ferme l""eau quand je me savonne.";Eau;VIOLET;Groupe_Violet;perroquet;21/04/2025;A07;0.004964;12.6;0;
W03;"Ne pas gaspiller l""eau que l’on boit.";Eau;VIOLET;Groupe_Violet;perroquet;21/04/2025;A13;0.004964;12.6;0;
E02;J’ouvre les volets/rideaux pour profiter de la lumière du jour.;Electricité;VIOLET;Groupe_Violet;perroquet;21/04/2025;A06;0.027408;0;0;
C03;Je consomme des fruits et légumes de saison;Courses;VIOLET;Groupe_Violet;paresseux;21/04/2025;A11;6.932;0;0;
D10;Réutiliser des bouteilles vides.;Déchets;VIOLET;Groupe_Violet;paresseux;21/04/2025;A14;0.54243;0;0.21;
B02;"Je n""embête pas les petites bêtes.";Biodiversité;VIOLET;Groupe_Violet;paresseux;21/04/2025;A09;0;0;0;
D10;Utiliser moins de plastique pour faire les courses (ou les réutiliser).;Déchets;VIOLET;Groupe_Violet;paresseux;21/04/2025;A12;0.54243;0;0.21;
W03;"Je ferme l""eau quand je me savonne.";Eau;VIOLET;Groupe_Violet;paresseux;21/04/2025;A07;0.004964;12.6;0;
W03;"Ne pas gaspiller l""eau que l’on boit.";Eau;VIOLET;Groupe_Violet;paresseux;21/04/2025;A13;0.004964;12.6;0;
E02;J’ouvre les volets/rideaux pour profiter de la lumière du jour.;Electricité;VIOLET;Groupe_Violet;paresseux;21/04/2025;A06;0.027408;0;0;
B02;"Je n""embête pas les petites bêtes.";Biodiversité;VIOLET;Groupe_Violet;suricate;21/04/2025;A09;0;0;0;
D03;Je ne jette pas de déchet par terre.;Déchets;VIOLET;Groupe_Violet;suricate;21/04/2025;A01;0.424875;0;4.486538;
C03;Je consomme des fruits et légumes de saison;Courses;VIOLET;Groupe_Violet;dragon;22/04/2025;A11;6.932;0;0;
D10;Réutiliser des bouteilles vides.;Déchets;VIOLET;Groupe_Violet;dragon;22/04/2025;A14;0.54243;0;0.21;
D10;Utiliser moins de plastique pour faire les courses (ou les réutiliser).;Déchets;VIOLET;Groupe_Violet;dragon;22/04/2025;A12;0.54243;0;0.21;
B01;Je n'arrache pas les végétaux.;Biodiversité;VIOLET;Groupe_Violet;dragon;22/04/2025;A10;0;0;0;
W03;"Je ferme l""eau quand je me savonne.";Eau;VIOLET;Groupe_Violet;dragon;22/04/2025;A07;0.004964;12.6;0;
W03;"Ne pas gaspiller l""eau que l’on boit.";Eau;VIOLET;Groupe_Violet;dragon;22/04/2025;A13;0.004964;12.6;0;
E02;J’ouvre les volets/rideaux pour profiter de la lumière du jour.;Electricité;VIOLET;Groupe_Violet;dragon;22/04/2025;A06;0.027408;0;0;
W05;"Je prends une douche plutôt qu""un bain.";Eau;VIOLET;Groupe_Violet;suricate;24/04/2025;A08;0.140658;357;0;
E01;J'éteins la lumière quand je quitte une pièce;Electricité;VIOLET;Groupe_Violet;suricate;24/04/2025;A05;0.027408;0;0;
D10;Réutiliser des bouteilles vides.;Déchets;VIOLET;Groupe_Violet;girafe;25/04/2025;A14;0.54243;0;0.21;
D03;Je ne jette pas de déchet par terre.;Déchets;VIOLET;Groupe_Violet;girafe;25/04/2025;A01;0.424875;0;4.486538;
B01;Je n'arrache pas les végétaux.;Biodiversité;VIOLET;Groupe_Violet;girafe;25/04/2025;A10;0;0;0;
W03;"Ne pas gaspiller l""eau que l’on boit.";Eau;VIOLET;Groupe_Violet;girafe;25/04/2025;A13;0.004964;12.6;0;
E01;J'éteins la lumière quand je quitte une pièce;Electricité;VIOLET;Groupe_Violet;girafe;25/04/2025;A05;0.027408;0;0;
D02;Éviter le gaspillage alimentaire : se servir moins, garder pour plus tard.;Déchets;VIOLET;Groupe_Violet;paresseux;27/04/2025;A04;2.453511;0;1.390385;
D04;Dans l'enceinte de l'école, je ramasse les déchets que je vois.;Déchets;VIOLET;Groupe_Violet;paresseux;27/04/2025;A02;0.00947;0;0.1;
D03;Je ne jette pas de déchet par terre.;Déchets;VIOLET;Groupe_Violet;paresseux;27/04/2025;A01;0.424875;0;4.486538;
B01;Je n'arrache pas les végétaux.;Biodiversité;VIOLET;Groupe_Violet;paresseux;27/04/2025;A10;0;0;0;
W05;"Je prends une douche plutôt qu""un bain.";Eau;VIOLET;Groupe_Violet;paresseux;27/04/2025;A08;0.140658;357;0;
C03;Je consomme des fruits et légumes de saison;Courses;VIOLET;Groupe_Violet;suricate;01/05/2025;A11;6.932;0;0;
B02;"Je n""embête pas les petites bêtes.";Biodiversité;VIOLET;Groupe_Violet;suricate;01/05/2025;A09;0;0;0;
D02;Éviter le gaspillage alimentaire : se servir moins, garder pour plus tard.;Déchets;VIOLET;Groupe_Violet;tortue;04/05/2025;A04;2.453511;0;1.390385;
D04;Dans l'enceinte de l'école, je ramasse les déchets que je vois.;Déchets;VIOLET;Groupe_Violet;tortue;04/05/2025;A02;0.00947;0;0.1;
D03;Je ne jette pas de déchet par terre.;Déchets;VIOLET;Groupe_Violet;tortue;04/05/2025;A01;0.424875;0;4.486538;
B01;Je n'arrache pas les végétaux.;Biodiversité;VIOLET;Groupe_Violet;tortue;04/05/2025;A10;0;0;0;
W05;"Je prends une douche plutôt qu""un bain.";Eau;VIOLET;Groupe_Violet;tortue;04/05/2025;A08;0.140658;357;0;
T03;Remplacer la voiture lors de courts trajets : vélo, trottinette, à pied, transports en commun.;Transport;VIOLET;Groupe_Violet;tortue;04/05/2025;A03;0.506;0;0;
E01;J'éteins la lumière quand je quitte une pièce;Electricité;VIOLET;Groupe_Violet;tortue;04/05/2025;A05;0.027408;0;0;
D02;Éviter le gaspillage alimentaire : se servir moins, garder pour plus tard.;Déchets;VIOLET;Groupe_Violet;paresseux;04/05/2025;A04;2.453511;0;1.390385;
D04;Dans l'enceinte de l'école, je ramasse les déchets que je vois.;Déchets;VIOLET;Groupe_Violet;paresseux;04/05/2025;A02;0.00947;0;0.1;
D03;Je ne jette pas de déchet par terre.;Déchets;VIOLET;Groupe_Violet;paresseux;04/05/2025;A01;0.424875;0;4.486538;
B01;Je n'arrache pas les végétaux.;Biodiversité;VIOLET;Groupe_Violet;paresseux;04/05/2025;A10;0;0;0;
W05;"Je prends une douche plutôt qu""un bain.";Eau;VIOLET;Groupe_Violet;paresseux;04/05/2025;A08;0.140658;357;0;
T03;Remplacer la voiture lors de courts trajets : vélo, trottinette, à pied, transports en commun.;Transport;VIOLET;Groupe_Violet;paresseux;04/05/2025;A03;0.506;0;0;
E01;J'éteins la lumière quand je quitte une pièce;Electricité;VIOLET;Groupe_Violet;paresseux;04/05/2025;A05;0.027408;0;0;
W03;"Ne pas gaspiller l""eau que l’on boit.";Eau;VIOLET;Groupe_Violet;poussin;18/05/2025;A13;0.004964;12.6;0;
E01;J'éteins la lumière quand je quitte une pièce;Electricité;VIOLET;Groupe_Violet;poussin;18/05/2025;A05;0.027408;0;0;
D02;Éviter le gaspillage alimentaire : se servir moins, garder pour plus tard.;Déchets;VIOLET;Groupe_Violet;tortue;19/05/2025;A04;2.453511;0;1.390385;
D04;Dans l'enceinte de l'école, je ramasse les déchets que je vois.;Déchets;VIOLET;Groupe_Violet;tortue;19/05/2025;A02;0.00947;0;0.1;
D03;Je ne jette pas de déchet par terre.;Déchets;VIOLET;Groupe_Violet;tortue;19/05/2025;A01;0.424875;0;4.486538;
B01;Je n'arrache pas les végétaux.;Biodiversité;VIOLET;Groupe_Violet;tortue;19/05/2025;A10;0;0;0;
W05;"Je prends une douche plutôt qu""un bain.";Eau;VIOLET;Groupe_Violet;tortue;19/05/2025;A08;0.140658;357;0;
T03;Remplacer la voiture lors de courts trajets : vélo, trottinette, à pied, transports en commun.;Transport;VIOLET;Groupe_Violet;tortue;19/05/2025;A03;0.506;0;0;
E01;J'éteins la lumière quand je quitte une pièce;Electricité;VIOLET;Groupe_Violet;tortue;19/05/2025;A05;0.027408;0;0;
C03;Je consomme des fruits et légumes de saison;Courses;VIOLET;Groupe_Violet;dragon;05/03/2025;A11;6.932;0;0;
D10;Réutiliser des bouteilles vides.;Déchets;VIOLET;Groupe_Violet;dragon;05/03/2025;A14;0.54243;0;0.21;
D03;Je ne jette pas de déchet par terre.;Déchets;VIOLET;Groupe_Violet;dragon;05/03/2025;A01;0.424875;0;4.486538;
B01;Je n'arrache pas les végétaux.;Biodiversité;VIOLET;Groupe_Violet;dragon;05/03/2025;A10;0;0;0;
W03;"Je ferme l""eau quand je me savonne.";Eau;VIOLET;Groupe_Violet;dragon;05/03/2025;A07;0.004964;12.6;0;
W03;"Ne pas gaspiller l""eau que l’on boit.";Eau;VIOLET;Groupe_Violet;dragon;05/03/2025;A13;0.004964;12.6;0;
E02;J’ouvre les volets/rideaux pour profiter de la lumière du jour.;Electricité;VIOLET;Groupe_Violet;dragon;05/03/2025;A06;0.027408;0;0;
D03;Je ne jette pas de déchet par terre.;Déchets;VIOLET;Groupe_Violet;suricate;27/02/2025;A01;0.424875;0;4.486538;
B01;Je n'arrache pas les végétaux.;Biodiversité;VIOLET;Groupe_Violet;suricate;27/02/2025;A10;0;0;0;
E02;J’ouvre les volets/rideaux pour profiter de la lumière du jour.;Electricité;VIOLET;Groupe_Violet;suricate;27/02/2025;A06;0.027408;0;0;
E01;J'éteins la lumière quand je quitte une pièce;Electricité;VIOLET;Groupe_Violet;suricate;27/02/2025;A05;0.027408;0;0;
C03;Je consomme des fruits et légumes de saison;Courses;VIOLET;Groupe_Violet;dragon;01/03/2025;A11;6.932;0;0;
D02;Éviter le gaspillage alimentaire : se servir moins, garder pour plus tard.;Déchets;VIOLET;Groupe_Violet;dragon;01/03/2025;A04;2.453511;0;1.390385;
D10;Réutiliser des bouteilles vides.;Déchets;VIOLET;Groupe_Violet;dragon;01/03/2025;A14;0.54243;0;0.21;
D04;Dans l'enceinte de l'école, je ramasse les déchets que je vois.;Déchets;VIOLET;Groupe_Violet;dragon;01/03/2025;A02;0.00947;0;0.1;
D10;Utiliser moins de plastique pour faire les courses (ou les réutiliser).;Déchets;VIOLET;Groupe_Violet;dragon;01/03/2025;A12;0.54243;0;0.21;
B01;Je n'arrache pas les végétaux.;Biodiversité;VIOLET;Groupe_Violet;dragon;01/03/2025;A10;0;0;0;
W03;"Je ferme l""eau quand je me savonne.";Eau;VIOLET;Groupe_Violet;dragon;01/03/2025;A07;0.004964;12.6;0;
W03;"Ne pas gaspiller l""eau que l’on boit.";Eau;VIOLET;Groupe_Violet;dragon;01/03/2025;A13;0.004964;12.6;0;
E02;J’ouvre les volets/rideaux pour profiter de la lumière du jour.;Electricité;VIOLET;Groupe_Violet;dragon;01/03/2025;A06;0.027408;0;0;
C03;Je consomme des fruits et légumes de saison;Courses;VIOLET;Groupe_Violet;paresseux;03/03/2025;A11;6.932;0;0;
D10;Réutiliser des bouteilles vides.;Déchets;VIOLET;Groupe_Violet;paresseux;03/03/2025;A14;0.54243;0;0.21;
D10;Utiliser moins de plastique pour faire les courses (ou les réutiliser).;Déchets;VIOLET;Groupe_Violet;paresseux;03/03/2025;A12;0.54243;0;0.21;
B02;"Je n""embête pas les petites bêtes.";Biodiversité;VIOLET;Groupe_Violet;paresseux;03/03/2025;A09;0;0;0;
W03;"Je ferme l""eau quand je me savonne.";Eau;VIOLET;Groupe_Violet;paresseux;03/03/2025;A07;0.004964;12.6;0;
W03;"Ne pas gaspiller l""eau que l’on boit.";Eau;VIOLET;Groupe_Violet;paresseux;03/03/2025;A13;0.004964;12.6;0;
E02;J’ouvre les volets/rideaux pour profiter de la lumière du jour.;Electricité;VIOLET;Groupe_Violet;paresseux;03/03/2025;A06;0.027408;0;0;
C03;Je consomme des fruits et légumes de saison;Courses;VIOLET;Groupe_Violet;licorne;04/03/2025;A11;6.932;0;0;
D10;Réutiliser des bouteilles vides.;Déchets;VIOLET;Groupe_Violet;licorne;04/03/2025;A14;0.54243;0;0.21;
D04;Dans l'enceinte de l'école, je ramasse les déchets que je vois.;Déchets;VIOLET;Groupe_Violet;licorne;04/03/2025;A02;0.00947;0;0.1;
T03;Remplacer la voiture lors de courts trajets : vélo, trottinette, à pied, transports en commun.;Transport;VIOLET;Groupe_Violet;licorne;04/03/2025;A03;0.506;0;0;
B02;"Je n""embête pas les petites bêtes.";Biodiversité;VIOLET;Groupe_Violet;licorne;04/03/2025;A09;0;0;0;
W05;"Je prends une douche plutôt qu""un bain.";Eau;VIOLET;Groupe_Violet;licorne;04/03/2025;A08;0.140658;357;0;
E01;J'éteins la lumière quand je quitte une pièce;Electricité;VIOLET;Groupe_Violet;licorne;04/03/2025;A05;0.027408;0;0;
C03;Je consomme des fruits et légumes de saison;Courses;VIOLET;Groupe_Violet;girafe;04/03/2025;A11;6.932;0;0;
D10;Utiliser moins de plastique pour faire les courses (ou les réutiliser).;Déchets;VIOLET;Groupe_Violet;girafe;04/03/2025;A12;0.54243;0;0.21;
D10;Réutiliser des bouteilles vides.;Déchets;VIOLET;Groupe_Violet;girafe;04/03/2025;A14;0.54243;0;0.21;
B02;"Je n""embête pas les petites bêtes.";Biodiversité;VIOLET;Groupe_Violet;girafe;04/03/2025;A09;0;0;0;
W03;"Ne pas gaspiller l""eau que l’on boit.";Eau;VIOLET;Groupe_Violet;girafe;04/03/2025;A13;0.004964;12.6;0;
E02;J’ouvre les volets/rideaux pour profiter de la lumière du jour.;Electricité;VIOLET;Groupe_Violet;girafe;04/03/2025;A06;0.027408;0;0;
D03;Je ne jette pas de déchet par terre.;Déchets;VIOLET;Groupe_Violet;suricate;08/03/2025;A01;0.424875;0;4.486538;
B02;"Je n""embête pas les petites bêtes.";Biodiversité;VIOLET;Groupe_Violet;suricate;08/03/2025;A09;0;0;0;
B01;Je n'arrache pas les végétaux.;Biodiversité;VIOLET;Groupe_Violet;suricate;08/03/2025;A10;0;0;0;
T03;Remplacer la voiture lors de courts trajets : vélo, trottinette, à pied, transports en commun.;Transport;VIOLET;Groupe_Violet;suricate;08/03/2025;A03;0.506;0;0;
W05;"Je prends une douche plutôt qu""un bain.";Eau;VIOLET;Groupe_Violet;licorne;08/03/2025;A08;0.140658;357;0;
W03;"Je ferme l""eau quand je me savonne.";Eau;VIOLET;Groupe_Violet;licorne;08/03/2025;A07;0.004964;12.6;0;
W03;"Ne pas gaspiller l""eau que l’on boit.";Eau;VIOLET;Groupe_Violet;licorne;08/03/2025;A13;0.004964;12.6;0;
C03;Je consomme des fruits et légumes de saison;Courses;VIOLET;Groupe_Violet;licorne;08/03/2025;A11;6.932;0;0;
D02;Éviter le gaspillage alimentaire : se servir moins, garder pour plus tard.;Déchets;VIOLET;Groupe_Violet;paresseux;09/03/2025;A04;2.453511;0;1.390385;
D10;Réutiliser des bouteilles vides.;Déchets;VIOLET;Groupe_Violet;paresseux;09/03/2025;A14;0.54243;0;0.21;
D10;Utiliser moins de plastique pour faire les courses (ou les réutiliser).;Déchets;VIOLET;Groupe_Violet;paresseux;09/03/2025;A12;0.54243;0;0.21;
D03;Je ne jette pas de déchet par terre.;Déchets;VIOLET;Groupe_Violet;paresseux;09/03/2025;A01;0.424875;0;4.486538;
B02;"Je n""embête pas les petites bêtes.";Biodiversité;VIOLET;Groupe_Violet;paresseux;09/03/2025;A09;0;0;0;
W03;"Je ferme l""eau quand je me savonne.";Eau;VIOLET;Groupe_Violet;paresseux;09/03/2025;A07;0.004964;12.6;0;
W05;"Je prends une douche plutôt qu""un bain.";Eau;VIOLET;Groupe_Violet;paresseux;09/03/2025;A08;0.140658;357;0;
W03;"Ne pas gaspiller l""eau que l’on boit.";Eau;VIOLET;Groupe_Violet;paresseux;09/03/2025;A13;0.004964;12.6;0;
T03;Remplacer la voiture lors de courts trajets : vélo, trottinette, à pied, transports en commun.;Transport;VIOLET;Groupe_Violet;paresseux;09/03/2025;A03;0.506;0;0;
E02;J’ouvre les volets/rideaux pour profiter de la lumière du jour.;Electricité;VIOLET;Groupe_Violet;paresseux;09/03/2025;A06;0.027408;0;0;
E01;J'éteins la lumière quand je quitte une pièce;Electricité;VIOLET;Groupe_Violet;paresseux;09/03/2025;A05;0.027408;0;0;
C03;Je consomme des fruits et légumes de saison;Courses;VIOLET;Groupe_Violet;paresseux;09/03/2025;A11;6.932;0;0;
D02;Éviter le gaspillage alimentaire : se servir moins, garder pour plus tard.;Déchets;VIOLET;Groupe_Violet;girafe;11/03/2025;A04;2.453511;0;1.390385;
D10;Réutiliser des bouteilles vides.;Déchets;VIOLET;Groupe_Violet;girafe;11/03/2025;A14;0.54243;0;0.21;
D03;Je ne jette pas de déchet par terre.;Déchets;VIOLET;Groupe_Violet;girafe;11/03/2025;A01;0.424875;0;4.486538;
D10;Utiliser moins de plastique pour faire les courses (ou les réutiliser).;Déchets;VIOLET;Groupe_Violet;girafe;11/03/2025;A12;0.54243;0;0.21;
B01;Je n'arrache pas les végétaux.;Biodiversité;VIOLET;Groupe_Violet;girafe;11/03/2025;A10;0;0;0;
W03;"Ne pas gaspiller l""eau que l’on boit.";Eau;VIOLET;Groupe_Violet;girafe;11/03/2025;A13;0.004964;12.6;0;
E02;J’ouvre les volets/rideaux pour profiter de la lumière du jour.;Electricité;VIOLET;Groupe_Violet;girafe;11/03/2025;A06;0.027408;0;0;
E01;J'éteins la lumière quand je quitte une pièce;Electricité;VIOLET;Groupe_Violet;girafe;11/03/2025;A05;0.027408;0;0;
D02;Éviter le gaspillage alimentaire : se servir moins, garder pour plus tard.;Déchets;VIOLET;Groupe_Violet;hamster;11/03/2025;A04;2.453511;0;1.390385;
D10;Réutiliser des bouteilles vides.;Déchets;VIOLET;Groupe_Violet;hamster;11/03/2025;A14;0.54243;0;0.21;
D03;Je ne jette pas de déchet par terre.;Déchets;VIOLET;Groupe_Violet;hamster;11/03/2025;A01;0.424875;0;4.486538;
B02;"Je n""embête pas les petites bêtes.";Biodiversité;VIOLET;Groupe_Violet;hamster;11/03/2025;A09;0;0;0;
B01;Je n'arrache pas les végétaux.;Biodiversité;VIOLET;Groupe_Violet;hamster;11/03/2025;A10;0;0;0;
W03;"Je ferme l""eau quand je me savonne.";Eau;VIOLET;Groupe_Violet;hamster;11/03/2025;A07;0.004964;12.6;0;
T03;Remplacer la voiture lors de courts trajets : vélo, trottinette, à pied, transports en commun.;Transport;VIOLET;Groupe_Violet;hamster;11/03/2025;A03;0.506;0;0;
E01;J'éteins la lumière quand je quitte une pièce;Electricité;VIOLET;Groupe_Violet;hamster;11/03/2025;A05;0.027408;0;0;
D03;Je ne jette pas de déchet par terre.;Déchets;VIOLET;Groupe_Violet;chaton;11/03/2025;A01;0.424875;0;4.486538;
D10;Utiliser moins de plastique pour faire les courses (ou les réutiliser).;Déchets;VIOLET;Groupe_Violet;chaton;11/03/2025;A12;0.54243;0;0.21;
B01;Je n'arrache pas les végétaux.;Biodiversité;VIOLET;Groupe_Violet;chaton;11/03/2025;A10;0;0;0;
W05;"Je prends une douche plutôt qu""un bain.";Eau;VIOLET;Groupe_Violet;chaton;11/03/2025;A08;0.140658;357;0;
E01;J'éteins la lumière quand je quitte une pièce;Electricité;VIOLET;Groupe_Violet;chaton;11/03/2025;A05;0.027408;0;0;
D02;Éviter le gaspillage alimentaire : se servir moins, garder pour plus tard.;Déchets;VIOLET;Groupe_Violet;dragon;12/03/2025;A04;2.453511;0;1.390385;
D04;Dans l'enceinte de l'école, je ramasse les déchets que je vois.;Déchets;VIOLET;Groupe_Violet;léopard;08/04/2025;A02;0.00947;0;0.1;
D02;Éviter le gaspillage alimentaire : se servir moins, garder pour plus tard.;Déchets;VIOLET;Groupe_Violet;léopard;08/04/2025;A04;2.453511;0;1.390385;
B02;"Je n""embête pas les petites bêtes.";Biodiversité;VIOLET;Groupe_Violet;léopard;08/04/2025;A09;0;0;0;
W05;"Je prends une douche plutôt qu""un bain.";Eau;VIOLET;Groupe_Violet;léopard;08/04/2025;A08;0.140658;357;0;
T03;Remplacer la voiture lors de courts trajets : vélo, trottinette, à pied, transports en commun.;Transport;VIOLET;Groupe_Violet;léopard;08/04/2025;A03;0.506;0;0;
E02;J’ouvre les volets/rideaux pour profiter de la lumière du jour.;Electricité;VIOLET;Groupe_Violet;léopard;08/04/2025;A06;0.027408;0;0;
D02;Éviter le gaspillage alimentaire : se servir moins, garder pour plus tard.;Déchets;VIOLET;Groupe_Violet;chat;08/04/2025;A04;2.453511;0;1.390385;
D10;Utiliser moins de plastique pour faire les courses (ou les réutiliser).;Déchets;VIOLET;Groupe_Violet;chat;08/04/2025;A12;0.54243;0;0.21;
B02;"Je n""embête pas les petites bêtes.";Biodiversité;VIOLET;Groupe_Violet;chat;08/04/2025;A09;0;0;0;
W03;"Je ferme l""eau quand je me savonne.";Eau;VIOLET;Groupe_Violet;chat;08/04/2025;A07;0.004964;12.6;0;
W03;"Ne pas gaspiller l""eau que l’on boit.";Eau;VIOLET;Groupe_Violet;chat;08/04/2025;A13;0.004964;12.6;0;
T03;Remplacer la voiture lors de courts trajets : vélo, trottinette, à pied, transports en commun.;Transport;VIOLET;Groupe_Violet;paresseux;27/04/2025;A03;0.506;0;0;
E01;J'éteins la lumière quand je quitte une pièce;Electricité;VIOLET;Groupe_Violet;paresseux;27/04/2025;A05;0.027408;0;0;
D02;Éviter le gaspillage alimentaire : se servir moins, garder pour plus tard.;Déchets;VIOLET;Groupe_Violet;dragon;28/04/2025;A04;2.453511;0;1.390385;
D04;Dans l'enceinte de l'école, je ramasse les déchets que je vois.;Déchets;VIOLET;Groupe_Violet;dragon;28/04/2025;A02;0.00947;0;0.1;
D03;Je ne jette pas de déchet par terre.;Déchets;VIOLET;Groupe_Violet;dragon;28/04/2025;A01;0.424875;0;4.486538;
B02;"Je n""embête pas les petites bêtes.";Biodiversité;VIOLET;Groupe_Violet;dragon;28/04/2025;A09;0;0;0;
W05;"Je prends une douche plutôt qu""un bain.";Eau;VIOLET;Groupe_Violet;dragon;28/04/2025;A08;0.140658;357;0;
T03;Remplacer la voiture lors de courts trajets : vélo, trottinette, à pied, transports en commun.;Transport;VIOLET;Groupe_Violet;dragon;28/04/2025;A03;0.506;0;0;
E01;J'éteins la lumière quand je quitte une pièce;Electricité;VIOLET;Groupe_Violet;dragon;28/04/2025;A05;0.027408;0;0;
D02;Éviter le gaspillage alimentaire : se servir moins, garder pour plus tard.;Déchets;VIOLET;Groupe_Violet;chat;15/05/2025;A04;2.453511;0;1.390385;
D04;Dans l'enceinte de l'école, je ramasse les déchets que je vois.;Déchets;VIOLET;Groupe_Violet;chat;15/05/2025;A02;0.00947;0;0.1;
D03;Je ne jette pas de déchet par terre.;Déchets;VIOLET;Groupe_Violet;chat;15/05/2025;A01;0.424875;0;4.486538;
B01;Je n'arrache pas les végétaux.;Biodiversité;VIOLET;Groupe_Violet;chat;15/05/2025;A10;0;0;0;
W03;"Ne pas gaspiller l""eau que l’on boit.";Eau;VIOLET;Groupe_Violet;chat;15/05/2025;A13;0.004964;12.6;0;
E02;J’ouvre les volets/rideaux pour profiter de la lumière du jour.;Electricité;VIOLET;Groupe_Violet;chat;15/05/2025;A06;0.027408;0;0;
E01;J'éteins la lumière quand je quitte une pièce;Electricité;VIOLET;Groupe_Violet;chat;15/05/2025;A05;0.027408;0;0;
B01;Je n'arrache pas les végétaux.;Biodiversité;VIOLET;Groupe_Violet;suricate;17/05/2025;A10;0;0;0;
C03;Je consomme des fruits et légumes de saison;Courses;VIOLET;Groupe_Violet;suricate;17/05/2025;A11;6.932;0;0;
W03;"Je ferme l""eau quand je me savonne.";Eau;VIOLET;Groupe_Violet;perroquet;17/05/2025;A07;0.004964;12.6;0;
W03;"Ne pas gaspiller l""eau que l’on boit.";Eau;VIOLET;Groupe_Violet;perroquet;17/05/2025;A13;0.004964;12.6;0;
D02;Éviter le gaspillage alimentaire : se servir moins, garder pour plus tard.;Déchets;VIOLET;Groupe_Violet;perroquet;17/05/2025;A04;2.453511;0;1.390385;
D04;Dans l'enceinte de l'école, je ramasse les déchets que je vois.;Déchets;VIOLET;Groupe_Violet;perroquet;17/05/2025;A02;0.00947;0;0.1;
D10;Utiliser moins de plastique pour faire les courses (ou les réutiliser).;Déchets;VIOLET;Groupe_Violet;perroquet;17/05/2025;A12;0.54243;0;0.21;
E01;J'éteins la lumière quand je quitte une pièce;Electricité;VIOLET;Groupe_Violet;perroquet;17/05/2025;A05;0.027408;0;0;
B01;Je n'arrache pas les végétaux.;Biodiversité;VIOLET;Groupe_Violet;perroquet;17/05/2025;A10;0;0;0;
C03;Je consomme des fruits et légumes de saison;Courses;VIOLET;Groupe_Violet;dragon;18/05/2025;A11;6.932;0;0;
D10;Réutiliser des bouteilles vides.;Déchets;VIOLET;Groupe_Violet;dragon;18/05/2025;A14;0.54243;0;0.21;
D10;Utiliser moins de plastique pour faire les courses (ou les réutiliser).;Déchets;VIOLET;Groupe_Violet;dragon;18/05/2025;A12;0.54243;0;0.21;
B02;"Je n""embête pas les petites bêtes.";Biodiversité;VIOLET;Groupe_Violet;dragon;18/05/2025;A09;0;0;0;
E02;J’ouvre les volets/rideaux pour profiter de la lumière du jour.;Electricité;VIOLET;Groupe_Violet;dragon;18/05/2025;A06;0.027408;0;0;
W03;"Je ferme l""eau quand je me savonne.";Eau;VIOLET;Groupe_Violet;dragon;18/05/2025;A07;0.004964;12.6;0;
W03;"Ne pas gaspiller l""eau que l’on boit.";Eau;VIOLET;Groupe_Violet;dragon;18/05/2025;A13;0.004964;12.6;0;
D02;Éviter le gaspillage alimentaire : se servir moins, garder pour plus tard.;Déchets;VIOLET;Groupe_Violet;paresseux;18/05/2025;A04;2.453511;0;1.390385;
D04;Dans l'enceinte de l'école, je ramasse les déchets que je vois.;Déchets;VIOLET;Groupe_Violet;paresseux;18/05/2025;A02;0.00947;0;0.1;
D03;Je ne jette pas de déchet par terre.;Déchets;VIOLET;Groupe_Violet;paresseux;18/05/2025;A01;0.424875;0;4.486538;
B01;Je n'arrache pas les végétaux.;Biodiversité;VIOLET;Groupe_Violet;paresseux;18/05/2025;A10;0;0;0;
W05;"Je prends une douche plutôt qu""un bain.";Eau;VIOLET;Groupe_Violet;paresseux;18/05/2025;A08;0.140658;357;0;
T03;Remplacer la voiture lors de courts trajets : vélo, trottinette, à pied, transports en commun.;Transport;VIOLET;Groupe_Violet;paresseux;18/05/2025;A03;0.506;0;0;
E02;J’ouvre les volets/rideaux pour profiter de la lumière du jour.;Electricité;VIOLET;Groupe_Violet;paresseux;18/05/2025;A06;0.027408;0;0;
C03;Je consomme des fruits et légumes de saison;Courses;VIOLET;Groupe_Violet;poussin;18/05/2025;A11;6.932;0;0;
D10;Réutiliser des bouteilles vides.;Déchets;VIOLET;Groupe_Violet;poussin;18/05/2025;A14;0.54243;0;0.21;
D10;Utiliser moins de plastique pour faire les courses (ou les réutiliser).;Déchets;VIOLET;Groupe_Violet;poussin;18/05/2025;A12;0.54243;0;0.21;
W03;"Je ferme l""eau quand je me savonne.";Eau;VIOLET;Groupe_Violet;poussin;18/05/2025;A07;0.004964;12.6;0;
W05;"Je prends une douche plutôt qu""un bain.";Eau;VIOLET;Groupe_Violet;poussin;18/05/2025;A08;0.140658;357;0;
E02;J’ouvre les volets/rideaux pour profiter de la lumière du jour.;Electricité;VIOLET;Groupe_Violet;poussin;18/05/2025;A06;0.027408;0;0;
C03;Je consomme des fruits et légumes de saison;Courses;VIOLET;Groupe_Violet;tortue;19/05/2025;A11;6.932;0;0;
D10;Réutiliser des bouteilles vides.;Déchets;VIOLET;Groupe_Violet;tortue;19/05/2025;A14;0.54243;0;0.21;
D10;Utiliser moins de plastique pour faire les courses (ou les réutiliser).;Déchets;VIOLET;Groupe_Violet;tortue;19/05/2025;A12;0.54243;0;0.21;
B02;"Je n""embête pas les petites bêtes.";Biodiversité;VIOLET;Groupe_Violet;tortue;19/05/2025;A09;0;0;0;
W03;"Je ferme l""eau quand je me savonne.";Eau;VIOLET;Groupe_Violet;tortue;19/05/2025;A07;0.004964;12.6;0;
W03;"Ne pas gaspiller l""eau que l’on boit.";Eau;VIOLET;Groupe_Violet;tortue;19/05/2025;A13;0.004964;12.6;0;
E02;J’ouvre les volets/rideaux pour profiter de la lumière du jour.;Electricité;VIOLET;Groupe_Violet;tortue;19/05/2025;A06;0.027408;0;0;
D02;Éviter le gaspillage alimentaire : se servir moins, garder pour plus tard.;Déchets;VIOLET;Groupe_Violet;chat;22/05/2025;A04;2.453511;0;1.390385;
D10;Réutiliser des bouteilles vides.;Déchets;VIOLET;Groupe_Violet;chat;22/05/2025;A14;0.54243;0;0.21;
D10;Utiliser moins de plastique pour faire les courses (ou les réutiliser).;Déchets;VIOLET;Groupe_Violet;chat;22/05/2025;A12;0.54243;0;0.21;
D03;Je ne jette pas de déchet par terre.;Déchets;VIOLET;Groupe_Violet;chat;22/05/2025;A01;0.424875;0;4.486538;
B02;"Je n""embête pas les petites bêtes.";Biodiversité;VIOLET;Groupe_Violet;chat;22/05/2025;A09;0;0;0;
B01;Je n'arrache pas les végétaux.;Biodiversité;VIOLET;Groupe_Violet;chat;22/05/2025;A10;0;0;0;
W03;"Je ferme l""eau quand je me savonne.";Eau;VIOLET;Groupe_Violet;chat;22/05/2025;A07;0.004964;12.6;0;
C03;Je consomme des fruits et légumes de saison;Courses;VIOLET;Groupe_Violet;écureuil;24/05/2025;A11;6.932;0;0;
D02;Éviter le gaspillage alimentaire : se servir moins, garder pour plus tard.;Déchets;VIOLET;Groupe_Violet;écureuil;24/05/2025;A04;2.453511;0;1.390385;
D10;Réutiliser des bouteilles vides.;Déchets;VIOLET;Groupe_Violet;écureuil;24/05/2025;A14;0.54243;0;0.21;
D10;Utiliser moins de plastique pour faire les courses (ou les réutiliser).;Déchets;VIOLET;Groupe_Violet;écureuil;24/05/2025;A12;0.54243;0;0.21;
D03;Je ne jette pas de déchet par terre.;Déchets;VIOLET;Groupe_Violet;écureuil;24/05/2025;A01;0.424875;0;4.486538;
B02;"Je n""embête pas les petites bêtes.";Biodiversité;VIOLET;Groupe_Violet;écureuil;24/05/2025;A09;0;0;0;
B01;Je n'arrache pas les végétaux.;Biodiversité;VIOLET;Groupe_Violet;écureuil;24/05/2025;A10;0;0;0;
W03;"Je ferme l""eau quand je me savonne.";Eau;VIOLET;Groupe_Violet;écureuil;24/05/2025;A07;0.004964;12.6;0;
W05;"Je prends une douche plutôt qu""un bain.";Eau;VIOLET;Groupe_Violet;écureuil;24/05/2025;A08;0.140658;357;0;
W03;"Ne pas gaspiller l""eau que l’on boit.";Eau;VIOLET;Groupe_Violet;écureuil;24/05/2025;A13;0.004964;12.6;0;
E02;J’ouvre les volets/rideaux pour profiter de la lumière du jour.;Electricité;VIOLET;Groupe_Violet;écureuil;24/05/2025;A06;0.027408;0;0;
E01;J'éteins la lumière quand je quitte une pièce;Electricité;VIOLET;Groupe_Violet;écureuil;24/05/2025;A05;0.027408;0;0;
C03;Je consomme des fruits et légumes de saison;Courses;VIOLET;Groupe_Violet;dragon;24/05/2025;A11;6.932;0;0;
D02;Éviter le gaspillage alimentaire : se servir moins, garder pour plus tard.;Déchets;VIOLET;Groupe_Violet;dragon;24/05/2025;A04;2.453511;0;1.390385;
D10;Réutiliser des bouteilles vides.;Déchets;VIOLET;Groupe_Violet;dragon;24/05/2025;A14;0.54243;0;0.21;
D04;Dans l'enceinte de l'école, je ramasse les déchets que je vois.;Déchets;VIOLET;Groupe_Violet;dragon;24/05/2025;A02;0.00947;0;0.1;
D10;Utiliser moins de plastique pour faire les courses (ou les réutiliser).;Déchets;VIOLET;Groupe_Violet;dragon;24/05/2025;A12;0.54243;0;0.21;
D03;Je ne jette pas de déchet par terre.;Déchets;VIOLET;Groupe_Violet;dragon;24/05/2025;A01;0.424875;0;4.486538;
B01;Je n'arrache pas les végétaux.;Biodiversité;VIOLET;Groupe_Violet;dragon;24/05/2025;A10;0;0;0;
W03;"Je ferme l""eau quand je me savonne.";Eau;VIOLET;Groupe_Violet;dragon;24/05/2025;A07;0.004964;12.6;0;
W05;"Je prends une douche plutôt qu""un bain.";Eau;VIOLET;Groupe_Violet;dragon;24/05/2025;A08;0.140658;357;0;
W03;"Ne pas gaspiller l""eau que l’on boit.";Eau;VIOLET;Groupe_Violet;dragon;24/05/2025;A13;0.004964;12.6;0;
T03;Remplacer la voiture lors de courts trajets : vélo, trottinette, à pied, transports en commun.;Transport;VIOLET;Groupe_Violet;dragon;24/05/2025;A03;0.506;0;0;
E02;J’ouvre les volets/rideaux pour profiter de la lumière du jour.;Electricité;VIOLET;Groupe_Violet;dragon;24/05/2025;A06;0.027408;0;0;
C03;Je consomme des fruits et légumes de saison;Courses;VIOLET;Groupe_Violet;suricate;24/05/2025;A11;6.932;0;0;
D03;Je ne jette pas de déchet par terre.;Déchets;VIOLET;Groupe_Violet;suricate;24/05/2025;A01;0.424875;0;4.486538;
B02;"Je n""embête pas les petites bêtes.";Biodiversité;VIOLET;Groupe_Violet;suricate;24/05/2025;A09;0;0;0;
B01;Je n'arrache pas les végétaux.;Biodiversité;VIOLET;Groupe_Violet;suricate;24/05/2025;A10;0;0;0;
W05;"Je prends une douche plutôt qu""un bain.";Eau;VIOLET;Groupe_Violet;hamster;11/03/2025;A08;0.140658;357;0;
W03;"Ne pas gaspiller l""eau que l’on boit.";Eau;VIOLET;Groupe_Violet;hamster;11/03/2025;A13;0.004964;12.6;0;
E02;J’ouvre les volets/rideaux pour profiter de la lumière du jour.;Electricité;VIOLET;Groupe_Violet;hamster;11/03/2025;A06;0.027408;0;0;
D10;Réutiliser des bouteilles vides.;Déchets;VIOLET;Groupe_Violet;chaton;11/03/2025;A14;0.54243;0;0.21;
D04;Dans l'enceinte de l'école, je ramasse les déchets que je vois.;Déchets;VIOLET;Groupe_Violet;chaton;11/03/2025;A02;0.00947;0;0.1;
B02;"Je n""embête pas les petites bêtes.";Biodiversité;VIOLET;Groupe_Violet;chaton;11/03/2025;A09;0;0;0;
W03;"Je ferme l""eau quand je me savonne.";Eau;VIOLET;Groupe_Violet;chaton;11/03/2025;A07;0.004964;12.6;0;
E02;J’ouvre les volets/rideaux pour profiter de la lumière du jour.;Electricité;VIOLET;Groupe_Violet;chaton;11/03/2025;A06;0.027408;0;0;
T03;Remplacer la voiture lors de courts trajets : vélo, trottinette, à pied, transports en commun.;Transport;VIOLET;Groupe_Violet;chat;08/04/2025;A03;0.506;0;0;
E01;J'éteins la lumière quand je quitte une pièce;Electricité;VIOLET;Groupe_Violet;chat;08/04/2025;A05;0.027408;0;0;
D02;Éviter le gaspillage alimentaire : se servir moins, garder pour plus tard.;Déchets;VIOLET;Groupe_Violet;hamster;08/04/2025;A04;2.453511;0;1.390385;
D03;Je ne jette pas de déchet par terre.;Déchets;VIOLET;Groupe_Violet;hamster;08/04/2025;A01;0.424875;0;4.486538;
D04;Dans l'enceinte de l'école, je ramasse les déchets que je vois.;Déchets;VIOLET;Groupe_Violet;hamster;08/04/2025;A02;0.00947;0;0.1;
B01;Je n'arrache pas les végétaux.;Biodiversité;VIOLET;Groupe_Violet;hamster;08/04/2025;A10;0;0;0;
W05;"Je prends une douche plutôt qu""un bain.";Eau;VIOLET;Groupe_Violet;hamster;08/04/2025;A08;0.140658;357;0;
T03;Remplacer la voiture lors de courts trajets : vélo, trottinette, à pied, transports en commun.;Transport;VIOLET;Groupe_Violet;hamster;08/04/2025;A03;0.506;0;0;
E01;J'éteins la lumière quand je quitte une pièce;Electricité;VIOLET;Groupe_Violet;hamster;08/04/2025;A05;0.027408;0;0;
D02;Éviter le gaspillage alimentaire : se servir moins, garder pour plus tard.;Déchets;VIOLET;Groupe_Violet;paresseux;13/04/2025;A04;2.453511;0;1.390385;
D04;Dans l'enceinte de l'école, je ramasse les déchets que je vois.;Déchets;VIOLET;Groupe_Violet;paresseux;13/04/2025;A02;0.00947;0;0.1;
D03;Je ne jette pas de déchet par terre.;Déchets;VIOLET;Groupe_Violet;paresseux;13/04/2025;A01;0.424875;0;4.486538;
B01;Je n'arrache pas les végétaux.;Biodiversité;VIOLET;Groupe_Violet;paresseux;13/04/2025;A10;0;0;0;
W05;"Je prends une douche plutôt qu""un bain.";Eau;VIOLET;Groupe_Violet;paresseux;13/04/2025;A08;0.140658;357;0;
T03;Remplacer la voiture lors de courts trajets : vélo, trottinette, à pied, transports en commun.;Transport;VIOLET;Groupe_Violet;paresseux;13/04/2025;A03;0.506;0;0;
E01;J'éteins la lumière quand je quitte une pièce;Electricité;VIOLET;Groupe_Violet;paresseux;13/04/2025;A05;0.027408;0;0;
D02;Éviter le gaspillage alimentaire : se servir moins, garder pour plus tard.;Déchets;VIOLET;Groupe_Violet;dragon;13/04/2025;A04;2.453511;0;1.390385;
D04;Dans l'enceinte de l'école, je ramasse les déchets que je vois.;Déchets;VIOLET;Groupe_Violet;dragon;13/04/2025;A02;0.00947;0;0.1;
D03;Je ne jette pas de déchet par terre.;Déchets;VIOLET;Groupe_Violet;dragon;13/04/2025;A01;0.424875;0;4.486538;
B02;"Je n""embête pas les petites bêtes.";Biodiversité;VIOLET;Groupe_Violet;dragon;13/04/2025;A09;0;0;0;
W05;"Je prends une douche plutôt qu""un bain.";Eau;VIOLET;Groupe_Violet;dragon;13/04/2025;A08;0.140658;357;0;
E02;J’ouvre les volets/rideaux pour profiter de la lumière du jour.;Electricité;VIOLET;Groupe_Violet;dragon;13/04/2025;A06;0.027408;0;0;
W03;"Ne pas gaspiller l""eau que l’on boit.";Eau;VIOLET;Groupe_Violet;dragon;13/04/2025;A13;0.004964;12.6;0;
E01;J'éteins la lumière quand je quitte une pièce;Electricité;VIOLET;Groupe_Violet;dragon;13/04/2025;A05;0.027408;0;0;
D02;Éviter le gaspillage alimentaire : se servir moins, garder pour plus tard.;Déchets;VIOLET;Groupe_Violet;écureuil;13/04/2025;A04;2.453511;0;1.390385;
D03;Je ne jette pas de déchet par terre.;Déchets;VIOLET;Groupe_Violet;écureuil;13/04/2025;A01;0.424875;0;4.486538;
W03;"Je ferme l""eau quand je me savonne.";Eau;VIOLET;Groupe_Violet;écureuil;13/04/2025;A07;0.004964;12.6;0;
W03;"Ne pas gaspiller l""eau que l’on boit.";Eau;VIOLET;Groupe_Violet;écureuil;13/04/2025;A13;0.004964;12.6;0;
E02;J’ouvre les volets/rideaux pour profiter de la lumière du jour.;Electricité;VIOLET;Groupe_Violet;écureuil;13/04/2025;A06;0.027408;0;0;
B01;Je n'arrache pas les végétaux.;Biodiversité;VIOLET;Groupe_Violet;suricate;13/04/2025;A10;0;0;0;
D03;Je ne jette pas de déchet par terre.;Déchets;VIOLET;Groupe_Violet;suricate;13/04/2025;A01;0.424875;0;4.486538;
C03;Je consomme des fruits et légumes de saison;Courses;VIOLET;Groupe_Violet;tortue;13/04/2025;A11;6.932;0;0;
D10;Réutiliser des bouteilles vides.;Déchets;VIOLET;Groupe_Violet;tortue;13/04/2025;A14;0.54243;0;0.21;
D10;Utiliser moins de plastique pour faire les courses (ou les réutiliser).;Déchets;VIOLET;Groupe_Violet;tortue;13/04/2025;A12;0.54243;0;0.21;
B02;"Je n""embête pas les petites bêtes.";Biodiversité;VIOLET;Groupe_Violet;tortue;13/04/2025;A09;0;0;0;
W03;"Je ferme l""eau quand je me savonne.";Eau;VIOLET;Groupe_Violet;tortue;13/04/2025;A07;0.004964;12.6;0;
W03;"Ne pas gaspiller l""eau que l’on boit.";Eau;VIOLET;Groupe_Violet;tortue;13/04/2025;A13;0.004964;12.6;0;
E02;J’ouvre les volets/rideaux pour profiter de la lumière du jour.;Electricité;VIOLET;Groupe_Violet;tortue;13/04/2025;A06;0.027408;0;0;
D02;Éviter le gaspillage alimentaire : se servir moins, garder pour plus tard.;Déchets;VIOLET;Groupe_Violet;girafe;15/04/2025;A04;2.453511;0;1.390385;
D03;Je ne jette pas de déchet par terre.;Déchets;VIOLET;Groupe_Violet;girafe;15/04/2025;A01;0.424875;0;4.486538;
B02;"Je n""embête pas les petites bêtes.";Biodiversité;VIOLET;Groupe_Violet;girafe;15/04/2025;A09;0;0;0;
W05;"Je prends une douche plutôt qu""un bain.";Eau;VIOLET;Groupe_Violet;girafe;15/04/2025;A08;0.140658;357;0;
W03;"Ne pas gaspiller l""eau que l’on boit.";Eau;VIOLET;Groupe_Violet;girafe;15/04/2025;A13;0.004964;12.6;0;
E02;J’ouvre les volets/rideaux pour profiter de la lumière du jour.;Electricité;VIOLET;Groupe_Violet;girafe;15/04/2025;A06;0.027408;0;0;
D02;Éviter le gaspillage alimentaire : se servir moins, garder pour plus tard.;Déchets;VIOLET;Groupe_Violet;poussin;15/04/2025;A04;2.453511;0;1.390385;
D04;Dans l'enceinte de l'école, je ramasse les déchets que je vois.;Déchets;VIOLET;Groupe_Violet;poussin;15/04/2025;A02;0.00947;0;0.1;
D03;Je ne jette pas de déchet par terre.;Déchets;VIOLET;Groupe_Violet;poussin;15/04/2025;A01;0.424875;0;4.486538;
B01;Je n'arrache pas les végétaux.;Biodiversité;VIOLET;Groupe_Violet;poussin;15/04/2025;A10;0;0;0;
W05;"Je prends une douche plutôt qu""un bain.";Eau;VIOLET;Groupe_Violet;poussin;15/04/2025;A08;0.140658;357;0;
E02;J’ouvre les volets/rideaux pour profiter de la lumière du jour.;Electricité;VIOLET;Groupe_Violet;poussin;15/04/2025;A06;0.027408;0;0;
C03;Je consomme des fruits et légumes de saison;Courses;VIOLET;Groupe_Violet;baleine;15/04/2025;A11;6.932;0;0;
D02;Éviter le gaspillage alimentaire : se servir moins, garder pour plus tard.;Déchets;VIOLET;Groupe_Violet;baleine;15/04/2025;A04;2.453511;0;1.390385;
B02;"Je n""embête pas les petites bêtes.";Biodiversité;VIOLET;Groupe_Violet;baleine;15/04/2025;A09;0;0;0;
T03;Remplacer la voiture lors de courts trajets : vélo, trottinette, à pied, transports en commun.;Transport;VIOLET;Groupe_Violet;baleine;15/04/2025;A03;0.506;0;0;
E02;J’ouvre les volets/rideaux pour profiter de la lumière du jour.;Electricité;VIOLET;Groupe_Violet;baleine;15/04/2025;A06;0.027408;0;0;
D02;Éviter le gaspillage alimentaire : se servir moins, garder pour plus tard.;Déchets;VIOLET;Groupe_Violet;jaguar;17/04/2025;A04;2.453511;0;1.390385;
D04;Dans l'enceinte de l'école, je ramasse les déchets que je vois.;Déchets;VIOLET;Groupe_Violet;jaguar;17/04/2025;A02;0.00947;0;0.1;
D03;Je ne jette pas de déchet par terre.;Déchets;VIOLET;Groupe_Violet;jaguar;17/04/2025;A01;0.424875;0;4.486538;
W03;"Je ferme l""eau quand je me savonne.";Eau;VIOLET;Groupe_Violet;jaguar;17/04/2025;A07;0.004964;12.6;0;
E02;J’ouvre les volets/rideaux pour profiter de la lumière du jour.;Electricité;VIOLET;Groupe_Violet;jaguar;17/04/2025;A06;0.027408;0;0;
C03;Je consomme des fruits et légumes de saison;Courses;VIOLET;Groupe_Violet;jaguar;04/05/2025;A11;6.932;0;0;
D10;Réutiliser des bouteilles vides.;Déchets;VIOLET;Groupe_Violet;jaguar;04/05/2025;A14;0.54243;0;0.21;
D04;Dans l'enceinte de l'école, je ramasse les déchets que je vois.;Déchets;VIOLET;Groupe_Violet;jaguar;04/05/2025;A02;0.00947;0;0.1;
B01;Je n'arrache pas les végétaux.;Biodiversité;VIOLET;Groupe_Violet;jaguar;04/05/2025;A10;0;0;0;
W03;"Ne pas gaspiller l""eau que l’on boit.";Eau;VIOLET;Groupe_Violet;jaguar;04/05/2025;A13;0.004964;12.6;0;
D02;Éviter le gaspillage alimentaire : se servir moins, garder pour plus tard.;Déchets;VIOLET;Groupe_Violet;jaguar;04/05/2025;A04;2.453511;0;1.390385;
D10;Réutiliser des bouteilles vides.;Déchets;VIOLET;Groupe_Violet;chat;05/05/2025;A14;0.54243;0;0.21;
D10;Utiliser moins de plastique pour faire les courses (ou les réutiliser).;Déchets;VIOLET;Groupe_Violet;chat;05/05/2025;A12;0.54243;0;0.21;
B02;"Je n""embête pas les petites bêtes.";Biodiversité;VIOLET;Groupe_Violet;chat;05/05/2025;A09;0;0;0;
T03;Remplacer la voiture lors de courts trajets : vélo, trottinette, à pied, transports en commun.;Transport;VIOLET;Groupe_Violet;chat;05/05/2025;A03;0.506;0;0;
C03;Je consomme des fruits et légumes de saison;Courses;VIOLET;Groupe_Violet;dragon;12/03/2025;A11;6.932;0;0;
D10;Réutiliser des bouteilles vides.;Déchets;VIOLET;Groupe_Violet;dragon;12/03/2025;A14;0.54243;0;0.21;
D10;Utiliser moins de plastique pour faire les courses (ou les réutiliser).;Déchets;VIOLET;Groupe_Violet;dragon;12/03/2025;A12;0.54243;0;0.21;
E01;J'éteins la lumière quand je quitte une pièce;Electricité;VIOLET;Groupe_Violet;chat;05/05/2025;A05;0.027408;0;0;
D02;Éviter le gaspillage alimentaire : se servir moins, garder pour plus tard.;Déchets;VIOLET;Groupe_Violet;girafe;06/05/2025;A04;2.453511;0;1.390385;
B01;Je n'arrache pas les végétaux.;Biodiversité;VIOLET;Groupe_Violet;girafe;06/05/2025;A10;0;0;0;
W03;"Ne pas gaspiller l""eau que l’on boit.";Eau;VIOLET;Groupe_Violet;girafe;06/05/2025;A13;0.004964;12.6;0;
E01;J'éteins la lumière quand je quitte une pièce;Electricité;VIOLET;Groupe_Violet;girafe;06/05/2025;A05;0.027408;0;0;
D03;Je ne jette pas de déchet par terre.;Déchets;VIOLET;Groupe_Violet;poussin;06/05/2025;A01;0.424875;0;4.486538;
B02;"Je n""embête pas les petites bêtes.";Biodiversité;VIOLET;Groupe_Violet;poussin;06/05/2025;A09;0;0;0;
W05;"Je prends une douche plutôt qu""un bain.";Eau;VIOLET;Groupe_Violet;poussin;06/05/2025;A08;0.140658;357;0;
E01;J'éteins la lumière quand je quitte une pièce;Electricité;VIOLET;Groupe_Violet;poussin;06/05/2025;A05;0.027408;0;0;
B02;"Je n""embête pas les petites bêtes.";Biodiversité;VIOLET;Groupe_Violet;suricate;10/05/2025;A09;0;0;0;
W05;"Je prends une douche plutôt qu""un bain.";Eau;VIOLET;Groupe_Violet;suricate;10/05/2025;A08;0.140658;357;0;
D03;Je ne jette pas de déchet par terre.;Déchets;VIOLET;Groupe_Violet;dragon;12/03/2025;A01;0.424875;0;4.486538;
B01;Je n'arrache pas les végétaux.;Biodiversité;VIOLET;Groupe_Violet;dragon;12/03/2025;A10;0;0;0;
B02;"Je n""embête pas les petites bêtes.";Biodiversité;VIOLET;Groupe_Violet;dragon;12/03/2025;A09;0;0;0;
W03;"Je ferme l""eau quand je me savonne.";Eau;VIOLET;Groupe_Violet;dragon;12/03/2025;A07;0.004964;12.6;0;
W03;"Ne pas gaspiller l""eau que l’on boit.";Eau;VIOLET;Groupe_Violet;dragon;12/03/2025;A13;0.004964;12.6;0;
T03;Remplacer la voiture lors de courts trajets : vélo, trottinette, à pied, transports en commun.;Transport;VIOLET;Groupe_Violet;dragon;12/03/2025;A03;0.506;0;0;
E02;J’ouvre les volets/rideaux pour profiter de la lumière du jour.;Electricité;VIOLET;Groupe_Violet;dragon;12/03/2025;A06;0.027408;0;0;
E01;J'éteins la lumière quand je quitte une pièce;Electricité;VIOLET;Groupe_Violet;dragon;12/03/2025;A05;0.027408;0;0;
C03;Je consomme des fruits et légumes de saison;Courses;VIOLET;Groupe_Violet;chat;14/03/2025;A11;6.932;0;0;
D02;Éviter le gaspillage alimentaire : se servir moins, garder pour plus tard.;Déchets;VIOLET;Groupe_Violet;chat;14/03/2025;A04;2.453511;0;1.390385;
D04;Dans l'enceinte de l'école, je ramasse les déchets que je vois.;Déchets;VIOLET;Groupe_Violet;chat;14/03/2025;A02;0.00947;0;0.1;
D10;Utiliser moins de plastique pour faire les courses (ou les réutiliser).;Déchets;VIOLET;Groupe_Violet;chat;14/03/2025;A12;0.54243;0;0.21;
D03;Je ne jette pas de déchet par terre.;Déchets;VIOLET;Groupe_Violet;chat;14/03/2025;A01;0.424875;0;4.486538;
B02;"Je n""embête pas les petites bêtes.";Biodiversité;VIOLET;Groupe_Violet;chat;14/03/2025;A09;0;0;0;
B01;Je n'arrache pas les végétaux.;Biodiversité;VIOLET;Groupe_Violet;chat;14/03/2025;A10;0;0;0;
W03;"Je ferme l""eau quand je me savonne.";Eau;VIOLET;Groupe_Violet;chat;14/03/2025;A07;0.004964;12.6;0;
W05;"Je prends une douche plutôt qu""un bain.";Eau;VIOLET;Groupe_Violet;chat;14/03/2025;A08;0.140658;357;0;
W03;"Ne pas gaspiller l""eau que l’on boit.";Eau;VIOLET;Groupe_Violet;chat;14/03/2025;A13;0.004964;12.6;0;
T03;Remplacer la voiture lors de courts trajets : vélo, trottinette, à pied, transports en commun.;Transport;VIOLET;Groupe_Violet;chat;14/03/2025;A03;0.506;0;0;
E02;J’ouvre les volets/rideaux pour profiter de la lumière du jour.;Electricité;VIOLET;Groupe_Violet;chat;14/03/2025;A06;0.027408;0;0;
E01;J'éteins la lumière quand je quitte une pièce;Electricité;VIOLET;Groupe_Violet;chat;14/03/2025;A05;0.027408;0;0;
C03;Je consomme des fruits et légumes de saison;Courses;VIOLET;Groupe_Violet;perroquet;15/03/2025;A11;6.932;0;0;
B02;"Je n""embête pas les petites bêtes.";Biodiversité;VIOLET;Groupe_Violet;perroquet;15/03/2025;A09;0;0;0;
B01;Je n'arrache pas les végétaux.;Biodiversité;VIOLET;Groupe_Violet;perroquet;15/03/2025;A10;0;0;0;
D10;Réutiliser des bouteilles vides.;Déchets;VIOLET;Groupe_Violet;perroquet;15/03/2025;A14;0.54243;0;0.21;
D04;Dans l'enceinte de l'école, je ramasse les déchets que je vois.;Déchets;VIOLET;Groupe_Violet;perroquet;15/03/2025;A02;0.00947;0;0.1;
D10;Utiliser moins de plastique pour faire les courses (ou les réutiliser).;Déchets;VIOLET;Groupe_Violet;perroquet;15/03/2025;A12;0.54243;0;0.21;
D03;Je ne jette pas de déchet par terre.;Déchets;VIOLET;Groupe_Violet;perroquet;15/03/2025;A01;0.424875;0;4.486538;
D02;Éviter le gaspillage alimentaire : se servir moins, garder pour plus tard.;Déchets;VIOLET;Groupe_Violet;perroquet;15/03/2025;A04;2.453511;0;1.390385;
W03;"Je ferme l""eau quand je me savonne.";Eau;VIOLET;Groupe_Violet;perroquet;15/03/2025;A07;0.004964;12.6;0;
W05;"Je prends une douche plutôt qu""un bain.";Eau;VIOLET;Groupe_Violet;perroquet;15/03/2025;A08;0.140658;357;0;
T03;Remplacer la voiture lors de courts trajets : vélo, trottinette, à pied, transports en commun.;Transport;VIOLET;Groupe_Violet;perroquet;15/03/2025;A03;0.506;0;0;
E02;J’ouvre les volets/rideaux pour profiter de la lumière du jour.;Electricité;VIOLET;Groupe_Violet;perroquet;15/03/2025;A06;0.027408;0;0;
E01;J'éteins la lumière quand je quitte une pièce;Electricité;VIOLET;Groupe_Violet;perroquet;15/03/2025;A05;0.027408;0;0;
C03;Je consomme des fruits et légumes de saison;Courses;VIOLET;Groupe_Violet;paresseux;16/03/2025;A11;6.932;0;0;
D02;Éviter le gaspillage alimentaire : se servir moins, garder pour plus tard.;Déchets;VIOLET;Groupe_Violet;paresseux;16/03/2025;A04;2.453511;0;1.390385;
D10;Réutiliser des bouteilles vides.;Déchets;VIOLET;Groupe_Violet;paresseux;16/03/2025;A14;0.54243;0;0.21;
D04;Dans l'enceinte de l'école, je ramasse les déchets que je vois.;Déchets;VIOLET;Groupe_Violet;paresseux;16/03/2025;A02;0.00947;0;0.1;
D10;Utiliser moins de plastique pour faire les courses (ou les réutiliser).;Déchets;VIOLET;Groupe_Violet;paresseux;16/03/2025;A12;0.54243;0;0.21;
D03;Je ne jette pas de déchet par terre.;Déchets;VIOLET;Groupe_Violet;paresseux;16/03/2025;A01;0.424875;0;4.486538;
B02;"Je n""embête pas les petites bêtes.";Biodiversité;VIOLET;Groupe_Violet;paresseux;16/03/2025;A09;0;0;0;
B01;Je n'arrache pas les végétaux.;Biodiversité;VIOLET;Groupe_Violet;paresseux;16/03/2025;A10;0;0;0;
W05;"Je prends une douche plutôt qu""un bain.";Eau;VIOLET;Groupe_Violet;paresseux;16/03/2025;A08;0.140658;357;0;
W03;"Ne pas gaspiller l""eau que l’on boit.";Eau;VIOLET;Groupe_Violet;paresseux;16/03/2025;A13;0.004964;12.6;0;
W03;"Je ferme l""eau quand je me savonne.";Eau;VIOLET;Groupe_Violet;paresseux;16/03/2025;A07;0.004964;12.6;0;
T03;Remplacer la voiture lors de courts trajets : vélo, trottinette, à pied, transports en commun.;Transport;VIOLET;Groupe_Violet;paresseux;16/03/2025;A03;0.506;0;0;
E02;J’ouvre les volets/rideaux pour profiter de la lumière du jour.;Electricité;VIOLET;Groupe_Violet;paresseux;16/03/2025;A06;0.027408;0;0;
E01;J'éteins la lumière quand je quitte une pièce;Electricité;VIOLET;Groupe_Violet;paresseux;16/03/2025;A05;0.027408;0;0;
T03;Remplacer la voiture lors de courts trajets : vélo, trottinette, à pied, transports en commun.;Transport;VIOLET;Groupe_Violet;baleine;16/03/2025;A03;0.506;0;0;
E02;J’ouvre les volets/rideaux pour profiter de la lumière du jour.;Electricité;VIOLET;Groupe_Violet;baleine;16/03/2025;A06;0.027408;0;0;
E01;J'éteins la lumière quand je quitte une pièce;Electricité;VIOLET;Groupe_Violet;baleine;16/03/2025;A05;0.027408;0;0;
C03;Je consomme des fruits et légumes de saison;Courses;VIOLET;Groupe_Violet;baleine;16/03/2025;A11;6.932;0;0;
D02;Éviter le gaspillage alimentaire : se servir moins, garder pour plus tard.;Déchets;VIOLET;Groupe_Violet;baleine;16/03/2025;A04;2.453511;0;1.390385;
D10;Réutiliser des bouteilles vides.;Déchets;VIOLET;Groupe_Violet;baleine;16/03/2025;A14;0.54243;0;0.21;
D04;Dans l'enceinte de l'école, je ramasse les déchets que je vois.;Déchets;VIOLET;Groupe_Violet;baleine;16/03/2025;A02;0.00947;0;0.1;
D03;Je ne jette pas de déchet par terre.;Déchets;VIOLET;Groupe_Violet;baleine;16/03/2025;A01;0.424875;0;4.486538;
D10;Utiliser moins de plastique pour faire les courses (ou les réutiliser).;Déchets;VIOLET;Groupe_Violet;baleine;16/03/2025;A12;0.54243;0;0.21;
B02;"Je n""embête pas les petites bêtes.";Biodiversité;VIOLET;Groupe_Violet;baleine;16/03/2025;A09;0;0;0;
B01;Je n'arrache pas les végétaux.;Biodiversité;VIOLET;Groupe_Violet;baleine;16/03/2025;A10;0;0;0;
W03;"Je ferme l""eau quand je me savonne.";Eau;VIOLET;Groupe_Violet;baleine;16/03/2025;A07;0.004964;12.6;0;
W05;"Je prends une douche plutôt qu""un bain.";Eau;VIOLET;Groupe_Violet;baleine;16/03/2025;A08;0.140658;357;0;
W03;"Ne pas gaspiller l""eau que l’on boit.";Eau;VIOLET;Groupe_Violet;baleine;16/03/2025;A13;0.004964;12.6;0;
D04;Dans l'enceinte de l'école, je ramasse les déchets que je vois.;Déchets;VIOLET;Groupe_Violet;suricate;18/03/2025;A02;0.00947;0;0.1;
D10;Utiliser moins de plastique pour faire les courses (ou les réutiliser).;Déchets;VIOLET;Groupe_Violet;suricate;18/03/2025;A12;0.54243;0;0.21;
D03;Je ne jette pas de déchet par terre.;Déchets;VIOLET;Groupe_Violet;suricate;18/03/2025;A01;0.424875;0;4.486538;
W03;"Je ferme l""eau quand je me savonne.";Eau;VIOLET;Groupe_Violet;suricate;18/03/2025;A07;0.004964;12.6;0;
T03;Remplacer la voiture lors de courts trajets : vélo, trottinette, à pied, transports en commun.;Transport;VIOLET;Groupe_Violet;suricate;18/03/2025;A03;0.506;0;0;
C03;Je consomme des fruits et légumes de saison;Courses;VIOLET;Groupe_Violet;girafe;18/03/2025;A11;6.932;0;0;
D03;Je ne jette pas de déchet par terre.;Déchets;VIOLET;Groupe_Violet;girafe;18/03/2025;A01;0.424875;0;4.486538;
D10;Utiliser moins de plastique pour faire les courses (ou les réutiliser).;Déchets;VIOLET;Groupe_Violet;girafe;18/03/2025;A12;0.54243;0;0.21;
D10;Réutiliser des bouteilles vides.;Déchets;VIOLET;Groupe_Violet;girafe;18/03/2025;A14;0.54243;0;0.21;
D02;Éviter le gaspillage alimentaire : se servir moins, garder pour plus tard.;Déchets;VIOLET;Groupe_Violet;girafe;18/03/2025;A04;2.453511;0;1.390385;
B02;"Je n""embête pas les petites bêtes.";Biodiversité;VIOLET;Groupe_Violet;girafe;18/03/2025;A09;0;0;0;
B01;Je n'arrache pas les végétaux.;Biodiversité;VIOLET;Groupe_Violet;girafe;18/03/2025;A10;0;0;0;
W03;"Ne pas gaspiller l""eau que l’on boit.";Eau;VIOLET;Groupe_Violet;girafe;18/03/2025;A13;0.004964;12.6;0;
E02;J’ouvre les volets/rideaux pour profiter de la lumière du jour.;Electricité;VIOLET;Groupe_Violet;girafe;18/03/2025;A06;0.027408;0;0;
E01;J'éteins la lumière quand je quitte une pièce;Electricité;VIOLET;Groupe_Violet;girafe;18/03/2025;A05;0.027408;0;0;
C03;Je consomme des fruits et légumes de saison;Courses;VIOLET;Groupe_Violet;écureuil;18/03/2025;A11;6.932;0;0;
D02;Éviter le gaspillage alimentaire : se servir moins, garder pour plus tard.;Déchets;VIOLET;Groupe_Violet;écureuil;18/03/2025;A04;2.453511;0;1.390385;
D10;Réutiliser des bouteilles vides.;Déchets;VIOLET;Groupe_Violet;écureuil;18/03/2025;A14;0.54243;0;0.21;
D10;Utiliser moins de plastique pour faire les courses (ou les réutiliser).;Déchets;VIOLET;Groupe_Violet;écureuil;18/03/2025;A12;0.54243;0;0.21;
D03;Je ne jette pas de déchet par terre.;Déchets;VIOLET;Groupe_Violet;écureuil;18/03/2025;A01;0.424875;0;4.486538;
B02;"Je n""embête pas les petites bêtes.";Biodiversité;VIOLET;Groupe_Violet;écureuil;18/03/2025;A09;0;0;0;
B01;Je n'arrache pas les végétaux.;Biodiversité;VIOLET;Groupe_Violet;écureuil;18/03/2025;A10;0;0;0;
W03;"Ne pas gaspiller l""eau que l’on boit.";Eau;VIOLET;Groupe_Violet;écureuil;18/03/2025;A13;0.004964;12.6;0;
W05;"Je prends une douche plutôt qu""un bain.";Eau;VIOLET;Groupe_Violet;écureuil;18/03/2025;A08;0.140658;357;0;
W03;"Je ferme l""eau quand je me savonne.";Eau;VIOLET;Groupe_Violet;écureuil;18/03/2025;A07;0.004964;12.6;0;
T03;Remplacer la voiture lors de courts trajets : vélo, trottinette, à pied, transports en commun.;Transport;VIOLET;Groupe_Violet;écureuil;18/03/2025;A03;0.506;0;0;
E01;J'éteins la lumière quand je quitte une pièce;Electricité;VIOLET;Groupe_Violet;écureuil;18/03/2025;A05;0.027408;0;0;
E02;J’ouvre les volets/rideaux pour profiter de la lumière du jour.;Electricité;VIOLET;Groupe_Violet;écureuil;18/03/2025;A06;0.027408;0;0;
E02;J’ouvre les volets/rideaux pour profiter de la lumière du jour.;Electricité;VIOLET;Groupe_Violet;suricate;22/03/2025;A06;0.027408;0;0;
B02;"Je n""embête pas les petites bêtes.";Biodiversité;VIOLET;Groupe_Violet;suricate;22/03/2025;A09;0;0;0;
D02;Éviter le gaspillage alimentaire : se servir moins, garder pour plus tard.;Déchets;VIOLET;Groupe_Violet;paresseux;22/03/2025;A04;2.453511;0;1.390385;
D04;Dans l'enceinte de l'école, je ramasse les déchets que je vois.;Déchets;VIOLET;Groupe_Violet;paresseux;22/03/2025;A02;0.00947;0;0.1;
D03;Je ne jette pas de déchet par terre.;Déchets;VIOLET;Groupe_Violet;paresseux;22/03/2025;A01;0.424875;0;4.486538;
B01;Je n'arrache pas les végétaux.;Biodiversité;VIOLET;Groupe_Violet;paresseux;22/03/2025;A10;0;0;0;
W05;"Je prends une douche plutôt qu""un bain.";Eau;VIOLET;Groupe_Violet;paresseux;22/03/2025;A08;0.140658;357;0;
E02;J’ouvre les volets/rideaux pour profiter de la lumière du jour.;Electricité;VIOLET;Groupe_Violet;paresseux;22/03/2025;A06;0.027408;0;0;
C03;Je consomme des fruits et légumes de saison;Courses;VIOLET;Groupe_Violet;paresseux;22/03/2025;A11;6.932;0;0;
D02;Éviter le gaspillage alimentaire : se servir moins, garder pour plus tard.;Déchets;VIOLET;Groupe_Violet;dragon;23/03/2025;A04;2.453511;0;1.390385;
D04;Dans l'enceinte de l'école, je ramasse les déchets que je vois.;Déchets;VIOLET;Groupe_Violet;dragon;23/03/2025;A02;0.00947;0;0.1;
D03;Je ne jette pas de déchet par terre.;Déchets;VIOLET;Groupe_Violet;dragon;23/03/2025;A01;0.424875;0;4.486538;
B02;"Je n""embête pas les petites bêtes.";Biodiversité;VIOLET;Groupe_Violet;dragon;23/03/2025;A09;0;0;0;
W05;"Je prends une douche plutôt qu""un bain.";Eau;VIOLET;Groupe_Violet;dragon;23/03/2025;A08;0.140658;357;0;
T03;Remplacer la voiture lors de courts trajets : vélo, trottinette, à pied, transports en commun.;Transport;VIOLET;Groupe_Violet;dragon;23/03/2025;A03;0.506;0;0;
E02;J’ouvre les volets/rideaux pour profiter de la lumière du jour.;Electricité;VIOLET;Groupe_Violet;chat;08/04/2025;A06;0.027408;0;0;
C03;Je consomme des fruits et légumes de saison;Courses;VIOLET;Groupe_Violet;hamster;08/04/2025;A11;6.932;0;0;
E01;J'éteins la lumière quand je quitte une pièce;Electricité;VIOLET;Groupe_Violet;dragon;23/03/2025;A05;0.027408;0;0;
D10;Réutiliser des bouteilles vides.;Déchets;VIOLET;Groupe_Violet;hamster;08/04/2025;A14;0.54243;0;0.21;
D10;Réutiliser des bouteilles vides.;Déchets;VIOLET;Groupe_Violet;girafe;24/03/2025;A14;0.54243;0;0.21;
D10;Utiliser moins de plastique pour faire les courses (ou les réutiliser).;Déchets;VIOLET;Groupe_Violet;hamster;08/04/2025;A12;0.54243;0;0.21;
D10;Utiliser moins de plastique pour faire les courses (ou les réutiliser).;Déchets;VIOLET;Groupe_Violet;girafe;24/03/2025;A12;0.54243;0;0.21;
B02;"Je n""embête pas les petites bêtes.";Biodiversité;VIOLET;Groupe_Violet;girafe;24/03/2025;A09;0;0;0;
W03;"Je ferme l""eau quand je me savonne.";Eau;VIOLET;Groupe_Violet;girafe;24/03/2025;A07;0.004964;12.6;0;
E01;J'éteins la lumière quand je quitte une pièce;Electricité;VIOLET;Groupe_Violet;girafe;24/03/2025;A05;0.027408;0;0;
D02;Éviter le gaspillage alimentaire : se servir moins, garder pour plus tard.;Déchets;VIOLET;Groupe_Violet;licorne;25/03/2025;A04;2.453511;0;1.390385;
D10;Utiliser moins de plastique pour faire les courses (ou les réutiliser).;Déchets;VIOLET;Groupe_Violet;licorne;25/03/2025;A12;0.54243;0;0.21;
D03;Je ne jette pas de déchet par terre.;Déchets;VIOLET;Groupe_Violet;licorne;25/03/2025;A01;0.424875;0;4.486538;
B01;Je n'arrache pas les végétaux.;Biodiversité;VIOLET;Groupe_Violet;licorne;25/03/2025;A10;0;0;0;
W03;"Ne pas gaspiller l""eau que l’on boit.";Eau;VIOLET;Groupe_Violet;licorne;25/03/2025;A13;0.004964;12.6;0;
T03;Remplacer la voiture lors de courts trajets : vélo, trottinette, à pied, transports en commun.;Transport;VIOLET;Groupe_Violet;licorne;25/03/2025;A03;0.506;0;0;
E01;J'éteins la lumière quand je quitte une pièce;Electricité;VIOLET;Groupe_Violet;licorne;25/03/2025;A05;0.027408;0;0;
B02;"Je n""embête pas les petites bêtes.";Biodiversité;VIOLET;Groupe_Violet;hamster;08/04/2025;A09;0;0;0;
W03;"Je ferme l""eau quand je me savonne.";Eau;VIOLET;Groupe_Violet;hamster;08/04/2025;A07;0.004964;12.6;0;
W03;"Ne pas gaspiller l""eau que l’on boit.";Eau;VIOLET;Groupe_Violet;hamster;08/04/2025;A13;0.004964;12.6;0;
E02;J’ouvre les volets/rideaux pour profiter de la lumière du jour.;Electricité;VIOLET;Groupe_Violet;hamster;08/04/2025;A06;0.027408;0;0;
D02;Éviter le gaspillage alimentaire : se servir moins, garder pour plus tard.;Déchets;VIOLET;Groupe_Violet;chat;26/03/2025;A04;2.453511;0;1.390385;
D10;Utiliser moins de plastique pour faire les courses (ou les réutiliser).;Déchets;VIOLET;Groupe_Violet;chat;26/03/2025;A12;0.54243;0;0.21;
B02;"Je n""embête pas les petites bêtes.";Biodiversité;VIOLET;Groupe_Violet;chat;26/03/2025;A09;0;0;0;
W03;"Je ferme l""eau quand je me savonne.";Eau;VIOLET;Groupe_Violet;chat;26/03/2025;A07;0.004964;12.6;0;
W03;"Ne pas gaspiller l""eau que l’on boit.";Eau;VIOLET;Groupe_Violet;chat;26/03/2025;A13;0.004964;12.6;0;
E02;J’ouvre les volets/rideaux pour profiter de la lumière du jour.;Electricité;VIOLET;Groupe_Violet;chat;26/03/2025;A06;0.027408;0;0;
D02;Éviter le gaspillage alimentaire : se servir moins, garder pour plus tard.;Déchets;VIOLET;Groupe_Violet;dragon;26/03/2025;A04;2.453511;0;1.390385;
D04;Dans l'enceinte de l'école, je ramasse les déchets que je vois.;Déchets;VIOLET;Groupe_Violet;dragon;26/03/2025;A02;0.00947;0;0.1;
D03;Je ne jette pas de déchet par terre.;Déchets;VIOLET;Groupe_Violet;dragon;26/03/2025;A01;0.424875;0;4.486538;
B02;"Je n""embête pas les petites bêtes.";Biodiversité;VIOLET;Groupe_Violet;dragon;26/03/2025;A09;0;0;0;
W05;"Je prends une douche plutôt qu""un bain.";Eau;VIOLET;Groupe_Violet;dragon;26/03/2025;A08;0.140658;357;0;
T03;Remplacer la voiture lors de courts trajets : vélo, trottinette, à pied, transports en commun.;Transport;VIOLET;Groupe_Violet;dragon;26/03/2025;A03;0.506;0;0;
E01;J'éteins la lumière quand je quitte une pièce;Electricité;VIOLET;Groupe_Violet;dragon;26/03/2025;A05;0.027408;0;0;
C03;Je consomme des fruits et légumes de saison;Courses;VIOLET;Groupe_Violet;paresseux;13/04/2025;A11;6.932;0;0;
D10;Réutiliser des bouteilles vides.;Déchets;VIOLET;Groupe_Violet;paresseux;13/04/2025;A14;0.54243;0;0.21;
D10;Utiliser moins de plastique pour faire les courses (ou les réutiliser).;Déchets;VIOLET;Groupe_Violet;paresseux;13/04/2025;A12;0.54243;0;0.21;
B02;"Je n""embête pas les petites bêtes.";Biodiversité;VIOLET;Groupe_Violet;paresseux;13/04/2025;A09;0;0;0;
W03;"Je ferme l""eau quand je me savonne.";Eau;VIOLET;Groupe_Violet;paresseux;13/04/2025;A07;0.004964;12.6;0;
W03;"Ne pas gaspiller l""eau que l’on boit.";Eau;VIOLET;Groupe_Violet;paresseux;13/04/2025;A13;0.004964;12.6;0;
E02;J’ouvre les volets/rideaux pour profiter de la lumière du jour.;Electricité;VIOLET;Groupe_Violet;paresseux;13/04/2025;A06;0.027408;0;0;
C03;Je consomme des fruits et légumes de saison;Courses;VIOLET;Groupe_Violet;dragon;13/04/2025;A11;6.932;0;0;
D10;Réutiliser des bouteilles vides.;Déchets;VIOLET;Groupe_Violet;dragon;13/04/2025;A14;0.54243;0;0.21;
D10;Utiliser moins de plastique pour faire les courses (ou les réutiliser).;Déchets;VIOLET;Groupe_Violet;dragon;13/04/2025;A12;0.54243;0;0.21;
B01;Je n'arrache pas les végétaux.;Biodiversité;VIOLET;Groupe_Violet;dragon;13/04/2025;A10;0;0;0;
W03;"Je ferme l""eau quand je me savonne.";Eau;VIOLET;Groupe_Violet;dragon;13/04/2025;A07;0.004964;12.6;0;
T03;Remplacer la voiture lors de courts trajets : vélo, trottinette, à pied, transports en commun.;Transport;VIOLET;Groupe_Violet;dragon;13/04/2025;A03;0.506;0;0;
C03;Je consomme des fruits et légumes de saison;Courses;VIOLET;Groupe_Violet;écureuil;13/04/2025;A11;6.932;0;0;
D10;Utiliser moins de plastique pour faire les courses (ou les réutiliser).;Déchets;VIOLET;Groupe_Violet;écureuil;13/04/2025;A12;0.54243;0;0.21;
B02;"Je n""embête pas les petites bêtes.";Biodiversité;VIOLET;Groupe_Violet;écureuil;13/04/2025;A09;0;0;0;
W05;"Je prends une douche plutôt qu""un bain.";Eau;VIOLET;Groupe_Violet;écureuil;13/04/2025;A08;0.140658;357;0;
T03;Remplacer la voiture lors de courts trajets : vélo, trottinette, à pied, transports en commun.;Transport;VIOLET;Groupe_Violet;écureuil;13/04/2025;A03;0.506;0;0;
E01;J'éteins la lumière quand je quitte une pièce;Electricité;VIOLET;Groupe_Violet;écureuil;13/04/2025;A05;0.027408;0;0;
B02;"Je n""embête pas les petites bêtes.";Biodiversité;VIOLET;Groupe_Violet;suricate;13/04/2025;A09;0;0;0;
D02;Éviter le gaspillage alimentaire : se servir moins, garder pour plus tard.;Déchets;VIOLET;Groupe_Violet;tortue;13/04/2025;A04;2.453511;0;1.390385;
D04;Dans l'enceinte de l'école, je ramasse les déchets que je vois.;Déchets;VIOLET;Groupe_Violet;tortue;13/04/2025;A02;0.00947;0;0.1;
D03;Je ne jette pas de déchet par terre.;Déchets;VIOLET;Groupe_Violet;tortue;13/04/2025;A01;0.424875;0;4.486538;
B01;Je n'arrache pas les végétaux.;Biodiversité;VIOLET;Groupe_Violet;tortue;13/04/2025;A10;0;0;0;
W05;"Je prends une douche plutôt qu""un bain.";Eau;VIOLET;Groupe_Violet;tortue;13/04/2025;A08;0.140658;357;0;
T03;Remplacer la voiture lors de courts trajets : vélo, trottinette, à pied, transports en commun.;Transport;VIOLET;Groupe_Violet;tortue;13/04/2025;A03;0.506;0;0;
E01;J'éteins la lumière quand je quitte une pièce;Electricité;VIOLET;Groupe_Violet;tortue;13/04/2025;A05;0.027408;0;0;
D10;Réutiliser des bouteilles vides.;Déchets;VIOLET;Groupe_Violet;girafe;15/04/2025;A14;0.54243;0;0.21;
D10;Utiliser moins de plastique pour faire les courses (ou les réutiliser).;Déchets;VIOLET;Groupe_Violet;girafe;15/04/2025;A12;0.54243;0;0.21;
B01;Je n'arrache pas les végétaux.;Biodiversité;VIOLET;Groupe_Violet;girafe;15/04/2025;A10;0;0;0;
W03;"Je ferme l""eau quand je me savonne.";Eau;VIOLET;Groupe_Violet;girafe;15/04/2025;A07;0.004964;12.6;0;
E01;J'éteins la lumière quand je quitte une pièce;Electricité;VIOLET;Groupe_Violet;girafe;15/04/2025;A05;0.027408;0;0;
C03;Je consomme des fruits et légumes de saison;Courses;VIOLET;Groupe_Violet;poussin;15/04/2025;A11;6.932;0;0;
D10;Réutiliser des bouteilles vides.;Déchets;VIOLET;Groupe_Violet;poussin;15/04/2025;A14;0.54243;0;0.21;
D10;Utiliser moins de plastique pour faire les courses (ou les réutiliser).;Déchets;VIOLET;Groupe_Violet;poussin;15/04/2025;A12;0.54243;0;0.21;
B02;"Je n""embête pas les petites bêtes.";Biodiversité;VIOLET;Groupe_Violet;poussin;15/04/2025;A09;0;0;0;
W03;"Je ferme l""eau quand je me savonne.";Eau;VIOLET;Groupe_Violet;poussin;15/04/2025;A07;0.004964;12.6;0;
W03;"Ne pas gaspiller l""eau que l’on boit.";Eau;VIOLET;Groupe_Violet;poussin;15/04/2025;A13;0.004964;12.6;0;
E01;J'éteins la lumière quand je quitte une pièce;Electricité;VIOLET;Groupe_Violet;poussin;15/04/2025;A05;0.027408;0;0;
D10;Réutiliser des bouteilles vides.;Déchets;VIOLET;Groupe_Violet;baleine;15/04/2025;A14;0.54243;0;0.21;
D03;Je ne jette pas de déchet par terre.;Déchets;VIOLET;Groupe_Violet;baleine;15/04/2025;A01;0.424875;0;4.486538;
W03;"Je ferme l""eau quand je me savonne.";Eau;VIOLET;Groupe_Violet;baleine;15/04/2025;A07;0.004964;12.6;0;
E01;J'éteins la lumière quand je quitte une pièce;Electricité;VIOLET;Groupe_Violet;baleine;15/04/2025;A05;0.027408;0;0;
E01;J'éteins la lumière quand je quitte une pièce;Electricité;VIOLET;Groupe_Violet;suricate;22/03/2025;A05;0.027408;0;0;
B01;Je n'arrache pas les végétaux.;Biodiversité;VIOLET;Groupe_Violet;suricate;22/03/2025;A10;0;0;0;
D10;Réutiliser des bouteilles vides.;Déchets;VIOLET;Groupe_Violet;paresseux;22/03/2025;A14;0.54243;0;0.21;
D10;Utiliser moins de plastique pour faire les courses (ou les réutiliser).;Déchets;VIOLET;Groupe_Violet;paresseux;22/03/2025;A12;0.54243;0;0.21;
B02;"Je n""embête pas les petites bêtes.";Biodiversité;VIOLET;Groupe_Violet;paresseux;22/03/2025;A09;0;0;0;
W03;"Je ferme l""eau quand je me savonne.";Eau;VIOLET;Groupe_Violet;paresseux;22/03/2025;A07;0.004964;12.6;0;
W03;"Ne pas gaspiller l""eau que l’on boit.";Eau;VIOLET;Groupe_Violet;paresseux;22/03/2025;A13;0.004964;12.6;0;
E01;J'éteins la lumière quand je quitte une pièce;Electricité;VIOLET;Groupe_Violet;paresseux;22/03/2025;A05;0.027408;0;0;
C03;Je consomme des fruits et légumes de saison;Courses;VIOLET;Groupe_Violet;dragon;23/03/2025;A11;6.932;0;0;
D10;Réutiliser des bouteilles vides.;Déchets;VIOLET;Groupe_Violet;dragon;23/03/2025;A14;0.54243;0;0.21;
D10;Utiliser moins de plastique pour faire les courses (ou les réutiliser).;Déchets;VIOLET;Groupe_Violet;dragon;23/03/2025;A12;0.54243;0;0.21;
B01;Je n'arrache pas les végétaux.;Biodiversité;VIOLET;Groupe_Violet;dragon;23/03/2025;A10;0;0;0;
W03;"Je ferme l""eau quand je me savonne.";Eau;VIOLET;Groupe_Violet;dragon;23/03/2025;A07;0.004964;12.6;0;
W03;"Ne pas gaspiller l""eau que l’on boit.";Eau;VIOLET;Groupe_Violet;dragon;23/03/2025;A13;0.004964;12.6;0;
E02;J’ouvre les volets/rideaux pour profiter de la lumière du jour.;Electricité;VIOLET;Groupe_Violet;dragon;23/03/2025;A06;0.027408;0;0;
C03;Je consomme des fruits et légumes de saison;Courses;VIOLET;Groupe_Violet;girafe;24/03/2025;A11;6.932;0;0;
D02;Éviter le gaspillage alimentaire : se servir moins, garder pour plus tard.;Déchets;VIOLET;Groupe_Violet;girafe;24/03/2025;A04;2.453511;0;1.390385;
D03;Je ne jette pas de déchet par terre.;Déchets;VIOLET;Groupe_Violet;girafe;24/03/2025;A01;0.424875;0;4.486538;
B01;Je n'arrache pas les végétaux.;Biodiversité;VIOLET;Groupe_Violet;girafe;24/03/2025;A10;0;0;0;
W03;"Ne pas gaspiller l""eau que l’on boit.";Eau;VIOLET;Groupe_Violet;girafe;24/03/2025;A13;0.004964;12.6;0;
E02;J’ouvre les volets/rideaux pour profiter de la lumière du jour.;Electricité;VIOLET;Groupe_Violet;girafe;24/03/2025;A06;0.027408;0;0;
D10;Réutiliser des bouteilles vides.;Déchets;VIOLET;Groupe_Violet;licorne;25/03/2025;A14;0.54243;0;0.21;
D04;Dans l'enceinte de l'école, je ramasse les déchets que je vois.;Déchets;VIOLET;Groupe_Violet;licorne;25/03/2025;A02;0.00947;0;0.1;
B02;"Je n""embête pas les petites bêtes.";Biodiversité;VIOLET;Groupe_Violet;licorne;25/03/2025;A09;0;0;0;
W05;"Je prends une douche plutôt qu""un bain.";Eau;VIOLET;Groupe_Violet;licorne;25/03/2025;A08;0.140658;357;0;
W03;"Je ferme l""eau quand je me savonne.";Eau;VIOLET;Groupe_Violet;licorne;25/03/2025;A07;0.004964;12.6;0;
E02;J’ouvre les volets/rideaux pour profiter de la lumière du jour.;Electricité;VIOLET;Groupe_Violet;licorne;25/03/2025;A06;0.027408;0;0;
C03;Je consomme des fruits et légumes de saison;Courses;VIOLET;Groupe_Violet;chat;26/03/2025;A11;6.932;0;0;
D04;Dans l'enceinte de l'école, je ramasse les déchets que je vois.;Déchets;VIOLET;Groupe_Violet;chat;26/03/2025;A02;0.00947;0;0.1;
D03;Je ne jette pas de déchet par terre.;Déchets;VIOLET;Groupe_Violet;chat;26/03/2025;A01;0.424875;0;4.486538;
B01;Je n'arrache pas les végétaux.;Biodiversité;VIOLET;Groupe_Violet;chat;26/03/2025;A10;0;0;0;
W05;"Je prends une douche plutôt qu""un bain.";Eau;VIOLET;Groupe_Violet;chat;26/03/2025;A08;0.140658;357;0;
T03;Remplacer la voiture lors de courts trajets : vélo, trottinette, à pied, transports en commun.;Transport;VIOLET;Groupe_Violet;chat;26/03/2025;A03;0.506;0;0;
C03;Je consomme des fruits et légumes de saison;Courses;VIOLET;Groupe_Violet;dragon;26/03/2025;A11;6.932;0;0;
D10;Réutiliser des bouteilles vides.;Déchets;VIOLET;Groupe_Violet;dragon;26/03/2025;A14;0.54243;0;0.21;
D10;Utiliser moins de plastique pour faire les courses (ou les réutiliser).;Déchets;VIOLET;Groupe_Violet;dragon;26/03/2025;A12;0.54243;0;0.21;
B01;Je n'arrache pas les végétaux.;Biodiversité;VIOLET;Groupe_Violet;dragon;26/03/2025;A10;0;0;0;
W03;"Je ferme l""eau quand je me savonne.";Eau;VIOLET;Groupe_Violet;dragon;26/03/2025;A07;0.004964;12.6;0;
W03;"Ne pas gaspiller l""eau que l’on boit.";Eau;VIOLET;Groupe_Violet;dragon;26/03/2025;A13;0.004964;12.6;0;
E02;J’ouvre les volets/rideaux pour profiter de la lumière du jour.;Electricité;VIOLET;Groupe_Violet;dragon;26/03/2025;A06;0.027408;0;0;
D04;Dans l'enceinte de l'école, je ramasse les déchets que je vois.;Déchets;VIOLET;Groupe_Violet;suricate;29/03/2025;A02;0.00947;0;0.1;
D10;Utiliser moins de plastique pour faire les courses (ou les réutiliser).;Déchets;VIOLET;Groupe_Violet;suricate;29/03/2025;A12;0.54243;0;0.21;
D03;Je ne jette pas de déchet par terre.;Déchets;VIOLET;Groupe_Violet;suricate;29/03/2025;A01;0.424875;0;4.486538;
B02;"Je n""embête pas les petites bêtes.";Biodiversité;VIOLET;Groupe_Violet;suricate;29/03/2025;A09;0;0;0;
W03;"Ne pas gaspiller l""eau que l’on boit.";Eau;VIOLET;Groupe_Violet;suricate;29/03/2025;A13;0.004964;12.6;0;
E01;J'éteins la lumière quand je quitte une pièce;Electricité;VIOLET;Groupe_Violet;chat;30/03/2025;A05;0.027408;0;0;
C03;Je consomme des fruits et légumes de saison;Courses;VIOLET;Groupe_Violet;girafe;30/03/2025;A11;6.932;0;0;
D10;Utiliser moins de plastique pour faire les courses (ou les réutiliser).;Déchets;VIOLET;Groupe_Violet;girafe;30/03/2025;A12;0.54243;0;0.21;
D02;Éviter le gaspillage alimentaire : se servir moins, garder pour plus tard.;Déchets;VIOLET;Groupe_Violet;girafe;30/03/2025;A04;2.453511;0;1.390385;
D10;Réutiliser des bouteilles vides.;Déchets;VIOLET;Groupe_Violet;girafe;30/03/2025;A14;0.54243;0;0.21;
D03;Je ne jette pas de déchet par terre.;Déchets;VIOLET;Groupe_Violet;girafe;30/03/2025;A01;0.424875;0;4.486538;
B02;"Je n""embête pas les petites bêtes.";Biodiversité;VIOLET;Groupe_Violet;girafe;30/03/2025;A09;0;0;0;
B01;Je n'arrache pas les végétaux.;Biodiversité;VIOLET;Groupe_Violet;girafe;30/03/2025;A10;0;0;0;
W05;"Je prends une douche plutôt qu""un bain.";Eau;VIOLET;Groupe_Violet;girafe;30/03/2025;A08;0.140658;357;0;
W03;"Je ferme l""eau quand je me savonne.";Eau;VIOLET;Groupe_Violet;girafe;30/03/2025;A07;0.004964;12.6;0;
W03;"Ne pas gaspiller l""eau que l’on boit.";Eau;VIOLET;Groupe_Violet;girafe;30/03/2025;A13;0.004964;12.6;0;
E02;J’ouvre les volets/rideaux pour profiter de la lumière du jour.;Electricité;VIOLET;Groupe_Violet;girafe;30/03/2025;A06;0.027408;0;0;
E01;J'éteins la lumière quand je quitte une pièce;Electricité;VIOLET;Groupe_Violet;girafe;30/03/2025;A05;0.027408;0;0;
C03;Je consomme des fruits et légumes de saison;Courses;VIOLET;Groupe_Violet;paresseux;30/03/2025;A11;6.932;0;0;
D10;Réutiliser des bouteilles vides.;Déchets;VIOLET;Groupe_Violet;paresseux;30/03/2025;A14;0.54243;0;0.21;
D04;Dans l'enceinte de l'école, je ramasse les déchets que je vois.;Déchets;VIOLET;Groupe_Violet;paresseux;30/03/2025;A02;0.00947;0;0.1;
D10;Utiliser moins de plastique pour faire les courses (ou les réutiliser).;Déchets;VIOLET;Groupe_Violet;paresseux;30/03/2025;A12;0.54243;0;0.21;
D03;Je ne jette pas de déchet par terre.;Déchets;VIOLET;Groupe_Violet;paresseux;30/03/2025;A01;0.424875;0;4.486538;
B02;"Je n""embête pas les petites bêtes.";Biodiversité;VIOLET;Groupe_Violet;paresseux;30/03/2025;A09;0;0;0;
B01;Je n'arrache pas les végétaux.;Biodiversité;VIOLET;Groupe_Violet;paresseux;30/03/2025;A10;0;0;0;
W03;"Je ferme l""eau quand je me savonne.";Eau;VIOLET;Groupe_Violet;paresseux;30/03/2025;A07;0.004964;12.6;0;
W05;"Je prends une douche plutôt qu""un bain.";Eau;VIOLET;Groupe_Violet;paresseux;30/03/2025;A08;0.140658;357;0;
C03;Je consomme des fruits et légumes de saison;Courses;VIOLET;Groupe_Violet;tortue;30/03/2025;A11;6.932;0;0;
W03;"Ne pas gaspiller l""eau que l’on boit.";Eau;VIOLET;Groupe_Violet;paresseux;30/03/2025;A13;0.004964;12.6;0;
D02;Éviter le gaspillage alimentaire : se servir moins, garder pour plus tard.;Déchets;VIOLET;Groupe_Violet;tortue;30/03/2025;A04;2.453511;0;1.390385;
D10;Réutiliser des bouteilles vides.;Déchets;VIOLET;Groupe_Violet;tortue;30/03/2025;A14;0.54243;0;0.21;
T03;Remplacer la voiture lors de courts trajets : vélo, trottinette, à pied, transports en commun.;Transport;VIOLET;Groupe_Violet;paresseux;30/03/2025;A03;0.506;0;0;
D04;Dans l'enceinte de l'école, je ramasse les déchets que je vois.;Déchets;VIOLET;Groupe_Violet;tortue;30/03/2025;A02;0.00947;0;0.1;
D10;Utiliser moins de plastique pour faire les courses (ou les réutiliser).;Déchets;VIOLET;Groupe_Violet;tortue;30/03/2025;A12;0.54243;0;0.21;
D03;Je ne jette pas de déchet par terre.;Déchets;VIOLET;Groupe_Violet;tortue;30/03/2025;A01;0.424875;0;4.486538;
B02;"Je n""embête pas les petites bêtes.";Biodiversité;VIOLET;Groupe_Violet;tortue;30/03/2025;A09;0;0;0;
B01;Je n'arrache pas les végétaux.;Biodiversité;VIOLET;Groupe_Violet;tortue;30/03/2025;A10;0;0;0;
E02;J’ouvre les volets/rideaux pour profiter de la lumière du jour.;Electricité;VIOLET;Groupe_Violet;paresseux;30/03/2025;A06;0.027408;0;0;
E01;J'éteins la lumière quand je quitte une pièce;Electricité;VIOLET;Groupe_Violet;paresseux;30/03/2025;A05;0.027408;0;0;
W05;"Je prends une douche plutôt qu""un bain.";Eau;VIOLET;Groupe_Violet;tortue;30/03/2025;A08;0.140658;357;0;
W03;"Ne pas gaspiller l""eau que l’on boit.";Eau;VIOLET;Groupe_Violet;tortue;30/03/2025;A13;0.004964;12.6;0;
W03;"Je ferme l""eau quand je me savonne.";Eau;VIOLET;Groupe_Violet;tortue;30/03/2025;A07;0.004964;12.6;0;
T03;Remplacer la voiture lors de courts trajets : vélo, trottinette, à pied, transports en commun.;Transport;VIOLET;Groupe_Violet;tortue;30/03/2025;A03;0.506;0;0;
E02;J’ouvre les volets/rideaux pour profiter de la lumière du jour.;Electricité;VIOLET;Groupe_Violet;tortue;30/03/2025;A06;0.027408;0;0;
E01;J'éteins la lumière quand je quitte une pièce;Electricité;VIOLET;Groupe_Violet;tortue;30/03/2025;A05;0.027408;0;0;
C03;Je consomme des fruits et légumes de saison;Courses;VIOLET;Groupe_Violet;jaguar;03/04/2025;A11;6.932;0;0;
D02;Éviter le gaspillage alimentaire : se servir moins, garder pour plus tard.;Déchets;VIOLET;Groupe_Violet;jaguar;03/04/2025;A04;2.453511;0;1.390385;
D10;Réutiliser des bouteilles vides.;Déchets;VIOLET;Groupe_Violet;jaguar;03/04/2025;A14;0.54243;0;0.21;
D04;Dans l'enceinte de l'école, je ramasse les déchets que je vois.;Déchets;VIOLET;Groupe_Violet;jaguar;03/04/2025;A02;0.00947;0;0.1;
D10;Utiliser moins de plastique pour faire les courses (ou les réutiliser).;Déchets;VIOLET;Groupe_Violet;jaguar;03/04/2025;A12;0.54243;0;0.21;
D03;Je ne jette pas de déchet par terre.;Déchets;VIOLET;Groupe_Violet;jaguar;03/04/2025;A01;0.424875;0;4.486538;
B02;"Je n""embête pas les petites bêtes.";Biodiversité;VIOLET;Groupe_Violet;jaguar;03/04/2025;A09;0;0;0;
W03;"Je ferme l""eau quand je me savonne.";Eau;VIOLET;Groupe_Violet;jaguar;03/04/2025;A07;0.004964;12.6;0;
T03;Remplacer la voiture lors de courts trajets : vélo, trottinette, à pied, transports en commun.;Transport;VIOLET;Groupe_Violet;jaguar;03/04/2025;A03;0.506;0;0;
D02;Éviter le gaspillage alimentaire : se servir moins, garder pour plus tard.;Déchets;VIOLET;Groupe_Violet;dragon;05/04/2025;A04;2.453511;0;1.390385;
D04;Dans l'enceinte de l'école, je ramasse les déchets que je vois.;Déchets;VIOLET;Groupe_Violet;dragon;05/04/2025;A02;0.00947;0;0.1;
D03;Je ne jette pas de déchet par terre.;Déchets;VIOLET;Groupe_Violet;dragon;05/04/2025;A01;0.424875;0;4.486538;
B02;"Je n""embête pas les petites bêtes.";Biodiversité;VIOLET;Groupe_Violet;dragon;05/04/2025;A09;0;0;0;
W05;"Je prends une douche plutôt qu""un bain.";Eau;VIOLET;Groupe_Violet;dragon;05/04/2025;A08;0.140658;357;0;
T03;Remplacer la voiture lors de courts trajets : vélo, trottinette, à pied, transports en commun.;Transport;VIOLET;Groupe_Violet;dragon;05/04/2025;A03;0.506;0;0;
E01;J'éteins la lumière quand je quitte une pièce;Electricité;VIOLET;Groupe_Violet;dragon;05/04/2025;A05;0.027408;0;0;
D02;Éviter le gaspillage alimentaire : se servir moins, garder pour plus tard.;Déchets;VIOLET;Groupe_Violet;licorne;05/04/2025;A04;2.453511;0;1.390385;
C03;Je consomme des fruits et légumes de saison;Courses;VIOLET;Groupe_Violet;jaguar;17/04/2025;A11;6.932;0;0;
D10;Réutiliser des bouteilles vides.;Déchets;VIOLET;Groupe_Violet;jaguar;17/04/2025;A14;0.54243;0;0.21;
D10;Utiliser moins de plastique pour faire les courses (ou les réutiliser).;Déchets;VIOLET;Groupe_Violet;jaguar;17/04/2025;A12;0.54243;0;0.21;
B02;"Je n""embête pas les petites bêtes.";Biodiversité;VIOLET;Groupe_Violet;jaguar;17/04/2025;A09;0;0;0;
W03;"Ne pas gaspiller l""eau que l’on boit.";Eau;VIOLET;Groupe_Violet;jaguar;17/04/2025;A13;0.004964;12.6;0;
D10;Utiliser moins de plastique pour faire les courses (ou les réutiliser).;Déchets;VIOLET;Groupe_Violet;jaguar;04/05/2025;A12;0.54243;0;0.21;
D03;Je ne jette pas de déchet par terre.;Déchets;VIOLET;Groupe_Violet;jaguar;04/05/2025;A01;0.424875;0;4.486538;
B02;"Je n""embête pas les petites bêtes.";Biodiversité;VIOLET;Groupe_Violet;jaguar;04/05/2025;A09;0;0;0;
W03;"Je ferme l""eau quand je me savonne.";Eau;VIOLET;Groupe_Violet;jaguar;04/05/2025;A07;0.004964;12.6;0;
E02;J’ouvre les volets/rideaux pour profiter de la lumière du jour.;Electricité;VIOLET;Groupe_Violet;jaguar;04/05/2025;A06;0.027408;0;0;
C03;Je consomme des fruits et légumes de saison;Courses;VIOLET;Groupe_Violet;chat;05/05/2025;A11;6.932;0;0;
D04;Dans l'enceinte de l'école, je ramasse les déchets que je vois.;Déchets;VIOLET;Groupe_Violet;chat;05/05/2025;A02;0.00947;0;0.1;
D03;Je ne jette pas de déchet par terre.;Déchets;VIOLET;Groupe_Violet;chat;05/05/2025;A01;0.424875;0;4.486538;
B01;Je n'arrache pas les végétaux.;Biodiversité;VIOLET;Groupe_Violet;chat;05/05/2025;A10;0;0;0;
E02;J’ouvre les volets/rideaux pour profiter de la lumière du jour.;Electricité;VIOLET;Groupe_Violet;chat;05/05/2025;A06;0.027408;0;0;
D10;Réutiliser des bouteilles vides.;Déchets;VIOLET;Groupe_Violet;girafe;06/05/2025;A14;0.54243;0;0.21;
D10;Utiliser moins de plastique pour faire les courses (ou les réutiliser).;Déchets;VIOLET;Groupe_Violet;girafe;06/05/2025;A12;0.54243;0;0.21;
W05;"Je prends une douche plutôt qu""un bain.";Eau;VIOLET;Groupe_Violet;girafe;06/05/2025;A08;0.140658;357;0;
E02;J’ouvre les volets/rideaux pour profiter de la lumière du jour.;Electricité;VIOLET;Groupe_Violet;girafe;06/05/2025;A06;0.027408;0;0;
D10;Réutiliser des bouteilles vides.;Déchets;VIOLET;Groupe_Violet;poussin;06/05/2025;A14;0.54243;0;0.21;
D04;Dans l'enceinte de l'école, je ramasse les déchets que je vois.;Déchets;VIOLET;Groupe_Violet;poussin;06/05/2025;A02;0.00947;0;0.1;
B01;Je n'arrache pas les végétaux.;Biodiversité;VIOLET;Groupe_Violet;poussin;06/05/2025;A10;0;0;0;
W03;"Je ferme l""eau quand je me savonne.";Eau;VIOLET;Groupe_Violet;poussin;06/05/2025;A07;0.004964;12.6;0;
E02;J’ouvre les volets/rideaux pour profiter de la lumière du jour.;Electricité;VIOLET;Groupe_Violet;poussin;06/05/2025;A06;0.027408;0;0;
B01;Je n'arrache pas les végétaux.;Biodiversité;VIOLET;Groupe_Violet;suricate;10/05/2025;A10;0;0;0;
W03;"Ne pas gaspiller l""eau que l’on boit.";Eau;VIOLET;Groupe_Violet;suricate;10/05/2025;A13;0.004964;12.6;0;
D02;Éviter le gaspillage alimentaire : se servir moins, garder pour plus tard.;Déchets;VIOLET;Groupe_Violet;dragon;10/05/2025;A04;2.453511;0;1.390385;
D04;Dans l'enceinte de l'école, je ramasse les déchets que je vois.;Déchets;VIOLET;Groupe_Violet;dragon;10/05/2025;A02;0.00947;0;0.1;
D03;Je ne jette pas de déchet par terre.;Déchets;VIOLET;Groupe_Violet;dragon;10/05/2025;A01;0.424875;0;4.486538;
B02;"Je n""embête pas les petites bêtes.";Biodiversité;VIOLET;Groupe_Violet;dragon;10/05/2025;A09;0;0;0;
W05;"Je prends une douche plutôt qu""un bain.";Eau;VIOLET;Groupe_Violet;dragon;10/05/2025;A08;0.140658;357;0;
T03;Remplacer la voiture lors de courts trajets : vélo, trottinette, à pied, transports en commun.;Transport;VIOLET;Groupe_Violet;dragon;10/05/2025;A03;0.506;0;0;
E01;J'éteins la lumière quand je quitte une pièce;Electricité;VIOLET;Groupe_Violet;dragon;10/05/2025;A05;0.027408;0;0;
D02;Éviter le gaspillage alimentaire : se servir moins, garder pour plus tard.;Déchets;VIOLET;Groupe_Violet;tortue;11/05/2025;A04;2.453511;0;1.390385;
D04;Dans l'enceinte de l'école, je ramasse les déchets que je vois.;Déchets;VIOLET;Groupe_Violet;tortue;11/05/2025;A02;0.00947;0;0.1;
D03;Je ne jette pas de déchet par terre.;Déchets;VIOLET;Groupe_Violet;tortue;11/05/2025;A01;0.424875;0;4.486538;
B01;Je n'arrache pas les végétaux.;Biodiversité;VIOLET;Groupe_Violet;tortue;11/05/2025;A10;0;0;0;
W05;"Je prends une douche plutôt qu""un bain.";Eau;VIOLET;Groupe_Violet;tortue;11/05/2025;A08;0.140658;357;0;
T03;Remplacer la voiture lors de courts trajets : vélo, trottinette, à pied, transports en commun.;Transport;VIOLET;Groupe_Violet;tortue;11/05/2025;A03;0.506;0;0;
E01;J'éteins la lumière quand je quitte une pièce;Electricité;VIOLET;Groupe_Violet;tortue;11/05/2025;A05;0.027408;0;0;
D02;Éviter le gaspillage alimentaire : se servir moins, garder pour plus tard.;Déchets;VIOLET;Groupe_Violet;paresseux;11/05/2025;A04;2.453511;0;1.390385;
D04;Dans l'enceinte de l'école, je ramasse les déchets que je vois.;Déchets;VIOLET;Groupe_Violet;paresseux;11/05/2025;A02;0.00947;0;0.1;
D03;Je ne jette pas de déchet par terre.;Déchets;VIOLET;Groupe_Violet;paresseux;11/05/2025;A01;0.424875;0;4.486538;
B01;Je n'arrache pas les végétaux.;Biodiversité;VIOLET;Groupe_Violet;paresseux;11/05/2025;A10;0;0;0;
W05;"Je prends une douche plutôt qu""un bain.";Eau;VIOLET;Groupe_Violet;paresseux;11/05/2025;A08;0.140658;357;0;
T03;Remplacer la voiture lors de courts trajets : vélo, trottinette, à pied, transports en commun.;Transport;VIOLET;Groupe_Violet;paresseux;11/05/2025;A03;0.506;0;0;
E01;J'éteins la lumière quand je quitte une pièce;Electricité;VIOLET;Groupe_Violet;paresseux;11/05/2025;A05;0.027408;0;0;
C03;Je consomme des fruits et légumes de saison;Courses;VIOLET;Groupe_Violet;girafe;13/05/2025;A11;6.932;0;0;
D03;Je ne jette pas de déchet par terre.;Déchets;VIOLET;Groupe_Violet;girafe;13/05/2025;A01;0.424875;0;4.486538;
D10;Utiliser moins de plastique pour faire les courses (ou les réutiliser).;Déchets;VIOLET;Groupe_Violet;girafe;13/05/2025;A12;0.54243;0;0.21;
B01;Je n'arrache pas les végétaux.;Biodiversité;VIOLET;Groupe_Violet;girafe;13/05/2025;A10;0;0;0;
W03;"Ne pas gaspiller l""eau que l’on boit.";Eau;VIOLET;Groupe_Violet;girafe;13/05/2025;A13;0.004964;12.6;0;
E01;J'éteins la lumière quand je quitte une pièce;Electricité;VIOLET;Groupe_Violet;girafe;13/05/2025;A05;0.027408;0;0;
D10;Réutiliser des bouteilles vides.;Déchets;VIOLET;Groupe_Violet;dauphin;13/05/2025;A14;0.54243;0;0.21;
D04;Dans l'enceinte de l'école, je ramasse les déchets que je vois.;Déchets;VIOLET;Groupe_Violet;dauphin;13/05/2025;A02;0.00947;0;0.1;
B02;"Je n""embête pas les petites bêtes.";Biodiversité;VIOLET;Groupe_Violet;dauphin;13/05/2025;A09;0;0;0;
W03;"Je ferme l""eau quand je me savonne.";Eau;VIOLET;Groupe_Violet;dauphin;13/05/2025;A07;0.004964;12.6;0;
W03;"Ne pas gaspiller l""eau que l’on boit.";Eau;VIOLET;Groupe_Violet;dauphin;13/05/2025;A13;0.004964;12.6;0;
C03;Je consomme des fruits et légumes de saison;Courses;VIOLET;Groupe_Violet;chat;15/05/2025;A11;6.932;0;0;
D10;Réutiliser des bouteilles vides.;Déchets;VIOLET;Groupe_Violet;chat;15/05/2025;A14;0.54243;0;0.21;
D10;Utiliser moins de plastique pour faire les courses (ou les réutiliser).;Déchets;VIOLET;Groupe_Violet;chat;15/05/2025;A12;0.54243;0;0.21;
B02;"Je n""embête pas les petites bêtes.";Biodiversité;VIOLET;Groupe_Violet;chat;15/05/2025;A09;0;0;0;
W05;"Je prends une douche plutôt qu""un bain.";Eau;VIOLET;Groupe_Violet;chat;15/05/2025;A08;0.140658;357;0;
T03;Remplacer la voiture lors de courts trajets : vélo, trottinette, à pied, transports en commun.;Transport;VIOLET;Groupe_Violet;chat;15/05/2025;A03;0.506;0;0;
W03;"Je ferme l""eau quand je me savonne.";Eau;VIOLET;Groupe_Violet;chat;15/05/2025;A07;0.004964;12.6;0;
B02;"Je n""embête pas les petites bêtes.";Biodiversité;VIOLET;Groupe_Violet;suricate;17/05/2025;A09;0;0;0;
D02;Éviter le gaspillage alimentaire : se servir moins, garder pour plus tard.;Déchets;VIOLET;Groupe_Violet;licorne;17/05/2025;A04;2.453511;0;1.390385;
W05;"Je prends une douche plutôt qu""un bain.";Eau;VIOLET;Groupe_Violet;perroquet;17/05/2025;A08;0.140658;357;0;
T03;Remplacer la voiture lors de courts trajets : vélo, trottinette, à pied, transports en commun.;Transport;VIOLET;Groupe_Violet;perroquet;17/05/2025;A03;0.506;0;0;
D10;Réutiliser des bouteilles vides.;Déchets;VIOLET;Groupe_Violet;perroquet;17/05/2025;A14;0.54243;0;0.21;
D03;Je ne jette pas de déchet par terre.;Déchets;VIOLET;Groupe_Violet;perroquet;17/05/2025;A01;0.424875;0;4.486538;
E02;J’ouvre les volets/rideaux pour profiter de la lumière du jour.;Electricité;VIOLET;Groupe_Violet;perroquet;17/05/2025;A06;0.027408;0;0;
B02;"Je n""embête pas les petites bêtes.";Biodiversité;VIOLET;Groupe_Violet;perroquet;17/05/2025;A09;0;0;0;
C03;Je consomme des fruits et légumes de saison;Courses;VIOLET;Groupe_Violet;perroquet;17/05/2025;A11;6.932;0;0;
D02;Éviter le gaspillage alimentaire : se servir moins, garder pour plus tard.;Déchets;VIOLET;Groupe_Violet;dragon;18/05/2025;A04;2.453511;0;1.390385;
D04;Dans l'enceinte de l'école, je ramasse les déchets que je vois.;Déchets;VIOLET;Groupe_Violet;dragon;18/05/2025;A02;0.00947;0;0.1;
D03;Je ne jette pas de déchet par terre.;Déchets;VIOLET;Groupe_Violet;dragon;18/05/2025;A01;0.424875;0;4.486538;
B01;Je n'arrache pas les végétaux.;Biodiversité;VIOLET;Groupe_Violet;dragon;18/05/2025;A10;0;0;0;
E01;J'éteins la lumière quand je quitte une pièce;Electricité;VIOLET;Groupe_Violet;dragon;18/05/2025;A05;0.027408;0;0;
W05;"Je prends une douche plutôt qu""un bain.";Eau;VIOLET;Groupe_Violet;dragon;18/05/2025;A08;0.140658;357;0;
T03;Remplacer la voiture lors de courts trajets : vélo, trottinette, à pied, transports en commun.;Transport;VIOLET;Groupe_Violet;dragon;18/05/2025;A03;0.506;0;0;
D10;Réutiliser des bouteilles vides.;Déchets;VIOLET;Groupe_Violet;paresseux;18/05/2025;A14;0.54243;0;0.21;
D10;Utiliser moins de plastique pour faire les courses (ou les réutiliser).;Déchets;VIOLET;Groupe_Violet;paresseux;18/05/2025;A12;0.54243;0;0.21;
B02;"Je n""embête pas les petites bêtes.";Biodiversité;VIOLET;Groupe_Violet;paresseux;18/05/2025;A09;0;0;0;
W03;"Je ferme l""eau quand je me savonne.";Eau;VIOLET;Groupe_Violet;paresseux;18/05/2025;A07;0.004964;12.6;0;
W03;"Ne pas gaspiller l""eau que l’on boit.";Eau;VIOLET;Groupe_Violet;paresseux;18/05/2025;A13;0.004964;12.6;0;
E01;J'éteins la lumière quand je quitte une pièce;Electricité;VIOLET;Groupe_Violet;paresseux;18/05/2025;A05;0.027408;0;0;
C03;Je consomme des fruits et légumes de saison;Courses;VIOLET;Groupe_Violet;paresseux;18/05/2025;A11;6.932;0;0;
D02;Éviter le gaspillage alimentaire : se servir moins, garder pour plus tard.;Déchets;VIOLET;Groupe_Violet;poussin;18/05/2025;A04;2.453511;0;1.390385;
D04;Dans l'enceinte de l'école, je ramasse les déchets que je vois.;Déchets;VIOLET;Groupe_Violet;poussin;18/05/2025;A02;0.00947;0;0.1;
D03;Je ne jette pas de déchet par terre.;Déchets;VIOLET;Groupe_Violet;poussin;18/05/2025;A01;0.424875;0;4.486538;
B01;Je n'arrache pas les végétaux.;Biodiversité;VIOLET;Groupe_Violet;poussin;18/05/2025;A10;0;0;0;
W03;"Ne pas gaspiller l""eau que l’on boit.";Eau;VIOLET;Groupe_Violet;jaguar;03/04/2025;A13;0.004964;12.6;0;
E02;J’ouvre les volets/rideaux pour profiter de la lumière du jour.;Electricité;VIOLET;Groupe_Violet;jaguar;03/04/2025;A06;0.027408;0;0;
C03;Je consomme des fruits et légumes de saison;Courses;VIOLET;Groupe_Violet;dragon;05/04/2025;A11;6.932;0;0;
D10;Réutiliser des bouteilles vides.;Déchets;VIOLET;Groupe_Violet;dragon;05/04/2025;A14;0.54243;0;0.21;
D10;Utiliser moins de plastique pour faire les courses (ou les réutiliser).;Déchets;VIOLET;Groupe_Violet;dragon;05/04/2025;A12;0.54243;0;0.21;
B01;Je n'arrache pas les végétaux.;Biodiversité;VIOLET;Groupe_Violet;dragon;05/04/2025;A10;0;0;0;
W03;"Je ferme l""eau quand je me savonne.";Eau;VIOLET;Groupe_Violet;dragon;05/04/2025;A07;0.004964;12.6;0;
W03;"Ne pas gaspiller l""eau que l’on boit.";Eau;VIOLET;Groupe_Violet;dragon;05/04/2025;A13;0.004964;12.6;0;
E02;J’ouvre les volets/rideaux pour profiter de la lumière du jour.;Electricité;VIOLET;Groupe_Violet;dragon;05/04/2025;A06;0.027408;0;0;
C03;Je consomme des fruits et légumes de saison;Courses;VIOLET;Groupe_Violet;licorne;05/04/2025;A11;6.932;0;0;
D02;Éviter le gaspillage alimentaire : se servir moins, garder pour plus tard.;Déchets;VIOLET;Groupe_Violet;perroquet;21/04/2025;A04;2.453511;0;1.390385;
D04;Dans l'enceinte de l'école, je ramasse les déchets que je vois.;Déchets;VIOLET;Groupe_Violet;perroquet;21/04/2025;A02;0.00947;0;0.1;
D03;Je ne jette pas de déchet par terre.;Déchets;VIOLET;Groupe_Violet;perroquet;21/04/2025;A01;0.424875;0;4.486538;
B01;Je n'arrache pas les végétaux.;Biodiversité;VIOLET;Groupe_Violet;perroquet;21/04/2025;A10;0;0;0;
W05;"Je prends une douche plutôt qu""un bain.";Eau;VIOLET;Groupe_Violet;perroquet;21/04/2025;A08;0.140658;357;0;
T03;Remplacer la voiture lors de courts trajets : vélo, trottinette, à pied, transports en commun.;Transport;VIOLET;Groupe_Violet;perroquet;21/04/2025;A03;0.506;0;0;
E01;J'éteins la lumière quand je quitte une pièce;Electricité;VIOLET;Groupe_Violet;perroquet;21/04/2025;A05;0.027408;0;0;
D02;Éviter le gaspillage alimentaire : se servir moins, garder pour plus tard.;Déchets;VIOLET;Groupe_Violet;paresseux;21/04/2025;A04;2.453511;0;1.390385;
D04;Dans l'enceinte de l'école, je ramasse les déchets que je vois.;Déchets;VIOLET;Groupe_Violet;paresseux;21/04/2025;A02;0.00947;0;0.1;
B01;Je n'arrache pas les végétaux.;Biodiversité;VIOLET;Groupe_Violet;paresseux;21/04/2025;A10;0;0;0;
D03;Je ne jette pas de déchet par terre.;Déchets;VIOLET;Groupe_Violet;paresseux;21/04/2025;A01;0.424875;0;4.486538;
W05;"Je prends une douche plutôt qu""un bain.";Eau;VIOLET;Groupe_Violet;paresseux;21/04/2025;A08;0.140658;357;0;
T03;Remplacer la voiture lors de courts trajets : vélo, trottinette, à pied, transports en commun.;Transport;VIOLET;Groupe_Violet;paresseux;21/04/2025;A03;0.506;0;0;
E01;J'éteins la lumière quand je quitte une pièce;Electricité;VIOLET;Groupe_Violet;paresseux;21/04/2025;A05;0.027408;0;0;
B01;Je n'arrache pas les végétaux.;Biodiversité;VIOLET;Groupe_Violet;suricate;21/04/2025;A10;0;0;0;
W03;"Je ferme l""eau quand je me savonne.";Eau;VIOLET;Groupe_Violet;suricate;21/04/2025;A07;0.004964;12.6;0;
D02;Éviter le gaspillage alimentaire : se servir moins, garder pour plus tard.;Déchets;VIOLET;Groupe_Violet;dragon;22/04/2025;A04;2.453511;0;1.390385;
D04;Dans l'enceinte de l'école, je ramasse les déchets que je vois.;Déchets;VIOLET;Groupe_Violet;dragon;22/04/2025;A02;0.00947;0;0.1;
D03;Je ne jette pas de déchet par terre.;Déchets;VIOLET;Groupe_Violet;dragon;22/04/2025;A01;0.424875;0;4.486538;
B02;"Je n""embête pas les petites bêtes.";Biodiversité;VIOLET;Groupe_Violet;dragon;22/04/2025;A09;0;0;0;
W05;"Je prends une douche plutôt qu""un bain.";Eau;VIOLET;Groupe_Violet;dragon;22/04/2025;A08;0.140658;357;0;
T03;Remplacer la voiture lors de courts trajets : vélo, trottinette, à pied, transports en commun.;Transport;VIOLET;Groupe_Violet;dragon;22/04/2025;A03;0.506;0;0;
E01;J'éteins la lumière quand je quitte une pièce;Electricité;VIOLET;Groupe_Violet;dragon;22/04/2025;A05;0.027408;0;0;
E02;J’ouvre les volets/rideaux pour profiter de la lumière du jour.;Electricité;VIOLET;Groupe_Violet;suricate;24/04/2025;A06;0.027408;0;0;
D02;Éviter le gaspillage alimentaire : se servir moins, garder pour plus tard.;Déchets;VIOLET;Groupe_Violet;girafe;25/04/2025;A04;2.453511;0;1.390385;
D10;Utiliser moins de plastique pour faire les courses (ou les réutiliser).;Déchets;VIOLET;Groupe_Violet;girafe;25/04/2025;A12;0.54243;0;0.21;
B02;"Je n""embête pas les petites bêtes.";Biodiversité;VIOLET;Groupe_Violet;girafe;25/04/2025;A09;0;0;0;
W05;"Je prends une douche plutôt qu""un bain.";Eau;VIOLET;Groupe_Violet;girafe;25/04/2025;A08;0.140658;357;0;
E02;J’ouvre les volets/rideaux pour profiter de la lumière du jour.;Electricité;VIOLET;Groupe_Violet;girafe;25/04/2025;A06;0.027408;0;0;
C03;Je consomme des fruits et légumes de saison;Courses;VIOLET;Groupe_Violet;paresseux;27/04/2025;A11;6.932;0;0;
D10;Réutiliser des bouteilles vides.;Déchets;VIOLET;Groupe_Violet;paresseux;27/04/2025;A14;0.54243;0;0.21;
D10;Utiliser moins de plastique pour faire les courses (ou les réutiliser).;Déchets;VIOLET;Groupe_Violet;paresseux;27/04/2025;A12;0.54243;0;0.21;
B02;"Je n""embête pas les petites bêtes.";Biodiversité;VIOLET;Groupe_Violet;paresseux;27/04/2025;A09;0;0;0;
W03;"Je ferme l""eau quand je me savonne.";Eau;VIOLET;Groupe_Violet;paresseux;27/04/2025;A07;0.004964;12.6;0;
W03;"Ne pas gaspiller l""eau que l’on boit.";Eau;VIOLET;Groupe_Violet;paresseux;27/04/2025;A13;0.004964;12.6;0;
E02;J’ouvre les volets/rideaux pour profiter de la lumière du jour.;Electricité;VIOLET;Groupe_Violet;paresseux;27/04/2025;A06;0.027408;0;0;
C03;Je consomme des fruits et légumes de saison;Courses;VIOLET;Groupe_Violet;dragon;28/04/2025;A11;6.932;0;0;
D10;Réutiliser des bouteilles vides.;Déchets;VIOLET;Groupe_Violet;dragon;28/04/2025;A14;0.54243;0;0.21;
D10;Utiliser moins de plastique pour faire les courses (ou les réutiliser).;Déchets;VIOLET;Groupe_Violet;dragon;28/04/2025;A12;0.54243;0;0.21;
B01;Je n'arrache pas les végétaux.;Biodiversité;VIOLET;Groupe_Violet;dragon;28/04/2025;A10;0;0;0;
W03;"Je ferme l""eau quand je me savonne.";Eau;VIOLET;Groupe_Violet;dragon;28/04/2025;A07;0.004964;12.6;0;
W03;"Ne pas gaspiller l""eau que l’on boit.";Eau;VIOLET;Groupe_Violet;dragon;28/04/2025;A13;0.004964;12.6;0;
E02;J’ouvre les volets/rideaux pour profiter de la lumière du jour.;Electricité;VIOLET;Groupe_Violet;dragon;28/04/2025;A06;0.027408;0;0;
D03;Je ne jette pas de déchet par terre.;Déchets;VIOLET;Groupe_Violet;suricate;01/05/2025;A01;0.424875;0;4.486538;
C03;Je consomme des fruits et légumes de saison;Courses;VIOLET;Groupe_Violet;tortue;04/05/2025;A11;6.932;0;0;
D10;Réutiliser des bouteilles vides.;Déchets;VIOLET;Groupe_Violet;tortue;04/05/2025;A14;0.54243;0;0.21;
D10;Utiliser moins de plastique pour faire les courses (ou les réutiliser).;Déchets;VIOLET;Groupe_Violet;tortue;04/05/2025;A12;0.54243;0;0.21;
B02;"Je n""embête pas les petites bêtes.";Biodiversité;VIOLET;Groupe_Violet;tortue;04/05/2025;A09;0;0;0;
W03;"Je ferme l""eau quand je me savonne.";Eau;VIOLET;Groupe_Violet;tortue;04/05/2025;A07;0.004964;12.6;0;
W03;"Ne pas gaspiller l""eau que l’on boit.";Eau;VIOLET;Groupe_Violet;tortue;04/05/2025;A13;0.004964;12.6;0;
E02;J’ouvre les volets/rideaux pour profiter de la lumière du jour.;Electricité;VIOLET;Groupe_Violet;tortue;04/05/2025;A06;0.027408;0;0;
C03;Je consomme des fruits et légumes de saison;Courses;VIOLET;Groupe_Violet;paresseux;04/05/2025;A11;6.932;0;0;
D10;Réutiliser des bouteilles vides.;Déchets;VIOLET;Groupe_Violet;paresseux;04/05/2025;A14;0.54243;0;0.21;
D10;Utiliser moins de plastique pour faire les courses (ou les réutiliser).;Déchets;VIOLET;Groupe_Violet;paresseux;04/05/2025;A12;0.54243;0;0.21;
B02;"Je n""embête pas les petites bêtes.";Biodiversité;VIOLET;Groupe_Violet;paresseux;04/05/2025;A09;0;0;0;
W03;"Je ferme l""eau quand je me savonne.";Eau;VIOLET;Groupe_Violet;paresseux;04/05/2025;A07;0.004964;12.6;0;
W03;"Ne pas gaspiller l""eau que l’on boit.";Eau;VIOLET;Groupe_Violet;paresseux;04/05/2025;A13;0.004964;12.6;0;
E02;J’ouvre les volets/rideaux pour profiter de la lumière du jour.;Electricité;VIOLET;Groupe_Violet;paresseux;04/05/2025;A06;0.027408;0;0;
C03;Je consomme des fruits et légumes de saison;Courses;VIOLET;Groupe_Violet;dragon;10/05/2025;A11;6.932;0;0;
D10;Réutiliser des bouteilles vides.;Déchets;VIOLET;Groupe_Violet;dragon;10/05/2025;A14;0.54243;0;0.21;
D10;Utiliser moins de plastique pour faire les courses (ou les réutiliser).;Déchets;VIOLET;Groupe_Violet;dragon;10/05/2025;A12;0.54243;0;0.21;
B01;Je n'arrache pas les végétaux.;Biodiversité;VIOLET;Groupe_Violet;dragon;10/05/2025;A10;0;0;0;
W03;"Je ferme l""eau quand je me savonne.";Eau;VIOLET;Groupe_Violet;dragon;10/05/2025;A07;0.004964;12.6;0;
W03;"Ne pas gaspiller l""eau que l’on boit.";Eau;VIOLET;Groupe_Violet;dragon;10/05/2025;A13;0.004964;12.6;0;
E02;J’ouvre les volets/rideaux pour profiter de la lumière du jour.;Electricité;VIOLET;Groupe_Violet;dragon;10/05/2025;A06;0.027408;0;0;
C03;Je consomme des fruits et légumes de saison;Courses;VIOLET;Groupe_Violet;tortue;11/05/2025;A11;6.932;0;0;
D10;Réutiliser des bouteilles vides.;Déchets;VIOLET;Groupe_Violet;tortue;11/05/2025;A14;0.54243;0;0.21;
D10;Utiliser moins de plastique pour faire les courses (ou les réutiliser).;Déchets;VIOLET;Groupe_Violet;tortue;11/05/2025;A12;0.54243;0;0.21;
B02;"Je n""embête pas les petites bêtes.";Biodiversité;VIOLET;Groupe_Violet;tortue;11/05/2025;A09;0;0;0;
W03;"Je ferme l""eau quand je me savonne.";Eau;VIOLET;Groupe_Violet;tortue;11/05/2025;A07;0.004964;12.6;0;
W03;"Ne pas gaspiller l""eau que l’on boit.";Eau;VIOLET;Groupe_Violet;tortue;11/05/2025;A13;0.004964;12.6;0;
E02;J’ouvre les volets/rideaux pour profiter de la lumière du jour.;Electricité;VIOLET;Groupe_Violet;tortue;11/05/2025;A06;0.027408;0;0;
C03;Je consomme des fruits et légumes de saison;Courses;VIOLET;Groupe_Violet;paresseux;11/05/2025;A11;6.932;0;0;
D10;Réutiliser des bouteilles vides.;Déchets;VIOLET;Groupe_Violet;paresseux;11/05/2025;A14;0.54243;0;0.21;
D10;Utiliser moins de plastique pour faire les courses (ou les réutiliser).;Déchets;VIOLET;Groupe_Violet;paresseux;11/05/2025;A12;0.54243;0;0.21;
B02;"Je n""embête pas les petites bêtes.";Biodiversité;VIOLET;Groupe_Violet;paresseux;11/05/2025;A09;0;0;0;
W03;"Je ferme l""eau quand je me savonne.";Eau;VIOLET;Groupe_Violet;paresseux;11/05/2025;A07;0.004964;12.6;0;
W03;"Ne pas gaspiller l""eau que l’on boit.";Eau;VIOLET;Groupe_Violet;paresseux;11/05/2025;A13;0.004964;12.6;0;
E02;J’ouvre les volets/rideaux pour profiter de la lumière du jour.;Electricité;VIOLET;Groupe_Violet;paresseux;11/05/2025;A06;0.027408;0;0;
D02;Éviter le gaspillage alimentaire : se servir moins, garder pour plus tard.;Déchets;VIOLET;Groupe_Violet;girafe;13/05/2025;A04;2.453511;0;1.390385;
D10;Réutiliser des bouteilles vides.;Déchets;VIOLET;Groupe_Violet;girafe;13/05/2025;A14;0.54243;0;0.21;
B02;"Je n""embête pas les petites bêtes.";Biodiversité;VIOLET;Groupe_Violet;girafe;13/05/2025;A09;0;0;0;
W03;"Je ferme l""eau quand je me savonne.";Eau;VIOLET;Groupe_Violet;girafe;13/05/2025;A07;0.004964;12.6;0;
E02;J’ouvre les volets/rideaux pour profiter de la lumière du jour.;Electricité;VIOLET;Groupe_Violet;girafe;13/05/2025;A06;0.027408;0;0;
C03;Je consomme des fruits et légumes de saison;Courses;VIOLET;Groupe_Violet;dauphin;13/05/2025;A11;6.932;0;0;
D03;Je ne jette pas de déchet par terre.;Déchets;VIOLET;Groupe_Violet;dauphin;13/05/2025;A01;0.424875;0;4.486538;
D10;Utiliser moins de plastique pour faire les courses (ou les réutiliser).;Déchets;VIOLET;Groupe_Violet;dauphin;13/05/2025;A12;0.54243;0;0.21;
B01;Je n'arrache pas les végétaux.;Biodiversité;VIOLET;Groupe_Violet;dauphin;13/05/2025;A10;0;0;0;
W05;"Je prends une douche plutôt qu""un bain.";Eau;VIOLET;Groupe_Violet;dauphin;13/05/2025;A08;0.140658;357;0;
E02;J’ouvre les volets/rideaux pour profiter de la lumière du jour.;Electricité;VIOLET;Groupe_Violet;dauphin;13/05/2025;A06;0.027408;0;0;
W05;"Je prends une douche plutôt qu""un bain.";Eau;VIOLET;Groupe_Violet;chat;22/05/2025;A08;0.140658;357;0;
W03;"Ne pas gaspiller l""eau que l’on boit.";Eau;VIOLET;Groupe_Violet;chat;22/05/2025;A13;0.004964;12.6;0;
T03;Remplacer la voiture lors de courts trajets : vélo, trottinette, à pied, transports en commun.;Transport;VIOLET;Groupe_Violet;chat;22/05/2025;A03;0.506;0;0;
E02;J’ouvre les volets/rideaux pour profiter de la lumière du jour.;Electricité;VIOLET;Groupe_Violet;chat;22/05/2025;A06;0.027408;0;0;
E01;J'éteins la lumière quand je quitte une pièce;Electricité;VIOLET;Groupe_Violet;chat;22/05/2025;A05;0.027408;0;0;
D04;Dans l'enceinte de l'école, je ramasse les déchets que je vois.;Déchets;VIOLET;Groupe_Violet;chat;22/05/2025;A02;0.00947;0;0.1;
C03;Je consomme des fruits et légumes de saison;Courses;VIOLET;Groupe_Violet;chat;22/05/2025;A11;6.932;0;0;
C03;Je consomme des fruits et légumes de saison;Courses;VIOLET;Groupe_Violet;paresseux;25/05/2025;A11;6.932;0;0;
D10;Réutiliser des bouteilles vides.;Déchets;VIOLET;Groupe_Violet;paresseux;25/05/2025;A14;0.54243;0;0.21;
D10;Utiliser moins de plastique pour faire les courses (ou les réutiliser).;Déchets;VIOLET;Groupe_Violet;paresseux;25/05/2025;A12;0.54243;0;0.21;
B02;"Je n""embête pas les petites bêtes.";Biodiversité;VIOLET;Groupe_Violet;paresseux;25/05/2025;A09;0;0;0;
W03;"Je ferme l""eau quand je me savonne.";Eau;VIOLET;Groupe_Violet;paresseux;25/05/2025;A07;0.004964;12.6;0;
W03;"Ne pas gaspiller l""eau que l’on boit.";Eau;VIOLET;Groupe_Violet;paresseux;25/05/2025;A13;0.004964;12.6;0;
E01;J'éteins la lumière quand je quitte une pièce;Electricité;VIOLET;Groupe_Violet;paresseux;25/05/2025;A05;0.027408;0;0;
C03;Je consomme des fruits et légumes de saison;Courses;VIOLET;Groupe_Violet;tortue;25/05/2025;A11;6.932;0;0;
D10;Réutiliser des bouteilles vides.;Déchets;VIOLET;Groupe_Violet;tortue;25/05/2025;A14;0.54243;0;0.21;
D10;Utiliser moins de plastique pour faire les courses (ou les réutiliser).;Déchets;VIOLET;Groupe_Violet;tortue;25/05/2025;A12;0.54243;0;0.21;
B02;"Je n""embête pas les petites bêtes.";Biodiversité;VIOLET;Groupe_Violet;tortue;25/05/2025;A09;0;0;0;
W03;"Je ferme l""eau quand je me savonne.";Eau;VIOLET;Groupe_Violet;tortue;25/05/2025;A07;0.004964;12.6;0;
W03;"Ne pas gaspiller l""eau que l’on boit.";Eau;VIOLET;Groupe_Violet;tortue;25/05/2025;A13;0.004964;12.6;0;
E02;J’ouvre les volets/rideaux pour profiter de la lumière du jour.;Electricité;VIOLET;Groupe_Violet;tortue;25/05/2025;A06;0.027408;0;0;
W05;"Je prends une douche plutôt qu""un bain.";Eau;VIOLET;Groupe_Violet;perroquet;05/06/2025;A08;0.140658;357;0;
T03;Remplacer la voiture lors de courts trajets : vélo, trottinette, à pied, transports en commun.;Transport;VIOLET;Groupe_Violet;perroquet;05/06/2025;A03;0.506;0;0;
D02;Éviter le gaspillage alimentaire : se servir moins, garder pour plus tard.;Déchets;VIOLET;Groupe_Violet;perroquet;05/06/2025;A04;2.453511;0;1.390385;
D03;Je ne jette pas de déchet par terre.;Déchets;VIOLET;Groupe_Violet;perroquet;05/06/2025;A01;0.424875;0;4.486538;
D04;Dans l'enceinte de l'école, je ramasse les déchets que je vois.;Déchets;VIOLET;Groupe_Violet;perroquet;05/06/2025;A02;0.00947;0;0.1;
E02;J’ouvre les volets/rideaux pour profiter de la lumière du jour.;Electricité;VIOLET;Groupe_Violet;perroquet;05/06/2025;A06;0.027408;0;0;
B02;"Je n""embête pas les petites bêtes.";Biodiversité;VIOLET;Groupe_Violet;perroquet;05/06/2025;A09;0;0;0;
C03;Je consomme des fruits et légumes de saison;Courses;VIOLET;Groupe_Violet;dragon;29/05/2025;A11;6.932;0;0;
D10;Réutiliser des bouteilles vides.;Déchets;VIOLET;Groupe_Violet;dragon;29/05/2025;A14;0.54243;0;0.21;
D10;Utiliser moins de plastique pour faire les courses (ou les réutiliser).;Déchets;VIOLET;Groupe_Violet;dragon;29/05/2025;A12;0.54243;0;0.21;
B02;"Je n""embête pas les petites bêtes.";Biodiversité;VIOLET;Groupe_Violet;dragon;29/05/2025;A09;0;0;0;
W03;"Je ferme l""eau quand je me savonne.";Eau;VIOLET;Groupe_Violet;dragon;29/05/2025;A07;0.004964;12.6;0;
W03;"Ne pas gaspiller l""eau que l’on boit.";Eau;VIOLET;Groupe_Violet;dragon;29/05/2025;A13;0.004964;12.6;0;
E01;J'éteins la lumière quand je quitte une pièce;Electricité;VIOLET;Groupe_Violet;dragon;29/05/2025;A05;0.027408;0;0;
D10;Réutiliser des bouteilles vides.;Déchets;VIOLET;Groupe_Violet;jaguar;31/05/2025;A14;0.54243;0;0.21;
D10;Utiliser moins de plastique pour faire les courses (ou les réutiliser).;Déchets;VIOLET;Groupe_Violet;jaguar;31/05/2025;A12;0.54243;0;0.21;
B02;"Je n""embête pas les petites bêtes.";Biodiversité;VIOLET;Groupe_Violet;jaguar;31/05/2025;A09;0;0;0;
W03;"Ne pas gaspiller l""eau que l’on boit.";Eau;VIOLET;Groupe_Violet;jaguar;31/05/2025;A13;0.004964;12.6;0;
C03;Je consomme des fruits et légumes de saison;Courses;VIOLET;Groupe_Violet;suricate;31/05/2025;A11;6.932;0;0;
D03;Je ne jette pas de déchet par terre.;Déchets;VIOLET;Groupe_Violet;suricate;31/05/2025;A01;0.424875;0;4.486538;
B01;Je n'arrache pas les végétaux.;Biodiversité;VIOLET;Groupe_Violet;suricate;31/05/2025;A10;0;0;0;
D02;Éviter le gaspillage alimentaire : se servir moins, garder pour plus tard.;Déchets;VIOLET;Groupe_Violet;tortue;01/06/2025;A04;2.453511;0;1.390385;
D04;Dans l'enceinte de l'école, je ramasse les déchets que je vois.;Déchets;VIOLET;Groupe_Violet;tortue;01/06/2025;A02;0.00947;0;0.1;
D03;Je ne jette pas de déchet par terre.;Déchets;VIOLET;Groupe_Violet;tortue;01/06/2025;A01;0.424875;0;4.486538;
B01;Je n'arrache pas les végétaux.;Biodiversité;VIOLET;Groupe_Violet;tortue;01/06/2025;A10;0;0;0;
W05;"Je prends une douche plutôt qu""un bain.";Eau;VIOLET;Groupe_Violet;tortue;01/06/2025;A08;0.140658;357;0;
T03;Remplacer la voiture lors de courts trajets : vélo, trottinette, à pied, transports en commun.;Transport;VIOLET;Groupe_Violet;tortue;01/06/2025;A03;0.506;0;0;
E01;J'éteins la lumière quand je quitte une pièce;Electricité;VIOLET;Groupe_Violet;tortue;01/06/2025;A05;0.027408;0;0;
D02;Éviter le gaspillage alimentaire : se servir moins, garder pour plus tard.;Déchets;VIOLET;Groupe_Violet;paresseux;01/06/2025;A04;2.453511;0;1.390385;
D04;Dans l'enceinte de l'école, je ramasse les déchets que je vois.;Déchets;VIOLET;Groupe_Violet;paresseux;01/06/2025;A02;0.00947;0;0.1;
D03;Je ne jette pas de déchet par terre.;Déchets;VIOLET;Groupe_Violet;paresseux;01/06/2025;A01;0.424875;0;4.486538;
B01;Je n'arrache pas les végétaux.;Biodiversité;VIOLET;Groupe_Violet;paresseux;01/06/2025;A10;0;0;0;
W05;"Je prends une douche plutôt qu""un bain.";Eau;VIOLET;Groupe_Violet;paresseux;01/06/2025;A08;0.140658;357;0;
T03;Remplacer la voiture lors de courts trajets : vélo, trottinette, à pied, transports en commun.;Transport;VIOLET;Groupe_Violet;paresseux;01/06/2025;A03;0.506;0;0;
E01;J'éteins la lumière quand je quitte une pièce;Electricité;VIOLET;Groupe_Violet;paresseux;01/06/2025;A05;0.027408;0;0;
D02;Éviter le gaspillage alimentaire : se servir moins, garder pour plus tard.;Déchets;VIOLET;Groupe_Violet;girafe;02/06/2025;A04;2.453511;0;1.390385;
D10;Utiliser moins de plastique pour faire les courses (ou les réutiliser).;Déchets;VIOLET;Groupe_Violet;girafe;02/06/2025;A12;0.54243;0;0.21;
B02;"Je n""embête pas les petites bêtes.";Biodiversité;VIOLET;Groupe_Violet;girafe;02/06/2025;A09;0;0;0;
W05;"Je prends une douche plutôt qu""un bain.";Eau;VIOLET;Groupe_Violet;girafe;02/06/2025;A08;0.140658;357;0;
W03;"Je ferme l""eau quand je me savonne.";Eau;VIOLET;Groupe_Violet;girafe;02/06/2025;A07;0.004964;12.6;0;
E01;J'éteins la lumière quand je quitte une pièce;Electricité;VIOLET;Groupe_Violet;girafe;02/06/2025;A05;0.027408;0;0;
D02;Éviter le gaspillage alimentaire : se servir moins, garder pour plus tard.;Déchets;VIOLET;Groupe_Violet;chat;02/06/2025;A04;2.453511;0;1.390385;
D04;Dans l'enceinte de l'école, je ramasse les déchets que je vois.;Déchets;VIOLET;Groupe_Violet;chat;02/06/2025;A02;0.00947;0;0.1;
D03;Je ne jette pas de déchet par terre.;Déchets;VIOLET;Groupe_Violet;chat;02/06/2025;A01;0.424875;0;4.486538;
B01;Je n'arrache pas les végétaux.;Biodiversité;VIOLET;Groupe_Violet;chat;02/06/2025;A10;0;0;0;
W05;"Je prends une douche plutôt qu""un bain.";Eau;VIOLET;Groupe_Violet;chat;02/06/2025;A08;0.140658;357;0;
T03;Remplacer la voiture lors de courts trajets : vélo, trottinette, à pied, transports en commun.;Transport;VIOLET;Groupe_Violet;chat;02/06/2025;A03;0.506;0;0;
E01;J'éteins la lumière quand je quitte une pièce;Electricité;VIOLET;Groupe_Violet;chat;02/06/2025;A05;0.027408;0;0;
D10;Réutiliser des bouteilles vides.;Déchets;VIOLET;Groupe_Violet;poussin;03/06/2025;A14;0.54243;0;0.21;
D03;Je ne jette pas de déchet par terre.;Déchets;VIOLET;Groupe_Violet;poussin;03/06/2025;A01;0.424875;0;4.486538;
B01;Je n'arrache pas les végétaux.;Biodiversité;VIOLET;Groupe_Violet;poussin;03/06/2025;A10;0;0;0;
W03;"Je ferme l""eau quand je me savonne.";Eau;VIOLET;Groupe_Violet;poussin;03/06/2025;A07;0.004964;12.6;0;
E01;J'éteins la lumière quand je quitte une pièce;Electricité;VIOLET;Groupe_Violet;poussin;03/06/2025;A05;0.027408;0;0;
D02;Éviter le gaspillage alimentaire : se servir moins, garder pour plus tard.;Déchets;VIOLET;Groupe_Violet;paresseux;25/05/2025;A04;2.453511;0;1.390385;
D04;Dans l'enceinte de l'école, je ramasse les déchets que je vois.;Déchets;VIOLET;Groupe_Violet;paresseux;25/05/2025;A02;0.00947;0;0.1;
D03;Je ne jette pas de déchet par terre.;Déchets;VIOLET;Groupe_Violet;paresseux;25/05/2025;A01;0.424875;0;4.486538;
B01;Je n'arrache pas les végétaux.;Biodiversité;VIOLET;Groupe_Violet;paresseux;25/05/2025;A10;0;0;0;
W05;"Je prends une douche plutôt qu""un bain.";Eau;VIOLET;Groupe_Violet;paresseux;25/05/2025;A08;0.140658;357;0;
T03;Remplacer la voiture lors de courts trajets : vélo, trottinette, à pied, transports en commun.;Transport;VIOLET;Groupe_Violet;paresseux;25/05/2025;A03;0.506;0;0;
E02;J’ouvre les volets/rideaux pour profiter de la lumière du jour.;Electricité;VIOLET;Groupe_Violet;paresseux;25/05/2025;A06;0.027408;0;0;
D02;Éviter le gaspillage alimentaire : se servir moins, garder pour plus tard.;Déchets;VIOLET;Groupe_Violet;tortue;25/05/2025;A04;2.453511;0;1.390385;
D04;Dans l'enceinte de l'école, je ramasse les déchets que je vois.;Déchets;VIOLET;Groupe_Violet;tortue;25/05/2025;A02;0.00947;0;0.1;
D03;Je ne jette pas de déchet par terre.;Déchets;VIOLET;Groupe_Violet;tortue;25/05/2025;A01;0.424875;0;4.486538;
B01;Je n'arrache pas les végétaux.;Biodiversité;VIOLET;Groupe_Violet;tortue;25/05/2025;A10;0;0;0;
W05;"Je prends une douche plutôt qu""un bain.";Eau;VIOLET;Groupe_Violet;tortue;25/05/2025;A08;0.140658;357;0;
T03;Remplacer la voiture lors de courts trajets : vélo, trottinette, à pied, transports en commun.;Transport;VIOLET;Groupe_Violet;tortue;25/05/2025;A03;0.506;0;0;
E01;J'éteins la lumière quand je quitte une pièce;Electricité;VIOLET;Groupe_Violet;tortue;25/05/2025;A05;0.027408;0;0;
W03;"Je ferme l""eau quand je me savonne.";Eau;VIOLET;Groupe_Violet;perroquet;05/06/2025;A07;0.004964;12.6;0;
W03;"Ne pas gaspiller l""eau que l’on boit.";Eau;VIOLET;Groupe_Violet;perroquet;05/06/2025;A13;0.004964;12.6;0;
C03;Je consomme des fruits et légumes de saison;Courses;VIOLET;Groupe_Violet;perroquet;05/06/2025;A11;6.932;0;0;
D10;Utiliser moins de plastique pour faire les courses (ou les réutiliser).;Déchets;VIOLET;Groupe_Violet;perroquet;05/06/2025;A12;0.54243;0;0.21;
D10;Réutiliser des bouteilles vides.;Déchets;VIOLET;Groupe_Violet;perroquet;05/06/2025;A14;0.54243;0;0.21;
E01;J'éteins la lumière quand je quitte une pièce;Electricité;VIOLET;Groupe_Violet;perroquet;05/06/2025;A05;0.027408;0;0;
B01;Je n'arrache pas les végétaux.;Biodiversité;VIOLET;Groupe_Violet;perroquet;05/06/2025;A10;0;0;0;
C03;Je consomme des fruits et légumes de saison;Courses;VIOLET;Groupe_Violet;suricate;07/06/2025;A11;6.932;0;0;
D04;Dans l'enceinte de l'école, je ramasse les déchets que je vois.;Déchets;VIOLET;Groupe_Violet;suricate;07/06/2025;A02;0.00947;0;0.1;
D03;Je ne jette pas de déchet par terre.;Déchets;VIOLET;Groupe_Violet;suricate;07/06/2025;A01;0.424875;0;4.486538;
B01;Je n'arrache pas les végétaux.;Biodiversité;VIOLET;Groupe_Violet;suricate;07/06/2025;A10;0;0;0;
W05;"Je prends une douche plutôt qu""un bain.";Eau;VIOLET;Groupe_Violet;suricate;07/06/2025;A08;0.140658;357;0;
D02;Éviter le gaspillage alimentaire : se servir moins, garder pour plus tard.;Déchets;VIOLET;Groupe_Violet;dragon;08/06/2025;A04;2.453511;0;1.390385;
D10;Réutiliser des bouteilles vides.;Déchets;VIOLET;Groupe_Violet;dragon;08/06/2025;A14;0.54243;0;0.21;
D04;Dans l'enceinte de l'école, je ramasse les déchets que je vois.;Déchets;VIOLET;Groupe_Violet;dragon;08/06/2025;A02;0.00947;0;0.1;
D10;Utiliser moins de plastique pour faire les courses (ou les réutiliser).;Déchets;VIOLET;Groupe_Violet;dragon;08/06/2025;A12;0.54243;0;0.21;
D03;Je ne jette pas de déchet par terre.;Déchets;VIOLET;Groupe_Violet;dragon;08/06/2025;A01;0.424875;0;4.486538;
B01;Je n'arrache pas les végétaux.;Biodiversité;VIOLET;Groupe_Violet;dragon;08/06/2025;A10;0;0;0;
B02;"Je n""embête pas les petites bêtes.";Biodiversité;VIOLET;Groupe_Violet;dragon;08/06/2025;A09;0;0;0;
W03;"Je ferme l""eau quand je me savonne.";Eau;VIOLET;Groupe_Violet;dragon;08/06/2025;A07;0.004964;12.6;0;
W05;"Je prends une douche plutôt qu""un bain.";Eau;VIOLET;Groupe_Violet;dragon;08/06/2025;A08;0.140658;357;0;
W03;"Ne pas gaspiller l""eau que l’on boit.";Eau;VIOLET;Groupe_Violet;dragon;08/06/2025;A13;0.004964;12.6;0;
T03;Remplacer la voiture lors de courts trajets : vélo, trottinette, à pied, transports en commun.;Transport;VIOLET;Groupe_Violet;dragon;08/06/2025;A03;0.506;0;0;
E02;J’ouvre les volets/rideaux pour profiter de la lumière du jour.;Electricité;VIOLET;Groupe_Violet;dragon;08/06/2025;A06;0.027408;0;0;
E01;J'éteins la lumière quand je quitte une pièce;Electricité;VIOLET;Groupe_Violet;dragon;08/06/2025;A05;0.027408;0;0;
C03;Je consomme des fruits et légumes de saison;Courses;VIOLET;Groupe_Violet;paresseux;08/06/2025;A11;6.932;0;0;
D02;Éviter le gaspillage alimentaire : se servir moins, garder pour plus tard.;Déchets;VIOLET;Groupe_Violet;paresseux;08/06/2025;A04;2.453511;0;1.390385;
D10;Réutiliser des bouteilles vides.;Déchets;VIOLET;Groupe_Violet;paresseux;08/06/2025;A14;0.54243;0;0.21;
D04;Dans l'enceinte de l'école, je ramasse les déchets que je vois.;Déchets;VIOLET;Groupe_Violet;paresseux;08/06/2025;A02;0.00947;0;0.1;
D10;Utiliser moins de plastique pour faire les courses (ou les réutiliser).;Déchets;VIOLET;Groupe_Violet;paresseux;08/06/2025;A12;0.54243;0;0.21;
D03;Je ne jette pas de déchet par terre.;Déchets;VIOLET;Groupe_Violet;paresseux;08/06/2025;A01;0.424875;0;4.486538;
B02;"Je n""embête pas les petites bêtes.";Biodiversité;VIOLET;Groupe_Violet;paresseux;08/06/2025;A09;0;0;0;
B01;Je n'arrache pas les végétaux.;Biodiversité;VIOLET;Groupe_Violet;paresseux;08/06/2025;A10;0;0;0;
W03;"Je ferme l""eau quand je me savonne.";Eau;VIOLET;Groupe_Violet;paresseux;08/06/2025;A07;0.004964;12.6;0;
W05;"Je prends une douche plutôt qu""un bain.";Eau;VIOLET;Groupe_Violet;paresseux;08/06/2025;A08;0.140658;357;0;
W03;"Ne pas gaspiller l""eau que l’on boit.";Eau;VIOLET;Groupe_Violet;paresseux;08/06/2025;A13;0.004964;12.6;0;
T03;Remplacer la voiture lors de courts trajets : vélo, trottinette, à pied, transports en commun.;Transport;VIOLET;Groupe_Violet;paresseux;08/06/2025;A03;0.506;0;0;
E02;J’ouvre les volets/rideaux pour profiter de la lumière du jour.;Electricité;VIOLET;Groupe_Violet;paresseux;08/06/2025;A06;0.027408;0;0;
E01;J'éteins la lumière quand je quitte une pièce;Electricité;VIOLET;Groupe_Violet;paresseux;08/06/2025;A05;0.027408;0;0;
C03;Je consomme des fruits et légumes de saison;Courses;VIOLET;Groupe_Violet;tortue;09/06/2025;A11;6.932;0;0;
D02;Éviter le gaspillage alimentaire : se servir moins, garder pour plus tard.;Déchets;VIOLET;Groupe_Violet;tortue;09/06/2025;A04;2.453511;0;1.390385;
D10;Réutiliser des bouteilles vides.;Déchets;VIOLET;Groupe_Violet;tortue;09/06/2025;A14;0.54243;0;0.21;
D04;Dans l'enceinte de l'école, je ramasse les déchets que je vois.;Déchets;VIOLET;Groupe_Violet;tortue;09/06/2025;A02;0.00947;0;0.1;
D10;Utiliser moins de plastique pour faire les courses (ou les réutiliser).;Déchets;VIOLET;Groupe_Violet;tortue;09/06/2025;A12;0.54243;0;0.21;
D03;Je ne jette pas de déchet par terre.;Déchets;VIOLET;Groupe_Violet;tortue;09/06/2025;A01;0.424875;0;4.486538;
B02;"Je n""embête pas les petites bêtes.";Biodiversité;VIOLET;Groupe_Violet;tortue;09/06/2025;A09;0;0;0;
B01;Je n'arrache pas les végétaux.;Biodiversité;VIOLET;Groupe_Violet;tortue;09/06/2025;A10;0;0;0;
W03;"Je ferme l""eau quand je me savonne.";Eau;VIOLET;Groupe_Violet;tortue;09/06/2025;A07;0.004964;12.6;0;
W05;"Je prends une douche plutôt qu""un bain.";Eau;VIOLET;Groupe_Violet;tortue;09/06/2025;A08;0.140658;357;0;
W03;"Ne pas gaspiller l""eau que l’on boit.";Eau;VIOLET;Groupe_Violet;tortue;09/06/2025;A13;0.004964;12.6;0;
T03;Remplacer la voiture lors de courts trajets : vélo, trottinette, à pied, transports en commun.;Transport;VIOLET;Groupe_Violet;tortue;09/06/2025;A03;0.506;0;0;
E02;J’ouvre les volets/rideaux pour profiter de la lumière du jour.;Electricité;VIOLET;Groupe_Violet;tortue;09/06/2025;A06;0.027408;0;0;
E01;J'éteins la lumière quand je quitte une pièce;Electricité;VIOLET;Groupe_Violet;tortue;09/06/2025;A05;0.027408;0;0;
C03;Je consomme des fruits et légumes de saison;Courses;VIOLET;Groupe_Violet;poussin;10/06/2025;A11;6.932;0;0;
D02;Éviter le gaspillage alimentaire : se servir moins, garder pour plus tard.;Déchets;VIOLET;Groupe_Violet;poussin;10/06/2025;A04;2.453511;0;1.390385;
D10;Réutiliser des bouteilles vides.;Déchets;VIOLET;Groupe_Violet;poussin;10/06/2025;A14;0.54243;0;0.21;
D04;Dans l'enceinte de l'école, je ramasse les déchets que je vois.;Déchets;VIOLET;Groupe_Violet;poussin;10/06/2025;A02;0.00947;0;0.1;
D10;Utiliser moins de plastique pour faire les courses (ou les réutiliser).;Déchets;VIOLET;Groupe_Violet;poussin;10/06/2025;A12;0.54243;0;0.21;
D03;Je ne jette pas de déchet par terre.;Déchets;VIOLET;Groupe_Violet;poussin;10/06/2025;A01;0.424875;0;4.486538;
B02;"Je n""embête pas les petites bêtes.";Biodiversité;VIOLET;Groupe_Violet;poussin;10/06/2025;A09;0;0;0;
D02;Éviter le gaspillage alimentaire : se servir moins, garder pour plus tard.;Déchets;VIOLET;Groupe_Violet;dragon;29/05/2025;A04;2.453511;0;1.390385;
B01;Je n'arrache pas les végétaux.;Biodiversité;VIOLET;Groupe_Violet;poussin;10/06/2025;A10;0;0;0;
W05;"Je prends une douche plutôt qu""un bain.";Eau;VIOLET;Groupe_Violet;poussin;10/06/2025;A08;0.140658;357;0;
E02;J’ouvre les volets/rideaux pour profiter de la lumière du jour.;Electricité;VIOLET;Groupe_Violet;poussin;10/06/2025;A06;0.027408;0;0;
C03;Je consomme des fruits et légumes de saison;Courses;VIOLET;Groupe_Violet;jaguar;12/06/2025;A11;6.932;0;0;
D10;Réutiliser des bouteilles vides.;Déchets;VIOLET;Groupe_Violet;jaguar;12/06/2025;A14;0.54243;0;0.21;
D10;Utiliser moins de plastique pour faire les courses (ou les réutiliser).;Déchets;VIOLET;Groupe_Violet;jaguar;12/06/2025;A12;0.54243;0;0.21;
B02;"Je n""embête pas les petites bêtes.";Biodiversité;VIOLET;Groupe_Violet;jaguar;12/06/2025;A09;0;0;0;
W03;"Ne pas gaspiller l""eau que l’on boit.";Eau;VIOLET;Groupe_Violet;jaguar;12/06/2025;A13;0.004964;12.6;0;
C03;Je consomme des fruits et légumes de saison;Courses;VIOLET;Groupe_Violet;paresseux;15/06/2025;A11;6.932;0;0;
D10;Réutiliser des bouteilles vides.;Déchets;VIOLET;Groupe_Violet;paresseux;15/06/2025;A14;0.54243;0;0.21;
D10;Utiliser moins de plastique pour faire les courses (ou les réutiliser).;Déchets;VIOLET;Groupe_Violet;paresseux;15/06/2025;A12;0.54243;0;0.21;
B02;"Je n""embête pas les petites bêtes.";Biodiversité;VIOLET;Groupe_Violet;paresseux;15/06/2025;A09;0;0;0;
W03;"Je ferme l""eau quand je me savonne.";Eau;VIOLET;Groupe_Violet;paresseux;15/06/2025;A07;0.004964;12.6;0;
W03;"Ne pas gaspiller l""eau que l’on boit.";Eau;VIOLET;Groupe_Violet;paresseux;15/06/2025;A13;0.004964;12.6;0;
E02;J’ouvre les volets/rideaux pour profiter de la lumière du jour.;Electricité;VIOLET;Groupe_Violet;paresseux;15/06/2025;A06;0.027408;0;0;
D10;Réutiliser des bouteilles vides.;Déchets;VIOLET;Groupe_Violet;chat;15/06/2025;A14;0.54243;0;0.21;
D10;Utiliser moins de plastique pour faire les courses (ou les réutiliser).;Déchets;VIOLET;Groupe_Violet;chat;15/06/2025;A12;0.54243;0;0.21;
B02;"Je n""embête pas les petites bêtes.";Biodiversité;VIOLET;Groupe_Violet;chat;15/06/2025;A09;0;0;0;
W05;"Je prends une douche plutôt qu""un bain.";Eau;VIOLET;Groupe_Violet;chat;15/06/2025;A08;0.140658;357;0;
E02;J’ouvre les volets/rideaux pour profiter de la lumière du jour.;Electricité;VIOLET;Groupe_Violet;chat;15/06/2025;A06;0.027408;0;0;
D02;Éviter le gaspillage alimentaire : se servir moins, garder pour plus tard.;Déchets;VIOLET;Groupe_Violet;tortue;15/06/2025;A04;2.453511;0;1.390385;
D04;Dans l'enceinte de l'école, je ramasse les déchets que je vois.;Déchets;VIOLET;Groupe_Violet;tortue;15/06/2025;A02;0.00947;0;0.1;
D03;Je ne jette pas de déchet par terre.;Déchets;VIOLET;Groupe_Violet;tortue;15/06/2025;A01;0.424875;0;4.486538;
B01;Je n'arrache pas les végétaux.;Biodiversité;VIOLET;Groupe_Violet;tortue;15/06/2025;A10;0;0;0;
W05;"Je prends une douche plutôt qu""un bain.";Eau;VIOLET;Groupe_Violet;tortue;15/06/2025;A08;0.140658;357;0;
T03;Remplacer la voiture lors de courts trajets : vélo, trottinette, à pied, transports en commun.;Transport;VIOLET;Groupe_Violet;tortue;15/06/2025;A03;0.506;0;0;
E01;J'éteins la lumière quand je quitte une pièce;Electricité;VIOLET;Groupe_Violet;tortue;15/06/2025;A05;0.027408;0;0;
D02;Éviter le gaspillage alimentaire : se servir moins, garder pour plus tard.;Déchets;VIOLET;Groupe_Violet;poussin;16/06/2025;A04;2.453511;0;1.390385;
D04;Dans l'enceinte de l'école, je ramasse les déchets que je vois.;Déchets;VIOLET;Groupe_Violet;poussin;16/06/2025;A02;0.00947;0;0.1;
D03;Je ne jette pas de déchet par terre.;Déchets;VIOLET;Groupe_Violet;poussin;16/06/2025;A01;0.424875;0;4.486538;
B01;Je n'arrache pas les végétaux.;Biodiversité;VIOLET;Groupe_Violet;poussin;16/06/2025;A10;0;0;0;
W05;"Je prends une douche plutôt qu""un bain.";Eau;VIOLET;Groupe_Violet;poussin;16/06/2025;A08;0.140658;357;0;
E02;J’ouvre les volets/rideaux pour profiter de la lumière du jour.;Electricité;VIOLET;Groupe_Violet;poussin;16/06/2025;A06;0.027408;0;0;
C03;Je consomme des fruits et légumes de saison;Courses;VIOLET;Groupe_Violet;suricate;16/06/2025;A11;6.932;0;0;
D03;Je ne jette pas de déchet par terre.;Déchets;VIOLET;Groupe_Violet;suricate;16/06/2025;A01;0.424875;0;4.486538;
W05;"Je prends une douche plutôt qu""un bain.";Eau;VIOLET;Groupe_Violet;suricate;16/06/2025;A08;0.140658;357;0;
W03;"Je ferme l""eau quand je me savonne.";Eau;VIOLET;Groupe_Violet;poussin;10/06/2025;A07;0.004964;12.6;0;
W03;"Ne pas gaspiller l""eau que l’on boit.";Eau;VIOLET;Groupe_Violet;poussin;10/06/2025;A13;0.004964;12.6;0;
E01;J'éteins la lumière quand je quitte une pièce;Electricité;VIOLET;Groupe_Violet;poussin;10/06/2025;A05;0.027408;0;0;
C03;Je consomme des fruits et légumes de saison;Courses;VIOLET;Groupe_Violet;dragon;10/06/2025;A11;6.932;0;0;
D04;Dans l'enceinte de l'école, je ramasse les déchets que je vois.;Déchets;VIOLET;Groupe_Violet;dragon;29/05/2025;A02;0.00947;0;0.1;
D03;Je ne jette pas de déchet par terre.;Déchets;VIOLET;Groupe_Violet;dragon;29/05/2025;A01;0.424875;0;4.486538;
B01;Je n'arrache pas les végétaux.;Biodiversité;VIOLET;Groupe_Violet;dragon;29/05/2025;A10;0;0;0;
W05;"Je prends une douche plutôt qu""un bain.";Eau;VIOLET;Groupe_Violet;dragon;29/05/2025;A08;0.140658;357;0;
E02;J’ouvre les volets/rideaux pour profiter de la lumière du jour.;Electricité;VIOLET;Groupe_Violet;dragon;29/05/2025;A06;0.027408;0;0;
C03;Je consomme des fruits et légumes de saison;Courses;VIOLET;Groupe_Violet;jaguar;31/05/2025;A11;6.932;0;0;
D04;Dans l'enceinte de l'école, je ramasse les déchets que je vois.;Déchets;VIOLET;Groupe_Violet;jaguar;31/05/2025;A02;0.00947;0;0.1;
D03;Je ne jette pas de déchet par terre.;Déchets;VIOLET;Groupe_Violet;jaguar;31/05/2025;A01;0.424875;0;4.486538;
W03;"Je ferme l""eau quand je me savonne.";Eau;VIOLET;Groupe_Violet;jaguar;31/05/2025;A07;0.004964;12.6;0;
E02;J’ouvre les volets/rideaux pour profiter de la lumière du jour.;Electricité;VIOLET;Groupe_Violet;jaguar;31/05/2025;A06;0.027408;0;0;
D10;Utiliser moins de plastique pour faire les courses (ou les réutiliser).;Déchets;VIOLET;Groupe_Violet;suricate;31/05/2025;A12;0.54243;0;0.21;
B02;"Je n""embête pas les petites bêtes.";Biodiversité;VIOLET;Groupe_Violet;suricate;31/05/2025;A09;0;0;0;
C03;Je consomme des fruits et légumes de saison;Courses;VIOLET;Groupe_Violet;tortue;01/06/2025;A11;6.932;0;0;
D10;Réutiliser des bouteilles vides.;Déchets;VIOLET;Groupe_Violet;tortue;01/06/2025;A14;0.54243;0;0.21;
D10;Utiliser moins de plastique pour faire les courses (ou les réutiliser).;Déchets;VIOLET;Groupe_Violet;tortue;01/06/2025;A12;0.54243;0;0.21;
B02;"Je n""embête pas les petites bêtes.";Biodiversité;VIOLET;Groupe_Violet;tortue;01/06/2025;A09;0;0;0;
W03;"Je ferme l""eau quand je me savonne.";Eau;VIOLET;Groupe_Violet;tortue;01/06/2025;A07;0.004964;12.6;0;
W03;"Ne pas gaspiller l""eau que l’on boit.";Eau;VIOLET;Groupe_Violet;tortue;01/06/2025;A13;0.004964;12.6;0;
E02;J’ouvre les volets/rideaux pour profiter de la lumière du jour.;Electricité;VIOLET;Groupe_Violet;tortue;01/06/2025;A06;0.027408;0;0;
C03;Je consomme des fruits et légumes de saison;Courses;VIOLET;Groupe_Violet;paresseux;01/06/2025;A11;6.932;0;0;
D10;Réutiliser des bouteilles vides.;Déchets;VIOLET;Groupe_Violet;paresseux;01/06/2025;A14;0.54243;0;0.21;
D10;Utiliser moins de plastique pour faire les courses (ou les réutiliser).;Déchets;VIOLET;Groupe_Violet;paresseux;01/06/2025;A12;0.54243;0;0.21;
B02;"Je n""embête pas les petites bêtes.";Biodiversité;VIOLET;Groupe_Violet;paresseux;01/06/2025;A09;0;0;0;
W03;"Je ferme l""eau quand je me savonne.";Eau;VIOLET;Groupe_Violet;paresseux;01/06/2025;A07;0.004964;12.6;0;
W03;"Ne pas gaspiller l""eau que l’on boit.";Eau;VIOLET;Groupe_Violet;paresseux;01/06/2025;A13;0.004964;12.6;0;
E02;J’ouvre les volets/rideaux pour profiter de la lumière du jour.;Electricité;VIOLET;Groupe_Violet;paresseux;01/06/2025;A06;0.027408;0;0;
C03;Je consomme des fruits et légumes de saison;Courses;VIOLET;Groupe_Violet;girafe;02/06/2025;A11;6.932;0;0;
D10;Réutiliser des bouteilles vides.;Déchets;VIOLET;Groupe_Violet;girafe;02/06/2025;A14;0.54243;0;0.21;
D03;Je ne jette pas de déchet par terre.;Déchets;VIOLET;Groupe_Violet;girafe;02/06/2025;A01;0.424875;0;4.486538;
B01;Je n'arrache pas les végétaux.;Biodiversité;VIOLET;Groupe_Violet;girafe;02/06/2025;A10;0;0;0;
W03;"Ne pas gaspiller l""eau que l’on boit.";Eau;VIOLET;Groupe_Violet;girafe;02/06/2025;A13;0.004964;12.6;0;
E02;J’ouvre les volets/rideaux pour profiter de la lumière du jour.;Electricité;VIOLET;Groupe_Violet;girafe;02/06/2025;A06;0.027408;0;0;
C03;Je consomme des fruits et légumes de saison;Courses;VIOLET;Groupe_Violet;chat;02/06/2025;A11;6.932;0;0;
D10;Réutiliser des bouteilles vides.;Déchets;VIOLET;Groupe_Violet;chat;02/06/2025;A14;0.54243;0;0.21;
D10;Utiliser moins de plastique pour faire les courses (ou les réutiliser).;Déchets;VIOLET;Groupe_Violet;chat;02/06/2025;A12;0.54243;0;0.21;
B02;"Je n""embête pas les petites bêtes.";Biodiversité;VIOLET;Groupe_Violet;chat;02/06/2025;A09;0;0;0;
W03;"Je ferme l""eau quand je me savonne.";Eau;VIOLET;Groupe_Violet;chat;02/06/2025;A07;0.004964;12.6;0;
W03;"Ne pas gaspiller l""eau que l’on boit.";Eau;VIOLET;Groupe_Violet;chat;02/06/2025;A13;0.004964;12.6;0;
E02;J’ouvre les volets/rideaux pour profiter de la lumière du jour.;Electricité;VIOLET;Groupe_Violet;chat;02/06/2025;A06;0.027408;0;0;
C03;Je consomme des fruits et légumes de saison;Courses;VIOLET;Groupe_Violet;poussin;03/06/2025;A11;6.932;0;0;
D04;Dans l'enceinte de l'école, je ramasse les déchets que je vois.;Déchets;VIOLET;Groupe_Violet;poussin;03/06/2025;A02;0.00947;0;0.1;
B02;"Je n""embête pas les petites bêtes.";Biodiversité;VIOLET;Groupe_Violet;poussin;03/06/2025;A09;0;0;0;
W05;"Je prends une douche plutôt qu""un bain.";Eau;VIOLET;Groupe_Violet;poussin;03/06/2025;A08;0.140658;357;0;
E02;J’ouvre les volets/rideaux pour profiter de la lumière du jour.;Electricité;VIOLET;Groupe_Violet;poussin;03/06/2025;A06;0.027408;0;0;
D02;Éviter le gaspillage alimentaire : se servir moins, garder pour plus tard.;Déchets;VIOLET;Groupe_Violet;jaguar;12/06/2025;A04;2.453511;0;1.390385;
D04;Dans l'enceinte de l'école, je ramasse les déchets que je vois.;Déchets;VIOLET;Groupe_Violet;jaguar;12/06/2025;A02;0.00947;0;0.1;
D03;Je ne jette pas de déchet par terre.;Déchets;VIOLET;Groupe_Violet;jaguar;12/06/2025;A01;0.424875;0;4.486538;
W03;"Je ferme l""eau quand je me savonne.";Eau;VIOLET;Groupe_Violet;jaguar;12/06/2025;A07;0.004964;12.6;0;
E02;J’ouvre les volets/rideaux pour profiter de la lumière du jour.;Electricité;VIOLET;Groupe_Violet;jaguar;12/06/2025;A06;0.027408;0;0;
D02;Éviter le gaspillage alimentaire : se servir moins, garder pour plus tard.;Déchets;VIOLET;Groupe_Violet;paresseux;15/06/2025;A04;2.453511;0;1.390385;
D04;Dans l'enceinte de l'école, je ramasse les déchets que je vois.;Déchets;VIOLET;Groupe_Violet;paresseux;15/06/2025;A02;0.00947;0;0.1;
D03;Je ne jette pas de déchet par terre.;Déchets;VIOLET;Groupe_Violet;paresseux;15/06/2025;A01;0.424875;0;4.486538;
B01;Je n'arrache pas les végétaux.;Biodiversité;VIOLET;Groupe_Violet;paresseux;15/06/2025;A10;0;0;0;
W05;"Je prends une douche plutôt qu""un bain.";Eau;VIOLET;Groupe_Violet;paresseux;15/06/2025;A08;0.140658;357;0;
T03;Remplacer la voiture lors de courts trajets : vélo, trottinette, à pied, transports en commun.;Transport;VIOLET;Groupe_Violet;paresseux;15/06/2025;A03;0.506;0;0;
E01;J'éteins la lumière quand je quitte une pièce;Electricité;VIOLET;Groupe_Violet;paresseux;15/06/2025;A05;0.027408;0;0;
D02;Éviter le gaspillage alimentaire : se servir moins, garder pour plus tard.;Déchets;VIOLET;Groupe_Violet;chat;15/06/2025;A04;2.453511;0;1.390385;
D04;Dans l'enceinte de l'école, je ramasse les déchets que je vois.;Déchets;VIOLET;Groupe_Violet;chat;15/06/2025;A02;0.00947;0;0.1;
D03;Je ne jette pas de déchet par terre.;Déchets;VIOLET;Groupe_Violet;chat;15/06/2025;A01;0.424875;0;4.486538;
B01;Je n'arrache pas les végétaux.;Biodiversité;VIOLET;Groupe_Violet;chat;15/06/2025;A10;0;0;0;
W03;"Je ferme l""eau quand je me savonne.";Eau;VIOLET;Groupe_Violet;chat;15/06/2025;A07;0.004964;12.6;0;
W03;"Ne pas gaspiller l""eau que l’on boit.";Eau;VIOLET;Groupe_Violet;chat;15/06/2025;A13;0.004964;12.6;0;
T03;Remplacer la voiture lors de courts trajets : vélo, trottinette, à pied, transports en commun.;Transport;VIOLET;Groupe_Violet;chat;15/06/2025;A03;0.506;0;0;
E01;J'éteins la lumière quand je quitte une pièce;Electricité;VIOLET;Groupe_Violet;chat;15/06/2025;A05;0.027408;0;0;
C03;Je consomme des fruits et légumes de saison;Courses;VIOLET;Groupe_Violet;tortue;15/06/2025;A11;6.932;0;0;
D10;Réutiliser des bouteilles vides.;Déchets;VIOLET;Groupe_Violet;tortue;15/06/2025;A14;0.54243;0;0.21;
D10;Utiliser moins de plastique pour faire les courses (ou les réutiliser).;Déchets;VIOLET;Groupe_Violet;tortue;15/06/2025;A12;0.54243;0;0.21;
B02;"Je n""embête pas les petites bêtes.";Biodiversité;VIOLET;Groupe_Violet;tortue;15/06/2025;A09;0;0;0;
W03;"Je ferme l""eau quand je me savonne.";Eau;VIOLET;Groupe_Violet;tortue;15/06/2025;A07;0.004964;12.6;0;
W03;"Ne pas gaspiller l""eau que l’on boit.";Eau;VIOLET;Groupe_Violet;tortue;15/06/2025;A13;0.004964;12.6;0;
E02;J’ouvre les volets/rideaux pour profiter de la lumière du jour.;Electricité;VIOLET;Groupe_Violet;tortue;15/06/2025;A06;0.027408;0;0;
C03;Je consomme des fruits et légumes de saison;Courses;VIOLET;Groupe_Violet;poussin;16/06/2025;A11;6.932;0;0;
D10;Réutiliser des bouteilles vides.;Déchets;VIOLET;Groupe_Violet;poussin;16/06/2025;A14;0.54243;0;0.21;
D10;Utiliser moins de plastique pour faire les courses (ou les réutiliser).;Déchets;VIOLET;Groupe_Violet;poussin;16/06/2025;A12;0.54243;0;0.21;
B02;"Je n""embête pas les petites bêtes.";Biodiversité;VIOLET;Groupe_Violet;poussin;16/06/2025;A09;0;0;0;
W03;"Je ferme l""eau quand je me savonne.";Eau;VIOLET;Groupe_Violet;poussin;16/06/2025;A07;0.004964;12.6;0;
W03;"Ne pas gaspiller l""eau que l’on boit.";Eau;VIOLET;Groupe_Violet;poussin;16/06/2025;A13;0.004964;12.6;0;
E01;J'éteins la lumière quand je quitte une pièce;Electricité;VIOLET;Groupe_Violet;poussin;16/06/2025;A05;0.027408;0;0;
D04;Dans l'enceinte de l'école, je ramasse les déchets que je vois.;Déchets;VIOLET;Groupe_Violet;suricate;16/06/2025;A02;0.00947;0;0.1;
B02;"Je n""embête pas les petites bêtes.";Biodiversité;VIOLET;Groupe_Violet;suricate;16/06/2025;A09;0;0;0;
C03;Je consomme des fruits et légumes de saison;Courses;VIOLET;Groupe_Violet;jaguar;18/06/2025;A11;6.932;0;0;
D02;Éviter le gaspillage alimentaire : se servir moins, garder pour plus tard.;Déchets;VIOLET;Groupe_Violet;jaguar;18/06/2025;A04;2.453511;0;1.390385;
D10;Réutiliser des bouteilles vides.;Déchets;VIOLET;Groupe_Violet;jaguar;18/06/2025;A14;0.54243;0;0.21;
D04;Dans l'enceinte de l'école, je ramasse les déchets que je vois.;Déchets;VIOLET;Groupe_Violet;jaguar;18/06/2025;A02;0.00947;0;0.1;
D10;Utiliser moins de plastique pour faire les courses (ou les réutiliser).;Déchets;VIOLET;Groupe_Violet;jaguar;18/06/2025;A12;0.54243;0;0.21;
D03;Je ne jette pas de déchet par terre.;Déchets;VIOLET;Groupe_Violet;jaguar;18/06/2025;A01;0.424875;0;4.486538;
B02;"Je n""embête pas les petites bêtes.";Biodiversité;VIOLET;Groupe_Violet;jaguar;18/06/2025;A09;0;0;0;
W03;"Je ferme l""eau quand je me savonne.";Eau;VIOLET;Groupe_Violet;jaguar;18/06/2025;A07;0.004964;12.6;0;
W03;"Ne pas gaspiller l""eau que l’on boit.";Eau;VIOLET;Groupe_Violet;jaguar;18/06/2025;A13;0.004964;12.6;0;
T03;Remplacer la voiture lors de courts trajets : vélo, trottinette, à pied, transports en commun.;Transport;VIOLET;Groupe_Violet;jaguar;18/06/2025;A03;0.506;0;0;
E02;J’ouvre les volets/rideaux pour profiter de la lumière du jour.;Electricité;VIOLET;Groupe_Violet;jaguar;18/06/2025;A06;0.027408;0;0;
E01;J'éteins la lumière quand je quitte une pièce;Electricité;VIOLET;Groupe_Violet;jaguar;18/06/2025;A05;0.027408;0;0;
W05;"Je prends une douche plutôt qu""un bain.";Eau;VIOLET;Groupe_Violet;jaguar;18/06/2025;A08;0.140658;357;0;
C03;Je consomme des fruits et légumes de saison;Courses;VIOLET;Groupe_Violet;suricate;21/06/2025;A11;6.932;0;0;
D04;Dans l'enceinte de l'école, je ramasse les déchets que je vois.;Déchets;VIOLET;Groupe_Violet;suricate;21/06/2025;A02;0.00947;0;0.1;
D03;Je ne jette pas de déchet par terre.;Déchets;VIOLET;Groupe_Violet;suricate;21/06/2025;A01;0.424875;0;4.486538;
W05;"Je prends une douche plutôt qu""un bain.";Eau;VIOLET;Groupe_Violet;suricate;21/06/2025;A08;0.140658;357;0;
C03;Je consomme des fruits et légumes de saison;Courses;VIOLET;Groupe_Violet;chat;22/06/2025;A11;6.932;0;0;
D02;Éviter le gaspillage alimentaire : se servir moins, garder pour plus tard.;Déchets;VIOLET;Groupe_Violet;chat;22/06/2025;A04;2.453511;0;1.390385;
D10;Réutiliser des bouteilles vides.;Déchets;VIOLET;Groupe_Violet;chat;22/06/2025;A14;0.54243;0;0.21;
D04;Dans l'enceinte de l'école, je ramasse les déchets que je vois.;Déchets;VIOLET;Groupe_Violet;chat;22/06/2025;A02;0.00947;0;0.1;
D10;Utiliser moins de plastique pour faire les courses (ou les réutiliser).;Déchets;VIOLET;Groupe_Violet;chat;22/06/2025;A12;0.54243;0;0.21;
D03;Je ne jette pas de déchet par terre.;Déchets;VIOLET;Groupe_Violet;chat;22/06/2025;A01;0.424875;0;4.486538;
B02;"Je n""embête pas les petites bêtes.";Biodiversité;VIOLET;Groupe_Violet;chat;22/06/2025;A09;0;0;0;
B01;Je n'arrache pas les végétaux.;Biodiversité;VIOLET;Groupe_Violet;chat;22/06/2025;A10;0;0;0;
W03;"Je ferme l""eau quand je me savonne.";Eau;VIOLET;Groupe_Violet;chat;22/06/2025;A07;0.004964;12.6;0;
W05;"Je prends une douche plutôt qu""un bain.";Eau;VIOLET;Groupe_Violet;chat;22/06/2025;A08;0.140658;357;0;
W03;"Ne pas gaspiller l""eau que l’on boit.";Eau;VIOLET;Groupe_Violet;chat;22/06/2025;A13;0.004964;12.6;0;
T03;Remplacer la voiture lors de courts trajets : vélo, trottinette, à pied, transports en commun.;Transport;VIOLET;Groupe_Violet;chat;22/06/2025;A03;0.506;0;0;
E02;J’ouvre les volets/rideaux pour profiter de la lumière du jour.;Electricité;VIOLET;Groupe_Violet;chat;22/06/2025;A06;0.027408;0;0;
E01;J'éteins la lumière quand je quitte une pièce;Electricité;VIOLET;Groupe_Violet;chat;22/06/2025;A05;0.027408;0;0;
C03;Je consomme des fruits et légumes de saison;Courses;VIOLET;Groupe_Violet;paresseux;22/06/2025;A11;6.932;0;0;
D02;Éviter le gaspillage alimentaire : se servir moins, garder pour plus tard.;Déchets;VIOLET;Groupe_Violet;paresseux;22/06/2025;A04;2.453511;0;1.390385;
D10;Réutiliser des bouteilles vides.;Déchets;VIOLET;Groupe_Violet;paresseux;22/06/2025;A14;0.54243;0;0.21;
D04;Dans l'enceinte de l'école, je ramasse les déchets que je vois.;Déchets;VIOLET;Groupe_Violet;paresseux;22/06/2025;A02;0.00947;0;0.1;
D10;Utiliser moins de plastique pour faire les courses (ou les réutiliser).;Déchets;VIOLET;Groupe_Violet;paresseux;22/06/2025;A12;0.54243;0;0.21;
D03;Je ne jette pas de déchet par terre.;Déchets;VIOLET;Groupe_Violet;paresseux;22/06/2025;A01;0.424875;0;4.486538;
B02;"Je n""embête pas les petites bêtes.";Biodiversité;VIOLET;Groupe_Violet;paresseux;22/06/2025;A09;0;0;0;
B01;Je n'arrache pas les végétaux.;Biodiversité;VIOLET;Groupe_Violet;paresseux;22/06/2025;A10;0;0;0;
W03;"Je ferme l""eau quand je me savonne.";Eau;VIOLET;Groupe_Violet;paresseux;22/06/2025;A07;0.004964;12.6;0;
W05;"Je prends une douche plutôt qu""un bain.";Eau;VIOLET;Groupe_Violet;paresseux;22/06/2025;A08;0.140658;357;0;
W03;"Ne pas gaspiller l""eau que l’on boit.";Eau;VIOLET;Groupe_Violet;paresseux;22/06/2025;A13;0.004964;12.6;0;
T03;Remplacer la voiture lors de courts trajets : vélo, trottinette, à pied, transports en commun.;Transport;VIOLET;Groupe_Violet;paresseux;22/06/2025;A03;0.506;0;0;
E02;J’ouvre les volets/rideaux pour profiter de la lumière du jour.;Electricité;VIOLET;Groupe_Violet;paresseux;22/06/2025;A06;0.027408;0;0;
E01;J'éteins la lumière quand je quitte une pièce;Electricité;VIOLET;Groupe_Violet;paresseux;22/06/2025;A05;0.027408;0;0;
C03;Je consomme des fruits et légumes de saison;Courses;VIOLET;Groupe_Violet;poussin;22/06/2025;A11;6.932;0;0;
D02;Éviter le gaspillage alimentaire : se servir moins, garder pour plus tard.;Déchets;VIOLET;Groupe_Violet;poussin;22/06/2025;A04;2.453511;0;1.390385;
D10;Réutiliser des bouteilles vides.;Déchets;VIOLET;Groupe_Violet;poussin;22/06/2025;A14;0.54243;0;0.21;
D04;Dans l'enceinte de l'école, je ramasse les déchets que je vois.;Déchets;VIOLET;Groupe_Violet;poussin;22/06/2025;A02;0.00947;0;0.1;
D10;Utiliser moins de plastique pour faire les courses (ou les réutiliser).;Déchets;VIOLET;Groupe_Violet;poussin;22/06/2025;A12;0.54243;0;0.21;
D03;Je ne jette pas de déchet par terre.;Déchets;VIOLET;Groupe_Violet;poussin;22/06/2025;A01;0.424875;0;4.486538;
B02;"Je n""embête pas les petites bêtes.";Biodiversité;VIOLET;Groupe_Violet;poussin;22/06/2025;A09;0;0;0;
B01;Je n'arrache pas les végétaux.;Biodiversité;VIOLET;Groupe_Violet;poussin;22/06/2025;A10;0;0;0;
W03;"Je ferme l""eau quand je me savonne.";Eau;VIOLET;Groupe_Violet;poussin;22/06/2025;A07;0.004964;12.6;0;
W05;"Je prends une douche plutôt qu""un bain.";Eau;VIOLET;Groupe_Violet;poussin;22/06/2025;A08;0.140658;357;0;
W03;"Ne pas gaspiller l""eau que l’on boit.";Eau;VIOLET;Groupe_Violet;poussin;22/06/2025;A13;0.004964;12.6;0;
E02;J’ouvre les volets/rideaux pour profiter de la lumière du jour.;Electricité;VIOLET;Groupe_Violet;poussin;22/06/2025;A06;0.027408;0;0;
E01;J'éteins la lumière quand je quitte une pièce;Electricité;VIOLET;Groupe_Violet;poussin;22/06/2025;A05;0.027408;0;0;
C03;Je consomme des fruits et légumes de saison;Courses;VIOLET;Groupe_Violet;girafe;23/06/2025;A11;6.932;0;0;
D02;Éviter le gaspillage alimentaire : se servir moins, garder pour plus tard.;Déchets;VIOLET;Groupe_Violet;girafe;23/06/2025;A04;2.453511;0;1.390385;
D10;Réutiliser des bouteilles vides.;Déchets;VIOLET;Groupe_Violet;girafe;23/06/2025;A14;0.54243;0;0.21;
D04;Dans l'enceinte de l'école, je ramasse les déchets que je vois.;Déchets;VIOLET;Groupe_Violet;girafe;23/06/2025;A02;0.00947;0;0.1;
D10;Utiliser moins de plastique pour faire les courses (ou les réutiliser).;Déchets;VIOLET;Groupe_Violet;girafe;23/06/2025;A12;0.54243;0;0.21;
D03;Je ne jette pas de déchet par terre.;Déchets;VIOLET;Groupe_Violet;girafe;23/06/2025;A01;0.424875;0;4.486538;
B02;"Je n""embête pas les petites bêtes.";Biodiversité;VIOLET;Groupe_Violet;girafe;23/06/2025;A09;0;0;0;
B01;Je n'arrache pas les végétaux.;Biodiversité;VIOLET;Groupe_Violet;girafe;23/06/2025;A10;0;0;0;
W03;"Je ferme l""eau quand je me savonne.";Eau;VIOLET;Groupe_Violet;girafe;23/06/2025;A07;0.004964;12.6;0;
W05;"Je prends une douche plutôt qu""un bain.";Eau;VIOLET;Groupe_Violet;girafe;23/06/2025;A08;0.140658;357;0;
W03;"Ne pas gaspiller l""eau que l’on boit.";Eau;VIOLET;Groupe_Violet;girafe;23/06/2025;A13;0.004964;12.6;0;
E01;J'éteins la lumière quand je quitte une pièce;Electricité;VIOLET;Groupe_Violet;girafe;23/06/2025;A05;0.027408;0;0;
E02;J’ouvre les volets/rideaux pour profiter de la lumière du jour.;Electricité;VIOLET;Groupe_Violet;girafe;23/06/2025;A06;0.027408;0;0;
C03;Je consomme des fruits et légumes de saison;Courses;VIOLET;Groupe_Violet;dragon;23/06/2025;A11;6.932;0;0;
D10;Réutiliser des bouteilles vides.;Déchets;VIOLET;Groupe_Violet;dragon;23/06/2025;A14;0.54243;0;0.21;
D04;Dans l'enceinte de l'école, je ramasse les déchets que je vois.;Déchets;VIOLET;Groupe_Violet;dragon;23/06/2025;A02;0.00947;0;0.1;
D03;Je ne jette pas de déchet par terre.;Déchets;VIOLET;Groupe_Violet;dragon;23/06/2025;A01;0.424875;0;4.486538;
D10;Utiliser moins de plastique pour faire les courses (ou les réutiliser).;Déchets;VIOLET;Groupe_Violet;dragon;23/06/2025;A12;0.54243;0;0.21;
B01;Je n'arrache pas les végétaux.;Biodiversité;VIOLET;Groupe_Violet;dragon;23/06/2025;A10;0;0;0;
B02;"Je n""embête pas les petites bêtes.";Biodiversité;VIOLET;Groupe_Violet;dragon;23/06/2025;A09;0;0;0;
W03;"Je ferme l""eau quand je me savonne.";Eau;VIOLET;Groupe_Violet;dragon;23/06/2025;A07;0.004964;12.6;0;
W05;"Je prends une douche plutôt qu""un bain.";Eau;VIOLET;Groupe_Violet;dragon;23/06/2025;A08;0.140658;357;0;
W03;"Ne pas gaspiller l""eau que l’on boit.";Eau;VIOLET;Groupe_Violet;dragon;23/06/2025;A13;0.004964;12.6;0;
E02;J’ouvre les volets/rideaux pour profiter de la lumière du jour.;Electricité;VIOLET;Groupe_Violet;dragon;23/06/2025;A06;0.027408;0;0;
E01;J'éteins la lumière quand je quitte une pièce;Electricité;VIOLET;Groupe_Violet;dragon;23/06/2025;A05;0.027408;0;0;
T03;Remplacer la voiture lors de courts trajets : vélo, trottinette, à pied, transports en commun.;Transport;VIOLET;Groupe_Violet;dragon;23/06/2025;A03;0.506;0;0;
C03;Je consomme des fruits et légumes de saison;Courses;VIOLET;Groupe_Violet;pingouin;24/06/2025;A11;6.932;0;0;
D10;Réutiliser des bouteilles vides.;Déchets;VIOLET;Groupe_Violet;pingouin;24/06/2025;A14;0.54243;0;0.21;
D02;Éviter le gaspillage alimentaire : se servir moins, garder pour plus tard.;Déchets;VIOLET;Groupe_Violet;pingouin;24/06/2025;A04;2.453511;0;1.390385;
D03;Je ne jette pas de déchet par terre.;Déchets;VIOLET;Groupe_Violet;pingouin;24/06/2025;A01;0.424875;0;4.486538;
D04;Dans l'enceinte de l'école, je ramasse les déchets que je vois.;Déchets;VIOLET;Groupe_Violet;pingouin;24/06/2025;A02;0.00947;0;0.1;
B02;"Je n""embête pas les petites bêtes.";Biodiversité;VIOLET;Groupe_Violet;pingouin;24/06/2025;A09;0;0;0;
B01;Je n'arrache pas les végétaux.;Biodiversité;VIOLET;Groupe_Violet;pingouin;24/06/2025;A10;0;0;0;
W05;"Je prends une douche plutôt qu""un bain.";Eau;VIOLET;Groupe_Violet;pingouin;24/06/2025;A08;0.140658;357;0;
W03;"Je ferme l""eau quand je me savonne.";Eau;VIOLET;Groupe_Violet;pingouin;24/06/2025;A07;0.004964;12.6;0;
T03;Remplacer la voiture lors de courts trajets : vélo, trottinette, à pied, transports en commun.;Transport;VIOLET;Groupe_Violet;pingouin;24/06/2025;A03;0.506;0;0;
E02;J’ouvre les volets/rideaux pour profiter de la lumière du jour.;Electricité;VIOLET;Groupe_Violet;pingouin;24/06/2025;A06;0.027408;0;0;
E01;J'éteins la lumière quand je quitte une pièce;Electricité;VIOLET;Groupe_Violet;pingouin;24/06/2025;A05;0.027408;0;0;
B02;"Je n""embête pas les petites bêtes.";Biodiversité;VIOLET;Groupe_Violet;dragon;29/06/2025;A09;0;0;0;
W05;"Je prends une douche plutôt qu""un bain.";Eau;VIOLET;Groupe_Violet;dragon;29/06/2025;A08;0.140658;357;0;
T03;Remplacer la voiture lors de courts trajets : vélo, trottinette, à pied, transports en commun.;Transport;VIOLET;Groupe_Violet;dragon;29/06/2025;A03;0.506;0;0;
E01;J'éteins la lumière quand je quitte une pièce;Electricité;VIOLET;Groupe_Violet;dragon;29/06/2025;A05;0.027408;0;0;
D02;Éviter le gaspillage alimentaire : se servir moins, garder pour plus tard.;Déchets;VIOLET;Groupe_Violet;paresseux;29/06/2025;A04;2.453511;0;1.390385;
D04;Dans l'enceinte de l'école, je ramasse les déchets que je vois.;Déchets;VIOLET;Groupe_Violet;paresseux;29/06/2025;A02;0.00947;0;0.1;
D03;Je ne jette pas de déchet par terre.;Déchets;VIOLET;Groupe_Violet;paresseux;29/06/2025;A01;0.424875;0;4.486538;
B01;Je n'arrache pas les végétaux.;Biodiversité;VIOLET;Groupe_Violet;paresseux;29/06/2025;A10;0;0;0;
W05;"Je prends une douche plutôt qu""un bain.";Eau;VIOLET;Groupe_Violet;paresseux;29/06/2025;A08;0.140658;357;0;
T03;Remplacer la voiture lors de courts trajets : vélo, trottinette, à pied, transports en commun.;Transport;VIOLET;Groupe_Violet;paresseux;29/06/2025;A03;0.506;0;0;
E01;J'éteins la lumière quand je quitte une pièce;Electricité;VIOLET;Groupe_Violet;paresseux;29/06/2025;A05;0.027408;0;0;
D02;Éviter le gaspillage alimentaire : se servir moins, garder pour plus tard.;Déchets;VIOLET;Groupe_Violet;jaguar;30/06/2025;A04;2.453511;0;1.390385;
D04;Dans l'enceinte de l'école, je ramasse les déchets que je vois.;Déchets;VIOLET;Groupe_Violet;jaguar;30/06/2025;A02;0.00947;0;0.1;
D03;Je ne jette pas de déchet par terre.;Déchets;VIOLET;Groupe_Violet;jaguar;30/06/2025;A01;0.424875;0;4.486538;
W03;"Je ferme l""eau quand je me savonne.";Eau;VIOLET;Groupe_Violet;jaguar;30/06/2025;A07;0.004964;12.6;0;
W03;"Ne pas gaspiller l""eau que l’on boit.";Eau;VIOLET;Groupe_Violet;jaguar;30/06/2025;A13;0.004964;12.6;0;
C03;Je consomme des fruits et légumes de saison;Courses;VIOLET;Groupe_Violet;dragon;07/07/2025;A11;6.932;0;0;
D10;Réutiliser des bouteilles vides.;Déchets;VIOLET;Groupe_Violet;dragon;07/07/2025;A14;0.54243;0;0.21;
D10;Utiliser moins de plastique pour faire les courses (ou les réutiliser).;Déchets;VIOLET;Groupe_Violet;dragon;07/07/2025;A12;0.54243;0;0.21;
B02;"Je n""embête pas les petites bêtes.";Biodiversité;VIOLET;Groupe_Violet;dragon;07/07/2025;A09;0;0;0;
W03;"Je ferme l""eau quand je me savonne.";Eau;VIOLET;Groupe_Violet;dragon;07/07/2025;A07;0.004964;12.6;0;
W03;"Ne pas gaspiller l""eau que l’on boit.";Eau;VIOLET;Groupe_Violet;dragon;07/07/2025;A13;0.004964;12.6;0;
E02;J’ouvre les volets/rideaux pour profiter de la lumière du jour.;Electricité;VIOLET;Groupe_Violet;dragon;07/07/2025;A06;0.027408;0;0;
W05;"Je prends une douche plutôt qu""un bain.";Eau;VIOLET;Groupe_Violet;licorne;26/07/2025;A08;0.140658;357;0;
W03;"Ne pas gaspiller l""eau que l’on boit.";Eau;VIOLET;Groupe_Violet;licorne;26/07/2025;A13;0.004964;12.6;0;
E02;J’ouvre les volets/rideaux pour profiter de la lumière du jour.;Electricité;VIOLET;Groupe_Violet;licorne;26/07/2025;A06;0.027408;0;0;
C03;Je consomme des fruits et légumes de saison;Courses;VIOLET;Groupe_Violet;licorne;26/07/2025;A11;6.932;0;0;
D04;Dans l'enceinte de l'école, je ramasse les déchets que je vois.;Déchets;VIOLET;Groupe_Violet;licorne;26/07/2025;A02;0.00947;0;0.1;
D03;Je ne jette pas de déchet par terre.;Déchets;VIOLET;Groupe_Violet;licorne;26/07/2025;A01;0.424875;0;4.486538;
C03;Je consomme des fruits et légumes de saison;Courses;VIOLET;Groupe_Violet;chat;28/06/2025;A11;6.932;0;0;
D02;Éviter le gaspillage alimentaire : se servir moins, garder pour plus tard.;Déchets;VIOLET;Groupe_Violet;chat;28/06/2025;A04;2.453511;0;1.390385;
D10;Réutiliser des bouteilles vides.;Déchets;VIOLET;Groupe_Violet;chat;28/06/2025;A14;0.54243;0;0.21;
D04;Dans l'enceinte de l'école, je ramasse les déchets que je vois.;Déchets;VIOLET;Groupe_Violet;chat;28/06/2025;A02;0.00947;0;0.1;
D10;Utiliser moins de plastique pour faire les courses (ou les réutiliser).;Déchets;VIOLET;Groupe_Violet;chat;28/06/2025;A12;0.54243;0;0.21;
D03;Je ne jette pas de déchet par terre.;Déchets;VIOLET;Groupe_Violet;chat;28/06/2025;A01;0.424875;0;4.486538;
B02;"Je n""embête pas les petites bêtes.";Biodiversité;VIOLET;Groupe_Violet;chat;28/06/2025;A09;0;0;0;
B01;Je n'arrache pas les végétaux.;Biodiversité;VIOLET;Groupe_Violet;chat;28/06/2025;A10;0;0;0;
W03;"Je ferme l""eau quand je me savonne.";Eau;VIOLET;Groupe_Violet;chat;28/06/2025;A07;0.004964;12.6;0;
W05;"Je prends une douche plutôt qu""un bain.";Eau;VIOLET;Groupe_Violet;chat;28/06/2025;A08;0.140658;357;0;
W03;"Ne pas gaspiller l""eau que l’on boit.";Eau;VIOLET;Groupe_Violet;chat;28/06/2025;A13;0.004964;12.6;0;
T03;Remplacer la voiture lors de courts trajets : vélo, trottinette, à pied, transports en commun.;Transport;VIOLET;Groupe_Violet;chat;28/06/2025;A03;0.506;0;0;
E02;J’ouvre les volets/rideaux pour profiter de la lumière du jour.;Electricité;VIOLET;Groupe_Violet;chat;28/06/2025;A06;0.027408;0;0;
E01;J'éteins la lumière quand je quitte une pièce;Electricité;VIOLET;Groupe_Violet;chat;28/06/2025;A05;0.027408;0;0;
C03;Je consomme des fruits et légumes de saison;Courses;VIOLET;Groupe_Violet;suricate;29/06/2025;A11;6.932;0;0;
D04;Dans l'enceinte de l'école, je ramasse les déchets que je vois.;Déchets;VIOLET;Groupe_Violet;suricate;29/06/2025;A02;0.00947;0;0.1;
D10;Utiliser moins de plastique pour faire les courses (ou les réutiliser).;Déchets;VIOLET;Groupe_Violet;suricate;29/06/2025;A12;0.54243;0;0.21;
D03;Je ne jette pas de déchet par terre.;Déchets;VIOLET;Groupe_Violet;suricate;29/06/2025;A01;0.424875;0;4.486538;
C03;Je consomme des fruits et légumes de saison;Courses;VIOLET;Groupe_Violet;dragon;29/06/2025;A11;6.932;0;0;
D02;Éviter le gaspillage alimentaire : se servir moins, garder pour plus tard.;Déchets;VIOLET;Groupe_Violet;dragon;29/06/2025;A04;2.453511;0;1.390385;
D10;Réutiliser des bouteilles vides.;Déchets;VIOLET;Groupe_Violet;dragon;29/06/2025;A14;0.54243;0;0.21;
D04;Dans l'enceinte de l'école, je ramasse les déchets que je vois.;Déchets;VIOLET;Groupe_Violet;dragon;29/06/2025;A02;0.00947;0;0.1;
D10;Utiliser moins de plastique pour faire les courses (ou les réutiliser).;Déchets;VIOLET;Groupe_Violet;dragon;29/06/2025;A12;0.54243;0;0.21;
D03;Je ne jette pas de déchet par terre.;Déchets;VIOLET;Groupe_Violet;dragon;29/06/2025;A01;0.424875;0;4.486538;
B01;Je n'arrache pas les végétaux.;Biodiversité;VIOLET;Groupe_Violet;dragon;29/06/2025;A10;0;0;0;
W03;"Je ferme l""eau quand je me savonne.";Eau;VIOLET;Groupe_Violet;dragon;29/06/2025;A07;0.004964;12.6;0;
W03;"Ne pas gaspiller l""eau que l’on boit.";Eau;VIOLET;Groupe_Violet;dragon;29/06/2025;A13;0.004964;12.6;0;
E02;J’ouvre les volets/rideaux pour profiter de la lumière du jour.;Electricité;VIOLET;Groupe_Violet;dragon;29/06/2025;A06;0.027408;0;0;
C03;Je consomme des fruits et légumes de saison;Courses;VIOLET;Groupe_Violet;paresseux;29/06/2025;A11;6.932;0;0;
D10;Réutiliser des bouteilles vides.;Déchets;VIOLET;Groupe_Violet;paresseux;29/06/2025;A14;0.54243;0;0.21;
D10;Utiliser moins de plastique pour faire les courses (ou les réutiliser).;Déchets;VIOLET;Groupe_Violet;paresseux;29/06/2025;A12;0.54243;0;0.21;
B02;"Je n""embête pas les petites bêtes.";Biodiversité;VIOLET;Groupe_Violet;paresseux;29/06/2025;A09;0;0;0;
W03;"Je ferme l""eau quand je me savonne.";Eau;VIOLET;Groupe_Violet;paresseux;29/06/2025;A07;0.004964;12.6;0;
W03;"Ne pas gaspiller l""eau que l’on boit.";Eau;VIOLET;Groupe_Violet;paresseux;29/06/2025;A13;0.004964;12.6;0;
E02;J’ouvre les volets/rideaux pour profiter de la lumière du jour.;Electricité;VIOLET;Groupe_Violet;paresseux;29/06/2025;A06;0.027408;0;0;
C03;Je consomme des fruits et légumes de saison;Courses;VIOLET;Groupe_Violet;jaguar;30/06/2025;A11;6.932;0;0;
D10;Réutiliser des bouteilles vides.;Déchets;VIOLET;Groupe_Violet;jaguar;30/06/2025;A14;0.54243;0;0.21;
D10;Utiliser moins de plastique pour faire les courses (ou les réutiliser).;Déchets;VIOLET;Groupe_Violet;jaguar;30/06/2025;A12;0.54243;0;0.21;
B01;Je n'arrache pas les végétaux.;Biodiversité;VIOLET;Groupe_Violet;jaguar;30/06/2025;A10;0;0;0;
W05;"Je prends une douche plutôt qu""un bain.";Eau;VIOLET;Groupe_Violet;jaguar;30/06/2025;A08;0.140658;357;0;
E02;J’ouvre les volets/rideaux pour profiter de la lumière du jour.;Electricité;VIOLET;Groupe_Violet;jaguar;30/06/2025;A06;0.027408;0;0;
D02;Éviter le gaspillage alimentaire : se servir moins, garder pour plus tard.;Déchets;VIOLET;Groupe_Violet;dragon;07/07/2025;A04;2.453511;0;1.390385;
D04;Dans l'enceinte de l'école, je ramasse les déchets que je vois.;Déchets;VIOLET;Groupe_Violet;dragon;07/07/2025;A02;0.00947;0;0.1;
D03;Je ne jette pas de déchet par terre.;Déchets;VIOLET;Groupe_Violet;dragon;07/07/2025;A01;0.424875;0;4.486538;
B01;Je n'arrache pas les végétaux.;Biodiversité;VIOLET;Groupe_Violet;dragon;07/07/2025;A10;0;0;0;
W05;"Je prends une douche plutôt qu""un bain.";Eau;VIOLET;Groupe_Violet;dragon;07/07/2025;A08;0.140658;357;0;
T03;Remplacer la voiture lors de courts trajets : vélo, trottinette, à pied, transports en commun.;Transport;VIOLET;Groupe_Violet;dragon;07/07/2025;A03;0.506;0;0;
E01;J'éteins la lumière quand je quitte une pièce;Electricité;VIOLET;Groupe_Violet;dragon;07/07/2025;A05;0.027408;0;0;
W03;"Je ferme l""eau quand je me savonne.";Eau;VIOLET;Groupe_Violet;licorne;26/07/2025;A07;0.004964;12.6;0;
T03;Remplacer la voiture lors de courts trajets : vélo, trottinette, à pied, transports en commun.;Transport;VIOLET;Groupe_Violet;licorne;26/07/2025;A03;0.506;0;0;
E01;J'éteins la lumière quand je quitte une pièce;Electricité;VIOLET;Groupe_Violet;licorne;26/07/2025;A05;0.027408;0;0;
D10;Réutiliser des bouteilles vides.;Déchets;VIOLET;Groupe_Violet;licorne;26/07/2025;A14;0.54243;0;0.21;
D10;Utiliser moins de plastique pour faire les courses (ou les réutiliser).;Déchets;VIOLET;Groupe_Violet;licorne;26/07/2025;A12;0.54243;0;0.21;
