Action ref;Action;Category;Team;Group;Children;Date;Eco tCO2e;Eco eau;Eco dechets
W02;Utiliser une seule dose de savon;Courses;ABEILLES;Abeille jaune;abeille12;16/04/2025;0.05;28;0
D10;Ne pas acheter de bouteilles en plastique : boire à la gourde;Déchets;ABEILLES;Abeille jaune;abeille12;16/04/2025;0.54243;0;0.21
D07;Vendre ou donner les vêtements. les objets. les jouets dont on ne veut plus (trop petits…);Déchets;ABEILLES;Abeille jaune;abeille12;16/04/2025;0.017374;2500;0
B02;Ne pas tuer les araignées. les insectes (les mettre dehors…);Biodiversité;ABEILLES;Abeille jaune;abeille12;16/04/2025;0;0;0
W04;Tirer la petite chasse d’eau quand on fait pipi;Eau;ABEILLES;Abeille jaune;abeille12;16/04/2025;0.006501;16.5;0
W02;Couper l’eau quand on se brosse les dents : mettre de l’eau dans un verre pour se rincer;Eau;ABEILLES;Abeille jaune;abeille12;16/04/2025;0.05;28;0
W01;Prendre des douches rapides;Eau;ABEILLES;Abeille jaune;abeille12;16/04/2025;0.25;224;0
E05;Préférer les ampoules à basse consommation;Electricité;ABEILLES;Abeille jaune;abeille12;16/04/2025;0.072803;0;0
E02;Ouvrir les volets et ne pas allumer la lumière quand il fait jour dehors. ou éteindre lorsque la lumière extérieure le permet;Electricité;ABEILLES;Abeille jaune;abeille12;16/04/2025;0.027408;0;0
E10;Faire sécher son linge à l'air libre au lieu d'utiliser le sèche linge chaque fois qu'on peut;Electricité;ABEILLES;Abeille jaune;abeille12;16/04/2025;0.413462;0;0
E01;Eteindre la lumière quand on quitte une pièce. quand on n’en a pas besoin;Electricité;ABEILLES;Abeille jaune;abeille12;16/04/2025;0.027408;0;0
C06;Faire ses repas, gouter, compotes sois même plutôt que d’acheter des plats préparés;Courses;ABEILLES;Abeille jaune;abeille4;07/04/2025;1.260407;0;0.180058
C03;Acheter des fruits ou légumes de saison;Courses;ABEILLES;Abeille jaune;abeille4;07/04/2025;6.932;0;0
W02;Utiliser une seule dose de savon;Courses;ABEILLES;Abeille jaune;abeille4;07/04/2025;0.05;28;0
E02;Ouvrir les volets et ne pas allumer la lumière quand il fait jour dehors. ou éteindre lorsque la lumière extérieure le permet;Electricité;ABEILLES;Abeille jaune;abeille4;07/04/2025;0.027408;0;0
E01;Eteindre la lumière quand on quitte une pièce. quand on n’en a pas besoin;Electricité;ABEILLES;Abeille jaune;abeille4;07/04/2025;0.027408;0;0
T06;Couper le moteur de la voiture quand elle ne roule pas;Transport;ABEILLES;Abeille jaune;abeille4;07/04/2025;1.518;0;0
W02;Utiliser une seule dose de savon;Courses;ABEILLES;Abeille jaune;abeille5;07/04/2025;0.05;28;0
D08;Utiliser les bacs de tri;Déchets;ABEILLES;Abeille jaune;abeille5;07/04/2025;0.866962;0;0
D03;Ne pas jeter de déchets dans la nature (chewing-gums. sacs. canettes. bouteilles…);Déchets;ABEILLES;Abeille jaune;abeille5;07/04/2025;0.424875;0;4.486538
B02;Ne pas tuer les araignées. les insectes (les mettre dehors…);Biodiversité;ABEILLES;Abeille jaune;abeille5;07/04/2025;0;0;0
W04;Tirer la petite chasse d’eau quand on fait pipi;Eau;ABEILLES;Abeille jaune;abeille5;07/04/2025;0.006501;16.5;0
W02;Couper l’eau quand on se brosse les dents : mettre de l’eau dans un verre pour se rincer;Eau;ABEILLES;Abeille jaune;abeille5;07/04/2025;0.05;28;0
W01;Prendre des douches rapides;Eau;ABEILLES;Abeille jaune;abeille5;07/04/2025;0.25;224;0
T06;Couper le moteur de la voiture quand elle ne roule pas;Transport;ABEILLES;Abeille jaune;abeille5;07/04/2025;1.518;0;0
T04;Faire du covoiturage;Transport;ABEILLES;Abeille jaune;abeille5;07/04/2025;0.506;0;0
E06;Préférer les piles rechargeables;Electricité;ABEILLES;Abeille jaune;abeille5;07/04/2025;0.097538;0;0
E05;Préférer les ampoules à basse consommation;Electricité;ABEILLES;Abeille jaune;abeille5;07/04/2025;0.072803;0;0
E04;Eteindre les écrans (ordinateur. télévision. …) pour diminuer la consommation d’électricité;Electricité;ABEILLES;Abeille jaune;abeille5;07/04/2025;0.15988;0;1
E02;Ouvrir les volets et ne pas allumer la lumière quand il fait jour dehors. ou éteindre lorsque la lumière extérieure le permet;Electricité;ABEILLES;Abeille jaune;abeille5;07/04/2025;0.027408;0;0
E08;Eteindre le chauffage lorsqu’on aère une pièce;Electricité;ABEILLES;Abeille jaune;abeille5;07/04/2025;0.000173;0;0
E01;Eteindre la lumière quand on quitte une pièce. quand on n’en a pas besoin;Electricité;ABEILLES;Abeille jaune;abeille5;07/04/2025;0.027408;0;0
C06;Faire ses repas, gouter, compotes sois même plutôt que d’acheter des plats préparés;Courses;ABEILLES;Abeille jaune;abeille5;07/04/2025;1.260407;0;0.180058
C05;Faire soi-même ses produits d’entretien pour éviter les emballages;Courses;ABEILLES;Abeille jaune;abeille5;07/04/2025;0.006;0;0.03
C03;Acheter des fruits ou légumes de saison;Courses;ABEILLES;Abeille jaune;abeille5;07/04/2025;6.932;0;0
W03;Ne pas faire couler l’eau trop longtemps quand on se lave les mains;Eau;ABEILLES;Abeille jaune;abeille5;07/04/2025;0.004964;12.6;0
W05;Prendre une douche plutôt qu’un bain;Eau;ABEILLES;Abeille jaune;abeille5;07/04/2025;0.140658;357;0
B01;Ne pas cueillir de plante dans la nature;Biodiversité;ABEILLES;Abeille jaune;abeille5;07/04/2025;0;0;0
E11;Couvrir les casseroles lorsqu’on fait bouillir de l’eau ou pour cuire…;Electricité;ABEILLES;Abeille jaune;abeille5;07/04/2025;0.00293;0;0
E10;Faire sécher son linge à l'air libre au lieu d'utiliser le sèche linge chaque fois qu'on peut;Electricité;ABEILLES;Abeille jaune;abeille5;07/04/2025;0.413462;0;0
C03;Acheter des fruits ou légumes de saison;Courses;ABEILLES;Abeille jaune;abeille3;07/04/2025;6.932;0;0
C06;Faire ses repas, gouter, compotes sois même plutôt que d’acheter des plats préparés;Courses;ABEILLES;Abeille jaune;abeille3;07/04/2025;1.260407;0;0.180058
W02;Utiliser une seule dose de savon;Courses;ABEILLES;Abeille jaune;abeille3;07/04/2025;0.05;28;0
D08;Utiliser les bacs de tri;Déchets;ABEILLES;Abeille jaune;abeille3;07/04/2025;0.866962;0;0
D07;Vendre ou donner les vêtements. les objets. les jouets dont on ne veut plus (trop petits…);Déchets;ABEILLES;Abeille jaune;abeille3;07/04/2025;0.017374;2500;0
D03;Ne pas jeter de déchets dans la nature (chewing-gums. sacs. canettes. bouteilles…);Déchets;ABEILLES;Abeille jaune;abeille3;07/04/2025;0.424875;0;4.486538
W07;Vider le reste de sa gourde dans les plantes;Eau;ABEILLES;Abeille jaune;abeille3;07/04/2025;0;0.000013;0
W05;Prendre une douche plutôt qu’un bain;Eau;ABEILLES;Abeille jaune;abeille3;07/04/2025;0.140658;357;0
W02;Couper l’eau quand on se brosse les dents : mettre de l’eau dans un verre pour se rincer;Eau;ABEILLES;Abeille jaune;abeille3;07/04/2025;0.05;28;0
E06;Préférer les piles rechargeables;Electricité;ABEILLES;Abeille jaune;abeille3;07/04/2025;0.097538;0;0
E11;Couvrir les casseroles lorsqu’on fait bouillir de l’eau ou pour cuire…;Electricité;ABEILLES;Abeille jaune;abeille3;07/04/2025;0.00293;0;0
E05;Préférer les ampoules à basse consommation;Electricité;ABEILLES;Abeille jaune;abeille3;07/04/2025;0.072803;0;0
E01;Eteindre la lumière quand on quitte une pièce. quand on n’en a pas besoin;Electricité;ABEILLES;Abeille jaune;abeille3;07/04/2025;0.027408;0;0
C05;Faire soi-même ses produits d’entretien pour éviter les emballages;Courses;ABEILLES;Abeille jaune;abeille3;07/04/2025;0.006;0;0.03
D11;Acheter des produits en vrac. éviter les emballages individuels…;Déchets;ABEILLES;Abeille jaune;abeille3;07/04/2025;0.38;0;0.67
D15;Economiser les mouchoirs en papier. l'essuie-tout et le papier toilette;Déchets;ABEILLES;Abeille jaune;abeille3;07/04/2025;0.009591;0;0.8
D04;Ramasser les papiers et les déchets par terre pour les mettre à la poubelle;Déchets;ABEILLES;Abeille jaune;abeille3;07/04/2025;0.00947;0;0.1
B02;Ne pas tuer les araignées. les insectes (les mettre dehors…);Biodiversité;ABEILLES;Abeille jaune;abeille3;07/04/2025;0;0;0
W03;Ne pas faire couler l’eau trop longtemps quand on se lave les mains;Eau;ABEILLES;Abeille jaune;abeille3;07/04/2025;0.004964;12.6;0
W04;Tirer la petite chasse d’eau quand on fait pipi;Eau;ABEILLES;Abeille jaune;abeille3;07/04/2025;0.006501;16.5;0
W01;Prendre des douches rapides;Eau;ABEILLES;Abeille jaune;abeille3;07/04/2025;0.25;224;0
E04;Eteindre les écrans (ordinateur. télévision. …) pour diminuer la consommation d’électricité;Electricité;ABEILLES;Abeille jaune;abeille3;07/04/2025;0.15988;0;1
E08;Eteindre le chauffage lorsqu’on aère une pièce;Electricité;ABEILLES;Abeille jaune;abeille3;07/04/2025;0.000173;0;0
E02;Ouvrir les volets et ne pas allumer la lumière quand il fait jour dehors. ou éteindre lorsque la lumière extérieure le permet;Electricité;ABEILLES;Abeille jaune;abeille3;07/04/2025;0.027408;0;0
C06;Faire ses repas, gouter, compotes sois même plutôt que d’acheter des plats préparés;Courses;ABEILLES;Abeille jaune;abeille12;08/04/2025;1.260407;0;0.180058
C05;Faire soi-même ses produits d’entretien pour éviter les emballages;Courses;ABEILLES;Abeille jaune;abeille12;08/04/2025;0.006;0;0.03
D10;Ne pas acheter de bouteilles en plastique : boire à la gourde;Déchets;ABEILLES;Abeille jaune;abeille12;08/04/2025;0.54243;0;0.21
D08;Utiliser les bacs de tri;Déchets;ABEILLES;Abeille jaune;abeille12;08/04/2025;0.866962;0;0
D07;Vendre ou donner les vêtements. les objets. les jouets dont on ne veut plus (trop petits…);Déchets;ABEILLES;Abeille jaune;abeille12;08/04/2025;0.017374;2500;0
D06;Prendre soin de ses affaires pour les faire durer plus longtemps (reboucher les feutres… ne pas casser. ne pas lancer…);Déchets;ABEILLES;Abeille jaune;abeille12;08/04/2025;0.017374;0;0.183462
D03;Ne pas jeter de déchets dans la nature (chewing-gums. sacs. canettes. bouteilles…);Déchets;ABEILLES;Abeille jaune;abeille12;08/04/2025;0.424875;0;4.486538
B03;Donner à manger aux oiseaux dans son jardin ou sur son balcon;Biodiversité;ABEILLES;Abeille jaune;abeille12;08/04/2025;0;0;0
B02;Ne pas tuer les araignées. les insectes (les mettre dehors…);Biodiversité;ABEILLES;Abeille jaune;abeille12;08/04/2025;0;0;0
W07;Vider le reste de sa gourde dans les plantes;Eau;ABEILLES;Abeille jaune;abeille12;08/04/2025;0;0.000013;0
W04;Tirer la petite chasse d’eau quand on fait pipi;Eau;ABEILLES;Abeille jaune;abeille12;08/04/2025;0.006501;16.5;0
W02;Couper l’eau quand on se brosse les dents : mettre de l’eau dans un verre pour se rincer;Eau;ABEILLES;Abeille jaune;abeille12;08/04/2025;0.05;28;0
W05;Prendre une douche plutôt qu’un bain;Eau;ABEILLES;Abeille jaune;abeille12;08/04/2025;0.140658;357;0
W01;Prendre des douches rapides;Eau;ABEILLES;Abeille jaune;abeille12;08/04/2025;0.25;224;0
T06;Couper le moteur de la voiture quand elle ne roule pas;Transport;ABEILLES;Abeille jaune;abeille12;08/04/2025;1.518;0;0
T03;Préférer la marche ou le vélo plutôt que la voiture;Transport;ABEILLES;Abeille jaune;abeille12;08/04/2025;0.506;0;0
E05;Préférer les ampoules à basse consommation;Electricité;ABEILLES;Abeille jaune;abeille12;08/04/2025;0.072803;0;0
E04;Eteindre les écrans (ordinateur. télévision. …) pour diminuer la consommation d’électricité;Electricité;ABEILLES;Abeille jaune;abeille12;08/04/2025;0.15988;0;1
E02;Ouvrir les volets et ne pas allumer la lumière quand il fait jour dehors. ou éteindre lorsque la lumière extérieure le permet;Electricité;ABEILLES;Abeille jaune;abeille12;08/04/2025;0.027408;0;0
E11;Couvrir les casseroles lorsqu’on fait bouillir de l’eau ou pour cuire…;Electricité;ABEILLES;Abeille jaune;abeille12;08/04/2025;0.00293;0;0
E10;Faire sécher son linge à l'air libre au lieu d'utiliser le sèche linge chaque fois qu'on peut;Electricité;ABEILLES;Abeille jaune;abeille12;08/04/2025;0.413462;0;0
E08;Eteindre le chauffage lorsqu’on aère une pièce;Electricité;ABEILLES;Abeille jaune;abeille12;08/04/2025;0.000173;0;0
C03;Acheter des fruits ou légumes de saison;Courses;ABEILLES;Abeille jaune;abeille1;14/04/2025;6.932;0;0
E05;Préférer les ampoules à basse consommation;Electricité;ABEILLES;Abeille jaune;abeille1;14/04/2025;0.072803;0;0
E02;Ouvrir les volets et ne pas allumer la lumière quand il fait jour dehors. ou éteindre lorsque la lumière extérieure le permet;Electricité;ABEILLES;Abeille jaune;abeille1;14/04/2025;0.027408;0;0
E10;Faire sécher son linge à l'air libre au lieu d'utiliser le sèche linge chaque fois qu'on peut;Electricité;ABEILLES;Abeille jaune;abeille1;14/04/2025;0.413462;0;0
D10;Ne pas acheter de bouteilles en plastique : boire à la gourde;Déchets;ABEILLES;Abeille jaune;abeille1;14/04/2025;0.54243;0;0.21
D07;Vendre ou donner les vêtements. les objets. les jouets dont on ne veut plus (trop petits…);Déchets;ABEILLES;Abeille jaune;abeille1;14/04/2025;0.017374;2500;0
D03;Ne pas jeter de déchets dans la nature (chewing-gums. sacs. canettes. bouteilles…);Déchets;ABEILLES;Abeille jaune;abeille1;14/04/2025;0.424875;0;4.486538
W04;Tirer la petite chasse d’eau quand on fait pipi;Eau;ABEILLES;Abeille jaune;abeille1;14/04/2025;0.006501;16.5;0
W05;Prendre une douche plutôt qu’un bain;Eau;ABEILLES;Abeille jaune;abeille1;14/04/2025;0.140658;357;0
D15;Economiser les mouchoirs en papier. l'essuie-tout et le papier toilette;Déchets;ABEILLES;Abeille jaune;abeille12;09/04/2025;0.009591;0;0.8
D10;Ne pas acheter de bouteilles en plastique : boire à la gourde;Déchets;ABEILLES;Abeille jaune;abeille12;09/04/2025;0.54243;0;0.21
D09;Faire du compost avec les déchets végétaux ou donner les restes alimentaires aux poules…;Déchets;ABEILLES;Abeille jaune;abeille12;09/04/2025;0.0623;0;1.75
D08;Utiliser les bacs de tri;Déchets;ABEILLES;Abeille jaune;abeille12;09/04/2025;0.866962;0;0
D07;Vendre ou donner les vêtements. les objets. les jouets dont on ne veut plus (trop petits…);Déchets;ABEILLES;Abeille jaune;abeille12;09/04/2025;0.017374;2500;0
D06;Prendre soin de ses affaires pour les faire durer plus longtemps (reboucher les feutres… ne pas casser. ne pas lancer…);Déchets;ABEILLES;Abeille jaune;abeille12;09/04/2025;0.017374;0;0.183462
D03;Ne pas jeter de déchets dans la nature (chewing-gums. sacs. canettes. bouteilles…);Déchets;ABEILLES;Abeille jaune;abeille12;09/04/2025;0.424875;0;4.486538
D02;Tout manger ce qu’il y a dans nos assiettes (cantine/maison);Déchets;ABEILLES;Abeille jaune;abeille12;09/04/2025;2.453511;0;1.390385
B01;Ne pas cueillir de plante dans la nature;Biodiversité;ABEILLES;Abeille jaune;abeille12;09/04/2025;0;0;0
W04;Tirer la petite chasse d’eau quand on fait pipi;Eau;ABEILLES;Abeille jaune;abeille12;09/04/2025;0.006501;16.5;0
W02;Couper l’eau quand on se brosse les dents : mettre de l’eau dans un verre pour se rincer;Eau;ABEILLES;Abeille jaune;abeille12;09/04/2025;0.05;28;0
W05;Prendre une douche plutôt qu’un bain;Eau;ABEILLES;Abeille jaune;abeille12;09/04/2025;0.140658;357;0
W01;Prendre des douches rapides;Eau;ABEILLES;Abeille jaune;abeille12;09/04/2025;0.25;224;0
T03;Préférer la marche ou le vélo plutôt que la voiture;Transport;ABEILLES;Abeille jaune;abeille12;09/04/2025;0.506;0;0
T06;Couper le moteur de la voiture quand elle ne roule pas;Transport;ABEILLES;Abeille jaune;abeille12;09/04/2025;1.518;0;0
T04;Faire du covoiturage;Transport;ABEILLES;Abeille jaune;abeille12;09/04/2025;0.506;0;0
E05;Préférer les ampoules à basse consommation;Electricité;ABEILLES;Abeille jaune;abeille12;09/04/2025;0.072803;0;0
E02;Ouvrir les volets et ne pas allumer la lumière quand il fait jour dehors. ou éteindre lorsque la lumière extérieure le permet;Electricité;ABEILLES;Abeille jaune;abeille12;09/04/2025;0.027408;0;0
E11;Couvrir les casseroles lorsqu’on fait bouillir de l’eau ou pour cuire…;Electricité;ABEILLES;Abeille jaune;abeille12;09/04/2025;0.00293;0;0
E10;Faire sécher son linge à l'air libre au lieu d'utiliser le sèche linge chaque fois qu'on peut;Electricité;ABEILLES;Abeille jaune;abeille12;09/04/2025;0.413462;0;0
E08;Eteindre le chauffage lorsqu’on aère une pièce;Electricité;ABEILLES;Abeille jaune;abeille12;09/04/2025;0.000173;0;0
E01;Eteindre la lumière quand on quitte une pièce. quand on n’en a pas besoin;Electricité;ABEILLES;Abeille jaune;abeille12;09/04/2025;0.027408;0;0
W04;Tirer la petite chasse d’eau quand on fait pipi;Eau;ABEILLES;Abeille jaune;abeille13;10/04/2025;0.006501;16.5;0
W07;Vider le reste de sa gourde dans les plantes;Eau;ABEILLES;Abeille jaune;abeille13;10/04/2025;0;0.000013;0
W03;Ne pas faire couler l’eau trop longtemps quand on se lave les mains;Eau;ABEILLES;Abeille jaune;abeille13;10/04/2025;0.004964;12.6;0
W05;Prendre une douche plutôt qu’un bain;Eau;ABEILLES;Abeille jaune;abeille13;10/04/2025;0.140658;357;0
W01;Prendre des douches rapides;Eau;ABEILLES;Abeille jaune;abeille13;10/04/2025;0.25;224;0
W02;Couper l’eau quand on se brosse les dents : mettre de l’eau dans un verre pour se rincer;Eau;ABEILLES;Abeille jaune;abeille13;10/04/2025;0.05;28;0
B04;Faire un jardin potager;Biodiversité;ABEILLES;Abeille jaune;abeille13;10/04/2025;4.48;0;0
B01;Ne pas cueillir de plante dans la nature;Biodiversité;ABEILLES;Abeille jaune;abeille13;10/04/2025;0;0;0
B02;Ne pas tuer les araignées. les insectes (les mettre dehors…);Biodiversité;ABEILLES;Abeille jaune;abeille13;10/04/2025;0;0;0
D02;Tout manger ce qu’il y a dans nos assiettes (cantine/maison);Déchets;ABEILLES;Abeille jaune;abeille13;10/04/2025;2.453511;0;1.390385
D03;Ne pas jeter de déchets dans la nature (chewing-gums. sacs. canettes. bouteilles…);Déchets;ABEILLES;Abeille jaune;abeille13;10/04/2025;0.424875;0;4.486538
D01;Limiter l'utilisation du papier : Utiliser les feuilles des 2 côtés / faire du brouillon / Utiliser l'ardoise pour chercher / Prendre du papier recyclé…;Déchets;ABEILLES;Abeille jaune;abeille13;10/04/2025;0.009641;0;0.8
D06;Prendre soin de ses affaires pour les faire durer plus longtemps (reboucher les feutres… ne pas casser. ne pas lancer…);Déchets;ABEILLES;Abeille jaune;abeille13;10/04/2025;0.017374;0;0.183462
D08;Utiliser les bacs de tri;Déchets;ABEILLES;Abeille jaune;abeille13;10/04/2025;0.866962;0;0
D07;Vendre ou donner les vêtements. les objets. les jouets dont on ne veut plus (trop petits…);Déchets;ABEILLES;Abeille jaune;abeille13;10/04/2025;0.017374;2500;0
W02;Utiliser une seule dose de savon;Courses;ABEILLES;Abeille jaune;abeille13;10/04/2025;0.05;28;0
C03;Acheter des fruits ou légumes de saison;Courses;ABEILLES;Abeille jaune;abeille13;10/04/2025;6.932;0;0
E02;Ouvrir les volets et ne pas allumer la lumière quand il fait jour dehors. ou éteindre lorsque la lumière extérieure le permet;Electricité;ABEILLES;Abeille jaune;abeille13;10/04/2025;0.027408;0;0
E11;Couvrir les casseroles lorsqu’on fait bouillir de l’eau ou pour cuire…;Electricité;ABEILLES;Abeille jaune;abeille13;10/04/2025;0.00293;0;0
E08;Eteindre le chauffage lorsqu’on aère une pièce;Electricité;ABEILLES;Abeille jaune;abeille13;10/04/2025;0.000173;0;0
E05;Préférer les ampoules à basse consommation;Electricité;ABEILLES;Abeille jaune;abeille13;10/04/2025;0.072803;0;0
C05;Faire soi-même ses produits d’entretien pour éviter les emballages;Courses;ABEILLES;Abeille jaune;abeille12;10/04/2025;0.006;0;0.03
W07;Vider le reste de sa gourde dans les plantes;Eau;ABEILLES;Abeille jaune;abeille12;10/04/2025;0;0.000013;0
E04;Eteindre les écrans (ordinateur. télévision. …) pour diminuer la consommation d’électricité;Electricité;ABEILLES;Abeille jaune;abeille12;10/04/2025;0.15988;0;1
W02;Utiliser une seule dose de savon;Courses;ABEILLES;Abeille jaune;abeille1;14/04/2025;0.05;28;0
E04;Eteindre les écrans (ordinateur. télévision. …) pour diminuer la consommation d’électricité;Electricité;ABEILLES;Abeille jaune;abeille1;14/04/2025;0.15988;0;1
E08;Eteindre le chauffage lorsqu’on aère une pièce;Electricité;ABEILLES;Abeille jaune;abeille1;14/04/2025;0.000173;0;0
E01;Eteindre la lumière quand on quitte une pièce. quand on n’en a pas besoin;Electricité;ABEILLES;Abeille jaune;abeille1;14/04/2025;0.027408;0;0
D08;Utiliser les bacs de tri;Déchets;ABEILLES;Abeille jaune;abeille1;14/04/2025;0.866962;0;0
D06;Prendre soin de ses affaires pour les faire durer plus longtemps (reboucher les feutres… ne pas casser. ne pas lancer…);Déchets;ABEILLES;Abeille jaune;abeille1;14/04/2025;0.017374;0;0.183462
B01;Ne pas cueillir de plante dans la nature;Biodiversité;ABEILLES;Abeille jaune;abeille1;14/04/2025;0;0;0
W02;Couper l’eau quand on se brosse les dents : mettre de l’eau dans un verre pour se rincer;Eau;ABEILLES;Abeille jaune;abeille1;14/04/2025;0.05;28;0
B01;Ne pas cueillir de plante dans la nature;Biodiversité;ABEILLES;Abeille jaune;abeille1;19/04/2025;0;0;0
W03;Ne pas faire couler l’eau trop longtemps quand on se lave les mains;Eau;ABEILLES;Abeille jaune;abeille1;19/04/2025;0.004964;12.6;0
W05;Prendre une douche plutôt qu’un bain;Eau;ABEILLES;Abeille jaune;abeille1;19/04/2025;0.140658;357;0
E05;Préférer les ampoules à basse consommation;Electricité;ABEILLES;Abeille jaune;abeille1;19/04/2025;0.072803;0;0
E02;Ouvrir les volets et ne pas allumer la lumière quand il fait jour dehors. ou éteindre lorsque la lumière extérieure le permet;Electricité;ABEILLES;Abeille jaune;abeille1;19/04/2025;0.027408;0;0
E08;Eteindre le chauffage lorsqu’on aère une pièce;Electricité;ABEILLES;Abeille jaune;abeille1;19/04/2025;0.000173;0;0
C06;Faire ses repas, gouter, compotes sois même plutôt que d’acheter des plats préparés;Courses;ABEILLES;Abeille jaune;abeille13;10/04/2025;1.260407;0;0.180058
E04;Eteindre les écrans (ordinateur. télévision. …) pour diminuer la consommation d’électricité;Electricité;ABEILLES;Abeille jaune;abeille13;10/04/2025;0.15988;0;1
E10;Faire sécher son linge à l'air libre au lieu d'utiliser le sèche linge chaque fois qu'on peut;Electricité;ABEILLES;Abeille jaune;abeille13;10/04/2025;0.413462;0;0
E01;Eteindre la lumière quand on quitte une pièce. quand on n’en a pas besoin;Electricité;ABEILLES;Abeille jaune;abeille13;10/04/2025;0.027408;0;0
T06;Couper le moteur de la voiture quand elle ne roule pas;Transport;ABEILLES;Abeille jaune;abeille13;10/04/2025;1.518;0;0
C06;Faire ses repas, gouter, compotes sois même plutôt que d’acheter des plats préparés;Courses;ABEILLES;Abeille jaune;abeille12;10/04/2025;1.260407;0;0.180058
B02;Ne pas tuer les araignées. les insectes (les mettre dehors…);Biodiversité;ABEILLES;Abeille jaune;abeille12;10/04/2025;0;0;0
W03;Ne pas faire couler l’eau trop longtemps quand on se lave les mains;Eau;ABEILLES;Abeille jaune;abeille12;10/04/2025;0.004964;12.6;0
C05;Faire soi-même ses produits d’entretien pour éviter les emballages;Courses;ABEILLES;Abeille jaune;abeille8;13/04/2025;0.006;0;0.03
C03;Acheter des fruits ou légumes de saison;Courses;ABEILLES;Abeille jaune;abeille8;13/04/2025;6.932;0;0
D10;Ne pas acheter de bouteilles en plastique : boire à la gourde;Déchets;ABEILLES;Abeille jaune;abeille8;13/04/2025;0.54243;0;0.21
D09;Faire du compost avec les déchets végétaux ou donner les restes alimentaires aux poules…;Déchets;ABEILLES;Abeille jaune;abeille8;13/04/2025;0.0623;0;1.75
D08;Utiliser les bacs de tri;Déchets;ABEILLES;Abeille jaune;abeille8;13/04/2025;0.866962;0;0
D07;Vendre ou donner les vêtements. les objets. les jouets dont on ne veut plus (trop petits…);Déchets;ABEILLES;Abeille jaune;abeille8;13/04/2025;0.017374;2500;0
D06;Prendre soin de ses affaires pour les faire durer plus longtemps (reboucher les feutres… ne pas casser. ne pas lancer…);Déchets;ABEILLES;Abeille jaune;abeille8;13/04/2025;0.017374;0;0.183462
D04;Ramasser les papiers et les déchets par terre pour les mettre à la poubelle;Déchets;ABEILLES;Abeille jaune;abeille8;13/04/2025;0.00947;0;0.1
D03;Ne pas jeter de déchets dans la nature (chewing-gums. sacs. canettes. bouteilles…);Déchets;ABEILLES;Abeille jaune;abeille8;13/04/2025;0.424875;0;4.486538
D02;Tout manger ce qu’il y a dans nos assiettes (cantine/maison);Déchets;ABEILLES;Abeille jaune;abeille8;13/04/2025;2.453511;0;1.390385
D01;Limiter l'utilisation du papier : Utiliser les feuilles des 2 côtés / faire du brouillon / Utiliser l'ardoise pour chercher / Prendre du papier recyclé…;Déchets;ABEILLES;Abeille jaune;abeille8;13/04/2025;0.009641;0;0.8
B04;Faire un jardin potager;Biodiversité;ABEILLES;Abeille jaune;abeille8;13/04/2025;4.48;0;0
B02;Ne pas tuer les araignées. les insectes (les mettre dehors…);Biodiversité;ABEILLES;Abeille jaune;abeille8;13/04/2025;0;0;0
W03;Ne pas faire couler l’eau trop longtemps quand on se lave les mains;Eau;ABEILLES;Abeille jaune;abeille8;13/04/2025;0.004964;12.6;0
W02;Couper l’eau quand on se brosse les dents : mettre de l’eau dans un verre pour se rincer;Eau;ABEILLES;Abeille jaune;abeille8;13/04/2025;0.05;28;0
W05;Prendre une douche plutôt qu’un bain;Eau;ABEILLES;Abeille jaune;abeille8;13/04/2025;0.140658;357;0
T06;Couper le moteur de la voiture quand elle ne roule pas;Transport;ABEILLES;Abeille jaune;abeille8;13/04/2025;1.518;0;0
E05;Préférer les ampoules à basse consommation;Electricité;ABEILLES;Abeille jaune;abeille8;13/04/2025;0.072803;0;0
E04;Eteindre les écrans (ordinateur. télévision. …) pour diminuer la consommation d’électricité;Electricité;ABEILLES;Abeille jaune;abeille8;13/04/2025;0.15988;0;1
E02;Ouvrir les volets et ne pas allumer la lumière quand il fait jour dehors. ou éteindre lorsque la lumière extérieure le permet;Electricité;ABEILLES;Abeille jaune;abeille8;13/04/2025;0.027408;0;0
E11;Couvrir les casseroles lorsqu’on fait bouillir de l’eau ou pour cuire…;Electricité;ABEILLES;Abeille jaune;abeille8;13/04/2025;0.00293;0;0
E10;Faire sécher son linge à l'air libre au lieu d'utiliser le sèche linge chaque fois qu'on peut;Electricité;ABEILLES;Abeille jaune;abeille8;13/04/2025;0.413462;0;0
E01;Eteindre la lumière quand on quitte une pièce. quand on n’en a pas besoin;Electricité;ABEILLES;Abeille jaune;abeille8;13/04/2025;0.027408;0;0
D15;Economiser les mouchoirs en papier. l'essuie-tout et le papier toilette;Déchets;ABEILLES;Abeille jaune;abeille4;14/04/2025;0.009591;0;0.8
D08;Utiliser les bacs de tri;Déchets;ABEILLES;Abeille jaune;abeille4;14/04/2025;0.866962;0;0
D06;Prendre soin de ses affaires pour les faire durer plus longtemps (reboucher les feutres… ne pas casser. ne pas lancer…);Déchets;ABEILLES;Abeille jaune;abeille4;14/04/2025;0.017374;0;0.183462
D03;Ne pas jeter de déchets dans la nature (chewing-gums. sacs. canettes. bouteilles…);Déchets;ABEILLES;Abeille jaune;abeille4;14/04/2025;0.424875;0;4.486538
D01;Limiter l'utilisation du papier : Utiliser les feuilles des 2 côtés / faire du brouillon / Utiliser l'ardoise pour chercher / Prendre du papier recyclé…;Déchets;ABEILLES;Abeille jaune;abeille4;14/04/2025;0.009641;0;0.8
W07;Vider le reste de sa gourde dans les plantes;Eau;ABEILLES;Abeille jaune;abeille4;14/04/2025;0;0.000013;0
W03;Ne pas faire couler l’eau trop longtemps quand on se lave les mains;Eau;ABEILLES;Abeille jaune;abeille4;14/04/2025;0.004964;12.6;0
W05;Prendre une douche plutôt qu’un bain;Eau;ABEILLES;Abeille jaune;abeille4;14/04/2025;0.140658;357;0
T03;Préférer la marche ou le vélo plutôt que la voiture;Transport;ABEILLES;Abeille jaune;abeille4;14/04/2025;0.506;0;0
E06;Préférer les piles rechargeables;Electricité;ABEILLES;Abeille jaune;abeille4;14/04/2025;0.097538;0;0
E04;Eteindre les écrans (ordinateur. télévision. …) pour diminuer la consommation d’électricité;Electricité;ABEILLES;Abeille jaune;abeille4;14/04/2025;0.15988;0;1
E11;Couvrir les casseroles lorsqu’on fait bouillir de l’eau ou pour cuire…;Electricité;ABEILLES;Abeille jaune;abeille4;14/04/2025;0.00293;0;0
E08;Eteindre le chauffage lorsqu’on aère une pièce;Electricité;ABEILLES;Abeille jaune;abeille4;14/04/2025;0.000173;0;0
C06;Faire ses repas, gouter, compotes sois même plutôt que d’acheter des plats préparés;Courses;ABEILLES;Abeille jaune;abeille4;14/04/2025;1.260407;0;0.180058
W02;Utiliser une seule dose de savon;Courses;ABEILLES;Abeille jaune;abeille4;14/04/2025;0.05;28;0
C06;Faire ses repas, gouter, compotes sois même plutôt que d’acheter des plats préparés;Courses;ABEILLES;Abeille jaune;abeille5;13/04/2025;1.260407;0;0.180058
C05;Faire soi-même ses produits d’entretien pour éviter les emballages;Courses;ABEILLES;Abeille jaune;abeille5;13/04/2025;0.006;0;0.03
C03;Acheter des fruits ou légumes de saison;Courses;ABEILLES;Abeille jaune;abeille5;13/04/2025;6.932;0;0
W02;Utiliser une seule dose de savon;Courses;ABEILLES;Abeille jaune;abeille5;13/04/2025;0.05;28;0
D15;Economiser les mouchoirs en papier. l'essuie-tout et le papier toilette;Déchets;ABEILLES;Abeille jaune;abeille5;13/04/2025;0.009591;0;0.8
D10;Ne pas acheter de bouteilles en plastique : boire à la gourde;Déchets;ABEILLES;Abeille jaune;abeille5;13/04/2025;0.54243;0;0.21
D04;Ramasser les papiers et les déchets par terre pour les mettre à la poubelle;Déchets;ABEILLES;Abeille jaune;abeille5;13/04/2025;0.00947;0;0.1
D03;Ne pas jeter de déchets dans la nature (chewing-gums. sacs. canettes. bouteilles…);Déchets;ABEILLES;Abeille jaune;abeille5;13/04/2025;0.424875;0;4.486538
D02;Tout manger ce qu’il y a dans nos assiettes (cantine/maison);Déchets;ABEILLES;Abeille jaune;abeille5;13/04/2025;2.453511;0;1.390385
D01;Limiter l'utilisation du papier : Utiliser les feuilles des 2 côtés / faire du brouillon / Utiliser l'ardoise pour chercher / Prendre du papier recyclé…;Déchets;ABEILLES;Abeille jaune;abeille5;13/04/2025;0.009641;0;0.8
B01;Ne pas cueillir de plante dans la nature;Biodiversité;ABEILLES;Abeille jaune;abeille5;13/04/2025;0;0;0
W04;Tirer la petite chasse d’eau quand on fait pipi;Eau;ABEILLES;Abeille jaune;abeille5;13/04/2025;0.006501;16.5;0
W03;Ne pas faire couler l’eau trop longtemps quand on se lave les mains;Eau;ABEILLES;Abeille jaune;abeille5;13/04/2025;0.004964;12.6;0
W02;Couper l’eau quand on se brosse les dents : mettre de l’eau dans un verre pour se rincer;Eau;ABEILLES;Abeille jaune;abeille5;13/04/2025;0.05;28;0
W05;Prendre une douche plutôt qu’un bain;Eau;ABEILLES;Abeille jaune;abeille5;13/04/2025;0.140658;357;0
W01;Prendre des douches rapides;Eau;ABEILLES;Abeille jaune;abeille5;13/04/2025;0.25;224;0
T06;Couper le moteur de la voiture quand elle ne roule pas;Transport;ABEILLES;Abeille jaune;abeille5;13/04/2025;1.518;0;0
T04;Faire du covoiturage;Transport;ABEILLES;Abeille jaune;abeille5;13/04/2025;0.506;0;0
E06;Préférer les piles rechargeables;Electricité;ABEILLES;Abeille jaune;abeille5;13/04/2025;0.097538;0;0
E05;Préférer les ampoules à basse consommation;Electricité;ABEILLES;Abeille jaune;abeille5;13/04/2025;0.072803;0;0
E04;Eteindre les écrans (ordinateur. télévision. …) pour diminuer la consommation d’électricité;Electricité;ABEILLES;Abeille jaune;abeille5;13/04/2025;0.15988;0;1
E02;Ouvrir les volets et ne pas allumer la lumière quand il fait jour dehors. ou éteindre lorsque la lumière extérieure le permet;Electricité;ABEILLES;Abeille jaune;abeille5;13/04/2025;0.027408;0;0
E11;Couvrir les casseroles lorsqu’on fait bouillir de l’eau ou pour cuire…;Electricité;ABEILLES;Abeille jaune;abeille5;13/04/2025;0.00293;0;0
E10;Faire sécher son linge à l'air libre au lieu d'utiliser le sèche linge chaque fois qu'on peut;Electricité;ABEILLES;Abeille jaune;abeille5;13/04/2025;0.413462;0;0
E08;Eteindre le chauffage lorsqu’on aère une pièce;Electricité;ABEILLES;Abeille jaune;abeille5;13/04/2025;0.000173;0;0
E01;Eteindre la lumière quand on quitte une pièce. quand on n’en a pas besoin;Electricité;ABEILLES;Abeille jaune;abeille5;13/04/2025;0.027408;0;0
D11;Acheter des produits en vrac. éviter les emballages individuels…;Déchets;ABEILLES;Abeille jaune;abeille4;14/04/2025;0.38;0;0.67
D10;Ne pas acheter de bouteilles en plastique : boire à la gourde;Déchets;ABEILLES;Abeille jaune;abeille4;14/04/2025;0.54243;0;0.21
D07;Vendre ou donner les vêtements. les objets. les jouets dont on ne veut plus (trop petits…);Déchets;ABEILLES;Abeille jaune;abeille4;14/04/2025;0.017374;2500;0
D04;Ramasser les papiers et les déchets par terre pour les mettre à la poubelle;Déchets;ABEILLES;Abeille jaune;abeille4;14/04/2025;0.00947;0;0.1
D02;Tout manger ce qu’il y a dans nos assiettes (cantine/maison);Déchets;ABEILLES;Abeille jaune;abeille4;14/04/2025;2.453511;0;1.390385
B03;Donner à manger aux oiseaux dans son jardin ou sur son balcon;Biodiversité;ABEILLES;Abeille jaune;abeille4;14/04/2025;0;0;0
W04;Tirer la petite chasse d’eau quand on fait pipi;Eau;ABEILLES;Abeille jaune;abeille4;14/04/2025;0.006501;16.5;0
W02;Couper l’eau quand on se brosse les dents : mettre de l’eau dans un verre pour se rincer;Eau;ABEILLES;Abeille jaune;abeille4;14/04/2025;0.05;28;0
W01;Prendre des douches rapides;Eau;ABEILLES;Abeille jaune;abeille4;14/04/2025;0.25;224;0
T06;Couper le moteur de la voiture quand elle ne roule pas;Transport;ABEILLES;Abeille jaune;abeille4;14/04/2025;1.518;0;0
E05;Préférer les ampoules à basse consommation;Electricité;ABEILLES;Abeille jaune;abeille4;14/04/2025;0.072803;0;0
E02;Ouvrir les volets et ne pas allumer la lumière quand il fait jour dehors. ou éteindre lorsque la lumière extérieure le permet;Electricité;ABEILLES;Abeille jaune;abeille4;14/04/2025;0.027408;0;0
E10;Faire sécher son linge à l'air libre au lieu d'utiliser le sèche linge chaque fois qu'on peut;Electricité;ABEILLES;Abeille jaune;abeille4;14/04/2025;0.413462;0;0
E01;Eteindre la lumière quand on quitte une pièce. quand on n’en a pas besoin;Electricité;ABEILLES;Abeille jaune;abeille4;14/04/2025;0.027408;0;0
C03;Acheter des fruits ou légumes de saison;Courses;ABEILLES;Abeille jaune;abeille4;14/04/2025;6.932;0;0
C06;Faire ses repas, gouter, compotes sois même plutôt que d’acheter des plats préparés;Courses;ABEILLES;Abeille jaune;abeille4;19/05/2025;1.260407;0;0.180058
W02;Utiliser une seule dose de savon;Courses;ABEILLES;Abeille jaune;abeille4;19/05/2025;0.05;28;0
D10;Ne pas acheter de bouteilles en plastique : boire à la gourde;Déchets;ABEILLES;Abeille jaune;abeille4;19/05/2025;0.54243;0;0.21
D08;Utiliser les bacs de tri;Déchets;ABEILLES;Abeille jaune;abeille4;19/05/2025;0.866962;0;0
D06;Prendre soin de ses affaires pour les faire durer plus longtemps (reboucher les feutres… ne pas casser. ne pas lancer…);Déchets;ABEILLES;Abeille jaune;abeille4;19/05/2025;0.017374;0;0.183462
C06;Faire ses repas, gouter, compotes sois même plutôt que d’acheter des plats préparés;Courses;ABEILLES;Abeille jaune;abeille5;24/04/2025;1.260407;0;0.180058
C03;Acheter des fruits ou légumes de saison;Courses;ABEILLES;Abeille jaune;abeille5;24/04/2025;6.932;0;0
D15;Economiser les mouchoirs en papier. l'essuie-tout et le papier toilette;Déchets;ABEILLES;Abeille jaune;abeille5;24/04/2025;0.009591;0;0.8
C03;Acheter des fruits ou légumes de saison;Courses;ABEILLES;Abeille jaune;abeille4;19/05/2025;6.932;0;0
D15;Economiser les mouchoirs en papier. l'essuie-tout et le papier toilette;Déchets;ABEILLES;Abeille jaune;abeille4;19/05/2025;0.009591;0;0.8
D09;Faire du compost avec les déchets végétaux ou donner les restes alimentaires aux poules…;Déchets;ABEILLES;Abeille jaune;abeille4;19/05/2025;0.0623;0;1.75
D07;Vendre ou donner les vêtements. les objets. les jouets dont on ne veut plus (trop petits…);Déchets;ABEILLES;Abeille jaune;abeille4;19/05/2025;0.017374;2500;0
D04;Ramasser les papiers et les déchets par terre pour les mettre à la poubelle;Déchets;ABEILLES;Abeille jaune;abeille4;19/05/2025;0.00947;0;0.1
D02;Tout manger ce qu’il y a dans nos assiettes (cantine/maison);Déchets;ABEILLES;Abeille jaune;abeille4;19/05/2025;2.453511;0;1.390385
B04;Faire un jardin potager;Biodiversité;ABEILLES;Abeille jaune;abeille4;19/05/2025;4.48;0;0
B02;Ne pas tuer les araignées. les insectes (les mettre dehors…);Biodiversité;ABEILLES;Abeille jaune;abeille4;19/05/2025;0;0;0
W07;Vider le reste de sa gourde dans les plantes;Eau;ABEILLES;Abeille jaune;abeille4;19/05/2025;0;0.000013;0
W03;Ne pas faire couler l’eau trop longtemps quand on se lave les mains;Eau;ABEILLES;Abeille jaune;abeille4;19/05/2025;0.004964;12.6;0
W05;Prendre une douche plutôt qu’un bain;Eau;ABEILLES;Abeille jaune;abeille4;19/05/2025;0.140658;357;0
T03;Préférer la marche ou le vélo plutôt que la voiture;Transport;ABEILLES;Abeille jaune;abeille4;19/05/2025;0.506;0;0
E06;Préférer les piles rechargeables;Electricité;ABEILLES;Abeille jaune;abeille4;19/05/2025;0.097538;0;0
E04;Eteindre les écrans (ordinateur. télévision. …) pour diminuer la consommation d’électricité;Electricité;ABEILLES;Abeille jaune;abeille4;19/05/2025;0.15988;0;1
E11;Couvrir les casseroles lorsqu’on fait bouillir de l’eau ou pour cuire…;Electricité;ABEILLES;Abeille jaune;abeille4;19/05/2025;0.00293;0;0
E08;Eteindre le chauffage lorsqu’on aère une pièce;Electricité;ABEILLES;Abeille jaune;abeille4;19/05/2025;0.000173;0;0
C05;Faire soi-même ses produits d’entretien pour éviter les emballages;Courses;ABEILLES;Abeille jaune;abeille12;16/04/2025;0.006;0;0.03
D08;Utiliser les bacs de tri;Déchets;ABEILLES;Abeille jaune;abeille12;16/04/2025;0.866962;0;0
D03;Ne pas jeter de déchets dans la nature (chewing-gums. sacs. canettes. bouteilles…);Déchets;ABEILLES;Abeille jaune;abeille12;16/04/2025;0.424875;0;4.486538
B01;Ne pas cueillir de plante dans la nature;Biodiversité;ABEILLES;Abeille jaune;abeille12;16/04/2025;0;0;0
W03;Ne pas faire couler l’eau trop longtemps quand on se lave les mains;Eau;ABEILLES;Abeille jaune;abeille12;16/04/2025;0.004964;12.6;0
W05;Prendre une douche plutôt qu’un bain;Eau;ABEILLES;Abeille jaune;abeille12;16/04/2025;0.140658;357;0
T06;Couper le moteur de la voiture quand elle ne roule pas;Transport;ABEILLES;Abeille jaune;abeille12;16/04/2025;1.518;0;0
E04;Eteindre les écrans (ordinateur. télévision. …) pour diminuer la consommation d’électricité;Electricité;ABEILLES;Abeille jaune;abeille12;16/04/2025;0.15988;0;1
E11;Couvrir les casseroles lorsqu’on fait bouillir de l’eau ou pour cuire…;Electricité;ABEILLES;Abeille jaune;abeille12;16/04/2025;0.00293;0;0
E08;Eteindre le chauffage lorsqu’on aère une pièce;Electricité;ABEILLES;Abeille jaune;abeille12;16/04/2025;0.000173;0;0
D03;Ne pas jeter de déchets dans la nature (chewing-gums. sacs. canettes. bouteilles…);Déchets;ABEILLES;Abeille jaune;abeille4;19/05/2025;0.424875;0;4.486538
D01;Limiter l'utilisation du papier : Utiliser les feuilles des 2 côtés / faire du brouillon / Utiliser l'ardoise pour chercher / Prendre du papier recyclé…;Déchets;ABEILLES;Abeille jaune;abeille4;19/05/2025;0.009641;0;0.8
D08;Utiliser les bacs de tri;Déchets;ABEILLES;Abeille jaune;abeille5;24/04/2025;0.866962;0;0
B03;Donner à manger aux oiseaux dans son jardin ou sur son balcon;Biodiversité;ABEILLES;Abeille jaune;abeille4;19/05/2025;0;0;0
B01;Ne pas cueillir de plante dans la nature;Biodiversité;ABEILLES;Abeille jaune;abeille4;19/05/2025;0;0;0
W04;Tirer la petite chasse d’eau quand on fait pipi;Eau;ABEILLES;Abeille jaune;abeille4;19/05/2025;0.006501;16.5;0
W02;Couper l’eau quand on se brosse les dents : mettre de l’eau dans un verre pour se rincer;Eau;ABEILLES;Abeille jaune;abeille4;19/05/2025;0.05;28;0
W01;Prendre des douches rapides;Eau;ABEILLES;Abeille jaune;abeille4;19/05/2025;0.25;224;0
T06;Couper le moteur de la voiture quand elle ne roule pas;Transport;ABEILLES;Abeille jaune;abeille4;19/05/2025;1.518;0;0
E05;Préférer les ampoules à basse consommation;Electricité;ABEILLES;Abeille jaune;abeille4;19/05/2025;0.072803;0;0
E02;Ouvrir les volets et ne pas allumer la lumière quand il fait jour dehors. ou éteindre lorsque la lumière extérieure le permet;Electricité;ABEILLES;Abeille jaune;abeille4;19/05/2025;0.027408;0;0
E10;Faire sécher son linge à l'air libre au lieu d'utiliser le sèche linge chaque fois qu'on peut;Electricité;ABEILLES;Abeille jaune;abeille4;19/05/2025;0.413462;0;0
E01;Eteindre la lumière quand on quitte une pièce. quand on n’en a pas besoin;Electricité;ABEILLES;Abeille jaune;abeille4;19/05/2025;0.027408;0;0
D06;Prendre soin de ses affaires pour les faire durer plus longtemps (reboucher les feutres… ne pas casser. ne pas lancer…);Déchets;ABEILLES;Abeille jaune;abeille5;24/04/2025;0.017374;0;0.183462
D03;Ne pas jeter de déchets dans la nature (chewing-gums. sacs. canettes. bouteilles…);Déchets;ABEILLES;Abeille jaune;abeille5;24/04/2025;0.424875;0;4.486538
D01;Limiter l'utilisation du papier : Utiliser les feuilles des 2 côtés / faire du brouillon / Utiliser l'ardoise pour chercher / Prendre du papier recyclé…;Déchets;ABEILLES;Abeille jaune;abeille5;24/04/2025;0.009641;0;0.8
B01;Ne pas cueillir de plante dans la nature;Biodiversité;ABEILLES;Abeille jaune;abeille5;24/04/2025;0;0;0
W03;Ne pas faire couler l’eau trop longtemps quand on se lave les mains;Eau;ABEILLES;Abeille jaune;abeille5;24/04/2025;0.004964;12.6;0
W05;Prendre une douche plutôt qu’un bain;Eau;ABEILLES;Abeille jaune;abeille5;24/04/2025;0.140658;357;0
T06;Couper le moteur de la voiture quand elle ne roule pas;Transport;ABEILLES;Abeille jaune;abeille5;24/04/2025;1.518;0;0
E06;Préférer les piles rechargeables;Electricité;ABEILLES;Abeille jaune;abeille5;24/04/2025;0.097538;0;0
E04;Eteindre les écrans (ordinateur. télévision. …) pour diminuer la consommation d’électricité;Electricité;ABEILLES;Abeille jaune;abeille5;24/04/2025;0.15988;0;1
E11;Couvrir les casseroles lorsqu’on fait bouillir de l’eau ou pour cuire…;Electricité;ABEILLES;Abeille jaune;abeille5;24/04/2025;0.00293;0;0
C05;Faire soi-même ses produits d’entretien pour éviter les emballages;Courses;ABEILLES;Abeille jaune;abeille5;24/04/2025;0.006;0;0.03
W02;Utiliser une seule dose de savon;Courses;ABEILLES;Abeille jaune;abeille5;24/04/2025;0.05;28;0
D10;Ne pas acheter de bouteilles en plastique : boire à la gourde;Déchets;ABEILLES;Abeille jaune;abeille5;24/04/2025;0.54243;0;0.21
D07;Vendre ou donner les vêtements. les objets. les jouets dont on ne veut plus (trop petits…);Déchets;ABEILLES;Abeille jaune;abeille5;24/04/2025;0.017374;2500;0
D04;Ramasser les papiers et les déchets par terre pour les mettre à la poubelle;Déchets;ABEILLES;Abeille jaune;abeille5;24/04/2025;0.00947;0;0.1
D02;Tout manger ce qu’il y a dans nos assiettes (cantine/maison);Déchets;ABEILLES;Abeille jaune;abeille5;24/04/2025;2.453511;0;1.390385
B02;Ne pas tuer les araignées. les insectes (les mettre dehors…);Biodiversité;ABEILLES;Abeille jaune;abeille5;24/04/2025;0;0;0
W04;Tirer la petite chasse d’eau quand on fait pipi;Eau;ABEILLES;Abeille jaune;abeille5;24/04/2025;0.006501;16.5;0
W02;Couper l’eau quand on se brosse les dents : mettre de l’eau dans un verre pour se rincer;Eau;ABEILLES;Abeille jaune;abeille5;24/04/2025;0.05;28;0
W01;Prendre des douches rapides;Eau;ABEILLES;Abeille jaune;abeille5;24/04/2025;0.25;224;0
T04;Faire du covoiturage;Transport;ABEILLES;Abeille jaune;abeille5;24/04/2025;0.506;0;0
E05;Préférer les ampoules à basse consommation;Electricité;ABEILLES;Abeille jaune;abeille5;24/04/2025;0.072803;0;0
E02;Ouvrir les volets et ne pas allumer la lumière quand il fait jour dehors. ou éteindre lorsque la lumière extérieure le permet;Electricité;ABEILLES;Abeille jaune;abeille5;24/04/2025;0.027408;0;0
C06;Faire ses repas, gouter, compotes sois même plutôt que d’acheter des plats préparés;Courses;ABEILLES;Abeille jaune;abeille5;19/05/2025;1.260407;0;0.180058
W02;Utiliser une seule dose de savon;Courses;ABEILLES;Abeille jaune;abeille5;19/05/2025;0.05;28;0
D11;Acheter des produits en vrac. éviter les emballages individuels…;Déchets;ABEILLES;Abeille jaune;abeille5;19/05/2025;0.38;0;0.67
D10;Ne pas acheter de bouteilles en plastique : boire à la gourde;Déchets;ABEILLES;Abeille jaune;abeille5;19/05/2025;0.54243;0;0.21
D07;Vendre ou donner les vêtements. les objets. les jouets dont on ne veut plus (trop petits…);Déchets;ABEILLES;Abeille jaune;abeille5;19/05/2025;0.017374;2500;0
D04;Ramasser les papiers et les déchets par terre pour les mettre à la poubelle;Déchets;ABEILLES;Abeille jaune;abeille5;19/05/2025;0.00947;0;0.1
D02;Tout manger ce qu’il y a dans nos assiettes (cantine/maison);Déchets;ABEILLES;Abeille jaune;abeille5;19/05/2025;2.453511;0;1.390385
B02;Ne pas tuer les araignées. les insectes (les mettre dehors…);Biodiversité;ABEILLES;Abeille jaune;abeille5;19/05/2025;0;0;0
W04;Tirer la petite chasse d’eau quand on fait pipi;Eau;ABEILLES;Abeille jaune;abeille5;19/05/2025;0.006501;16.5;0
W02;Couper l’eau quand on se brosse les dents : mettre de l’eau dans un verre pour se rincer;Eau;ABEILLES;Abeille jaune;abeille5;19/05/2025;0.05;28;0
W01;Prendre des douches rapides;Eau;ABEILLES;Abeille jaune;abeille5;19/05/2025;0.25;224;0
T06;Couper le moteur de la voiture quand elle ne roule pas;Transport;ABEILLES;Abeille jaune;abeille5;19/05/2025;1.518;0;0
E06;Préférer les piles rechargeables;Electricité;ABEILLES;Abeille jaune;abeille5;19/05/2025;0.097538;0;0
E04;Eteindre les écrans (ordinateur. télévision. …) pour diminuer la consommation d’électricité;Electricité;ABEILLES;Abeille jaune;abeille5;19/05/2025;0.15988;0;1
E11;Couvrir les casseroles lorsqu’on fait bouillir de l’eau ou pour cuire…;Electricité;ABEILLES;Abeille jaune;abeille5;19/05/2025;0.00293;0;0
E08;Eteindre le chauffage lorsqu’on aère une pièce;Electricité;ABEILLES;Abeille jaune;abeille5;19/05/2025;0.000173;0;0
C05;Faire soi-même ses produits d’entretien pour éviter les emballages;Courses;ABEILLES;Abeille jaune;abeille4;05/05/2025;0.006;0;0.03
W02;Utiliser une seule dose de savon;Courses;ABEILLES;Abeille jaune;abeille4;05/05/2025;0.05;28;0
D15;Economiser les mouchoirs en papier. l'essuie-tout et le papier toilette;Déchets;ABEILLES;Abeille jaune;abeille4;05/05/2025;0.009591;0;0.8
D08;Utiliser les bacs de tri;Déchets;ABEILLES;Abeille jaune;abeille4;05/05/2025;0.866962;0;0
D06;Prendre soin de ses affaires pour les faire durer plus longtemps (reboucher les feutres… ne pas casser. ne pas lancer…);Déchets;ABEILLES;Abeille jaune;abeille4;05/05/2025;0.017374;0;0.183462
D03;Ne pas jeter de déchets dans la nature (chewing-gums. sacs. canettes. bouteilles…);Déchets;ABEILLES;Abeille jaune;abeille4;05/05/2025;0.424875;0;4.486538
D01;Limiter l'utilisation du papier : Utiliser les feuilles des 2 côtés / faire du brouillon / Utiliser l'ardoise pour chercher / Prendre du papier recyclé…;Déchets;ABEILLES;Abeille jaune;abeille4;05/05/2025;0.009641;0;0.8
B03;Donner à manger aux oiseaux dans son jardin ou sur son balcon;Biodiversité;ABEILLES;Abeille jaune;abeille4;05/05/2025;0;0;0
B01;Ne pas cueillir de plante dans la nature;Biodiversité;ABEILLES;Abeille jaune;abeille4;05/05/2025;0;0;0
W04;Tirer la petite chasse d’eau quand on fait pipi;Eau;ABEILLES;Abeille jaune;abeille4;05/05/2025;0.006501;16.5;0
W02;Couper l’eau quand on se brosse les dents : mettre de l’eau dans un verre pour se rincer;Eau;ABEILLES;Abeille jaune;abeille4;05/05/2025;0.05;28;0
W01;Prendre des douches rapides;Eau;ABEILLES;Abeille jaune;abeille4;05/05/2025;0.25;224;0
T06;Couper le moteur de la voiture quand elle ne roule pas;Transport;ABEILLES;Abeille jaune;abeille4;05/05/2025;1.518;0;0
E05;Préférer les ampoules à basse consommation;Electricité;ABEILLES;Abeille jaune;abeille4;05/05/2025;0.072803;0;0
E02;Ouvrir les volets et ne pas allumer la lumière quand il fait jour dehors. ou éteindre lorsque la lumière extérieure le permet;Electricité;ABEILLES;Abeille jaune;abeille4;05/05/2025;0.027408;0;0
E10;Faire sécher son linge à l'air libre au lieu d'utiliser le sèche linge chaque fois qu'on peut;Electricité;ABEILLES;Abeille jaune;abeille4;05/05/2025;0.413462;0;0
E01;Eteindre la lumière quand on quitte une pièce. quand on n’en a pas besoin;Electricité;ABEILLES;Abeille jaune;abeille4;05/05/2025;0.027408;0;0
C05;Faire soi-même ses produits d’entretien pour éviter les emballages;Courses;ABEILLES;Abeille jaune;abeille5;05/05/2025;0.006;0;0.03
W02;Utiliser une seule dose de savon;Courses;ABEILLES;Abeille jaune;abeille5;05/05/2025;0.05;28;0
D15;Economiser les mouchoirs en papier. l'essuie-tout et le papier toilette;Déchets;ABEILLES;Abeille jaune;abeille5;05/05/2025;0.009591;0;0.8
D08;Utiliser les bacs de tri;Déchets;ABEILLES;Abeille jaune;abeille5;05/05/2025;0.866962;0;0
D06;Prendre soin de ses affaires pour les faire durer plus longtemps (reboucher les feutres… ne pas casser. ne pas lancer…);Déchets;ABEILLES;Abeille jaune;abeille5;05/05/2025;0.017374;0;0.183462
D03;Ne pas jeter de déchets dans la nature (chewing-gums. sacs. canettes. bouteilles…);Déchets;ABEILLES;Abeille jaune;abeille5;05/05/2025;0.424875;0;4.486538
D01;Limiter l'utilisation du papier : Utiliser les feuilles des 2 côtés / faire du brouillon / Utiliser l'ardoise pour chercher / Prendre du papier recyclé…;Déchets;ABEILLES;Abeille jaune;abeille5;05/05/2025;0.009641;0;0.8
B03;Donner à manger aux oiseaux dans son jardin ou sur son balcon;Biodiversité;ABEILLES;Abeille jaune;abeille5;05/05/2025;0;0;0
B01;Ne pas cueillir de plante dans la nature;Biodiversité;ABEILLES;Abeille jaune;abeille5;05/05/2025;0;0;0
W04;Tirer la petite chasse d’eau quand on fait pipi;Eau;ABEILLES;Abeille jaune;abeille5;05/05/2025;0.006501;16.5;0
W02;Couper l’eau quand on se brosse les dents : mettre de l’eau dans un verre pour se rincer;Eau;ABEILLES;Abeille jaune;abeille5;05/05/2025;0.05;28;0
W01;Prendre des douches rapides;Eau;ABEILLES;Abeille jaune;abeille5;05/05/2025;0.25;224;0
T04;Faire du covoiturage;Transport;ABEILLES;Abeille jaune;abeille5;05/05/2025;0.506;0;0
E05;Préférer les ampoules à basse consommation;Electricité;ABEILLES;Abeille jaune;abeille5;05/05/2025;0.072803;0;0
E02;Ouvrir les volets et ne pas allumer la lumière quand il fait jour dehors. ou éteindre lorsque la lumière extérieure le permet;Electricité;ABEILLES;Abeille jaune;abeille5;05/05/2025;0.027408;0;0
E10;Faire sécher son linge à l'air libre au lieu d'utiliser le sèche linge chaque fois qu'on peut;Electricité;ABEILLES;Abeille jaune;abeille5;05/05/2025;0.413462;0;0
E01;Eteindre la lumière quand on quitte une pièce. quand on n’en a pas besoin;Electricité;ABEILLES;Abeille jaune;abeille5;05/05/2025;0.027408;0;0
E06;Préférer les piles rechargeables;Electricité;ABEILLES;Abeille jaune;abeille3;06/05/2025;0.097538;0;0
E11;Couvrir les casseroles lorsqu’on fait bouillir de l’eau ou pour cuire…;Electricité;ABEILLES;Abeille jaune;abeille3;06/05/2025;0.00293;0;0
E05;Préférer les ampoules à basse consommation;Electricité;ABEILLES;Abeille jaune;abeille3;06/05/2025;0.072803;0;0
E01;Eteindre la lumière quand on quitte une pièce. quand on n’en a pas besoin;Electricité;ABEILLES;Abeille jaune;abeille3;06/05/2025;0.027408;0;0
C05;Faire soi-même ses produits d’entretien pour éviter les emballages;Courses;ABEILLES;Abeille jaune;abeille3;06/05/2025;0.006;0;0.03
D11;Acheter des produits en vrac. éviter les emballages individuels…;Déchets;ABEILLES;Abeille jaune;abeille3;06/05/2025;0.38;0;0.67
D08;Utiliser les bacs de tri;Déchets;ABEILLES;Abeille jaune;abeille3;06/05/2025;0.866962;0;0
D06;Prendre soin de ses affaires pour les faire durer plus longtemps (reboucher les feutres… ne pas casser. ne pas lancer…);Déchets;ABEILLES;Abeille jaune;abeille3;06/05/2025;0.017374;0;0.183462
D02;Tout manger ce qu’il y a dans nos assiettes (cantine/maison);Déchets;ABEILLES;Abeille jaune;abeille3;06/05/2025;2.453511;0;1.390385
W07;Vider le reste de sa gourde dans les plantes;Eau;ABEILLES;Abeille jaune;abeille3;06/05/2025;0;0.000013;0
W03;Ne pas faire couler l’eau trop longtemps quand on se lave les mains;Eau;ABEILLES;Abeille jaune;abeille3;06/05/2025;0.004964;12.6;0
W05;Prendre une douche plutôt qu’un bain;Eau;ABEILLES;Abeille jaune;abeille3;06/05/2025;0.140658;357;0
T06;Couper le moteur de la voiture quand elle ne roule pas;Transport;ABEILLES;Abeille jaune;abeille3;06/05/2025;1.518;0;0
C06;Faire ses repas, gouter, compotes sois même plutôt que d’acheter des plats préparés;Courses;ABEILLES;Abeille jaune;abeille4;05/05/2025;1.260407;0;0.180058
C03;Acheter des fruits ou légumes de saison;Courses;ABEILLES;Abeille jaune;abeille4;05/05/2025;6.932;0;0
D11;Acheter des produits en vrac. éviter les emballages individuels…;Déchets;ABEILLES;Abeille jaune;abeille4;05/05/2025;0.38;0;0.67
D10;Ne pas acheter de bouteilles en plastique : boire à la gourde;Déchets;ABEILLES;Abeille jaune;abeille4;05/05/2025;0.54243;0;0.21
D07;Vendre ou donner les vêtements. les objets. les jouets dont on ne veut plus (trop petits…);Déchets;ABEILLES;Abeille jaune;abeille4;05/05/2025;0.017374;2500;0
D04;Ramasser les papiers et les déchets par terre pour les mettre à la poubelle;Déchets;ABEILLES;Abeille jaune;abeille4;05/05/2025;0.00947;0;0.1
D02;Tout manger ce qu’il y a dans nos assiettes (cantine/maison);Déchets;ABEILLES;Abeille jaune;abeille4;05/05/2025;2.453511;0;1.390385
B04;Faire un jardin potager;Biodiversité;ABEILLES;Abeille jaune;abeille4;05/05/2025;4.48;0;0
B02;Ne pas tuer les araignées. les insectes (les mettre dehors…);Biodiversité;ABEILLES;Abeille jaune;abeille4;05/05/2025;0;0;0
W07;Vider le reste de sa gourde dans les plantes;Eau;ABEILLES;Abeille jaune;abeille4;05/05/2025;0;0.000013;0
W03;Ne pas faire couler l’eau trop longtemps quand on se lave les mains;Eau;ABEILLES;Abeille jaune;abeille4;05/05/2025;0.004964;12.6;0
W05;Prendre une douche plutôt qu’un bain;Eau;ABEILLES;Abeille jaune;abeille4;05/05/2025;0.140658;357;0
T03;Préférer la marche ou le vélo plutôt que la voiture;Transport;ABEILLES;Abeille jaune;abeille4;05/05/2025;0.506;0;0
E06;Préférer les piles rechargeables;Electricité;ABEILLES;Abeille jaune;abeille4;05/05/2025;0.097538;0;0
E04;Eteindre les écrans (ordinateur. télévision. …) pour diminuer la consommation d’électricité;Electricité;ABEILLES;Abeille jaune;abeille4;05/05/2025;0.15988;0;1
E11;Couvrir les casseroles lorsqu’on fait bouillir de l’eau ou pour cuire…;Electricité;ABEILLES;Abeille jaune;abeille4;05/05/2025;0.00293;0;0
E08;Eteindre le chauffage lorsqu’on aère une pièce;Electricité;ABEILLES;Abeille jaune;abeille4;05/05/2025;0.000173;0;0
C06;Faire ses repas, gouter, compotes sois même plutôt que d’acheter des plats préparés;Courses;ABEILLES;Abeille jaune;abeille5;05/05/2025;1.260407;0;0.180058
C03;Acheter des fruits ou légumes de saison;Courses;ABEILLES;Abeille jaune;abeille5;05/05/2025;6.932;0;0
D11;Acheter des produits en vrac. éviter les emballages individuels…;Déchets;ABEILLES;Abeille jaune;abeille5;05/05/2025;0.38;0;0.67
D10;Ne pas acheter de bouteilles en plastique : boire à la gourde;Déchets;ABEILLES;Abeille jaune;abeille5;05/05/2025;0.54243;0;0.21
D07;Vendre ou donner les vêtements. les objets. les jouets dont on ne veut plus (trop petits…);Déchets;ABEILLES;Abeille jaune;abeille5;05/05/2025;0.017374;2500;0
D04;Ramasser les papiers et les déchets par terre pour les mettre à la poubelle;Déchets;ABEILLES;Abeille jaune;abeille5;05/05/2025;0.00947;0;0.1
D02;Tout manger ce qu’il y a dans nos assiettes (cantine/maison);Déchets;ABEILLES;Abeille jaune;abeille5;05/05/2025;2.453511;0;1.390385
B04;Faire un jardin potager;Biodiversité;ABEILLES;Abeille jaune;abeille5;05/05/2025;4.48;0;0
B02;Ne pas tuer les araignées. les insectes (les mettre dehors…);Biodiversité;ABEILLES;Abeille jaune;abeille5;05/05/2025;0;0;0
W07;Vider le reste de sa gourde dans les plantes;Eau;ABEILLES;Abeille jaune;abeille5;05/05/2025;0;0.000013;0
W03;Ne pas faire couler l’eau trop longtemps quand on se lave les mains;Eau;ABEILLES;Abeille jaune;abeille5;05/05/2025;0.004964;12.6;0
W05;Prendre une douche plutôt qu’un bain;Eau;ABEILLES;Abeille jaune;abeille5;05/05/2025;0.140658;357;0
T06;Couper le moteur de la voiture quand elle ne roule pas;Transport;ABEILLES;Abeille jaune;abeille5;05/05/2025;1.518;0;0
E06;Préférer les piles rechargeables;Electricité;ABEILLES;Abeille jaune;abeille5;05/05/2025;0.097538;0;0
E04;Eteindre les écrans (ordinateur. télévision. …) pour diminuer la consommation d’électricité;Electricité;ABEILLES;Abeille jaune;abeille5;05/05/2025;0.15988;0;1
E11;Couvrir les casseroles lorsqu’on fait bouillir de l’eau ou pour cuire…;Electricité;ABEILLES;Abeille jaune;abeille5;05/05/2025;0.00293;0;0
E08;Eteindre le chauffage lorsqu’on aère une pièce;Electricité;ABEILLES;Abeille jaune;abeille5;05/05/2025;0.000173;0;0
T03;Préférer la marche ou le vélo plutôt que la voiture;Transport;ABEILLES;Abeille jaune;abeille5;05/05/2025;0.506;0;0
E04;Eteindre les écrans (ordinateur. télévision. …) pour diminuer la consommation d’électricité;Electricité;ABEILLES;Abeille jaune;abeille3;06/05/2025;0.15988;0;1
E08;Eteindre le chauffage lorsqu’on aère une pièce;Electricité;ABEILLES;Abeille jaune;abeille3;06/05/2025;0.000173;0;0
E02;Ouvrir les volets et ne pas allumer la lumière quand il fait jour dehors. ou éteindre lorsque la lumière extérieure le permet;Electricité;ABEILLES;Abeille jaune;abeille3;06/05/2025;0.027408;0;0
C06;Faire ses repas, gouter, compotes sois même plutôt que d’acheter des plats préparés;Courses;ABEILLES;Abeille jaune;abeille3;06/05/2025;1.260407;0;0.180058
W02;Utiliser une seule dose de savon;Courses;ABEILLES;Abeille jaune;abeille3;06/05/2025;0.05;28;0
D15;Economiser les mouchoirs en papier. l'essuie-tout et le papier toilette;Déchets;ABEILLES;Abeille jaune;abeille3;06/05/2025;0.009591;0;0.8
D07;Vendre ou donner les vêtements. les objets. les jouets dont on ne veut plus (trop petits…);Déchets;ABEILLES;Abeille jaune;abeille3;06/05/2025;0.017374;2500;0
D03;Ne pas jeter de déchets dans la nature (chewing-gums. sacs. canettes. bouteilles…);Déchets;ABEILLES;Abeille jaune;abeille3;06/05/2025;0.424875;0;4.486538
D01;Limiter l'utilisation du papier : Utiliser les feuilles des 2 côtés / faire du brouillon / Utiliser l'ardoise pour chercher / Prendre du papier recyclé…;Déchets;ABEILLES;Abeille jaune;abeille3;06/05/2025;0.009641;0;0.8
W04;Tirer la petite chasse d’eau quand on fait pipi;Eau;ABEILLES;Abeille jaune;abeille3;06/05/2025;0.006501;16.5;0
W02;Couper l’eau quand on se brosse les dents : mettre de l’eau dans un verre pour se rincer;Eau;ABEILLES;Abeille jaune;abeille3;06/05/2025;0.05;28;0
W01;Prendre des douches rapides;Eau;ABEILLES;Abeille jaune;abeille3;06/05/2025;0.25;224;0
C06;Faire ses repas, gouter, compotes sois même plutôt que d’acheter des plats préparés;Courses;ABEILLES;Abeille jaune;abeille1;06/05/2025;1.260407;0;0.180058
C03;Acheter des fruits ou légumes de saison;Courses;ABEILLES;Abeille jaune;abeille1;06/05/2025;6.932;0;0
W02;Utiliser une seule dose de savon;Courses;ABEILLES;Abeille jaune;abeille1;06/05/2025;0.05;28;0
D15;Economiser les mouchoirs en papier. l'essuie-tout et le papier toilette;Déchets;ABEILLES;Abeille jaune;abeille1;06/05/2025;0.009591;0;0.8
D10;Ne pas acheter de bouteilles en plastique : boire à la gourde;Déchets;ABEILLES;Abeille jaune;abeille1;06/05/2025;0.54243;0;0.21
D08;Utiliser les bacs de tri;Déchets;ABEILLES;Abeille jaune;abeille1;06/05/2025;0.866962;0;0
D07;Vendre ou donner les vêtements. les objets. les jouets dont on ne veut plus (trop petits…);Déchets;ABEILLES;Abeille jaune;abeille1;06/05/2025;0.017374;2500;0
D06;Prendre soin de ses affaires pour les faire durer plus longtemps (reboucher les feutres… ne pas casser. ne pas lancer…);Déchets;ABEILLES;Abeille jaune;abeille1;06/05/2025;0.017374;0;0.183462
D04;Ramasser les papiers et les déchets par terre pour les mettre à la poubelle;Déchets;ABEILLES;Abeille jaune;abeille1;06/05/2025;0.00947;0;0.1
D03;Ne pas jeter de déchets dans la nature (chewing-gums. sacs. canettes. bouteilles…);Déchets;ABEILLES;Abeille jaune;abeille1;06/05/2025;0.424875;0;4.486538
D01;Limiter l'utilisation du papier : Utiliser les feuilles des 2 côtés / faire du brouillon / Utiliser l'ardoise pour chercher / Prendre du papier recyclé…;Déchets;ABEILLES;Abeille jaune;abeille1;06/05/2025;0.009641;0;0.8
B04;Faire un jardin potager;Biodiversité;ABEILLES;Abeille jaune;abeille1;06/05/2025;4.48;0;0
B01;Ne pas cueillir de plante dans la nature;Biodiversité;ABEILLES;Abeille jaune;abeille1;06/05/2025;0;0;0
W04;Tirer la petite chasse d’eau quand on fait pipi;Eau;ABEILLES;Abeille jaune;abeille1;06/05/2025;0.006501;16.5;0
W03;Ne pas faire couler l’eau trop longtemps quand on se lave les mains;Eau;ABEILLES;Abeille jaune;abeille1;06/05/2025;0.004964;12.6;0
W02;Couper l’eau quand on se brosse les dents : mettre de l’eau dans un verre pour se rincer;Eau;ABEILLES;Abeille jaune;abeille1;06/05/2025;0.05;28;0
W05;Prendre une douche plutôt qu’un bain;Eau;ABEILLES;Abeille jaune;abeille1;06/05/2025;0.140658;357;0
W01;Prendre des douches rapides;Eau;ABEILLES;Abeille jaune;abeille1;06/05/2025;0.25;224;0
E05;Préférer les ampoules à basse consommation;Electricité;ABEILLES;Abeille jaune;abeille1;06/05/2025;0.072803;0;0
E04;Eteindre les écrans (ordinateur. télévision. …) pour diminuer la consommation d’électricité;Electricité;ABEILLES;Abeille jaune;abeille1;06/05/2025;0.15988;0;1
E02;Ouvrir les volets et ne pas allumer la lumière quand il fait jour dehors. ou éteindre lorsque la lumière extérieure le permet;Electricité;ABEILLES;Abeille jaune;abeille1;06/05/2025;0.027408;0;0
E08;Eteindre le chauffage lorsqu’on aère une pièce;Electricité;ABEILLES;Abeille jaune;abeille1;06/05/2025;0.000173;0;0
C03;Acheter des fruits ou légumes de saison;Courses;ABEILLES;Abeille jaune;abeille5;19/05/2025;6.932;0;0
C05;Faire soi-même ses produits d’entretien pour éviter les emballages;Courses;ABEILLES;Abeille jaune;abeille5;19/05/2025;0.006;0;0.03
D15;Economiser les mouchoirs en papier. l'essuie-tout et le papier toilette;Déchets;ABEILLES;Abeille jaune;abeille5;19/05/2025;0.009591;0;0.8
D08;Utiliser les bacs de tri;Déchets;ABEILLES;Abeille jaune;abeille5;19/05/2025;0.866962;0;0
D06;Prendre soin de ses affaires pour les faire durer plus longtemps (reboucher les feutres… ne pas casser. ne pas lancer…);Déchets;ABEILLES;Abeille jaune;abeille5;19/05/2025;0.017374;0;0.183462
D03;Ne pas jeter de déchets dans la nature (chewing-gums. sacs. canettes. bouteilles…);Déchets;ABEILLES;Abeille jaune;abeille5;19/05/2025;0.424875;0;4.486538
D01;Limiter l'utilisation du papier : Utiliser les feuilles des 2 côtés / faire du brouillon / Utiliser l'ardoise pour chercher / Prendre du papier recyclé…;Déchets;ABEILLES;Abeille jaune;abeille5;19/05/2025;0.009641;0;0.8
B01;Ne pas cueillir de plante dans la nature;Biodiversité;ABEILLES;Abeille jaune;abeille5;19/05/2025;0;0;0
W03;Ne pas faire couler l’eau trop longtemps quand on se lave les mains;Eau;ABEILLES;Abeille jaune;abeille5;19/05/2025;0.004964;12.6;0
W05;Prendre une douche plutôt qu’un bain;Eau;ABEILLES;Abeille jaune;abeille5;19/05/2025;0.140658;357;0
T03;Préférer la marche ou le vélo plutôt que la voiture;Transport;ABEILLES;Abeille jaune;abeille5;19/05/2025;0.506;0;0
T04;Faire du covoiturage;Transport;ABEILLES;Abeille jaune;abeille5;19/05/2025;0.506;0;0
E05;Préférer les ampoules à basse consommation;Electricité;ABEILLES;Abeille jaune;abeille5;19/05/2025;0.072803;0;0
E02;Ouvrir les volets et ne pas allumer la lumière quand il fait jour dehors. ou éteindre lorsque la lumière extérieure le permet;Electricité;ABEILLES;Abeille jaune;abeille5;19/05/2025;0.027408;0;0
E10;Faire sécher son linge à l'air libre au lieu d'utiliser le sèche linge chaque fois qu'on peut;Electricité;ABEILLES;Abeille jaune;abeille5;19/05/2025;0.413462;0;0
E01;Eteindre la lumière quand on quitte une pièce. quand on n’en a pas besoin;Electricité;ABEILLES;Abeille jaune;abeille5;19/05/2025;0.027408;0;0
E10;Faire sécher son linge à l'air libre au lieu d'utiliser le sèche linge chaque fois qu'on peut;Electricité;ABEILLES;Abeille jaune;abeille1;06/05/2025;0.413462;0;0
E01;Eteindre la lumière quand on quitte une pièce. quand on n’en a pas besoin;Electricité;ABEILLES;Abeille jaune;abeille1;06/05/2025;0.027408;0;0
C05;Faire soi-même ses produits d’entretien pour éviter les emballages;Courses;ABEILLES;Abeille jaune;abeille8;07/05/2025;0.006;0;0.03
C03;Acheter des fruits ou légumes de saison;Courses;ABEILLES;Abeille jaune;abeille8;07/05/2025;6.932;0;0
W02;Utiliser une seule dose de savon;Courses;ABEILLES;Abeille jaune;abeille8;07/05/2025;0.05;28;0
C03;Acheter des fruits ou légumes de saison;Courses;ABEILLES;Abeille jaune;abeille4;09/05/2025;6.932;0;0
C06;Faire ses repas, gouter, compotes sois même plutôt que d’acheter des plats préparés;Courses;ABEILLES;Abeille jaune;abeille4;09/05/2025;1.260407;0;0.180058
E05;Préférer les ampoules à basse consommation;Electricité;ABEILLES;Abeille jaune;abeille4;09/05/2025;0.072803;0;0
E02;Ouvrir les volets et ne pas allumer la lumière quand il fait jour dehors. ou éteindre lorsque la lumière extérieure le permet;Electricité;ABEILLES;Abeille jaune;abeille4;09/05/2025;0.027408;0;0
E10;Faire sécher son linge à l'air libre au lieu d'utiliser le sèche linge chaque fois qu'on peut;Electricité;ABEILLES;Abeille jaune;abeille4;09/05/2025;0.413462;0;0
E01;Eteindre la lumière quand on quitte une pièce. quand on n’en a pas besoin;Electricité;ABEILLES;Abeille jaune;abeille4;09/05/2025;0.027408;0;0
T06;Couper le moteur de la voiture quand elle ne roule pas;Transport;ABEILLES;Abeille jaune;abeille4;09/05/2025;1.518;0;0
W04;Tirer la petite chasse d’eau quand on fait pipi;Eau;ABEILLES;Abeille jaune;abeille4;09/05/2025;0.006501;16.5;0
W02;Couper l’eau quand on se brosse les dents : mettre de l’eau dans un verre pour se rincer;Eau;ABEILLES;Abeille jaune;abeille4;09/05/2025;0.05;28;0
W01;Prendre des douches rapides;Eau;ABEILLES;Abeille jaune;abeille4;09/05/2025;0.25;224;0
B03;Donner à manger aux oiseaux dans son jardin ou sur son balcon;Biodiversité;ABEILLES;Abeille jaune;abeille4;09/05/2025;0;0;0
B01;Ne pas cueillir de plante dans la nature;Biodiversité;ABEILLES;Abeille jaune;abeille4;09/05/2025;0;0;0
D10;Ne pas acheter de bouteilles en plastique : boire à la gourde;Déchets;ABEILLES;Abeille jaune;abeille4;09/05/2025;0.54243;0;0.21
D07;Vendre ou donner les vêtements. les objets. les jouets dont on ne veut plus (trop petits…);Déchets;ABEILLES;Abeille jaune;abeille4;09/05/2025;0.017374;2500;0
D04;Ramasser les papiers et les déchets par terre pour les mettre à la poubelle;Déchets;ABEILLES;Abeille jaune;abeille4;09/05/2025;0.00947;0;0.1
D02;Tout manger ce qu’il y a dans nos assiettes (cantine/maison);Déchets;ABEILLES;Abeille jaune;abeille4;09/05/2025;2.453511;0;1.390385
W02;Utiliser une seule dose de savon;Courses;ABEILLES;Abeille jaune;abeille4;09/05/2025;0.05;28;0
E06;Préférer les piles rechargeables;Electricité;ABEILLES;Abeille jaune;abeille4;09/05/2025;0.097538;0;0
E04;Eteindre les écrans (ordinateur. télévision. …) pour diminuer la consommation d’électricité;Electricité;ABEILLES;Abeille jaune;abeille4;09/05/2025;0.15988;0;1
E11;Couvrir les casseroles lorsqu’on fait bouillir de l’eau ou pour cuire…;Electricité;ABEILLES;Abeille jaune;abeille4;09/05/2025;0.00293;0;0
E08;Eteindre le chauffage lorsqu’on aère une pièce;Electricité;ABEILLES;Abeille jaune;abeille4;09/05/2025;0.000173;0;0
T03;Préférer la marche ou le vélo plutôt que la voiture;Transport;ABEILLES;Abeille jaune;abeille4;09/05/2025;0.506;0;0
W07;Vider le reste de sa gourde dans les plantes;Eau;ABEILLES;Abeille jaune;abeille4;09/05/2025;0;0.000013;0
W03;Ne pas faire couler l’eau trop longtemps quand on se lave les mains;Eau;ABEILLES;Abeille jaune;abeille4;09/05/2025;0.004964;12.6;0
W05;Prendre une douche plutôt qu’un bain;Eau;ABEILLES;Abeille jaune;abeille4;09/05/2025;0.140658;357;0
B04;Faire un jardin potager;Biodiversité;ABEILLES;Abeille jaune;abeille4;09/05/2025;4.48;0;0
B02;Ne pas tuer les araignées. les insectes (les mettre dehors…);Biodiversité;ABEILLES;Abeille jaune;abeille4;09/05/2025;0;0;0
D15;Economiser les mouchoirs en papier. l'essuie-tout et le papier toilette;Déchets;ABEILLES;Abeille jaune;abeille4;09/05/2025;0.009591;0;0.8
D08;Utiliser les bacs de tri;Déchets;ABEILLES;Abeille jaune;abeille4;09/05/2025;0.866962;0;0
D06;Prendre soin de ses affaires pour les faire durer plus longtemps (reboucher les feutres… ne pas casser. ne pas lancer…);Déchets;ABEILLES;Abeille jaune;abeille4;09/05/2025;0.017374;0;0.183462
D03;Ne pas jeter de déchets dans la nature (chewing-gums. sacs. canettes. bouteilles…);Déchets;ABEILLES;Abeille jaune;abeille4;09/05/2025;0.424875;0;4.486538
D01;Limiter l'utilisation du papier : Utiliser les feuilles des 2 côtés / faire du brouillon / Utiliser l'ardoise pour chercher / Prendre du papier recyclé…;Déchets;ABEILLES;Abeille jaune;abeille4;09/05/2025;0.009641;0;0.8
W02;Utiliser une seule dose de savon;Courses;ABEILLES;Abeille jaune;abeille1;19/04/2025;0.05;28;0
D10;Ne pas acheter de bouteilles en plastique : boire à la gourde;Déchets;ABEILLES;Abeille jaune;abeille1;19/04/2025;0.54243;0;0.21
D07;Vendre ou donner les vêtements. les objets. les jouets dont on ne veut plus (trop petits…);Déchets;ABEILLES;Abeille jaune;abeille1;19/04/2025;0.017374;2500;0
D01;Limiter l'utilisation du papier : Utiliser les feuilles des 2 côtés / faire du brouillon / Utiliser l'ardoise pour chercher / Prendre du papier recyclé…;Déchets;ABEILLES;Abeille jaune;abeille1;19/04/2025;0.009641;0;0.8
W04;Tirer la petite chasse d’eau quand on fait pipi;Eau;ABEILLES;Abeille jaune;abeille1;19/04/2025;0.006501;16.5;0
W02;Couper l’eau quand on se brosse les dents : mettre de l’eau dans un verre pour se rincer;Eau;ABEILLES;Abeille jaune;abeille1;19/04/2025;0.05;28;0
W01;Prendre des douches rapides;Eau;ABEILLES;Abeille jaune;abeille1;19/04/2025;0.25;224;0
E04;Eteindre les écrans (ordinateur. télévision. …) pour diminuer la consommation d’électricité;Electricité;ABEILLES;Abeille jaune;abeille1;19/04/2025;0.15988;0;1
E10;Faire sécher son linge à l'air libre au lieu d'utiliser le sèche linge chaque fois qu'on peut;Electricité;ABEILLES;Abeille jaune;abeille1;19/04/2025;0.413462;0;0
E01;Eteindre la lumière quand on quitte une pièce. quand on n’en a pas besoin;Electricité;ABEILLES;Abeille jaune;abeille1;19/04/2025;0.027408;0;0
C03;Acheter des fruits ou légumes de saison;Courses;ABEILLES;Abeille jaune;abeille1;19/04/2025;6.932;0;0
D15;Economiser les mouchoirs en papier. l'essuie-tout et le papier toilette;Déchets;ABEILLES;Abeille jaune;abeille1;19/04/2025;0.009591;0;0.8
D08;Utiliser les bacs de tri;Déchets;ABEILLES;Abeille jaune;abeille1;19/04/2025;0.866962;0;0
D06;Prendre soin de ses affaires pour les faire durer plus longtemps (reboucher les feutres… ne pas casser. ne pas lancer…);Déchets;ABEILLES;Abeille jaune;abeille1;19/04/2025;0.017374;0;0.183462
T04;Faire du covoiturage;Transport;ABEILLES;Abeille jaune;abeille1;22/04/2025;0.506;0;0
C06;Faire ses repas, gouter, compotes sois même plutôt que d’acheter des plats préparés;Courses;ABEILLES;Abeille jaune;abeille1;22/04/2025;1.260407;0;0.180058
C06;Faire ses repas, gouter, compotes sois même plutôt que d’acheter des plats préparés;Courses;ABEILLES;Abeille jaune;abeille5;26/05/2025;1.260407;0;0.180058
C03;Acheter des fruits ou légumes de saison;Courses;ABEILLES;Abeille jaune;abeille5;26/05/2025;6.932;0;0
D11;Acheter des produits en vrac. éviter les emballages individuels…;Déchets;ABEILLES;Abeille jaune;abeille5;26/05/2025;0.38;0;0.67
D10;Ne pas acheter de bouteilles en plastique : boire à la gourde;Déchets;ABEILLES;Abeille jaune;abeille5;26/05/2025;0.54243;0;0.21
D07;Vendre ou donner les vêtements. les objets. les jouets dont on ne veut plus (trop petits…);Déchets;ABEILLES;Abeille jaune;abeille5;26/05/2025;0.017374;2500;0
D04;Ramasser les papiers et les déchets par terre pour les mettre à la poubelle;Déchets;ABEILLES;Abeille jaune;abeille5;26/05/2025;0.00947;0;0.1
B03;Donner à manger aux oiseaux dans son jardin ou sur son balcon;Biodiversité;ABEILLES;Abeille jaune;abeille5;26/05/2025;0;0;0
B01;Ne pas cueillir de plante dans la nature;Biodiversité;ABEILLES;Abeille jaune;abeille5;26/05/2025;0;0;0
W04;Tirer la petite chasse d’eau quand on fait pipi;Eau;ABEILLES;Abeille jaune;abeille5;26/05/2025;0.006501;16.5;0
W02;Couper l’eau quand on se brosse les dents : mettre de l’eau dans un verre pour se rincer;Eau;ABEILLES;Abeille jaune;abeille5;26/05/2025;0.05;28;0
W01;Prendre des douches rapides;Eau;ABEILLES;Abeille jaune;abeille5;26/05/2025;0.25;224;0
T06;Couper le moteur de la voiture quand elle ne roule pas;Transport;ABEILLES;Abeille jaune;abeille5;26/05/2025;1.518;0;0
E06;Préférer les piles rechargeables;Electricité;ABEILLES;Abeille jaune;abeille5;26/05/2025;0.097538;0;0
E04;Eteindre les écrans (ordinateur. télévision. …) pour diminuer la consommation d’électricité;Electricité;ABEILLES;Abeille jaune;abeille5;26/05/2025;0.15988;0;1
E11;Couvrir les casseroles lorsqu’on fait bouillir de l’eau ou pour cuire…;Electricité;ABEILLES;Abeille jaune;abeille5;26/05/2025;0.00293;0;0
E08;Eteindre le chauffage lorsqu’on aère une pièce;Electricité;ABEILLES;Abeille jaune;abeille5;26/05/2025;0.000173;0;0
C05;Faire soi-même ses produits d’entretien pour éviter les emballages;Courses;ABEILLES;Abeille jaune;abeille4;26/05/2025;0.006;0;0.03
W02;Utiliser une seule dose de savon;Courses;ABEILLES;Abeille jaune;abeille4;26/05/2025;0.05;28;0
D10;Ne pas acheter de bouteilles en plastique : boire à la gourde;Déchets;ABEILLES;Abeille jaune;abeille4;26/05/2025;0.54243;0;0.21
D08;Utiliser les bacs de tri;Déchets;ABEILLES;Abeille jaune;abeille4;26/05/2025;0.866962;0;0
D06;Prendre soin de ses affaires pour les faire durer plus longtemps (reboucher les feutres… ne pas casser. ne pas lancer…);Déchets;ABEILLES;Abeille jaune;abeille4;26/05/2025;0.017374;0;0.183462
D03;Ne pas jeter de déchets dans la nature (chewing-gums. sacs. canettes. bouteilles…);Déchets;ABEILLES;Abeille jaune;abeille4;26/05/2025;0.424875;0;4.486538
D01;Limiter l'utilisation du papier : Utiliser les feuilles des 2 côtés / faire du brouillon / Utiliser l'ardoise pour chercher / Prendre du papier recyclé…;Déchets;ABEILLES;Abeille jaune;abeille4;26/05/2025;0.009641;0;0.8
B03;Donner à manger aux oiseaux dans son jardin ou sur son balcon;Biodiversité;ABEILLES;Abeille jaune;abeille4;26/05/2025;0;0;0
B01;Ne pas cueillir de plante dans la nature;Biodiversité;ABEILLES;Abeille jaune;abeille4;26/05/2025;0;0;0
W04;Tirer la petite chasse d’eau quand on fait pipi;Eau;ABEILLES;Abeille jaune;abeille4;26/05/2025;0.006501;16.5;0
W02;Couper l’eau quand on se brosse les dents : mettre de l’eau dans un verre pour se rincer;Eau;ABEILLES;Abeille jaune;abeille4;26/05/2025;0.05;28;0
W01;Prendre des douches rapides;Eau;ABEILLES;Abeille jaune;abeille4;26/05/2025;0.25;224;0
T06;Couper le moteur de la voiture quand elle ne roule pas;Transport;ABEILLES;Abeille jaune;abeille4;26/05/2025;1.518;0;0
E05;Préférer les ampoules à basse consommation;Electricité;ABEILLES;Abeille jaune;abeille4;26/05/2025;0.072803;0;0
E02;Ouvrir les volets et ne pas allumer la lumière quand il fait jour dehors. ou éteindre lorsque la lumière extérieure le permet;Electricité;ABEILLES;Abeille jaune;abeille4;26/05/2025;0.027408;0;0
E10;Faire sécher son linge à l'air libre au lieu d'utiliser le sèche linge chaque fois qu'on peut;Electricité;ABEILLES;Abeille jaune;abeille4;26/05/2025;0.413462;0;0
E01;Eteindre la lumière quand on quitte une pièce. quand on n’en a pas besoin;Electricité;ABEILLES;Abeille jaune;abeille4;26/05/2025;0.027408;0;0
C05;Faire soi-même ses produits d’entretien pour éviter les emballages;Courses;ABEILLES;Abeille jaune;abeille5;26/05/2025;0.006;0;0.03
W02;Utiliser une seule dose de savon;Courses;ABEILLES;Abeille jaune;abeille5;26/05/2025;0.05;28;0
D15;Economiser les mouchoirs en papier. l'essuie-tout et le papier toilette;Déchets;ABEILLES;Abeille jaune;abeille5;26/05/2025;0.009591;0;0.8
D08;Utiliser les bacs de tri;Déchets;ABEILLES;Abeille jaune;abeille5;26/05/2025;0.866962;0;0
D06;Prendre soin de ses affaires pour les faire durer plus longtemps (reboucher les feutres… ne pas casser. ne pas lancer…);Déchets;ABEILLES;Abeille jaune;abeille5;26/05/2025;0.017374;0;0.183462
D03;Ne pas jeter de déchets dans la nature (chewing-gums. sacs. canettes. bouteilles…);Déchets;ABEILLES;Abeille jaune;abeille5;26/05/2025;0.424875;0;4.486538
B02;Ne pas tuer les araignées. les insectes (les mettre dehors…);Biodiversité;ABEILLES;Abeille jaune;abeille5;26/05/2025;0;0;0
W07;Vider le reste de sa gourde dans les plantes;Eau;ABEILLES;Abeille jaune;abeille5;26/05/2025;0;0.000013;0
W03;Ne pas faire couler l’eau trop longtemps quand on se lave les mains;Eau;ABEILLES;Abeille jaune;abeille5;26/05/2025;0.004964;12.6;0
W05;Prendre une douche plutôt qu’un bain;Eau;ABEILLES;Abeille jaune;abeille5;26/05/2025;0.140658;357;0
T03;Préférer la marche ou le vélo plutôt que la voiture;Transport;ABEILLES;Abeille jaune;abeille5;26/05/2025;0.506;0;0
T04;Faire du covoiturage;Transport;ABEILLES;Abeille jaune;abeille5;26/05/2025;0.506;0;0
E05;Préférer les ampoules à basse consommation;Electricité;ABEILLES;Abeille jaune;abeille5;26/05/2025;0.072803;0;0
E02;Ouvrir les volets et ne pas allumer la lumière quand il fait jour dehors. ou éteindre lorsque la lumière extérieure le permet;Electricité;ABEILLES;Abeille jaune;abeille5;26/05/2025;0.027408;0;0
E10;Faire sécher son linge à l'air libre au lieu d'utiliser le sèche linge chaque fois qu'on peut;Electricité;ABEILLES;Abeille jaune;abeille5;26/05/2025;0.413462;0;0
E01;Eteindre la lumière quand on quitte une pièce. quand on n’en a pas besoin;Electricité;ABEILLES;Abeille jaune;abeille5;26/05/2025;0.027408;0;0
C06;Faire ses repas, gouter, compotes sois même plutôt que d’acheter des plats préparés;Courses;ABEILLES;Abeille jaune;abeille4;26/05/2025;1.260407;0;0.180058
C03;Acheter des fruits ou légumes de saison;Courses;ABEILLES;Abeille jaune;abeille4;26/05/2025;6.932;0;0
D11;Acheter des produits en vrac. éviter les emballages individuels…;Déchets;ABEILLES;Abeille jaune;abeille4;26/05/2025;0.38;0;0.67
D09;Faire du compost avec les déchets végétaux ou donner les restes alimentaires aux poules…;Déchets;ABEILLES;Abeille jaune;abeille4;26/05/2025;0.0623;0;1.75
D07;Vendre ou donner les vêtements. les objets. les jouets dont on ne veut plus (trop petits…);Déchets;ABEILLES;Abeille jaune;abeille4;26/05/2025;0.017374;2500;0
D04;Ramasser les papiers et les déchets par terre pour les mettre à la poubelle;Déchets;ABEILLES;Abeille jaune;abeille4;26/05/2025;0.00947;0;0.1
D02;Tout manger ce qu’il y a dans nos assiettes (cantine/maison);Déchets;ABEILLES;Abeille jaune;abeille4;26/05/2025;2.453511;0;1.390385
B04;Faire un jardin potager;Biodiversité;ABEILLES;Abeille jaune;abeille4;26/05/2025;4.48;0;0
B02;Ne pas tuer les araignées. les insectes (les mettre dehors…);Biodiversité;ABEILLES;Abeille jaune;abeille4;26/05/2025;0;0;0
W07;Vider le reste de sa gourde dans les plantes;Eau;ABEILLES;Abeille jaune;abeille4;26/05/2025;0;0.000013;0
W03;Ne pas faire couler l’eau trop longtemps quand on se lave les mains;Eau;ABEILLES;Abeille jaune;abeille4;26/05/2025;0.004964;12.6;0
W05;Prendre une douche plutôt qu’un bain;Eau;ABEILLES;Abeille jaune;abeille4;26/05/2025;0.140658;357;0
T03;Préférer la marche ou le vélo plutôt que la voiture;Transport;ABEILLES;Abeille jaune;abeille4;26/05/2025;0.506;0;0
E06;Préférer les piles rechargeables;Electricité;ABEILLES;Abeille jaune;abeille4;26/05/2025;0.097538;0;0
E04;Eteindre les écrans (ordinateur. télévision. …) pour diminuer la consommation d’électricité;Electricité;ABEILLES;Abeille jaune;abeille4;26/05/2025;0.15988;0;1
E11;Couvrir les casseroles lorsqu’on fait bouillir de l’eau ou pour cuire…;Electricité;ABEILLES;Abeille jaune;abeille4;26/05/2025;0.00293;0;0
E08;Eteindre le chauffage lorsqu’on aère une pièce;Electricité;ABEILLES;Abeille jaune;abeille4;26/05/2025;0.000173;0;0
C06;Faire ses repas, gouter, compotes sois même plutôt que d’acheter des plats préparés;Courses;ABEILLES;Abeille jaune;abeille3;02/06/2025;1.260407;0;0.180058
C03;Acheter des fruits ou légumes de saison;Courses;ABEILLES;Abeille jaune;abeille3;02/06/2025;6.932;0;0
D11;Acheter des produits en vrac. éviter les emballages individuels…;Déchets;ABEILLES;Abeille jaune;abeille3;02/06/2025;0.38;0;0.67
D08;Utiliser les bacs de tri;Déchets;ABEILLES;Abeille jaune;abeille3;02/06/2025;0.866962;0;0
D06;Prendre soin de ses affaires pour les faire durer plus longtemps (reboucher les feutres… ne pas casser. ne pas lancer…);Déchets;ABEILLES;Abeille jaune;abeille3;02/06/2025;0.017374;0;0.183462
D03;Ne pas jeter de déchets dans la nature (chewing-gums. sacs. canettes. bouteilles…);Déchets;ABEILLES;Abeille jaune;abeille3;02/06/2025;0.424875;0;4.486538
D01;Limiter l'utilisation du papier : Utiliser les feuilles des 2 côtés / faire du brouillon / Utiliser l'ardoise pour chercher / Prendre du papier recyclé…;Déchets;ABEILLES;Abeille jaune;abeille3;02/06/2025;0.009641;0;0.8
W07;Vider le reste de sa gourde dans les plantes;Eau;ABEILLES;Abeille jaune;abeille3;02/06/2025;0;0.000013;0
W03;Ne pas faire couler l’eau trop longtemps quand on se lave les mains;Eau;ABEILLES;Abeille jaune;abeille3;02/06/2025;0.004964;12.6;0
W05;Prendre une douche plutôt qu’un bain;Eau;ABEILLES;Abeille jaune;abeille3;02/06/2025;0.140658;357;0
T06;Couper le moteur de la voiture quand elle ne roule pas;Transport;ABEILLES;Abeille jaune;abeille3;02/06/2025;1.518;0;0
E06;Préférer les piles rechargeables;Electricité;ABEILLES;Abeille jaune;abeille3;02/06/2025;0.097538;0;0
E04;Eteindre les écrans (ordinateur. télévision. …) pour diminuer la consommation d’électricité;Electricité;ABEILLES;Abeille jaune;abeille3;02/06/2025;0.15988;0;1
E11;Couvrir les casseroles lorsqu’on fait bouillir de l’eau ou pour cuire…;Electricité;ABEILLES;Abeille jaune;abeille3;02/06/2025;0.00293;0;0
E01;Eteindre la lumière quand on quitte une pièce. quand on n’en a pas besoin;Electricité;ABEILLES;Abeille jaune;abeille3;02/06/2025;0.027408;0;0
C03;Acheter des fruits ou légumes de saison;Courses;ABEILLES;Abeille jaune;abeille4;02/06/2025;6.932;0;0
D11;Acheter des produits en vrac. éviter les emballages individuels…;Déchets;ABEILLES;Abeille jaune;abeille4;02/06/2025;0.38;0;0.67
D10;Ne pas acheter de bouteilles en plastique : boire à la gourde;Déchets;ABEILLES;Abeille jaune;abeille4;02/06/2025;0.54243;0;0.21
D08;Utiliser les bacs de tri;Déchets;ABEILLES;Abeille jaune;abeille4;02/06/2025;0.866962;0;0
D06;Prendre soin de ses affaires pour les faire durer plus longtemps (reboucher les feutres… ne pas casser. ne pas lancer…);Déchets;ABEILLES;Abeille jaune;abeille4;02/06/2025;0.017374;0;0.183462
D03;Ne pas jeter de déchets dans la nature (chewing-gums. sacs. canettes. bouteilles…);Déchets;ABEILLES;Abeille jaune;abeille4;02/06/2025;0.424875;0;4.486538
D01;Limiter l'utilisation du papier : Utiliser les feuilles des 2 côtés / faire du brouillon / Utiliser l'ardoise pour chercher / Prendre du papier recyclé…;Déchets;ABEILLES;Abeille jaune;abeille4;02/06/2025;0.009641;0;0.8
B02;Ne pas tuer les araignées. les insectes (les mettre dehors…);Biodiversité;ABEILLES;Abeille jaune;abeille4;02/06/2025;0;0;0
W07;Vider le reste de sa gourde dans les plantes;Eau;ABEILLES;Abeille jaune;abeille4;02/06/2025;0;0.000013;0
W03;Ne pas faire couler l’eau trop longtemps quand on se lave les mains;Eau;ABEILLES;Abeille jaune;abeille4;02/06/2025;0.004964;12.6;0
W05;Prendre une douche plutôt qu’un bain;Eau;ABEILLES;Abeille jaune;abeille4;02/06/2025;0.140658;357;0
T03;Préférer la marche ou le vélo plutôt que la voiture;Transport;ABEILLES;Abeille jaune;abeille4;02/06/2025;0.506;0;0
T04;Faire du covoiturage;Transport;ABEILLES;Abeille jaune;abeille4;02/06/2025;0.506;0;0
E05;Préférer les ampoules à basse consommation;Electricité;ABEILLES;Abeille jaune;abeille4;02/06/2025;0.072803;0;0
E02;Ouvrir les volets et ne pas allumer la lumière quand il fait jour dehors. ou éteindre lorsque la lumière extérieure le permet;Electricité;ABEILLES;Abeille jaune;abeille4;02/06/2025;0.027408;0;0
E10;Faire sécher son linge à l'air libre au lieu d'utiliser le sèche linge chaque fois qu'on peut;Electricité;ABEILLES;Abeille jaune;abeille4;02/06/2025;0.413462;0;0
E01;Eteindre la lumière quand on quitte une pièce. quand on n’en a pas besoin;Electricité;ABEILLES;Abeille jaune;abeille4;02/06/2025;0.027408;0;0
C03;Acheter des fruits ou légumes de saison;Courses;ABEILLES;Abeille jaune;abeille5;02/06/2025;6.932;0;0
C05;Faire soi-même ses produits d’entretien pour éviter les emballages;Courses;ABEILLES;Abeille jaune;abeille5;02/06/2025;0.006;0;0.03
D15;Economiser les mouchoirs en papier. l'essuie-tout et le papier toilette;Déchets;ABEILLES;Abeille jaune;abeille5;02/06/2025;0.009591;0;0.8
D09;Faire du compost avec les déchets végétaux ou donner les restes alimentaires aux poules…;Déchets;ABEILLES;Abeille jaune;abeille5;02/06/2025;0.0623;0;1.75
D07;Vendre ou donner les vêtements. les objets. les jouets dont on ne veut plus (trop petits…);Déchets;ABEILLES;Abeille jaune;abeille5;02/06/2025;0.017374;2500;0
D04;Ramasser les papiers et les déchets par terre pour les mettre à la poubelle;Déchets;ABEILLES;Abeille jaune;abeille5;02/06/2025;0.00947;0;0.1
D02;Tout manger ce qu’il y a dans nos assiettes (cantine/maison);Déchets;ABEILLES;Abeille jaune;abeille5;02/06/2025;2.453511;0;1.390385
B04;Faire un jardin potager;Biodiversité;ABEILLES;Abeille jaune;abeille5;02/06/2025;4.48;0;0
B01;Ne pas cueillir de plante dans la nature;Biodiversité;ABEILLES;Abeille jaune;abeille5;02/06/2025;0;0;0
W04;Tirer la petite chasse d’eau quand on fait pipi;Eau;ABEILLES;Abeille jaune;abeille5;02/06/2025;0.006501;16.5;0
W02;Couper l’eau quand on se brosse les dents : mettre de l’eau dans un verre pour se rincer;Eau;ABEILLES;Abeille jaune;abeille5;02/06/2025;0.05;28;0
W01;Prendre des douches rapides;Eau;ABEILLES;Abeille jaune;abeille5;02/06/2025;0.25;224;0
T04;Faire du covoiturage;Transport;ABEILLES;Abeille jaune;abeille5;02/06/2025;0.506;0;0
E06;Préférer les piles rechargeables;Electricité;ABEILLES;Abeille jaune;abeille5;02/06/2025;0.097538;0;0
E04;Eteindre les écrans (ordinateur. télévision. …) pour diminuer la consommation d’électricité;Electricité;ABEILLES;Abeille jaune;abeille5;02/06/2025;0.15988;0;1
E11;Couvrir les casseroles lorsqu’on fait bouillir de l’eau ou pour cuire…;Electricité;ABEILLES;Abeille jaune;abeille5;02/06/2025;0.00293;0;0
E08;Eteindre le chauffage lorsqu’on aère une pièce;Electricité;ABEILLES;Abeille jaune;abeille5;02/06/2025;0.000173;0;0
C03;Acheter des fruits ou légumes de saison;Courses;ABEILLES;Abeille jaune;abeille1;10/06/2025;6.932;0;0
D15;Economiser les mouchoirs en papier. l'essuie-tout et le papier toilette;Déchets;ABEILLES;Abeille jaune;abeille1;10/06/2025;0.009591;0;0.8
D08;Utiliser les bacs de tri;Déchets;ABEILLES;Abeille jaune;abeille1;10/06/2025;0.866962;0;0
D06;Prendre soin de ses affaires pour les faire durer plus longtemps (reboucher les feutres… ne pas casser. ne pas lancer…);Déchets;ABEILLES;Abeille jaune;abeille1;10/06/2025;0.017374;0;0.183462
D03;Ne pas jeter de déchets dans la nature (chewing-gums. sacs. canettes. bouteilles…);Déchets;ABEILLES;Abeille jaune;abeille1;10/06/2025;0.424875;0;4.486538
D01;Limiter l'utilisation du papier : Utiliser les feuilles des 2 côtés / faire du brouillon / Utiliser l'ardoise pour chercher / Prendre du papier recyclé…;Déchets;ABEILLES;Abeille jaune;abeille1;10/06/2025;0.009641;0;0.8
B01;Ne pas cueillir de plante dans la nature;Biodiversité;ABEILLES;Abeille jaune;abeille1;10/06/2025;0;0;0
W04;Tirer la petite chasse d’eau quand on fait pipi;Eau;ABEILLES;Abeille jaune;abeille1;10/06/2025;0.006501;16.5;0
W02;Couper l’eau quand on se brosse les dents : mettre de l’eau dans un verre pour se rincer;Eau;ABEILLES;Abeille jaune;abeille1;10/06/2025;0.05;28;0
W01;Prendre des douches rapides;Eau;ABEILLES;Abeille jaune;abeille1;10/06/2025;0.25;224;0
E05;Préférer les ampoules à basse consommation;Electricité;ABEILLES;Abeille jaune;abeille1;10/06/2025;0.072803;0;0
E02;Ouvrir les volets et ne pas allumer la lumière quand il fait jour dehors. ou éteindre lorsque la lumière extérieure le permet;Electricité;ABEILLES;Abeille jaune;abeille1;10/06/2025;0.027408;0;0
C05;Faire soi-même ses produits d’entretien pour éviter les emballages;Courses;ABEILLES;Abeille jaune;abeille4;10/06/2025;0.006;0;0.03
W02;Utiliser une seule dose de savon;Courses;ABEILLES;Abeille jaune;abeille4;10/06/2025;0.05;28;0
D15;Economiser les mouchoirs en papier. l'essuie-tout et le papier toilette;Déchets;ABEILLES;Abeille jaune;abeille4;10/06/2025;0.009591;0;0.8
D09;Faire du compost avec les déchets végétaux ou donner les restes alimentaires aux poules…;Déchets;ABEILLES;Abeille jaune;abeille4;10/06/2025;0.0623;0;1.75
D07;Vendre ou donner les vêtements. les objets. les jouets dont on ne veut plus (trop petits…);Déchets;ABEILLES;Abeille jaune;abeille4;10/06/2025;0.017374;2500;0
D04;Ramasser les papiers et les déchets par terre pour les mettre à la poubelle;Déchets;ABEILLES;Abeille jaune;abeille4;10/06/2025;0.00947;0;0.1
D02;Tout manger ce qu’il y a dans nos assiettes (cantine/maison);Déchets;ABEILLES;Abeille jaune;abeille4;10/06/2025;2.453511;0;1.390385
B03;Donner à manger aux oiseaux dans son jardin ou sur son balcon;Biodiversité;ABEILLES;Abeille jaune;abeille4;10/06/2025;0;0;0
B01;Ne pas cueillir de plante dans la nature;Biodiversité;ABEILLES;Abeille jaune;abeille4;10/06/2025;0;0;0
W04;Tirer la petite chasse d’eau quand on fait pipi;Eau;ABEILLES;Abeille jaune;abeille4;10/06/2025;0.006501;16.5;0
W02;Couper l’eau quand on se brosse les dents : mettre de l’eau dans un verre pour se rincer;Eau;ABEILLES;Abeille jaune;abeille4;10/06/2025;0.05;28;0
W01;Prendre des douches rapides;Eau;ABEILLES;Abeille jaune;abeille4;10/06/2025;0.25;224;0
T06;Couper le moteur de la voiture quand elle ne roule pas;Transport;ABEILLES;Abeille jaune;abeille4;10/06/2025;1.518;0;0
E06;Préférer les piles rechargeables;Electricité;ABEILLES;Abeille jaune;abeille4;10/06/2025;0.097538;0;0
E04;Eteindre les écrans (ordinateur. télévision. …) pour diminuer la consommation d’électricité;Electricité;ABEILLES;Abeille jaune;abeille4;10/06/2025;0.15988;0;1
E11;Couvrir les casseroles lorsqu’on fait bouillir de l’eau ou pour cuire…;Electricité;ABEILLES;Abeille jaune;abeille4;10/06/2025;0.00293;0;0
E08;Eteindre le chauffage lorsqu’on aère une pièce;Electricité;ABEILLES;Abeille jaune;abeille4;10/06/2025;0.000173;0;0
C06;Faire ses repas, gouter, compotes sois même plutôt que d’acheter des plats préparés;Courses;ABEILLES;Abeille jaune;abeille5;10/06/2025;1.260407;0;0.180058
C03;Acheter des fruits ou légumes de saison;Courses;ABEILLES;Abeille jaune;abeille5;10/06/2025;6.932;0;0
D11;Acheter des produits en vrac. éviter les emballages individuels…;Déchets;ABEILLES;Abeille jaune;abeille5;10/06/2025;0.38;0;0.67
D10;Ne pas acheter de bouteilles en plastique : boire à la gourde;Déchets;ABEILLES;Abeille jaune;abeille5;10/06/2025;0.54243;0;0.21
C06;Faire ses repas, gouter, compotes sois même plutôt que d’acheter des plats préparés;Courses;ABEILLES;Abeille jaune;abeille1;10/06/2025;1.260407;0;0.180058
W02;Utiliser une seule dose de savon;Courses;ABEILLES;Abeille jaune;abeille1;10/06/2025;0.05;28;0
D10;Ne pas acheter de bouteilles en plastique : boire à la gourde;Déchets;ABEILLES;Abeille jaune;abeille1;10/06/2025;0.54243;0;0.21
D07;Vendre ou donner les vêtements. les objets. les jouets dont on ne veut plus (trop petits…);Déchets;ABEILLES;Abeille jaune;abeille1;10/06/2025;0.017374;2500;0
D04;Ramasser les papiers et les déchets par terre pour les mettre à la poubelle;Déchets;ABEILLES;Abeille jaune;abeille1;10/06/2025;0.00947;0;0.1
D02;Tout manger ce qu’il y a dans nos assiettes (cantine/maison);Déchets;ABEILLES;Abeille jaune;abeille1;10/06/2025;2.453511;0;1.390385
B04;Faire un jardin potager;Biodiversité;ABEILLES;Abeille jaune;abeille1;10/06/2025;4.48;0;0
W07;Vider le reste de sa gourde dans les plantes;Eau;ABEILLES;Abeille jaune;abeille1;10/06/2025;0;0.000013;0
W03;Ne pas faire couler l’eau trop longtemps quand on se lave les mains;Eau;ABEILLES;Abeille jaune;abeille1;10/06/2025;0.004964;12.6;0
W05;Prendre une douche plutôt qu’un bain;Eau;ABEILLES;Abeille jaune;abeille1;10/06/2025;0.140658;357;0
T06;Couper le moteur de la voiture quand elle ne roule pas;Transport;ABEILLES;Abeille jaune;abeille1;10/06/2025;1.518;0;0
E04;Eteindre les écrans (ordinateur. télévision. …) pour diminuer la consommation d’électricité;Electricité;ABEILLES;Abeille jaune;abeille1;10/06/2025;0.15988;0;1
C06;Faire ses repas, gouter, compotes sois même plutôt que d’acheter des plats préparés;Courses;ABEILLES;Abeille jaune;abeille4;10/06/2025;1.260407;0;0.180058
C03;Acheter des fruits ou légumes de saison;Courses;ABEILLES;Abeille jaune;abeille4;10/06/2025;6.932;0;0
D11;Acheter des produits en vrac. éviter les emballages individuels…;Déchets;ABEILLES;Abeille jaune;abeille4;10/06/2025;0.38;0;0.67
D10;Ne pas acheter de bouteilles en plastique : boire à la gourde;Déchets;ABEILLES;Abeille jaune;abeille4;10/06/2025;0.54243;0;0.21
D08;Utiliser les bacs de tri;Déchets;ABEILLES;Abeille jaune;abeille4;10/06/2025;0.866962;0;0
D06;Prendre soin de ses affaires pour les faire durer plus longtemps (reboucher les feutres… ne pas casser. ne pas lancer…);Déchets;ABEILLES;Abeille jaune;abeille4;10/06/2025;0.017374;0;0.183462
D03;Ne pas jeter de déchets dans la nature (chewing-gums. sacs. canettes. bouteilles…);Déchets;ABEILLES;Abeille jaune;abeille4;10/06/2025;0.424875;0;4.486538
D01;Limiter l'utilisation du papier : Utiliser les feuilles des 2 côtés / faire du brouillon / Utiliser l'ardoise pour chercher / Prendre du papier recyclé…;Déchets;ABEILLES;Abeille jaune;abeille4;10/06/2025;0.009641;0;0.8
B02;Ne pas tuer les araignées. les insectes (les mettre dehors…);Biodiversité;ABEILLES;Abeille jaune;abeille4;10/06/2025;0;0;0
W07;Vider le reste de sa gourde dans les plantes;Eau;ABEILLES;Abeille jaune;abeille4;10/06/2025;0;0.000013;0
W03;Ne pas faire couler l’eau trop longtemps quand on se lave les mains;Eau;ABEILLES;Abeille jaune;abeille4;10/06/2025;0.004964;12.6;0
W05;Prendre une douche plutôt qu’un bain;Eau;ABEILLES;Abeille jaune;abeille4;10/06/2025;0.140658;357;0
T03;Préférer la marche ou le vélo plutôt que la voiture;Transport;ABEILLES;Abeille jaune;abeille4;10/06/2025;0.506;0;0
T04;Faire du covoiturage;Transport;ABEILLES;Abeille jaune;abeille4;10/06/2025;0.506;0;0
E05;Préférer les ampoules à basse consommation;Electricité;ABEILLES;Abeille jaune;abeille4;10/06/2025;0.072803;0;0
E02;Ouvrir les volets et ne pas allumer la lumière quand il fait jour dehors. ou éteindre lorsque la lumière extérieure le permet;Electricité;ABEILLES;Abeille jaune;abeille4;10/06/2025;0.027408;0;0
E10;Faire sécher son linge à l'air libre au lieu d'utiliser le sèche linge chaque fois qu'on peut;Electricité;ABEILLES;Abeille jaune;abeille4;10/06/2025;0.413462;0;0
E01;Eteindre la lumière quand on quitte une pièce. quand on n’en a pas besoin;Electricité;ABEILLES;Abeille jaune;abeille4;10/06/2025;0.027408;0;0
C05;Faire soi-même ses produits d’entretien pour éviter les emballages;Courses;ABEILLES;Abeille jaune;abeille5;10/06/2025;0.006;0;0.03
W02;Utiliser une seule dose de savon;Courses;ABEILLES;Abeille jaune;abeille5;10/06/2025;0.05;28;0
C03;Acheter des fruits ou légumes de saison;Courses;ABEILLES;Abeille jaune;abeille8;30/05/2025;6.932;0;0
D10;Ne pas acheter de bouteilles en plastique : boire à la gourde;Déchets;ABEILLES;Abeille jaune;abeille8;30/05/2025;0.54243;0;0.21
D08;Utiliser les bacs de tri;Déchets;ABEILLES;Abeille jaune;abeille8;30/05/2025;0.866962;0;0
D06;Prendre soin de ses affaires pour les faire durer plus longtemps (reboucher les feutres… ne pas casser. ne pas lancer…);Déchets;ABEILLES;Abeille jaune;abeille8;30/05/2025;0.017374;0;0.183462
D03;Ne pas jeter de déchets dans la nature (chewing-gums. sacs. canettes. bouteilles…);Déchets;ABEILLES;Abeille jaune;abeille8;30/05/2025;0.424875;0;4.486538
B04;Faire un jardin potager;Biodiversité;ABEILLES;Abeille jaune;abeille8;30/05/2025;4.48;0;0
B01;Ne pas cueillir de plante dans la nature;Biodiversité;ABEILLES;Abeille jaune;abeille8;30/05/2025;0;0;0
W04;Tirer la petite chasse d’eau quand on fait pipi;Eau;ABEILLES;Abeille jaune;abeille8;30/05/2025;0.006501;16.5;0
W02;Couper l’eau quand on se brosse les dents : mettre de l’eau dans un verre pour se rincer;Eau;ABEILLES;Abeille jaune;abeille8;30/05/2025;0.05;28;0
T03;Préférer la marche ou le vélo plutôt que la voiture;Transport;ABEILLES;Abeille jaune;abeille8;30/05/2025;0.506;0;0
E05;Préférer les ampoules à basse consommation;Electricité;ABEILLES;Abeille jaune;abeille8;30/05/2025;0.072803;0;0
E02;Ouvrir les volets et ne pas allumer la lumière quand il fait jour dehors. ou éteindre lorsque la lumière extérieure le permet;Electricité;ABEILLES;Abeille jaune;abeille8;30/05/2025;0.027408;0;0
E10;Faire sécher son linge à l'air libre au lieu d'utiliser le sèche linge chaque fois qu'on peut;Electricité;ABEILLES;Abeille jaune;abeille8;30/05/2025;0.413462;0;0
E01;Eteindre la lumière quand on quitte une pièce. quand on n’en a pas besoin;Electricité;ABEILLES;Abeille jaune;abeille8;30/05/2025;0.027408;0;0
C05;Faire soi-même ses produits d’entretien pour éviter les emballages;Courses;ABEILLES;Abeille jaune;abeille8;30/05/2025;0.006;0;0.03
W02;Utiliser une seule dose de savon;Courses;ABEILLES;Abeille jaune;abeille8;30/05/2025;0.05;28;0
D09;Faire du compost avec les déchets végétaux ou donner les restes alimentaires aux poules…;Déchets;ABEILLES;Abeille jaune;abeille8;30/05/2025;0.0623;0;1.75
D07;Vendre ou donner les vêtements. les objets. les jouets dont on ne veut plus (trop petits…);Déchets;ABEILLES;Abeille jaune;abeille8;30/05/2025;0.017374;2500;0
D04;Ramasser les papiers et les déchets par terre pour les mettre à la poubelle;Déchets;ABEILLES;Abeille jaune;abeille8;30/05/2025;0.00947;0;0.1
D01;Limiter l'utilisation du papier : Utiliser les feuilles des 2 côtés / faire du brouillon / Utiliser l'ardoise pour chercher / Prendre du papier recyclé…;Déchets;ABEILLES;Abeille jaune;abeille8;30/05/2025;0.009641;0;0.8
B02;Ne pas tuer les araignées. les insectes (les mettre dehors…);Biodiversité;ABEILLES;Abeille jaune;abeille8;30/05/2025;0;0;0
W07;Vider le reste de sa gourde dans les plantes;Eau;ABEILLES;Abeille jaune;abeille8;30/05/2025;0;0.000013;0
W03;Ne pas faire couler l’eau trop longtemps quand on se lave les mains;Eau;ABEILLES;Abeille jaune;abeille8;30/05/2025;0.004964;12.6;0
W05;Prendre une douche plutôt qu’un bain;Eau;ABEILLES;Abeille jaune;abeille8;30/05/2025;0.140658;357;0
T06;Couper le moteur de la voiture quand elle ne roule pas;Transport;ABEILLES;Abeille jaune;abeille8;30/05/2025;1.518;0;0
E04;Eteindre les écrans (ordinateur. télévision. …) pour diminuer la consommation d’électricité;Electricité;ABEILLES;Abeille jaune;abeille8;30/05/2025;0.15988;0;1
E11;Couvrir les casseroles lorsqu’on fait bouillir de l’eau ou pour cuire…;Electricité;ABEILLES;Abeille jaune;abeille8;30/05/2025;0.00293;0;0
E08;Eteindre le chauffage lorsqu’on aère une pièce;Electricité;ABEILLES;Abeille jaune;abeille8;30/05/2025;0.000173;0;0
C05;Faire soi-même ses produits d’entretien pour éviter les emballages;Courses;ABEILLES;Abeille jaune;abeille3;02/06/2025;0.006;0;0.03
W02;Utiliser une seule dose de savon;Courses;ABEILLES;Abeille jaune;abeille3;02/06/2025;0.05;28;0
D15;Economiser les mouchoirs en papier. l'essuie-tout et le papier toilette;Déchets;ABEILLES;Abeille jaune;abeille3;02/06/2025;0.009591;0;0.8
D07;Vendre ou donner les vêtements. les objets. les jouets dont on ne veut plus (trop petits…);Déchets;ABEILLES;Abeille jaune;abeille3;02/06/2025;0.017374;2500;0
D04;Ramasser les papiers et les déchets par terre pour les mettre à la poubelle;Déchets;ABEILLES;Abeille jaune;abeille3;02/06/2025;0.00947;0;0.1
D02;Tout manger ce qu’il y a dans nos assiettes (cantine/maison);Déchets;ABEILLES;Abeille jaune;abeille3;02/06/2025;2.453511;0;1.390385
B02;Ne pas tuer les araignées. les insectes (les mettre dehors…);Biodiversité;ABEILLES;Abeille jaune;abeille3;02/06/2025;0;0;0
W04;Tirer la petite chasse d’eau quand on fait pipi;Eau;ABEILLES;Abeille jaune;abeille3;02/06/2025;0.006501;16.5;0
W02;Couper l’eau quand on se brosse les dents : mettre de l’eau dans un verre pour se rincer;Eau;ABEILLES;Abeille jaune;abeille3;02/06/2025;0.05;28;0
W01;Prendre des douches rapides;Eau;ABEILLES;Abeille jaune;abeille3;02/06/2025;0.25;224;0
T04;Faire du covoiturage;Transport;ABEILLES;Abeille jaune;abeille3;02/06/2025;0.506;0;0
E05;Préférer les ampoules à basse consommation;Electricité;ABEILLES;Abeille jaune;abeille3;02/06/2025;0.072803;0;0
E02;Ouvrir les volets et ne pas allumer la lumière quand il fait jour dehors. ou éteindre lorsque la lumière extérieure le permet;Electricité;ABEILLES;Abeille jaune;abeille3;02/06/2025;0.027408;0;0
E08;Eteindre le chauffage lorsqu’on aère une pièce;Electricité;ABEILLES;Abeille jaune;abeille3;02/06/2025;0.000173;0;0
C06;Faire ses repas, gouter, compotes sois même plutôt que d’acheter des plats préparés;Courses;ABEILLES;Abeille jaune;abeille4;02/06/2025;1.260407;0;0.180058
W02;Utiliser une seule dose de savon;Courses;ABEILLES;Abeille jaune;abeille4;02/06/2025;0.05;28;0
D15;Economiser les mouchoirs en papier. l'essuie-tout et le papier toilette;Déchets;ABEILLES;Abeille jaune;abeille4;02/06/2025;0.009591;0;0.8
D09;Faire du compost avec les déchets végétaux ou donner les restes alimentaires aux poules…;Déchets;ABEILLES;Abeille jaune;abeille4;02/06/2025;0.0623;0;1.75
D07;Vendre ou donner les vêtements. les objets. les jouets dont on ne veut plus (trop petits…);Déchets;ABEILLES;Abeille jaune;abeille4;02/06/2025;0.017374;2500;0
D04;Ramasser les papiers et les déchets par terre pour les mettre à la poubelle;Déchets;ABEILLES;Abeille jaune;abeille4;02/06/2025;0.00947;0;0.1
D02;Tout manger ce qu’il y a dans nos assiettes (cantine/maison);Déchets;ABEILLES;Abeille jaune;abeille4;02/06/2025;2.453511;0;1.390385
B03;Donner à manger aux oiseaux dans son jardin ou sur son balcon;Biodiversité;ABEILLES;Abeille jaune;abeille4;02/06/2025;0;0;0
B01;Ne pas cueillir de plante dans la nature;Biodiversité;ABEILLES;Abeille jaune;abeille4;02/06/2025;0;0;0
W04;Tirer la petite chasse d’eau quand on fait pipi;Eau;ABEILLES;Abeille jaune;abeille4;02/06/2025;0.006501;16.5;0
W02;Couper l’eau quand on se brosse les dents : mettre de l’eau dans un verre pour se rincer;Eau;ABEILLES;Abeille jaune;abeille4;02/06/2025;0.05;28;0
W01;Prendre des douches rapides;Eau;ABEILLES;Abeille jaune;abeille4;02/06/2025;0.25;224;0
T06;Couper le moteur de la voiture quand elle ne roule pas;Transport;ABEILLES;Abeille jaune;abeille4;02/06/2025;1.518;0;0
E06;Préférer les piles rechargeables;Electricité;ABEILLES;Abeille jaune;abeille4;02/06/2025;0.097538;0;0
E04;Eteindre les écrans (ordinateur. télévision. …) pour diminuer la consommation d’électricité;Electricité;ABEILLES;Abeille jaune;abeille4;02/06/2025;0.15988;0;1
E11;Couvrir les casseroles lorsqu’on fait bouillir de l’eau ou pour cuire…;Electricité;ABEILLES;Abeille jaune;abeille4;02/06/2025;0.00293;0;0
E08;Eteindre le chauffage lorsqu’on aère une pièce;Electricité;ABEILLES;Abeille jaune;abeille4;02/06/2025;0.000173;0;0
C06;Faire ses repas, gouter, compotes sois même plutôt que d’acheter des plats préparés;Courses;ABEILLES;Abeille jaune;abeille5;02/06/2025;1.260407;0;0.180058
W02;Utiliser une seule dose de savon;Courses;ABEILLES;Abeille jaune;abeille5;02/06/2025;0.05;28;0
D11;Acheter des produits en vrac. éviter les emballages individuels…;Déchets;ABEILLES;Abeille jaune;abeille5;02/06/2025;0.38;0;0.67
D10;Ne pas acheter de bouteilles en plastique : boire à la gourde;Déchets;ABEILLES;Abeille jaune;abeille5;02/06/2025;0.54243;0;0.21
D08;Utiliser les bacs de tri;Déchets;ABEILLES;Abeille jaune;abeille5;02/06/2025;0.866962;0;0
D06;Prendre soin de ses affaires pour les faire durer plus longtemps (reboucher les feutres… ne pas casser. ne pas lancer…);Déchets;ABEILLES;Abeille jaune;abeille5;02/06/2025;0.017374;0;0.183462
D03;Ne pas jeter de déchets dans la nature (chewing-gums. sacs. canettes. bouteilles…);Déchets;ABEILLES;Abeille jaune;abeille5;02/06/2025;0.424875;0;4.486538
D01;Limiter l'utilisation du papier : Utiliser les feuilles des 2 côtés / faire du brouillon / Utiliser l'ardoise pour chercher / Prendre du papier recyclé…;Déchets;ABEILLES;Abeille jaune;abeille5;02/06/2025;0.009641;0;0.8
B02;Ne pas tuer les araignées. les insectes (les mettre dehors…);Biodiversité;ABEILLES;Abeille jaune;abeille5;02/06/2025;0;0;0
W07;Vider le reste de sa gourde dans les plantes;Eau;ABEILLES;Abeille jaune;abeille5;02/06/2025;0;0.000013;0
W03;Ne pas faire couler l’eau trop longtemps quand on se lave les mains;Eau;ABEILLES;Abeille jaune;abeille5;02/06/2025;0.004964;12.6;0
W05;Prendre une douche plutôt qu’un bain;Eau;ABEILLES;Abeille jaune;abeille5;02/06/2025;0.140658;357;0
T06;Couper le moteur de la voiture quand elle ne roule pas;Transport;ABEILLES;Abeille jaune;abeille5;02/06/2025;1.518;0;0
T03;Préférer la marche ou le vélo plutôt que la voiture;Transport;ABEILLES;Abeille jaune;abeille5;02/06/2025;0.506;0;0
E05;Préférer les ampoules à basse consommation;Electricité;ABEILLES;Abeille jaune;abeille5;02/06/2025;0.072803;0;0
E02;Ouvrir les volets et ne pas allumer la lumière quand il fait jour dehors. ou éteindre lorsque la lumière extérieure le permet;Electricité;ABEILLES;Abeille jaune;abeille5;02/06/2025;0.027408;0;0
E10;Faire sécher son linge à l'air libre au lieu d'utiliser le sèche linge chaque fois qu'on peut;Electricité;ABEILLES;Abeille jaune;abeille5;02/06/2025;0.413462;0;0
E01;Eteindre la lumière quand on quitte une pièce. quand on n’en a pas besoin;Electricité;ABEILLES;Abeille jaune;abeille5;02/06/2025;0.027408;0;0
D15;Economiser les mouchoirs en papier. l'essuie-tout et le papier toilette;Déchets;ABEILLES;Abeille jaune;abeille5;10/06/2025;0.009591;0;0.8
D08;Utiliser les bacs de tri;Déchets;ABEILLES;Abeille jaune;abeille5;10/06/2025;0.866962;0;0
B04;Faire un jardin potager;Biodiversité;ABEILLES;Abeille jaune;abeille5;10/06/2025;4.48;0;0
B02;Ne pas tuer les araignées. les insectes (les mettre dehors…);Biodiversité;ABEILLES;Abeille jaune;abeille5;10/06/2025;0;0;0
W07;Vider le reste de sa gourde dans les plantes;Eau;ABEILLES;Abeille jaune;abeille5;10/06/2025;0;0.000013;0
W03;Ne pas faire couler l’eau trop longtemps quand on se lave les mains;Eau;ABEILLES;Abeille jaune;abeille5;10/06/2025;0.004964;12.6;0
W05;Prendre une douche plutôt qu’un bain;Eau;ABEILLES;Abeille jaune;abeille5;10/06/2025;0.140658;357;0
T03;Préférer la marche ou le vélo plutôt que la voiture;Transport;ABEILLES;Abeille jaune;abeille5;10/06/2025;0.506;0;0
T04;Faire du covoiturage;Transport;ABEILLES;Abeille jaune;abeille5;10/06/2025;0.506;0;0
E05;Préférer les ampoules à basse consommation;Electricité;ABEILLES;Abeille jaune;abeille5;10/06/2025;0.072803;0;0
E02;Ouvrir les volets et ne pas allumer la lumière quand il fait jour dehors. ou éteindre lorsque la lumière extérieure le permet;Electricité;ABEILLES;Abeille jaune;abeille5;10/06/2025;0.027408;0;0
E10;Faire sécher son linge à l'air libre au lieu d'utiliser le sèche linge chaque fois qu'on peut;Electricité;ABEILLES;Abeille jaune;abeille5;10/06/2025;0.413462;0;0
E01;Eteindre la lumière quand on quitte une pièce. quand on n’en a pas besoin;Electricité;ABEILLES;Abeille jaune;abeille5;10/06/2025;0.027408;0;0
D07;Vendre ou donner les vêtements. les objets. les jouets dont on ne veut plus (trop petits…);Déchets;ABEILLES;Abeille jaune;abeille5;10/06/2025;0.017374;2500;0
B03;Donner à manger aux oiseaux dans son jardin ou sur son balcon;Biodiversité;ABEILLES;Abeille jaune;abeille5;10/06/2025;0;0;0
B01;Ne pas cueillir de plante dans la nature;Biodiversité;ABEILLES;Abeille jaune;abeille5;10/06/2025;0;0;0
W04;Tirer la petite chasse d’eau quand on fait pipi;Eau;ABEILLES;Abeille jaune;abeille5;10/06/2025;0.006501;16.5;0
W02;Couper l’eau quand on se brosse les dents : mettre de l’eau dans un verre pour se rincer;Eau;ABEILLES;Abeille jaune;abeille5;10/06/2025;0.05;28;0
W01;Prendre des douches rapides;Eau;ABEILLES;Abeille jaune;abeille5;10/06/2025;0.25;224;0
T06;Couper le moteur de la voiture quand elle ne roule pas;Transport;ABEILLES;Abeille jaune;abeille5;10/06/2025;1.518;0;0
E06;Préférer les piles rechargeables;Electricité;ABEILLES;Abeille jaune;abeille5;10/06/2025;0.097538;0;0
E04;Eteindre les écrans (ordinateur. télévision. …) pour diminuer la consommation d’électricité;Electricité;ABEILLES;Abeille jaune;abeille5;10/06/2025;0.15988;0;1
E11;Couvrir les casseroles lorsqu’on fait bouillir de l’eau ou pour cuire…;Electricité;ABEILLES;Abeille jaune;abeille5;10/06/2025;0.00293;0;0
E08;Eteindre le chauffage lorsqu’on aère une pièce;Electricité;ABEILLES;Abeille jaune;abeille5;10/06/2025;0.000173;0;0
D11;Acheter des produits en vrac. éviter les emballages individuels…;Déchets;ABEILLES;Abeille jaune;abeille4;17/06/2025;0.38;0;0.67
D15;Economiser les mouchoirs en papier. l'essuie-tout et le papier toilette;Déchets;ABEILLES;Abeille jaune;abeille4;17/06/2025;0.009591;0;0.8
D10;Ne pas acheter de bouteilles en plastique : boire à la gourde;Déchets;ABEILLES;Abeille jaune;abeille4;17/06/2025;0.54243;0;0.21
D09;Faire du compost avec les déchets végétaux ou donner les restes alimentaires aux poules…;Déchets;ABEILLES;Abeille jaune;abeille4;17/06/2025;0.0623;0;1.75
D08;Utiliser les bacs de tri;Déchets;ABEILLES;Abeille jaune;abeille4;17/06/2025;0.866962;0;0
D07;Vendre ou donner les vêtements. les objets. les jouets dont on ne veut plus (trop petits…);Déchets;ABEILLES;Abeille jaune;abeille4;17/06/2025;0.017374;2500;0
D06;Prendre soin de ses affaires pour les faire durer plus longtemps (reboucher les feutres… ne pas casser. ne pas lancer…);Déchets;ABEILLES;Abeille jaune;abeille4;17/06/2025;0.017374;0;0.183462
D04;Ramasser les papiers et les déchets par terre pour les mettre à la poubelle;Déchets;ABEILLES;Abeille jaune;abeille4;17/06/2025;0.00947;0;0.1
D03;Ne pas jeter de déchets dans la nature (chewing-gums. sacs. canettes. bouteilles…);Déchets;ABEILLES;Abeille jaune;abeille4;17/06/2025;0.424875;0;4.486538
D02;Tout manger ce qu’il y a dans nos assiettes (cantine/maison);Déchets;ABEILLES;Abeille jaune;abeille4;17/06/2025;2.453511;0;1.390385
D01;Limiter l'utilisation du papier : Utiliser les feuilles des 2 côtés / faire du brouillon / Utiliser l'ardoise pour chercher / Prendre du papier recyclé…;Déchets;ABEILLES;Abeille jaune;abeille4;17/06/2025;0.009641;0;0.8
B04;Faire un jardin potager;Biodiversité;ABEILLES;Abeille jaune;abeille4;17/06/2025;4.48;0;0
B03;Donner à manger aux oiseaux dans son jardin ou sur son balcon;Biodiversité;ABEILLES;Abeille jaune;abeille4;17/06/2025;0;0;0
B02;Ne pas tuer les araignées. les insectes (les mettre dehors…);Biodiversité;ABEILLES;Abeille jaune;abeille4;17/06/2025;0;0;0
B01;Ne pas cueillir de plante dans la nature;Biodiversité;ABEILLES;Abeille jaune;abeille4;17/06/2025;0;0;0
W07;Vider le reste de sa gourde dans les plantes;Eau;ABEILLES;Abeille jaune;abeille4;17/06/2025;0;0.000013;0
W04;Tirer la petite chasse d’eau quand on fait pipi;Eau;ABEILLES;Abeille jaune;abeille4;17/06/2025;0.006501;16.5;0
W03;Ne pas faire couler l’eau trop longtemps quand on se lave les mains;Eau;ABEILLES;Abeille jaune;abeille4;17/06/2025;0.004964;12.6;0
W02;Couper l’eau quand on se brosse les dents : mettre de l’eau dans un verre pour se rincer;Eau;ABEILLES;Abeille jaune;abeille4;17/06/2025;0.05;28;0
W05;Prendre une douche plutôt qu’un bain;Eau;ABEILLES;Abeille jaune;abeille4;17/06/2025;0.140658;357;0
W01;Prendre des douches rapides;Eau;ABEILLES;Abeille jaune;abeille4;17/06/2025;0.25;224;0
T03;Préférer la marche ou le vélo plutôt que la voiture;Transport;ABEILLES;Abeille jaune;abeille4;17/06/2025;0.506;0;0
T06;Couper le moteur de la voiture quand elle ne roule pas;Transport;ABEILLES;Abeille jaune;abeille4;17/06/2025;1.518;0;0
E05;Préférer les ampoules à basse consommation;Electricité;ABEILLES;Abeille jaune;abeille4;17/06/2025;0.072803;0;0
E02;Ouvrir les volets et ne pas allumer la lumière quand il fait jour dehors. ou éteindre lorsque la lumière extérieure le permet;Electricité;ABEILLES;Abeille jaune;abeille4;17/06/2025;0.027408;0;0
E10;Faire sécher son linge à l'air libre au lieu d'utiliser le sèche linge chaque fois qu'on peut;Electricité;ABEILLES;Abeille jaune;abeille4;17/06/2025;0.413462;0;0
E01;Eteindre la lumière quand on quitte une pièce. quand on n’en a pas besoin;Electricité;ABEILLES;Abeille jaune;abeille4;17/06/2025;0.027408;0;0
C05;Faire soi-même ses produits d’entretien pour éviter les emballages;Courses;ABEILLES;Abeille jaune;abeille4;17/06/2025;0.006;0;0.03
W02;Utiliser une seule dose de savon;Courses;ABEILLES;Abeille jaune;abeille4;17/06/2025;0.05;28;0
C06;Faire ses repas, gouter, compotes sois même plutôt que d’acheter des plats préparés;Courses;ABEILLES;Abeille jaune;abeille5;22/06/2025;1.260407;0;0.180058
C03;Acheter des fruits ou légumes de saison;Courses;ABEILLES;Abeille jaune;abeille5;22/06/2025;6.932;0;0
D11;Acheter des produits en vrac. éviter les emballages individuels…;Déchets;ABEILLES;Abeille jaune;abeille5;22/06/2025;0.38;0;0.67
D10;Ne pas acheter de bouteilles en plastique : boire à la gourde;Déchets;ABEILLES;Abeille jaune;abeille5;22/06/2025;0.54243;0;0.21
D07;Vendre ou donner les vêtements. les objets. les jouets dont on ne veut plus (trop petits…);Déchets;ABEILLES;Abeille jaune;abeille5;22/06/2025;0.017374;2500;0
D04;Ramasser les papiers et les déchets par terre pour les mettre à la poubelle;Déchets;ABEILLES;Abeille jaune;abeille5;22/06/2025;0.00947;0;0.1
D02;Tout manger ce qu’il y a dans nos assiettes (cantine/maison);Déchets;ABEILLES;Abeille jaune;abeille5;22/06/2025;2.453511;0;1.390385
B04;Faire un jardin potager;Biodiversité;ABEILLES;Abeille jaune;abeille5;22/06/2025;4.48;0;0
B02;Ne pas tuer les araignées. les insectes (les mettre dehors…);Biodiversité;ABEILLES;Abeille jaune;abeille5;22/06/2025;0;0;0
W07;Vider le reste de sa gourde dans les plantes;Eau;ABEILLES;Abeille jaune;abeille5;22/06/2025;0;0.000013;0
W03;Ne pas faire couler l’eau trop longtemps quand on se lave les mains;Eau;ABEILLES;Abeille jaune;abeille5;22/06/2025;0.004964;12.6;0
W05;Prendre une douche plutôt qu’un bain;Eau;ABEILLES;Abeille jaune;abeille5;22/06/2025;0.140658;357;0
T03;Préférer la marche ou le vélo plutôt que la voiture;Transport;ABEILLES;Abeille jaune;abeille5;22/06/2025;0.506;0;0
T04;Faire du covoiturage;Transport;ABEILLES;Abeille jaune;abeille5;22/06/2025;0.506;0;0
E05;Préférer les ampoules à basse consommation;Electricité;ABEILLES;Abeille jaune;abeille5;22/06/2025;0.072803;0;0
E02;Ouvrir les volets et ne pas allumer la lumière quand il fait jour dehors. ou éteindre lorsque la lumière extérieure le permet;Electricité;ABEILLES;Abeille jaune;abeille5;22/06/2025;0.027408;0;0
E10;Faire sécher son linge à l'air libre au lieu d'utiliser le sèche linge chaque fois qu'on peut;Electricité;ABEILLES;Abeille jaune;abeille5;22/06/2025;0.413462;0;0
E01;Eteindre la lumière quand on quitte une pièce. quand on n’en a pas besoin;Electricité;ABEILLES;Abeille jaune;abeille5;22/06/2025;0.027408;0;0
E06;Préférer les piles rechargeables;Electricité;ABEILLES;Abeille jaune;abeille4;17/06/2025;0.097538;0;0
E04;Eteindre les écrans (ordinateur. télévision. …) pour diminuer la consommation d’électricité;Electricité;ABEILLES;Abeille jaune;abeille4;17/06/2025;0.15988;0;1
E11;Couvrir les casseroles lorsqu’on fait bouillir de l’eau ou pour cuire…;Electricité;ABEILLES;Abeille jaune;abeille4;17/06/2025;0.00293;0;0
E08;Eteindre le chauffage lorsqu’on aère une pièce;Electricité;ABEILLES;Abeille jaune;abeille4;17/06/2025;0.000173;0;0
C06;Faire ses repas, gouter, compotes sois même plutôt que d’acheter des plats préparés;Courses;ABEILLES;Abeille jaune;abeille4;17/06/2025;1.260407;0;0.180058
C03;Acheter des fruits ou légumes de saison;Courses;ABEILLES;Abeille jaune;abeille4;17/06/2025;6.932;0;0
C05;Faire soi-même ses produits d’entretien pour éviter les emballages;Courses;ABEILLES;Abeille jaune;abeille5;22/06/2025;0.006;0;0.03
W02;Utiliser une seule dose de savon;Courses;ABEILLES;Abeille jaune;abeille5;22/06/2025;0.05;28;0
D15;Economiser les mouchoirs en papier. l'essuie-tout et le papier toilette;Déchets;ABEILLES;Abeille jaune;abeille5;22/06/2025;0.009591;0;0.8
D08;Utiliser les bacs de tri;Déchets;ABEILLES;Abeille jaune;abeille5;22/06/2025;0.866962;0;0
D06;Prendre soin de ses affaires pour les faire durer plus longtemps (reboucher les feutres… ne pas casser. ne pas lancer…);Déchets;ABEILLES;Abeille jaune;abeille5;22/06/2025;0.017374;0;0.183462
D03;Ne pas jeter de déchets dans la nature (chewing-gums. sacs. canettes. bouteilles…);Déchets;ABEILLES;Abeille jaune;abeille5;22/06/2025;0.424875;0;4.486538
D01;Limiter l'utilisation du papier : Utiliser les feuilles des 2 côtés / faire du brouillon / Utiliser l'ardoise pour chercher / Prendre du papier recyclé…;Déchets;ABEILLES;Abeille jaune;abeille5;22/06/2025;0.009641;0;0.8
B03;Donner à manger aux oiseaux dans son jardin ou sur son balcon;Biodiversité;ABEILLES;Abeille jaune;abeille5;22/06/2025;0;0;0
B01;Ne pas cueillir de plante dans la nature;Biodiversité;ABEILLES;Abeille jaune;abeille5;22/06/2025;0;0;0
W04;Tirer la petite chasse d’eau quand on fait pipi;Eau;ABEILLES;Abeille jaune;abeille5;22/06/2025;0.006501;16.5;0
W02;Couper l’eau quand on se brosse les dents : mettre de l’eau dans un verre pour se rincer;Eau;ABEILLES;Abeille jaune;abeille5;22/06/2025;0.05;28;0
W01;Prendre des douches rapides;Eau;ABEILLES;Abeille jaune;abeille5;22/06/2025;0.25;224;0
T06;Couper le moteur de la voiture quand elle ne roule pas;Transport;ABEILLES;Abeille jaune;abeille5;22/06/2025;1.518;0;0
E06;Préférer les piles rechargeables;Electricité;ABEILLES;Abeille jaune;abeille5;22/06/2025;0.097538;0;0
E04;Eteindre les écrans (ordinateur. télévision. …) pour diminuer la consommation d’électricité;Electricité;ABEILLES;Abeille jaune;abeille5;22/06/2025;0.15988;0;1
E11;Couvrir les casseroles lorsqu’on fait bouillir de l’eau ou pour cuire…;Electricité;ABEILLES;Abeille jaune;abeille5;22/06/2025;0.00293;0;0
E08;Eteindre le chauffage lorsqu’on aère une pièce;Electricité;ABEILLES;Abeille jaune;abeille5;22/06/2025;0.000173;0;0
C05;Faire soi-même ses produits d’entretien pour éviter les emballages;Courses;ABEILLES;Abeille jaune;abeille8;28/06/2025;0.006;0;0.03
W02;Utiliser une seule dose de savon;Courses;ABEILLES;Abeille jaune;abeille8;28/06/2025;0.05;28;0
D09;Faire du compost avec les déchets végétaux ou donner les restes alimentaires aux poules…;Déchets;ABEILLES;Abeille jaune;abeille8;28/06/2025;0.0623;0;1.75
D07;Vendre ou donner les vêtements. les objets. les jouets dont on ne veut plus (trop petits…);Déchets;ABEILLES;Abeille jaune;abeille8;28/06/2025;0.017374;2500;0
D04;Ramasser les papiers et les déchets par terre pour les mettre à la poubelle;Déchets;ABEILLES;Abeille jaune;abeille8;28/06/2025;0.00947;0;0.1
D01;Limiter l'utilisation du papier : Utiliser les feuilles des 2 côtés / faire du brouillon / Utiliser l'ardoise pour chercher / Prendre du papier recyclé…;Déchets;ABEILLES;Abeille jaune;abeille8;28/06/2025;0.009641;0;0.8
B02;Ne pas tuer les araignées. les insectes (les mettre dehors…);Biodiversité;ABEILLES;Abeille jaune;abeille8;28/06/2025;0;0;0
W07;Vider le reste de sa gourde dans les plantes;Eau;ABEILLES;Abeille jaune;abeille8;28/06/2025;0;0.000013;0
W02;Couper l’eau quand on se brosse les dents : mettre de l’eau dans un verre pour se rincer;Eau;ABEILLES;Abeille jaune;abeille8;28/06/2025;0.05;28;0
W01;Prendre des douches rapides;Eau;ABEILLES;Abeille jaune;abeille8;28/06/2025;0.25;224;0
T06;Couper le moteur de la voiture quand elle ne roule pas;Transport;ABEILLES;Abeille jaune;abeille8;28/06/2025;1.518;0;0
E04;Eteindre les écrans (ordinateur. télévision. …) pour diminuer la consommation d’électricité;Electricité;ABEILLES;Abeille jaune;abeille8;28/06/2025;0.15988;0;1
E11;Couvrir les casseroles lorsqu’on fait bouillir de l’eau ou pour cuire…;Electricité;ABEILLES;Abeille jaune;abeille8;28/06/2025;0.00293;0;0
E08;Eteindre le chauffage lorsqu’on aère une pièce;Electricité;ABEILLES;Abeille jaune;abeille8;28/06/2025;0.000173;0;0
C03;Acheter des fruits ou légumes de saison;Courses;ABEILLES;Abeille jaune;abeille8;28/06/2025;6.932;0;0
D10;Ne pas acheter de bouteilles en plastique : boire à la gourde;Déchets;ABEILLES;Abeille jaune;abeille8;28/06/2025;0.54243;0;0.21
D08;Utiliser les bacs de tri;Déchets;ABEILLES;Abeille jaune;abeille8;28/06/2025;0.866962;0;0
D06;Prendre soin de ses affaires pour les faire durer plus longtemps (reboucher les feutres… ne pas casser. ne pas lancer…);Déchets;ABEILLES;Abeille jaune;abeille8;28/06/2025;0.017374;0;0.183462
D03;Ne pas jeter de déchets dans la nature (chewing-gums. sacs. canettes. bouteilles…);Déchets;ABEILLES;Abeille jaune;abeille8;28/06/2025;0.424875;0;4.486538
B04;Faire un jardin potager;Biodiversité;ABEILLES;Abeille jaune;abeille8;28/06/2025;4.48;0;0
B01;Ne pas cueillir de plante dans la nature;Biodiversité;ABEILLES;Abeille jaune;abeille8;28/06/2025;0;0;0
W03;Ne pas faire couler l’eau trop longtemps quand on se lave les mains;Eau;ABEILLES;Abeille jaune;abeille8;28/06/2025;0.004964;12.6;0
W05;Prendre une douche plutôt qu’un bain;Eau;ABEILLES;Abeille jaune;abeille8;28/06/2025;0.140658;357;0
T03;Préférer la marche ou le vélo plutôt que la voiture;Transport;ABEILLES;Abeille jaune;abeille8;28/06/2025;0.506;0;0
E05;Préférer les ampoules à basse consommation;Electricité;ABEILLES;Abeille jaune;abeille8;28/06/2025;0.072803;0;0
E02;Ouvrir les volets et ne pas allumer la lumière quand il fait jour dehors. ou éteindre lorsque la lumière extérieure le permet;Electricité;ABEILLES;Abeille jaune;abeille8;28/06/2025;0.027408;0;0
E10;Faire sécher son linge à l'air libre au lieu d'utiliser le sèche linge chaque fois qu'on peut;Electricité;ABEILLES;Abeille jaune;abeille8;28/06/2025;0.413462;0;0
E01;Eteindre la lumière quand on quitte une pièce. quand on n’en a pas besoin;Electricité;ABEILLES;Abeille jaune;abeille8;28/06/2025;0.027408;0;0
D15;Economiser les mouchoirs en papier. l'essuie-tout et le papier toilette;Déchets;CHAT;Chat noir;chat3;06/04/2025;0.009591;0;0.8
D08;Utiliser les bacs de tri;Déchets;CHAT;Chat noir;chat3;06/04/2025;0.866962;0;0
D10;Ne pas acheter de bouteilles en plastique : boire à la gourde;Déchets;CHAT;Chat noir;chat3;06/04/2025;0.54243;0;0.21
D02;Tout manger ce qu’il y a dans nos assiettes (cantine/maison);Déchets;CHAT;Chat noir;chat3;06/04/2025;2.453511;0;1.390385
B02;Ne pas tuer les araignées. les insectes (les mettre dehors…);Biodiversité;CHAT;Chat noir;chat3;06/04/2025;0;0;0
W03;Ne pas faire couler l’eau trop longtemps quand on se lave les mains;Eau;CHAT;Chat noir;chat3;06/04/2025;0.004964;12.6;0
W05;Prendre une douche plutôt qu’un bain;Eau;CHAT;Chat noir;chat3;06/04/2025;0.140658;357;0
E04;Eteindre les écrans (ordinateur. télévision. …) pour diminuer la consommation d’électricité;Electricité;CHAT;Chat noir;chat3;06/04/2025;0.15988;0;1
E08;Eteindre le chauffage lorsqu’on aère une pièce;Electricité;CHAT;Chat noir;chat3;06/04/2025;0.000173;0;0
C03;Acheter des fruits ou légumes de saison;Courses;CHAT;Chat noir;chat3;06/04/2025;6.932;0;0
T03;Préférer la marche ou le vélo plutôt que la voiture;Transport;CHAT;Chat noir;chat3;06/04/2025;0.506;0;0
D07;Vendre ou donner les vêtements. les objets. les jouets dont on ne veut plus (trop petits…);Déchets;CHAT;Chat noir;chat3;06/04/2025;0.017374;2500;0
D09;Faire du compost avec les déchets végétaux ou donner les restes alimentaires aux poules…;Déchets;CHAT;Chat noir;chat3;06/04/2025;0.0623;0;1.75
D06;Prendre soin de ses affaires pour les faire durer plus longtemps (reboucher les feutres… ne pas casser. ne pas lancer…);Déchets;CHAT;Chat noir;chat3;06/04/2025;0.017374;0;0.183462
D03;Ne pas jeter de déchets dans la nature (chewing-gums. sacs. canettes. bouteilles…);Déchets;CHAT;Chat noir;chat3;06/04/2025;0.424875;0;4.486538
D01;Limiter l'utilisation du papier : Utiliser les feuilles des 2 côtés / faire du brouillon / Utiliser l'ardoise pour chercher / Prendre du papier recyclé…;Déchets;CHAT;Chat noir;chat3;06/04/2025;0.009641;0;0.8
B01;Ne pas cueillir de plante dans la nature;Biodiversité;CHAT;Chat noir;chat3;06/04/2025;0;0;0
W02;Couper l’eau quand on se brosse les dents : mettre de l’eau dans un verre pour se rincer;Eau;CHAT;Chat noir;chat3;06/04/2025;0.05;28;0
E05;Préférer les ampoules à basse consommation;Electricité;CHAT;Chat noir;chat3;06/04/2025;0.072803;0;0
E02;Ouvrir les volets et ne pas allumer la lumière quand il fait jour dehors. ou éteindre lorsque la lumière extérieure le permet;Electricité;CHAT;Chat noir;chat3;06/04/2025;0.027408;0;0
E01;Eteindre la lumière quand on quitte une pièce. quand on n’en a pas besoin;Electricité;CHAT;Chat noir;chat3;06/04/2025;0.027408;0;0
W02;Utiliser une seule dose de savon;Courses;CHAT;Chat noir;chat3;06/04/2025;0.05;28;0
C06;Faire ses repas, gouter, compotes sois même plutôt que d’acheter des plats préparés;Courses;CHAT;Chat noir;chat3;07/04/2025;1.260407;0;0.180058
C05;Faire soi-même ses produits d’entretien pour éviter les emballages;Courses;CHAT;Chat noir;chat3;07/04/2025;0.006;0;0.03
D11;Acheter des produits en vrac. éviter les emballages individuels…;Déchets;CHAT;Chat noir;chat3;07/04/2025;0.38;0;0.67
D04;Ramasser les papiers et les déchets par terre pour les mettre à la poubelle;Déchets;CHAT;Chat noir;chat3;07/04/2025;0.00947;0;0.1
B03;Donner à manger aux oiseaux dans son jardin ou sur son balcon;Biodiversité;CHAT;Chat noir;chat3;07/04/2025;0;0;0
W07;Vider le reste de sa gourde dans les plantes;Eau;CHAT;Chat noir;chat3;07/04/2025;0;0.000013;0
W04;Tirer la petite chasse d’eau quand on fait pipi;Eau;CHAT;Chat noir;chat3;07/04/2025;0.006501;16.5;0
W01;Prendre des douches rapides;Eau;CHAT;Chat noir;chat3;07/04/2025;0.25;224;0
T06;Couper le moteur de la voiture quand elle ne roule pas;Transport;CHAT;Chat noir;chat3;07/04/2025;1.518;0;0
E06;Préférer les piles rechargeables;Electricité;CHAT;Chat noir;chat3;07/04/2025;0.097538;0;0
E11;Couvrir les casseroles lorsqu’on fait bouillir de l’eau ou pour cuire…;Electricité;CHAT;Chat noir;chat3;07/04/2025;0.00293;0;0
E10;Faire sécher son linge à l'air libre au lieu d'utiliser le sèche linge chaque fois qu'on peut;Electricité;CHAT;Chat noir;chat3;07/04/2025;0.413462;0;0
T03;Préférer la marche ou le vélo plutôt que la voiture;Transport;CHAT;Chat noir;chat13;07/04/2025;0.506;0;0
D10;Ne pas acheter de bouteilles en plastique : boire à la gourde;Déchets;CHAT;Chat noir;chat13;08/04/2025;0.54243;0;0.21
D09;Faire du compost avec les déchets végétaux ou donner les restes alimentaires aux poules…;Déchets;CHAT;Chat noir;chat13;08/04/2025;0.0623;0;1.75
D08;Utiliser les bacs de tri;Déchets;CHAT;Chat noir;chat13;08/04/2025;0.866962;0;0
D04;Ramasser les papiers et les déchets par terre pour les mettre à la poubelle;Déchets;CHAT;Chat noir;chat13;08/04/2025;0.00947;0;0.1
D03;Ne pas jeter de déchets dans la nature (chewing-gums. sacs. canettes. bouteilles…);Déchets;CHAT;Chat noir;chat13;08/04/2025;0.424875;0;4.486538
D02;Tout manger ce qu’il y a dans nos assiettes (cantine/maison);Déchets;CHAT;Chat noir;chat13;08/04/2025;2.453511;0;1.390385
D01;Limiter l'utilisation du papier : Utiliser les feuilles des 2 côtés / faire du brouillon / Utiliser l'ardoise pour chercher / Prendre du papier recyclé…;Déchets;CHAT;Chat noir;chat13;08/04/2025;0.009641;0;0.8
W02;Utiliser une seule dose de savon;Courses;CHAT;Chat noir;chat13;08/04/2025;0.05;28;0
C03;Acheter des fruits ou légumes de saison;Courses;CHAT;Chat noir;chat13;08/04/2025;6.932;0;0
E06;Préférer les piles rechargeables;Electricité;CHAT;Chat noir;chat13;08/04/2025;0.097538;0;0
E04;Eteindre les écrans (ordinateur. télévision. …) pour diminuer la consommation d’électricité;Electricité;CHAT;Chat noir;chat13;08/04/2025;0.15988;0;1
E02;Ouvrir les volets et ne pas allumer la lumière quand il fait jour dehors. ou éteindre lorsque la lumière extérieure le permet;Electricité;CHAT;Chat noir;chat13;08/04/2025;0.027408;0;0
E10;Faire sécher son linge à l'air libre au lieu d'utiliser le sèche linge chaque fois qu'on peut;Electricité;CHAT;Chat noir;chat13;08/04/2025;0.413462;0;0
E08;Eteindre le chauffage lorsqu’on aère une pièce;Electricité;CHAT;Chat noir;chat13;08/04/2025;0.000173;0;0
E01;Eteindre la lumière quand on quitte une pièce. quand on n’en a pas besoin;Electricité;CHAT;Chat noir;chat13;08/04/2025;0.027408;0;0
W07;Vider le reste de sa gourde dans les plantes;Eau;CHAT;Chat noir;chat13;08/04/2025;0;0.000013;0
W04;Tirer la petite chasse d’eau quand on fait pipi;Eau;CHAT;Chat noir;chat13;08/04/2025;0.006501;16.5;0
W03;Ne pas faire couler l’eau trop longtemps quand on se lave les mains;Eau;CHAT;Chat noir;chat13;08/04/2025;0.004964;12.6;0
B04;Faire un jardin potager;Biodiversité;CHAT;Chat noir;chat13;08/04/2025;4.48;0;0
B02;Ne pas tuer les araignées. les insectes (les mettre dehors…);Biodiversité;CHAT;Chat noir;chat13;08/04/2025;0;0;0
D11;Acheter des produits en vrac. éviter les emballages individuels…;Déchets;CHAT;Chat noir;chat13;08/04/2025;0.38;0;0.67
D07;Vendre ou donner les vêtements. les objets. les jouets dont on ne veut plus (trop petits…);Déchets;CHAT;Chat noir;chat13;08/04/2025;0.017374;2500;0
E05;Préférer les ampoules à basse consommation;Electricité;CHAT;Chat noir;chat13;08/04/2025;0.072803;0;0
E11;Couvrir les casseroles lorsqu’on fait bouillir de l’eau ou pour cuire…;Electricité;CHAT;Chat noir;chat13;08/04/2025;0.00293;0;0
W02;Couper l’eau quand on se brosse les dents : mettre de l’eau dans un verre pour se rincer;Eau;CHAT;Chat noir;chat13;08/04/2025;0.05;28;0
W01;Prendre des douches rapides;Eau;CHAT;Chat noir;chat13;08/04/2025;0.25;224;0
W02;Utiliser une seule dose de savon;Courses;CHAT;Chat noir;chat9;09/04/2025;0.05;28;0
C03;Acheter des fruits ou légumes de saison;Courses;CHAT;Chat noir;chat9;09/04/2025;6.932;0;0
B03;Donner à manger aux oiseaux dans son jardin ou sur son balcon;Biodiversité;CHAT;Chat noir;chat9;09/04/2025;0;0;0
B02;Ne pas tuer les araignées. les insectes (les mettre dehors…);Biodiversité;CHAT;Chat noir;chat9;09/04/2025;0;0;0
B01;Ne pas cueillir de plante dans la nature;Biodiversité;CHAT;Chat noir;chat9;09/04/2025;0;0;0
D11;Acheter des produits en vrac. éviter les emballages individuels…;Déchets;CHAT;Chat noir;chat9;09/04/2025;0.38;0;0.67
D10;Ne pas acheter de bouteilles en plastique : boire à la gourde;Déchets;CHAT;Chat noir;chat9;09/04/2025;0.54243;0;0.21
D09;Faire du compost avec les déchets végétaux ou donner les restes alimentaires aux poules…;Déchets;CHAT;Chat noir;chat9;09/04/2025;0.0623;0;1.75
D08;Utiliser les bacs de tri;Déchets;CHAT;Chat noir;chat9;09/04/2025;0.866962;0;0
D07;Vendre ou donner les vêtements. les objets. les jouets dont on ne veut plus (trop petits…);Déchets;CHAT;Chat noir;chat9;09/04/2025;0.017374;2500;0
D04;Ramasser les papiers et les déchets par terre pour les mettre à la poubelle;Déchets;CHAT;Chat noir;chat9;09/04/2025;0.00947;0;0.1
D03;Ne pas jeter de déchets dans la nature (chewing-gums. sacs. canettes. bouteilles…);Déchets;CHAT;Chat noir;chat9;09/04/2025;0.424875;0;4.486538
E06;Préférer les piles rechargeables;Electricité;CHAT;Chat noir;chat9;09/04/2025;0.097538;0;0
E05;Préférer les ampoules à basse consommation;Electricité;CHAT;Chat noir;chat9;09/04/2025;0.072803;0;0
E04;Eteindre les écrans (ordinateur. télévision. …) pour diminuer la consommation d’électricité;Electricité;CHAT;Chat noir;chat9;09/04/2025;0.15988;0;1
E02;Ouvrir les volets et ne pas allumer la lumière quand il fait jour dehors. ou éteindre lorsque la lumière extérieure le permet;Electricité;CHAT;Chat noir;chat9;09/04/2025;0.027408;0;0
E11;Couvrir les casseroles lorsqu’on fait bouillir de l’eau ou pour cuire…;Electricité;CHAT;Chat noir;chat9;09/04/2025;0.00293;0;0
E10;Faire sécher son linge à l'air libre au lieu d'utiliser le sèche linge chaque fois qu'on peut;Electricité;CHAT;Chat noir;chat9;09/04/2025;0.413462;0;0
E08;Eteindre le chauffage lorsqu’on aère une pièce;Electricité;CHAT;Chat noir;chat9;09/04/2025;0.000173;0;0
E01;Eteindre la lumière quand on quitte une pièce. quand on n’en a pas besoin;Electricité;CHAT;Chat noir;chat9;09/04/2025;0.027408;0;0
W07;Vider le reste de sa gourde dans les plantes;Eau;CHAT;Chat noir;chat9;09/04/2025;0;0.000013;0
W04;Tirer la petite chasse d’eau quand on fait pipi;Eau;CHAT;Chat noir;chat9;09/04/2025;0.006501;16.5;0
W03;Ne pas faire couler l’eau trop longtemps quand on se lave les mains;Eau;CHAT;Chat noir;chat9;09/04/2025;0.004964;12.6;0
W02;Couper l’eau quand on se brosse les dents : mettre de l’eau dans un verre pour se rincer;Eau;CHAT;Chat noir;chat9;09/04/2025;0.05;28;0
W05;Prendre une douche plutôt qu’un bain;Eau;CHAT;Chat noir;chat9;09/04/2025;0.140658;357;0
W01;Prendre des douches rapides;Eau;CHAT;Chat noir;chat9;09/04/2025;0.25;224;0
T06;Couper le moteur de la voiture quand elle ne roule pas;Transport;CHAT;Chat noir;chat9;09/04/2025;1.518;0;0
C06;Faire ses repas, gouter, compotes sois même plutôt que d’acheter des plats préparés;Courses;CHAT;Chat noir;chat9;09/04/2025;1.260407;0;0.180058
D15;Economiser les mouchoirs en papier. l'essuie-tout et le papier toilette;Déchets;CHAT;Chat noir;chat9;09/04/2025;0.009591;0;0.8
D06;Prendre soin de ses affaires pour les faire durer plus longtemps (reboucher les feutres… ne pas casser. ne pas lancer…);Déchets;CHAT;Chat noir;chat9;09/04/2025;0.017374;0;0.183462
D02;Tout manger ce qu’il y a dans nos assiettes (cantine/maison);Déchets;CHAT;Chat noir;chat9;09/04/2025;2.453511;0;1.390385
D01;Limiter l'utilisation du papier : Utiliser les feuilles des 2 côtés / faire du brouillon / Utiliser l'ardoise pour chercher / Prendre du papier recyclé…;Déchets;CHAT;Chat noir;chat9;09/04/2025;0.009641;0;0.8
C06;Faire ses repas, gouter, compotes sois même plutôt que d’acheter des plats préparés;Courses;CHAT;Chat noir;chat3;09/04/2025;1.260407;0;0.180058
C05;Faire soi-même ses produits d’entretien pour éviter les emballages;Courses;CHAT;Chat noir;chat3;09/04/2025;0.006;0;0.03
C03;Acheter des fruits ou légumes de saison;Courses;CHAT;Chat noir;chat3;09/04/2025;6.932;0;0
W02;Utiliser une seule dose de savon;Courses;CHAT;Chat noir;chat3;09/04/2025;0.05;28;0
D11;Acheter des produits en vrac. éviter les emballages individuels…;Déchets;CHAT;Chat noir;chat3;09/04/2025;0.38;0;0.67
D15;Economiser les mouchoirs en papier. l'essuie-tout et le papier toilette;Déchets;CHAT;Chat noir;chat3;09/04/2025;0.009591;0;0.8
D10;Ne pas acheter de bouteilles en plastique : boire à la gourde;Déchets;CHAT;Chat noir;chat3;09/04/2025;0.54243;0;0.21
D09;Faire du compost avec les déchets végétaux ou donner les restes alimentaires aux poules…;Déchets;CHAT;Chat noir;chat3;09/04/2025;0.0623;0;1.75
D08;Utiliser les bacs de tri;Déchets;CHAT;Chat noir;chat3;09/04/2025;0.866962;0;0
D07;Vendre ou donner les vêtements. les objets. les jouets dont on ne veut plus (trop petits…);Déchets;CHAT;Chat noir;chat3;09/04/2025;0.017374;2500;0
D06;Prendre soin de ses affaires pour les faire durer plus longtemps (reboucher les feutres… ne pas casser. ne pas lancer…);Déchets;CHAT;Chat noir;chat3;09/04/2025;0.017374;0;0.183462
D04;Ramasser les papiers et les déchets par terre pour les mettre à la poubelle;Déchets;CHAT;Chat noir;chat3;09/04/2025;0.00947;0;0.1
D03;Ne pas jeter de déchets dans la nature (chewing-gums. sacs. canettes. bouteilles…);Déchets;CHAT;Chat noir;chat3;09/04/2025;0.424875;0;4.486538
D02;Tout manger ce qu’il y a dans nos assiettes (cantine/maison);Déchets;CHAT;Chat noir;chat3;09/04/2025;2.453511;0;1.390385
D01;Limiter l'utilisation du papier : Utiliser les feuilles des 2 côtés / faire du brouillon / Utiliser l'ardoise pour chercher / Prendre du papier recyclé…;Déchets;CHAT;Chat noir;chat3;09/04/2025;0.009641;0;0.8
B03;Donner à manger aux oiseaux dans son jardin ou sur son balcon;Biodiversité;CHAT;Chat noir;chat3;09/04/2025;0;0;0
B02;Ne pas tuer les araignées. les insectes (les mettre dehors…);Biodiversité;CHAT;Chat noir;chat3;09/04/2025;0;0;0
B01;Ne pas cueillir de plante dans la nature;Biodiversité;CHAT;Chat noir;chat3;09/04/2025;0;0;0
W07;Vider le reste de sa gourde dans les plantes;Eau;CHAT;Chat noir;chat3;09/04/2025;0;0.000013;0
W04;Tirer la petite chasse d’eau quand on fait pipi;Eau;CHAT;Chat noir;chat3;09/04/2025;0.006501;16.5;0
W03;Ne pas faire couler l’eau trop longtemps quand on se lave les mains;Eau;CHAT;Chat noir;chat3;09/04/2025;0.004964;12.6;0
W02;Couper l’eau quand on se brosse les dents : mettre de l’eau dans un verre pour se rincer;Eau;CHAT;Chat noir;chat3;09/04/2025;0.05;28;0
W05;Prendre une douche plutôt qu’un bain;Eau;CHAT;Chat noir;chat3;09/04/2025;0.140658;357;0
W01;Prendre des douches rapides;Eau;CHAT;Chat noir;chat3;09/04/2025;0.25;224;0
T03;Préférer la marche ou le vélo plutôt que la voiture;Transport;CHAT;Chat noir;chat3;09/04/2025;0.506;0;0
T06;Couper le moteur de la voiture quand elle ne roule pas;Transport;CHAT;Chat noir;chat3;09/04/2025;1.518;0;0
T04;Faire du covoiturage;Transport;CHAT;Chat noir;chat3;09/04/2025;0.506;0;0
E06;Préférer les piles rechargeables;Electricité;CHAT;Chat noir;chat3;09/04/2025;0.097538;0;0
E05;Préférer les ampoules à basse consommation;Electricité;CHAT;Chat noir;chat3;09/04/2025;0.072803;0;0
E04;Eteindre les écrans (ordinateur. télévision. …) pour diminuer la consommation d’électricité;Electricité;CHAT;Chat noir;chat3;09/04/2025;0.15988;0;1
E02;Ouvrir les volets et ne pas allumer la lumière quand il fait jour dehors. ou éteindre lorsque la lumière extérieure le permet;Electricité;CHAT;Chat noir;chat3;09/04/2025;0.027408;0;0
E11;Couvrir les casseroles lorsqu’on fait bouillir de l’eau ou pour cuire…;Electricité;CHAT;Chat noir;chat3;09/04/2025;0.00293;0;0
E10;Faire sécher son linge à l'air libre au lieu d'utiliser le sèche linge chaque fois qu'on peut;Electricité;CHAT;Chat noir;chat3;09/04/2025;0.413462;0;0
E08;Eteindre le chauffage lorsqu’on aère une pièce;Electricité;CHAT;Chat noir;chat3;09/04/2025;0.000173;0;0
E01;Eteindre la lumière quand on quitte une pièce. quand on n’en a pas besoin;Electricité;CHAT;Chat noir;chat3;09/04/2025;0.027408;0;0
T06;Couper le moteur de la voiture quand elle ne roule pas;Transport;CHAT;Chat noir;chat8;11/04/2025;1.518;0;0
E05;Préférer les ampoules à basse consommation;Electricité;CHAT;Chat noir;chat8;11/04/2025;0.072803;0;0
E02;Ouvrir les volets et ne pas allumer la lumière quand il fait jour dehors. ou éteindre lorsque la lumière extérieure le permet;Electricité;CHAT;Chat noir;chat8;11/04/2025;0.027408;0;0
W04;Tirer la petite chasse d’eau quand on fait pipi;Eau;CHAT;Chat noir;chat8;11/04/2025;0.006501;16.5;0
W02;Couper l’eau quand on se brosse les dents : mettre de l’eau dans un verre pour se rincer;Eau;CHAT;Chat noir;chat8;11/04/2025;0.05;28;0
W01;Prendre des douches rapides;Eau;CHAT;Chat noir;chat8;11/04/2025;0.25;224;0
E11;Couvrir les casseroles lorsqu’on fait bouillir de l’eau ou pour cuire…;Electricité;CHAT;Chat noir;chat8;11/04/2025;0.00293;0;0
E01;Eteindre la lumière quand on quitte une pièce. quand on n’en a pas besoin;Electricité;CHAT;Chat noir;chat8;11/04/2025;0.027408;0;0
C06;Faire ses repas, gouter, compotes sois même plutôt que d’acheter des plats préparés;Courses;CHAT;Chat noir;chat8;11/04/2025;1.260407;0;0.180058
T03;Préférer la marche ou le vélo plutôt que la voiture;Transport;CHAT;Chat noir;chat8;11/04/2025;0.506;0;0
E04;Eteindre les écrans (ordinateur. télévision. …) pour diminuer la consommation d’électricité;Electricité;CHAT;Chat noir;chat8;11/04/2025;0.15988;0;1
W07;Vider le reste de sa gourde dans les plantes;Eau;CHAT;Chat noir;chat8;11/04/2025;0;0.000013;0
W03;Ne pas faire couler l’eau trop longtemps quand on se lave les mains;Eau;CHAT;Chat noir;chat8;11/04/2025;0.004964;12.6;0
W05;Prendre une douche plutôt qu’un bain;Eau;CHAT;Chat noir;chat8;11/04/2025;0.140658;357;0
E10;Faire sécher son linge à l'air libre au lieu d'utiliser le sèche linge chaque fois qu'on peut;Electricité;CHAT;Chat noir;chat8;11/04/2025;0.413462;0;0
E08;Eteindre le chauffage lorsqu’on aère une pièce;Electricité;CHAT;Chat noir;chat8;11/04/2025;0.000173;0;0
D10;Ne pas acheter de bouteilles en plastique : boire à la gourde;Déchets;CHAT;Chat noir;chat6;11/04/2025;0.54243;0;0.21
D09;Faire du compost avec les déchets végétaux ou donner les restes alimentaires aux poules…;Déchets;CHAT;Chat noir;chat6;11/04/2025;0.0623;0;1.75
D08;Utiliser les bacs de tri;Déchets;CHAT;Chat noir;chat6;11/04/2025;0.866962;0;0
D07;Vendre ou donner les vêtements. les objets. les jouets dont on ne veut plus (trop petits…);Déchets;CHAT;Chat noir;chat6;11/04/2025;0.017374;2500;0
D06;Prendre soin de ses affaires pour les faire durer plus longtemps (reboucher les feutres… ne pas casser. ne pas lancer…);Déchets;CHAT;Chat noir;chat6;11/04/2025;0.017374;0;0.183462
D15;Economiser les mouchoirs en papier. l'essuie-tout et le papier toilette;Déchets;CHAT;Chat noir;chat6;11/04/2025;0.009591;0;0.8
D11;Acheter des produits en vrac. éviter les emballages individuels…;Déchets;CHAT;Chat noir;chat6;11/04/2025;0.38;0;0.67
D04;Ramasser les papiers et les déchets par terre pour les mettre à la poubelle;Déchets;CHAT;Chat noir;chat6;11/04/2025;0.00947;0;0.1
D03;Ne pas jeter de déchets dans la nature (chewing-gums. sacs. canettes. bouteilles…);Déchets;CHAT;Chat noir;chat6;11/04/2025;0.424875;0;4.486538
D02;Tout manger ce qu’il y a dans nos assiettes (cantine/maison);Déchets;CHAT;Chat noir;chat6;11/04/2025;2.453511;0;1.390385
D01;Limiter l'utilisation du papier : Utiliser les feuilles des 2 côtés / faire du brouillon / Utiliser l'ardoise pour chercher / Prendre du papier recyclé…;Déchets;CHAT;Chat noir;chat6;11/04/2025;0.009641;0;0.8
W04;Tirer la petite chasse d’eau quand on fait pipi;Eau;CHAT;Chat noir;chat6;11/04/2025;0.006501;16.5;0
W03;Ne pas faire couler l’eau trop longtemps quand on se lave les mains;Eau;CHAT;Chat noir;chat6;11/04/2025;0.004964;12.6;0
W02;Couper l’eau quand on se brosse les dents : mettre de l’eau dans un verre pour se rincer;Eau;CHAT;Chat noir;chat6;11/04/2025;0.05;28;0
W05;Prendre une douche plutôt qu’un bain;Eau;CHAT;Chat noir;chat6;11/04/2025;0.140658;357;0
W01;Prendre des douches rapides;Eau;CHAT;Chat noir;chat6;11/04/2025;0.25;224;0
W07;Vider le reste de sa gourde dans les plantes;Eau;CHAT;Chat noir;chat6;11/04/2025;0;0.000013;0
E05;Préférer les ampoules à basse consommation;Electricité;CHAT;Chat noir;chat6;11/04/2025;0.072803;0;0
E04;Eteindre les écrans (ordinateur. télévision. …) pour diminuer la consommation d’électricité;Electricité;CHAT;Chat noir;chat6;11/04/2025;0.15988;0;1
E02;Ouvrir les volets et ne pas allumer la lumière quand il fait jour dehors. ou éteindre lorsque la lumière extérieure le permet;Electricité;CHAT;Chat noir;chat6;11/04/2025;0.027408;0;0
E11;Couvrir les casseroles lorsqu’on fait bouillir de l’eau ou pour cuire…;Electricité;CHAT;Chat noir;chat6;11/04/2025;0.00293;0;0
E10;Faire sécher son linge à l'air libre au lieu d'utiliser le sèche linge chaque fois qu'on peut;Electricité;CHAT;Chat noir;chat6;11/04/2025;0.413462;0;0
E08;Eteindre le chauffage lorsqu’on aère une pièce;Electricité;CHAT;Chat noir;chat6;11/04/2025;0.000173;0;0
E01;Eteindre la lumière quand on quitte une pièce. quand on n’en a pas besoin;Electricité;CHAT;Chat noir;chat6;11/04/2025;0.027408;0;0
E06;Préférer les piles rechargeables;Electricité;CHAT;Chat noir;chat6;11/04/2025;0.097538;0;0
T03;Préférer la marche ou le vélo plutôt que la voiture;Transport;CHAT;Chat noir;chat6;11/04/2025;0.506;0;0
T06;Couper le moteur de la voiture quand elle ne roule pas;Transport;CHAT;Chat noir;chat6;11/04/2025;1.518;0;0
T04;Faire du covoiturage;Transport;CHAT;Chat noir;chat6;11/04/2025;0.506;0;0
B02;Ne pas tuer les araignées. les insectes (les mettre dehors…);Biodiversité;CHAT;Chat noir;chat6;11/04/2025;0;0;0
B01;Ne pas cueillir de plante dans la nature;Biodiversité;CHAT;Chat noir;chat6;11/04/2025;0;0;0
C06;Faire ses repas, gouter, compotes sois même plutôt que d’acheter des plats préparés;Courses;CHAT;Chat noir;chat6;11/04/2025;1.260407;0;0.180058
C05;Faire soi-même ses produits d’entretien pour éviter les emballages;Courses;CHAT;Chat noir;chat6;11/04/2025;0.006;0;0.03
C03;Acheter des fruits ou légumes de saison;Courses;CHAT;Chat noir;chat6;11/04/2025;6.932;0;0
W02;Utiliser une seule dose de savon;Courses;CHAT;Chat noir;chat6;11/04/2025;0.05;28;0
C06;Faire ses repas, gouter, compotes sois même plutôt que d’acheter des plats préparés;Courses;CHAT;Chat noir;chat11;11/04/2025;1.260407;0;0.180058
C05;Faire soi-même ses produits d’entretien pour éviter les emballages;Courses;CHAT;Chat noir;chat11;11/04/2025;0.006;0;0.03
C03;Acheter des fruits ou légumes de saison;Courses;CHAT;Chat noir;chat11;11/04/2025;6.932;0;0
W02;Utiliser une seule dose de savon;Courses;CHAT;Chat noir;chat11;11/04/2025;0.05;28;0
D11;Acheter des produits en vrac. éviter les emballages individuels…;Déchets;CHAT;Chat noir;chat11;11/04/2025;0.38;0;0.67
D15;Economiser les mouchoirs en papier. l'essuie-tout et le papier toilette;Déchets;CHAT;Chat noir;chat11;11/04/2025;0.009591;0;0.8
D10;Ne pas acheter de bouteilles en plastique : boire à la gourde;Déchets;CHAT;Chat noir;chat11;11/04/2025;0.54243;0;0.21
D09;Faire du compost avec les déchets végétaux ou donner les restes alimentaires aux poules…;Déchets;CHAT;Chat noir;chat11;11/04/2025;0.0623;0;1.75
D08;Utiliser les bacs de tri;Déchets;CHAT;Chat noir;chat11;11/04/2025;0.866962;0;0
D07;Vendre ou donner les vêtements. les objets. les jouets dont on ne veut plus (trop petits…);Déchets;CHAT;Chat noir;chat11;11/04/2025;0.017374;2500;0
D06;Prendre soin de ses affaires pour les faire durer plus longtemps (reboucher les feutres… ne pas casser. ne pas lancer…);Déchets;CHAT;Chat noir;chat11;11/04/2025;0.017374;0;0.183462
D04;Ramasser les papiers et les déchets par terre pour les mettre à la poubelle;Déchets;CHAT;Chat noir;chat11;11/04/2025;0.00947;0;0.1
D03;Ne pas jeter de déchets dans la nature (chewing-gums. sacs. canettes. bouteilles…);Déchets;CHAT;Chat noir;chat11;11/04/2025;0.424875;0;4.486538
D02;Tout manger ce qu’il y a dans nos assiettes (cantine/maison);Déchets;CHAT;Chat noir;chat11;11/04/2025;2.453511;0;1.390385
D01;Limiter l'utilisation du papier : Utiliser les feuilles des 2 côtés / faire du brouillon / Utiliser l'ardoise pour chercher / Prendre du papier recyclé…;Déchets;CHAT;Chat noir;chat11;11/04/2025;0.009641;0;0.8
W07;Vider le reste de sa gourde dans les plantes;Eau;CHAT;Chat noir;chat11;11/04/2025;0;0.000013;0
W04;Tirer la petite chasse d’eau quand on fait pipi;Eau;CHAT;Chat noir;chat11;11/04/2025;0.006501;16.5;0
W03;Ne pas faire couler l’eau trop longtemps quand on se lave les mains;Eau;CHAT;Chat noir;chat11;11/04/2025;0.004964;12.6;0
W02;Couper l’eau quand on se brosse les dents : mettre de l’eau dans un verre pour se rincer;Eau;CHAT;Chat noir;chat11;11/04/2025;0.05;28;0
W05;Prendre une douche plutôt qu’un bain;Eau;CHAT;Chat noir;chat11;11/04/2025;0.140658;357;0
W01;Prendre des douches rapides;Eau;CHAT;Chat noir;chat11;11/04/2025;0.25;224;0
T03;Préférer la marche ou le vélo plutôt que la voiture;Transport;CHAT;Chat noir;chat11;11/04/2025;0.506;0;0
T06;Couper le moteur de la voiture quand elle ne roule pas;Transport;CHAT;Chat noir;chat11;11/04/2025;1.518;0;0
T04;Faire du covoiturage;Transport;CHAT;Chat noir;chat11;11/04/2025;0.506;0;0
E06;Préférer les piles rechargeables;Electricité;CHAT;Chat noir;chat11;11/04/2025;0.097538;0;0
E05;Préférer les ampoules à basse consommation;Electricité;CHAT;Chat noir;chat11;11/04/2025;0.072803;0;0
E04;Eteindre les écrans (ordinateur. télévision. …) pour diminuer la consommation d’électricité;Electricité;CHAT;Chat noir;chat11;11/04/2025;0.15988;0;1
E02;Ouvrir les volets et ne pas allumer la lumière quand il fait jour dehors. ou éteindre lorsque la lumière extérieure le permet;Electricité;CHAT;Chat noir;chat11;11/04/2025;0.027408;0;0
E11;Couvrir les casseroles lorsqu’on fait bouillir de l’eau ou pour cuire…;Electricité;CHAT;Chat noir;chat11;11/04/2025;0.00293;0;0
E10;Faire sécher son linge à l'air libre au lieu d'utiliser le sèche linge chaque fois qu'on peut;Electricité;CHAT;Chat noir;chat11;11/04/2025;0.413462;0;0
E08;Eteindre le chauffage lorsqu’on aère une pièce;Electricité;CHAT;Chat noir;chat11;11/04/2025;0.000173;0;0
E01;Eteindre la lumière quand on quitte une pièce. quand on n’en a pas besoin;Electricité;CHAT;Chat noir;chat11;11/04/2025;0.027408;0;0
C03;Acheter des fruits ou légumes de saison;Courses;CHAT;Chat noir;chat7;13/04/2025;6.932;0;0
W02;Utiliser une seule dose de savon;Courses;CHAT;Chat noir;chat7;13/04/2025;0.05;28;0
D09;Faire du compost avec les déchets végétaux ou donner les restes alimentaires aux poules…;Déchets;CHAT;Chat noir;chat7;13/04/2025;0.0623;0;1.75
D10;Ne pas acheter de bouteilles en plastique : boire à la gourde;Déchets;CHAT;Chat noir;chat7;13/04/2025;0.54243;0;0.21
D08;Utiliser les bacs de tri;Déchets;CHAT;Chat noir;chat7;13/04/2025;0.866962;0;0
D07;Vendre ou donner les vêtements. les objets. les jouets dont on ne veut plus (trop petits…);Déchets;CHAT;Chat noir;chat7;13/04/2025;0.017374;2500;0
D06;Prendre soin de ses affaires pour les faire durer plus longtemps (reboucher les feutres… ne pas casser. ne pas lancer…);Déchets;CHAT;Chat noir;chat7;13/04/2025;0.017374;0;0.183462
D04;Ramasser les papiers et les déchets par terre pour les mettre à la poubelle;Déchets;CHAT;Chat noir;chat7;13/04/2025;0.00947;0;0.1
D03;Ne pas jeter de déchets dans la nature (chewing-gums. sacs. canettes. bouteilles…);Déchets;CHAT;Chat noir;chat7;13/04/2025;0.424875;0;4.486538
D02;Tout manger ce qu’il y a dans nos assiettes (cantine/maison);Déchets;CHAT;Chat noir;chat7;13/04/2025;2.453511;0;1.390385
T06;Couper le moteur de la voiture quand elle ne roule pas;Transport;CHAT;Chat noir;chat7;13/04/2025;1.518;0;0
T03;Préférer la marche ou le vélo plutôt que la voiture;Transport;CHAT;Chat noir;chat7;13/04/2025;0.506;0;0
E05;Préférer les ampoules à basse consommation;Electricité;CHAT;Chat noir;chat7;13/04/2025;0.072803;0;0
E04;Eteindre les écrans (ordinateur. télévision. …) pour diminuer la consommation d’électricité;Electricité;CHAT;Chat noir;chat7;13/04/2025;0.15988;0;1
E02;Ouvrir les volets et ne pas allumer la lumière quand il fait jour dehors. ou éteindre lorsque la lumière extérieure le permet;Electricité;CHAT;Chat noir;chat7;13/04/2025;0.027408;0;0
W04;Tirer la petite chasse d’eau quand on fait pipi;Eau;CHAT;Chat noir;chat7;13/04/2025;0.006501;16.5;0
W07;Vider le reste de sa gourde dans les plantes;Eau;CHAT;Chat noir;chat7;13/04/2025;0;0.000013;0
W03;Ne pas faire couler l’eau trop longtemps quand on se lave les mains;Eau;CHAT;Chat noir;chat7;13/04/2025;0.004964;12.6;0
W02;Couper l’eau quand on se brosse les dents : mettre de l’eau dans un verre pour se rincer;Eau;CHAT;Chat noir;chat7;13/04/2025;0.05;28;0
B04;Faire un jardin potager;Biodiversité;CHAT;Chat noir;chat7;13/04/2025;4.48;0;0
B03;Donner à manger aux oiseaux dans son jardin ou sur son balcon;Biodiversité;CHAT;Chat noir;chat7;13/04/2025;0;0;0
B02;Ne pas tuer les araignées. les insectes (les mettre dehors…);Biodiversité;CHAT;Chat noir;chat7;13/04/2025;0;0;0
C06;Faire ses repas, gouter, compotes sois même plutôt que d’acheter des plats préparés;Courses;CHAT;Chat noir;chat11;19/05/2025;1.260407;0;0.180058
C03;Acheter des fruits ou légumes de saison;Courses;CHAT;Chat noir;chat11;19/05/2025;6.932;0;0
D11;Acheter des produits en vrac. éviter les emballages individuels…;Déchets;CHAT;Chat noir;chat11;19/05/2025;0.38;0;0.67
D10;Ne pas acheter de bouteilles en plastique : boire à la gourde;Déchets;CHAT;Chat noir;chat11;19/05/2025;0.54243;0;0.21
D08;Utiliser les bacs de tri;Déchets;CHAT;Chat noir;chat11;19/05/2025;0.866962;0;0
D06;Prendre soin de ses affaires pour les faire durer plus longtemps (reboucher les feutres… ne pas casser. ne pas lancer…);Déchets;CHAT;Chat noir;chat11;19/05/2025;0.017374;0;0.183462
D03;Ne pas jeter de déchets dans la nature (chewing-gums. sacs. canettes. bouteilles…);Déchets;CHAT;Chat noir;chat11;19/05/2025;0.424875;0;4.486538
D01;Limiter l'utilisation du papier : Utiliser les feuilles des 2 côtés / faire du brouillon / Utiliser l'ardoise pour chercher / Prendre du papier recyclé…;Déchets;CHAT;Chat noir;chat11;19/05/2025;0.009641;0;0.8
B03;Donner à manger aux oiseaux dans son jardin ou sur son balcon;Biodiversité;CHAT;Chat noir;chat11;19/05/2025;0;0;0
B01;Ne pas cueillir de plante dans la nature;Biodiversité;CHAT;Chat noir;chat11;19/05/2025;0;0;0
W04;Tirer la petite chasse d’eau quand on fait pipi;Eau;CHAT;Chat noir;chat11;19/05/2025;0.006501;16.5;0
W02;Couper l’eau quand on se brosse les dents : mettre de l’eau dans un verre pour se rincer;Eau;CHAT;Chat noir;chat11;19/05/2025;0.05;28;0
W01;Prendre des douches rapides;Eau;CHAT;Chat noir;chat11;19/05/2025;0.25;224;0
T06;Couper le moteur de la voiture quand elle ne roule pas;Transport;CHAT;Chat noir;chat11;19/05/2025;1.518;0;0
E06;Préférer les piles rechargeables;Electricité;CHAT;Chat noir;chat11;19/05/2025;0.097538;0;0
E04;Eteindre les écrans (ordinateur. télévision. …) pour diminuer la consommation d’électricité;Electricité;CHAT;Chat noir;chat11;19/05/2025;0.15988;0;1
E11;Couvrir les casseroles lorsqu’on fait bouillir de l’eau ou pour cuire…;Electricité;CHAT;Chat noir;chat11;19/05/2025;0.00293;0;0
E08;Eteindre le chauffage lorsqu’on aère une pièce;Electricité;CHAT;Chat noir;chat11;19/05/2025;0.000173;0;0
C06;Faire ses repas, gouter, compotes sois même plutôt que d’acheter des plats préparés;Courses;CHAT;Chat noir;chat6;19/05/2025;1.260407;0;0.180058
C03;Acheter des fruits ou légumes de saison;Courses;CHAT;Chat noir;chat6;19/05/2025;6.932;0;0
D11;Acheter des produits en vrac. éviter les emballages individuels…;Déchets;CHAT;Chat noir;chat6;19/05/2025;0.38;0;0.67
D10;Ne pas acheter de bouteilles en plastique : boire à la gourde;Déchets;CHAT;Chat noir;chat6;19/05/2025;0.54243;0;0.21
D08;Utiliser les bacs de tri;Déchets;CHAT;Chat noir;chat6;19/05/2025;0.866962;0;0
D06;Prendre soin de ses affaires pour les faire durer plus longtemps (reboucher les feutres… ne pas casser. ne pas lancer…);Déchets;CHAT;Chat noir;chat6;19/05/2025;0.017374;0;0.183462
D03;Ne pas jeter de déchets dans la nature (chewing-gums. sacs. canettes. bouteilles…);Déchets;CHAT;Chat noir;chat6;19/05/2025;0.424875;0;4.486538
D01;Limiter l'utilisation du papier : Utiliser les feuilles des 2 côtés / faire du brouillon / Utiliser l'ardoise pour chercher / Prendre du papier recyclé…;Déchets;CHAT;Chat noir;chat6;19/05/2025;0.009641;0;0.8
B03;Donner à manger aux oiseaux dans son jardin ou sur son balcon;Biodiversité;CHAT;Chat noir;chat6;19/05/2025;0;0;0
B01;Ne pas cueillir de plante dans la nature;Biodiversité;CHAT;Chat noir;chat6;19/05/2025;0;0;0
W04;Tirer la petite chasse d’eau quand on fait pipi;Eau;CHAT;Chat noir;chat6;19/05/2025;0.006501;16.5;0
W02;Couper l’eau quand on se brosse les dents : mettre de l’eau dans un verre pour se rincer;Eau;CHAT;Chat noir;chat6;19/05/2025;0.05;28;0
W01;Prendre des douches rapides;Eau;CHAT;Chat noir;chat6;19/05/2025;0.25;224;0
T06;Couper le moteur de la voiture quand elle ne roule pas;Transport;CHAT;Chat noir;chat6;19/05/2025;1.518;0;0
E05;Préférer les ampoules à basse consommation;Electricité;CHAT;Chat noir;chat6;19/05/2025;0.072803;0;0
E04;Eteindre les écrans (ordinateur. télévision. …) pour diminuer la consommation d’électricité;Electricité;CHAT;Chat noir;chat6;19/05/2025;0.15988;0;1
E11;Couvrir les casseroles lorsqu’on fait bouillir de l’eau ou pour cuire…;Electricité;CHAT;Chat noir;chat6;19/05/2025;0.00293;0;0
E08;Eteindre le chauffage lorsqu’on aère une pièce;Electricité;CHAT;Chat noir;chat6;19/05/2025;0.000173;0;0
C05;Faire soi-même ses produits d’entretien pour éviter les emballages;Courses;CHAT;Chat noir;chat3;20/05/2025;0.006;0;0.03
W02;Utiliser une seule dose de savon;Courses;CHAT;Chat noir;chat3;20/05/2025;0.05;28;0
D15;Economiser les mouchoirs en papier. l'essuie-tout et le papier toilette;Déchets;CHAT;Chat noir;chat3;20/05/2025;0.009591;0;0.8
D09;Faire du compost avec les déchets végétaux ou donner les restes alimentaires aux poules…;Déchets;CHAT;Chat noir;chat3;20/05/2025;0.0623;0;1.75
D07;Vendre ou donner les vêtements. les objets. les jouets dont on ne veut plus (trop petits…);Déchets;CHAT;Chat noir;chat3;20/05/2025;0.017374;2500;0
D04;Ramasser les papiers et les déchets par terre pour les mettre à la poubelle;Déchets;CHAT;Chat noir;chat3;20/05/2025;0.00947;0;0.1
D02;Tout manger ce qu’il y a dans nos assiettes (cantine/maison);Déchets;CHAT;Chat noir;chat3;20/05/2025;2.453511;0;1.390385
B04;Faire un jardin potager;Biodiversité;CHAT;Chat noir;chat3;20/05/2025;4.48;0;0
B02;Ne pas tuer les araignées. les insectes (les mettre dehors…);Biodiversité;CHAT;Chat noir;chat3;20/05/2025;0;0;0
W07;Vider le reste de sa gourde dans les plantes;Eau;CHAT;Chat noir;chat3;20/05/2025;0;0.000013;0
W03;Ne pas faire couler l’eau trop longtemps quand on se lave les mains;Eau;CHAT;Chat noir;chat3;20/05/2025;0.004964;12.6;0
W05;Prendre une douche plutôt qu’un bain;Eau;CHAT;Chat noir;chat3;20/05/2025;0.140658;357;0
T03;Préférer la marche ou le vélo plutôt que la voiture;Transport;CHAT;Chat noir;chat3;20/05/2025;0.506;0;0
T04;Faire du covoiturage;Transport;CHAT;Chat noir;chat3;20/05/2025;0.506;0;0
E05;Préférer les ampoules à basse consommation;Electricité;CHAT;Chat noir;chat3;20/05/2025;0.072803;0;0
E02;Ouvrir les volets et ne pas allumer la lumière quand il fait jour dehors. ou éteindre lorsque la lumière extérieure le permet;Electricité;CHAT;Chat noir;chat3;20/05/2025;0.027408;0;0
E10;Faire sécher son linge à l'air libre au lieu d'utiliser le sèche linge chaque fois qu'on peut;Electricité;CHAT;Chat noir;chat3;20/05/2025;0.413462;0;0
E01;Eteindre la lumière quand on quitte une pièce. quand on n’en a pas besoin;Electricité;CHAT;Chat noir;chat3;20/05/2025;0.027408;0;0
C05;Faire soi-même ses produits d’entretien pour éviter les emballages;Courses;CHAT;Chat noir;chat11;19/05/2025;0.006;0;0.03
W02;Utiliser une seule dose de savon;Courses;CHAT;Chat noir;chat11;19/05/2025;0.05;28;0
D15;Economiser les mouchoirs en papier. l'essuie-tout et le papier toilette;Déchets;CHAT;Chat noir;chat11;19/05/2025;0.009591;0;0.8
D09;Faire du compost avec les déchets végétaux ou donner les restes alimentaires aux poules…;Déchets;CHAT;Chat noir;chat11;19/05/2025;0.0623;0;1.75
D07;Vendre ou donner les vêtements. les objets. les jouets dont on ne veut plus (trop petits…);Déchets;CHAT;Chat noir;chat11;19/05/2025;0.017374;2500;0
D04;Ramasser les papiers et les déchets par terre pour les mettre à la poubelle;Déchets;CHAT;Chat noir;chat11;19/05/2025;0.00947;0;0.1
D02;Tout manger ce qu’il y a dans nos assiettes (cantine/maison);Déchets;CHAT;Chat noir;chat11;19/05/2025;2.453511;0;1.390385
B04;Faire un jardin potager;Biodiversité;CHAT;Chat noir;chat11;19/05/2025;4.48;0;0
B02;Ne pas tuer les araignées. les insectes (les mettre dehors…);Biodiversité;CHAT;Chat noir;chat11;19/05/2025;0;0;0
W07;Vider le reste de sa gourde dans les plantes;Eau;CHAT;Chat noir;chat11;19/05/2025;0;0.000013;0
W03;Ne pas faire couler l’eau trop longtemps quand on se lave les mains;Eau;CHAT;Chat noir;chat11;19/05/2025;0.004964;12.6;0
W05;Prendre une douche plutôt qu’un bain;Eau;CHAT;Chat noir;chat11;19/05/2025;0.140658;357;0
T03;Préférer la marche ou le vélo plutôt que la voiture;Transport;CHAT;Chat noir;chat11;19/05/2025;0.506;0;0
T04;Faire du covoiturage;Transport;CHAT;Chat noir;chat11;19/05/2025;0.506;0;0
E05;Préférer les ampoules à basse consommation;Electricité;CHAT;Chat noir;chat11;19/05/2025;0.072803;0;0
E02;Ouvrir les volets et ne pas allumer la lumière quand il fait jour dehors. ou éteindre lorsque la lumière extérieure le permet;Electricité;CHAT;Chat noir;chat11;19/05/2025;0.027408;0;0
E10;Faire sécher son linge à l'air libre au lieu d'utiliser le sèche linge chaque fois qu'on peut;Electricité;CHAT;Chat noir;chat11;19/05/2025;0.413462;0;0
E01;Eteindre la lumière quand on quitte une pièce. quand on n’en a pas besoin;Electricité;CHAT;Chat noir;chat11;19/05/2025;0.027408;0;0
C05;Faire soi-même ses produits d’entretien pour éviter les emballages;Courses;CHAT;Chat noir;chat6;19/05/2025;0.006;0;0.03
W02;Utiliser une seule dose de savon;Courses;CHAT;Chat noir;chat6;19/05/2025;0.05;28;0
D15;Economiser les mouchoirs en papier. l'essuie-tout et le papier toilette;Déchets;CHAT;Chat noir;chat6;19/05/2025;0.009591;0;0.8
D09;Faire du compost avec les déchets végétaux ou donner les restes alimentaires aux poules…;Déchets;CHAT;Chat noir;chat6;19/05/2025;0.0623;0;1.75
D07;Vendre ou donner les vêtements. les objets. les jouets dont on ne veut plus (trop petits…);Déchets;CHAT;Chat noir;chat6;19/05/2025;0.017374;2500;0
D04;Ramasser les papiers et les déchets par terre pour les mettre à la poubelle;Déchets;CHAT;Chat noir;chat6;19/05/2025;0.00947;0;0.1
D02;Tout manger ce qu’il y a dans nos assiettes (cantine/maison);Déchets;CHAT;Chat noir;chat6;19/05/2025;2.453511;0;1.390385
B04;Faire un jardin potager;Biodiversité;CHAT;Chat noir;chat6;19/05/2025;4.48;0;0
B02;Ne pas tuer les araignées. les insectes (les mettre dehors…);Biodiversité;CHAT;Chat noir;chat6;19/05/2025;0;0;0
W07;Vider le reste de sa gourde dans les plantes;Eau;CHAT;Chat noir;chat6;19/05/2025;0;0.000013;0
W03;Ne pas faire couler l’eau trop longtemps quand on se lave les mains;Eau;CHAT;Chat noir;chat6;19/05/2025;0.004964;12.6;0
W05;Prendre une douche plutôt qu’un bain;Eau;CHAT;Chat noir;chat6;19/05/2025;0.140658;357;0
T03;Préférer la marche ou le vélo plutôt que la voiture;Transport;CHAT;Chat noir;chat6;19/05/2025;0.506;0;0
T04;Faire du covoiturage;Transport;CHAT;Chat noir;chat6;19/05/2025;0.506;0;0
E06;Préférer les piles rechargeables;Electricité;CHAT;Chat noir;chat6;19/05/2025;0.097538;0;0
E02;Ouvrir les volets et ne pas allumer la lumière quand il fait jour dehors. ou éteindre lorsque la lumière extérieure le permet;Electricité;CHAT;Chat noir;chat6;19/05/2025;0.027408;0;0
E10;Faire sécher son linge à l'air libre au lieu d'utiliser le sèche linge chaque fois qu'on peut;Electricité;CHAT;Chat noir;chat6;19/05/2025;0.413462;0;0
E01;Eteindre la lumière quand on quitte une pièce. quand on n’en a pas besoin;Electricité;CHAT;Chat noir;chat6;19/05/2025;0.027408;0;0
C06;Faire ses repas, gouter, compotes sois même plutôt que d’acheter des plats préparés;Courses;CHAT;Chat noir;chat3;20/05/2025;1.260407;0;0.180058
C03;Acheter des fruits ou légumes de saison;Courses;CHAT;Chat noir;chat3;20/05/2025;6.932;0;0
D11;Acheter des produits en vrac. éviter les emballages individuels…;Déchets;CHAT;Chat noir;chat3;20/05/2025;0.38;0;0.67
D10;Ne pas acheter de bouteilles en plastique : boire à la gourde;Déchets;CHAT;Chat noir;chat3;20/05/2025;0.54243;0;0.21
D08;Utiliser les bacs de tri;Déchets;CHAT;Chat noir;chat3;20/05/2025;0.866962;0;0
D06;Prendre soin de ses affaires pour les faire durer plus longtemps (reboucher les feutres… ne pas casser. ne pas lancer…);Déchets;CHAT;Chat noir;chat3;20/05/2025;0.017374;0;0.183462
D03;Ne pas jeter de déchets dans la nature (chewing-gums. sacs. canettes. bouteilles…);Déchets;CHAT;Chat noir;chat3;20/05/2025;0.424875;0;4.486538
D01;Limiter l'utilisation du papier : Utiliser les feuilles des 2 côtés / faire du brouillon / Utiliser l'ardoise pour chercher / Prendre du papier recyclé…;Déchets;CHAT;Chat noir;chat3;20/05/2025;0.009641;0;0.8
B03;Donner à manger aux oiseaux dans son jardin ou sur son balcon;Biodiversité;CHAT;Chat noir;chat3;20/05/2025;0;0;0
B01;Ne pas cueillir de plante dans la nature;Biodiversité;CHAT;Chat noir;chat3;20/05/2025;0;0;0
W04;Tirer la petite chasse d’eau quand on fait pipi;Eau;CHAT;Chat noir;chat3;20/05/2025;0.006501;16.5;0
W02;Couper l’eau quand on se brosse les dents : mettre de l’eau dans un verre pour se rincer;Eau;CHAT;Chat noir;chat3;20/05/2025;0.05;28;0
W01;Prendre des douches rapides;Eau;CHAT;Chat noir;chat3;20/05/2025;0.25;224;0
T06;Couper le moteur de la voiture quand elle ne roule pas;Transport;CHAT;Chat noir;chat3;20/05/2025;1.518;0;0
E06;Préférer les piles rechargeables;Electricité;CHAT;Chat noir;chat3;20/05/2025;0.097538;0;0
E04;Eteindre les écrans (ordinateur. télévision. …) pour diminuer la consommation d’électricité;Electricité;CHAT;Chat noir;chat3;20/05/2025;0.15988;0;1
E11;Couvrir les casseroles lorsqu’on fait bouillir de l’eau ou pour cuire…;Electricité;CHAT;Chat noir;chat3;20/05/2025;0.00293;0;0
E08;Eteindre le chauffage lorsqu’on aère une pièce;Electricité;CHAT;Chat noir;chat3;20/05/2025;0.000173;0;0
E05;Préférer les ampoules à basse consommation;Electricité;CHAT;Chat noir;chat1;12/05/2025;0.072803;0;0
E04;Eteindre les écrans (ordinateur. télévision. …) pour diminuer la consommation d’électricité;Electricité;CHAT;Chat noir;chat1;12/05/2025;0.15988;0;1
E02;Ouvrir les volets et ne pas allumer la lumière quand il fait jour dehors. ou éteindre lorsque la lumière extérieure le permet;Electricité;CHAT;Chat noir;chat1;12/05/2025;0.027408;0;0
E11;Couvrir les casseroles lorsqu’on fait bouillir de l’eau ou pour cuire…;Electricité;CHAT;Chat noir;chat1;12/05/2025;0.00293;0;0
D08;Utiliser les bacs de tri;Déchets;CHAT;Chat noir;chat1;12/05/2025;0.866962;0;0
D07;Vendre ou donner les vêtements. les objets. les jouets dont on ne veut plus (trop petits…);Déchets;CHAT;Chat noir;chat1;12/05/2025;0.017374;2500;0
D06;Prendre soin de ses affaires pour les faire durer plus longtemps (reboucher les feutres… ne pas casser. ne pas lancer…);Déchets;CHAT;Chat noir;chat1;12/05/2025;0.017374;0;0.183462
D03;Ne pas jeter de déchets dans la nature (chewing-gums. sacs. canettes. bouteilles…);Déchets;CHAT;Chat noir;chat1;12/05/2025;0.424875;0;4.486538
D02;Tout manger ce qu’il y a dans nos assiettes (cantine/maison);Déchets;CHAT;Chat noir;chat1;12/05/2025;2.453511;0;1.390385
D15;Economiser les mouchoirs en papier. l'essuie-tout et le papier toilette;Déchets;CHAT;Chat noir;chat1;12/05/2025;0.009591;0;0.8
W04;Tirer la petite chasse d’eau quand on fait pipi;Eau;CHAT;Chat noir;chat1;12/05/2025;0.006501;16.5;0
W03;Ne pas faire couler l’eau trop longtemps quand on se lave les mains;Eau;CHAT;Chat noir;chat1;12/05/2025;0.004964;12.6;0
W02;Couper l’eau quand on se brosse les dents : mettre de l’eau dans un verre pour se rincer;Eau;CHAT;Chat noir;chat1;12/05/2025;0.05;28;0
W05;Prendre une douche plutôt qu’un bain;Eau;CHAT;Chat noir;chat1;12/05/2025;0.140658;357;0
W01;Prendre des douches rapides;Eau;CHAT;Chat noir;chat1;12/05/2025;0.25;224;0
W07;Vider le reste de sa gourde dans les plantes;Eau;CHAT;Chat noir;chat1;12/05/2025;0;0.000013;0
T06;Couper le moteur de la voiture quand elle ne roule pas;Transport;CHAT;Chat noir;chat1;12/05/2025;1.518;0;0
C03;Acheter des fruits ou légumes de saison;Courses;CHAT;Chat noir;chat1;12/05/2025;6.932;0;0
W02;Utiliser une seule dose de savon;Courses;CHAT;Chat noir;chat1;12/05/2025;0.05;28;0
B02;Ne pas tuer les araignées. les insectes (les mettre dehors…);Biodiversité;CHAT;Chat noir;chat1;12/05/2025;0;0;0
B01;Ne pas cueillir de plante dans la nature;Biodiversité;CHAT;Chat noir;chat1;12/05/2025;0;0;0
C05;Faire soi-même ses produits d’entretien pour éviter les emballages;Courses;CHAT;Chat noir;chat3;26/05/2025;0.006;0;0.03
W02;Utiliser une seule dose de savon;Courses;CHAT;Chat noir;chat3;26/05/2025;0.05;28;0
D15;Economiser les mouchoirs en papier. l'essuie-tout et le papier toilette;Déchets;CHAT;Chat noir;chat3;26/05/2025;0.009591;0;0.8
D09;Faire du compost avec les déchets végétaux ou donner les restes alimentaires aux poules…;Déchets;CHAT;Chat noir;chat3;26/05/2025;0.0623;0;1.75
D07;Vendre ou donner les vêtements. les objets. les jouets dont on ne veut plus (trop petits…);Déchets;CHAT;Chat noir;chat3;26/05/2025;0.017374;2500;0
D04;Ramasser les papiers et les déchets par terre pour les mettre à la poubelle;Déchets;CHAT;Chat noir;chat3;26/05/2025;0.00947;0;0.1
D02;Tout manger ce qu’il y a dans nos assiettes (cantine/maison);Déchets;CHAT;Chat noir;chat3;26/05/2025;2.453511;0;1.390385
B04;Faire un jardin potager;Biodiversité;CHAT;Chat noir;chat3;26/05/2025;4.48;0;0
B02;Ne pas tuer les araignées. les insectes (les mettre dehors…);Biodiversité;CHAT;Chat noir;chat3;26/05/2025;0;0;0
W07;Vider le reste de sa gourde dans les plantes;Eau;CHAT;Chat noir;chat3;26/05/2025;0;0.000013;0
W03;Ne pas faire couler l’eau trop longtemps quand on se lave les mains;Eau;CHAT;Chat noir;chat3;26/05/2025;0.004964;12.6;0
W05;Prendre une douche plutôt qu’un bain;Eau;CHAT;Chat noir;chat3;26/05/2025;0.140658;357;0
T03;Préférer la marche ou le vélo plutôt que la voiture;Transport;CHAT;Chat noir;chat3;26/05/2025;0.506;0;0
T04;Faire du covoiturage;Transport;CHAT;Chat noir;chat3;26/05/2025;0.506;0;0
E05;Préférer les ampoules à basse consommation;Electricité;CHAT;Chat noir;chat3;26/05/2025;0.072803;0;0
E02;Ouvrir les volets et ne pas allumer la lumière quand il fait jour dehors. ou éteindre lorsque la lumière extérieure le permet;Electricité;CHAT;Chat noir;chat3;26/05/2025;0.027408;0;0
E10;Faire sécher son linge à l'air libre au lieu d'utiliser le sèche linge chaque fois qu'on peut;Electricité;CHAT;Chat noir;chat3;26/05/2025;0.413462;0;0
E01;Eteindre la lumière quand on quitte une pièce. quand on n’en a pas besoin;Electricité;CHAT;Chat noir;chat3;26/05/2025;0.027408;0;0
C06;Faire ses repas, gouter, compotes sois même plutôt que d’acheter des plats préparés;Courses;CHAT;Chat noir;chat3;26/05/2025;1.260407;0;0.180058
C03;Acheter des fruits ou légumes de saison;Courses;CHAT;Chat noir;chat3;26/05/2025;6.932;0;0
D11;Acheter des produits en vrac. éviter les emballages individuels…;Déchets;CHAT;Chat noir;chat3;26/05/2025;0.38;0;0.67
D10;Ne pas acheter de bouteilles en plastique : boire à la gourde;Déchets;CHAT;Chat noir;chat3;26/05/2025;0.54243;0;0.21
D08;Utiliser les bacs de tri;Déchets;CHAT;Chat noir;chat3;26/05/2025;0.866962;0;0
D06;Prendre soin de ses affaires pour les faire durer plus longtemps (reboucher les feutres… ne pas casser. ne pas lancer…);Déchets;CHAT;Chat noir;chat3;26/05/2025;0.017374;0;0.183462
D03;Ne pas jeter de déchets dans la nature (chewing-gums. sacs. canettes. bouteilles…);Déchets;CHAT;Chat noir;chat3;26/05/2025;0.424875;0;4.486538
D01;Limiter l'utilisation du papier : Utiliser les feuilles des 2 côtés / faire du brouillon / Utiliser l'ardoise pour chercher / Prendre du papier recyclé…;Déchets;CHAT;Chat noir;chat3;26/05/2025;0.009641;0;0.8
B03;Donner à manger aux oiseaux dans son jardin ou sur son balcon;Biodiversité;CHAT;Chat noir;chat3;26/05/2025;0;0;0
B01;Ne pas cueillir de plante dans la nature;Biodiversité;CHAT;Chat noir;chat3;26/05/2025;0;0;0
W04;Tirer la petite chasse d’eau quand on fait pipi;Eau;CHAT;Chat noir;chat3;26/05/2025;0.006501;16.5;0
W02;Couper l’eau quand on se brosse les dents : mettre de l’eau dans un verre pour se rincer;Eau;CHAT;Chat noir;chat3;26/05/2025;0.05;28;0
W01;Prendre des douches rapides;Eau;CHAT;Chat noir;chat3;26/05/2025;0.25;224;0
T06;Couper le moteur de la voiture quand elle ne roule pas;Transport;CHAT;Chat noir;chat3;26/05/2025;1.518;0;0
E06;Préférer les piles rechargeables;Electricité;CHAT;Chat noir;chat3;26/05/2025;0.097538;0;0
E04;Eteindre les écrans (ordinateur. télévision. …) pour diminuer la consommation d’électricité;Electricité;CHAT;Chat noir;chat3;26/05/2025;0.15988;0;1
E11;Couvrir les casseroles lorsqu’on fait bouillir de l’eau ou pour cuire…;Electricité;CHAT;Chat noir;chat3;26/05/2025;0.00293;0;0
E08;Eteindre le chauffage lorsqu’on aère une pièce;Electricité;CHAT;Chat noir;chat3;26/05/2025;0.000173;0;0
D08;Utiliser les bacs de tri;Déchets;CHAT;Chat noir;chat2;28/05/2025;0.866962;0;0
D07;Vendre ou donner les vêtements. les objets. les jouets dont on ne veut plus (trop petits…);Déchets;CHAT;Chat noir;chat2;28/05/2025;0.017374;2500;0
D04;Ramasser les papiers et les déchets par terre pour les mettre à la poubelle;Déchets;CHAT;Chat noir;chat2;28/05/2025;0.00947;0;0.1
D03;Ne pas jeter de déchets dans la nature (chewing-gums. sacs. canettes. bouteilles…);Déchets;CHAT;Chat noir;chat2;28/05/2025;0.424875;0;4.486538
B03;Donner à manger aux oiseaux dans son jardin ou sur son balcon;Biodiversité;CHAT;Chat noir;chat2;28/05/2025;0;0;0
B02;Ne pas tuer les araignées. les insectes (les mettre dehors…);Biodiversité;CHAT;Chat noir;chat2;28/05/2025;0;0;0
B01;Ne pas cueillir de plante dans la nature;Biodiversité;CHAT;Chat noir;chat2;28/05/2025;0;0;0
W04;Tirer la petite chasse d’eau quand on fait pipi;Eau;CHAT;Chat noir;chat2;28/05/2025;0.006501;16.5;0
W03;Ne pas faire couler l’eau trop longtemps quand on se lave les mains;Eau;CHAT;Chat noir;chat2;28/05/2025;0.004964;12.6;0
W02;Couper l’eau quand on se brosse les dents : mettre de l’eau dans un verre pour se rincer;Eau;CHAT;Chat noir;chat2;28/05/2025;0.05;28;0
W05;Prendre une douche plutôt qu’un bain;Eau;CHAT;Chat noir;chat2;28/05/2025;0.140658;357;0
W01;Prendre des douches rapides;Eau;CHAT;Chat noir;chat2;28/05/2025;0.25;224;0
T03;Préférer la marche ou le vélo plutôt que la voiture;Transport;CHAT;Chat noir;chat2;28/05/2025;0.506;0;0
T06;Couper le moteur de la voiture quand elle ne roule pas;Transport;CHAT;Chat noir;chat2;28/05/2025;1.518;0;0
E05;Préférer les ampoules à basse consommation;Electricité;CHAT;Chat noir;chat2;28/05/2025;0.072803;0;0
E04;Eteindre les écrans (ordinateur. télévision. …) pour diminuer la consommation d’électricité;Electricité;CHAT;Chat noir;chat2;28/05/2025;0.15988;0;1
E02;Ouvrir les volets et ne pas allumer la lumière quand il fait jour dehors. ou éteindre lorsque la lumière extérieure le permet;Electricité;CHAT;Chat noir;chat2;28/05/2025;0.027408;0;0
E10;Faire sécher son linge à l'air libre au lieu d'utiliser le sèche linge chaque fois qu'on peut;Electricité;CHAT;Chat noir;chat2;28/05/2025;0.413462;0;0
E08;Eteindre le chauffage lorsqu’on aère une pièce;Electricité;CHAT;Chat noir;chat2;28/05/2025;0.000173;0;0
E01;Eteindre la lumière quand on quitte une pièce. quand on n’en a pas besoin;Electricité;CHAT;Chat noir;chat2;28/05/2025;0.027408;0;0
C05;Faire soi-même ses produits d’entretien pour éviter les emballages;Courses;CHAT;Chat noir;chat2;28/05/2025;0.006;0;0.03
C03;Acheter des fruits ou légumes de saison;Courses;CHAT;Chat noir;chat2;28/05/2025;6.932;0;0
D15;Economiser les mouchoirs en papier. l'essuie-tout et le papier toilette;Déchets;CHAT;Chat noir;chat2;03/06/2025;0.009591;0;0.8
D06;Prendre soin de ses affaires pour les faire durer plus longtemps (reboucher les feutres… ne pas casser. ne pas lancer…);Déchets;CHAT;Chat noir;chat2;03/06/2025;0.017374;0;0.183462
D01;Limiter l'utilisation du papier : Utiliser les feuilles des 2 côtés / faire du brouillon / Utiliser l'ardoise pour chercher / Prendre du papier recyclé…;Déchets;CHAT;Chat noir;chat2;03/06/2025;0.009641;0;0.8
W07;Vider le reste de sa gourde dans les plantes;Eau;CHAT;Chat noir;chat2;03/06/2025;0;0.000013;0
E06;Préférer les piles rechargeables;Electricité;CHAT;Chat noir;chat2;03/06/2025;0.097538;0;0
E11;Couvrir les casseroles lorsqu’on fait bouillir de l’eau ou pour cuire…;Electricité;CHAT;Chat noir;chat2;03/06/2025;0.00293;0;0
C06;Faire ses repas, gouter, compotes sois même plutôt que d’acheter des plats préparés;Courses;CHAT;Chat noir;chat2;03/06/2025;1.260407;0;0.180058
W02;Utiliser une seule dose de savon;Courses;CHAT;Chat noir;chat2;03/06/2025;0.05;28;0
D11;Acheter des produits en vrac. éviter les emballages individuels…;Déchets;CHAT;Chat noir;chat2;03/06/2025;0.38;0;0.67
D02;Tout manger ce qu’il y a dans nos assiettes (cantine/maison);Déchets;CHAT;Chat noir;chat2;03/06/2025;2.453511;0;1.390385
C06;Faire ses repas, gouter, compotes sois même plutôt que d’acheter des plats préparés;Courses;CHAT;Chat noir;chat3;04/06/2025;1.260407;0;0.180058
C03;Acheter des fruits ou légumes de saison;Courses;CHAT;Chat noir;chat3;04/06/2025;6.932;0;0
D11;Acheter des produits en vrac. éviter les emballages individuels…;Déchets;CHAT;Chat noir;chat3;04/06/2025;0.38;0;0.67
D10;Ne pas acheter de bouteilles en plastique : boire à la gourde;Déchets;CHAT;Chat noir;chat3;04/06/2025;0.54243;0;0.21
D08;Utiliser les bacs de tri;Déchets;CHAT;Chat noir;chat3;04/06/2025;0.866962;0;0
D06;Prendre soin de ses affaires pour les faire durer plus longtemps (reboucher les feutres… ne pas casser. ne pas lancer…);Déchets;CHAT;Chat noir;chat3;04/06/2025;0.017374;0;0.183462
D03;Ne pas jeter de déchets dans la nature (chewing-gums. sacs. canettes. bouteilles…);Déchets;CHAT;Chat noir;chat3;04/06/2025;0.424875;0;4.486538
D02;Tout manger ce qu’il y a dans nos assiettes (cantine/maison);Déchets;CHAT;Chat noir;chat3;04/06/2025;2.453511;0;1.390385
B03;Donner à manger aux oiseaux dans son jardin ou sur son balcon;Biodiversité;CHAT;Chat noir;chat3;04/06/2025;0;0;0
B01;Ne pas cueillir de plante dans la nature;Biodiversité;CHAT;Chat noir;chat3;04/06/2025;0;0;0
W04;Tirer la petite chasse d’eau quand on fait pipi;Eau;CHAT;Chat noir;chat3;04/06/2025;0.006501;16.5;0
W02;Couper l’eau quand on se brosse les dents : mettre de l’eau dans un verre pour se rincer;Eau;CHAT;Chat noir;chat3;04/06/2025;0.05;28;0
W01;Prendre des douches rapides;Eau;CHAT;Chat noir;chat3;04/06/2025;0.25;224;0
T06;Couper le moteur de la voiture quand elle ne roule pas;Transport;CHAT;Chat noir;chat3;04/06/2025;1.518;0;0
E06;Préférer les piles rechargeables;Electricité;CHAT;Chat noir;chat3;04/06/2025;0.097538;0;0
E04;Eteindre les écrans (ordinateur. télévision. …) pour diminuer la consommation d’électricité;Electricité;CHAT;Chat noir;chat3;04/06/2025;0.15988;0;1
E11;Couvrir les casseroles lorsqu’on fait bouillir de l’eau ou pour cuire…;Electricité;CHAT;Chat noir;chat3;04/06/2025;0.00293;0;0
E08;Eteindre le chauffage lorsqu’on aère une pièce;Electricité;CHAT;Chat noir;chat3;04/06/2025;0.000173;0;0
C05;Faire soi-même ses produits d’entretien pour éviter les emballages;Courses;CHAT;Chat noir;chat3;04/06/2025;0.006;0;0.03
W02;Utiliser une seule dose de savon;Courses;CHAT;Chat noir;chat3;04/06/2025;0.05;28;0
D15;Economiser les mouchoirs en papier. l'essuie-tout et le papier toilette;Déchets;CHAT;Chat noir;chat3;04/06/2025;0.009591;0;0.8
D09;Faire du compost avec les déchets végétaux ou donner les restes alimentaires aux poules…;Déchets;CHAT;Chat noir;chat3;04/06/2025;0.0623;0;1.75
D07;Vendre ou donner les vêtements. les objets. les jouets dont on ne veut plus (trop petits…);Déchets;CHAT;Chat noir;chat3;04/06/2025;0.017374;2500;0
D04;Ramasser les papiers et les déchets par terre pour les mettre à la poubelle;Déchets;CHAT;Chat noir;chat3;04/06/2025;0.00947;0;0.1
D01;Limiter l'utilisation du papier : Utiliser les feuilles des 2 côtés / faire du brouillon / Utiliser l'ardoise pour chercher / Prendre du papier recyclé…;Déchets;CHAT;Chat noir;chat3;04/06/2025;0.009641;0;0.8
B04;Faire un jardin potager;Biodiversité;CHAT;Chat noir;chat3;04/06/2025;4.48;0;0
B02;Ne pas tuer les araignées. les insectes (les mettre dehors…);Biodiversité;CHAT;Chat noir;chat3;04/06/2025;0;0;0
W07;Vider le reste de sa gourde dans les plantes;Eau;CHAT;Chat noir;chat3;04/06/2025;0;0.000013;0
W03;Ne pas faire couler l’eau trop longtemps quand on se lave les mains;Eau;CHAT;Chat noir;chat3;04/06/2025;0.004964;12.6;0
W05;Prendre une douche plutôt qu’un bain;Eau;CHAT;Chat noir;chat3;04/06/2025;0.140658;357;0
T03;Préférer la marche ou le vélo plutôt que la voiture;Transport;CHAT;Chat noir;chat3;04/06/2025;0.506;0;0
T04;Faire du covoiturage;Transport;CHAT;Chat noir;chat3;04/06/2025;0.506;0;0
E05;Préférer les ampoules à basse consommation;Electricité;CHAT;Chat noir;chat3;04/06/2025;0.072803;0;0
E02;Ouvrir les volets et ne pas allumer la lumière quand il fait jour dehors. ou éteindre lorsque la lumière extérieure le permet;Electricité;CHAT;Chat noir;chat3;04/06/2025;0.027408;0;0
E10;Faire sécher son linge à l'air libre au lieu d'utiliser le sèche linge chaque fois qu'on peut;Electricité;CHAT;Chat noir;chat3;04/06/2025;0.413462;0;0
E01;Eteindre la lumière quand on quitte une pièce. quand on n’en a pas besoin;Electricité;CHAT;Chat noir;chat3;04/06/2025;0.027408;0;0
W04;Tirer la petite chasse d’eau quand on fait pipi;Eau;CHAT;Chat noir;chat13;20/06/2025;0.006501;16.5;0
W05;Prendre une douche plutôt qu’un bain;Eau;CHAT;Chat noir;chat13;20/06/2025;0.140658;357;0
W01;Prendre des douches rapides;Eau;CHAT;Chat noir;chat13;20/06/2025;0.25;224;0
D09;Faire du compost avec les déchets végétaux ou donner les restes alimentaires aux poules…;Déchets;CHAT;Chat noir;chat13;20/06/2025;0.0623;0;1.75
D07;Vendre ou donner les vêtements. les objets. les jouets dont on ne veut plus (trop petits…);Déchets;CHAT;Chat noir;chat13;20/06/2025;0.017374;2500;0
D04;Ramasser les papiers et les déchets par terre pour les mettre à la poubelle;Déchets;CHAT;Chat noir;chat13;20/06/2025;0.00947;0;0.1
C03;Acheter des fruits ou légumes de saison;Courses;CHAT;Chat noir;chat13;20/06/2025;6.932;0;0
B02;Ne pas tuer les araignées. les insectes (les mettre dehors…);Biodiversité;CHAT;Chat noir;chat13;20/06/2025;0;0;0
E06;Préférer les piles rechargeables;Electricité;CHAT;Chat noir;chat13;20/06/2025;0.097538;0;0
E04;Eteindre les écrans (ordinateur. télévision. …) pour diminuer la consommation d’électricité;Electricité;CHAT;Chat noir;chat13;20/06/2025;0.15988;0;1
E11;Couvrir les casseroles lorsqu’on fait bouillir de l’eau ou pour cuire…;Electricité;CHAT;Chat noir;chat13;20/06/2025;0.00293;0;0
E08;Eteindre le chauffage lorsqu’on aère une pièce;Electricité;CHAT;Chat noir;chat13;20/06/2025;0.000173;0;0
C06;Faire ses repas, gouter, compotes sois même plutôt que d’acheter des plats préparés;Courses;CHAT;Chat noir;chat13;20/06/2025;1.260407;0;0.180058
B01;Ne pas cueillir de plante dans la nature;Biodiversité;CHAT;Chat noir;chat13;20/06/2025;0;0;0
W07;Vider le reste de sa gourde dans les plantes;Eau;CHAT;Chat noir;chat13;20/06/2025;0;0.000013;0
W02;Couper l’eau quand on se brosse les dents : mettre de l’eau dans un verre pour se rincer;Eau;CHAT;Chat noir;chat13;20/06/2025;0.05;28;0
W03;Ne pas faire couler l’eau trop longtemps quand on se lave les mains;Eau;CHAT;Chat noir;chat13;20/06/2025;0.004964;12.6;0
D10;Ne pas acheter de bouteilles en plastique : boire à la gourde;Déchets;CHAT;Chat noir;chat13;20/06/2025;0.54243;0;0.21
D08;Utiliser les bacs de tri;Déchets;CHAT;Chat noir;chat13;20/06/2025;0.866962;0;0
D03;Ne pas jeter de déchets dans la nature (chewing-gums. sacs. canettes. bouteilles…);Déchets;CHAT;Chat noir;chat13;20/06/2025;0.424875;0;4.486538
D01;Limiter l'utilisation du papier : Utiliser les feuilles des 2 côtés / faire du brouillon / Utiliser l'ardoise pour chercher / Prendre du papier recyclé…;Déchets;CHAT;Chat noir;chat13;20/06/2025;0.009641;0;0.8
B04;Faire un jardin potager;Biodiversité;CHAT;Chat noir;chat13;20/06/2025;4.48;0;0
T03;Préférer la marche ou le vélo plutôt que la voiture;Transport;CHAT;Chat noir;chat13;20/06/2025;0.506;0;0
E05;Préférer les ampoules à basse consommation;Electricité;CHAT;Chat noir;chat13;20/06/2025;0.072803;0;0
E02;Ouvrir les volets et ne pas allumer la lumière quand il fait jour dehors. ou éteindre lorsque la lumière extérieure le permet;Electricité;CHAT;Chat noir;chat13;20/06/2025;0.027408;0;0
E10;Faire sécher son linge à l'air libre au lieu d'utiliser le sèche linge chaque fois qu'on peut;Electricité;CHAT;Chat noir;chat13;20/06/2025;0.413462;0;0
E01;Eteindre la lumière quand on quitte une pièce. quand on n’en a pas besoin;Electricité;CHAT;Chat noir;chat13;20/06/2025;0.027408;0;0
W02;Utiliser une seule dose de savon;Courses;CHAT;Chat noir;chat13;20/06/2025;0.05;28;0
C06;Faire ses repas, gouter, compotes sois même plutôt que d’acheter des plats préparés;Courses;COCCINELLE;Coccinelle rouge;coccinelle1;15/05/2025;1.260407;0;0.180058
D09;Faire du compost avec les déchets végétaux ou donner les restes alimentaires aux poules…;Déchets;COCCINELLE;Coccinelle rouge;coccinelle1;15/05/2025;0.0623;0;1.75
W07;Vider le reste de sa gourde dans les plantes;Eau;COCCINELLE;Coccinelle rouge;coccinelle1;15/05/2025;0;0.000013;0
W03;Ne pas faire couler l’eau trop longtemps quand on se lave les mains;Eau;COCCINELLE;Coccinelle rouge;coccinelle1;15/05/2025;0.004964;12.6;0
W01;Prendre des douches rapides;Eau;COCCINELLE;Coccinelle rouge;coccinelle1;15/05/2025;0.25;224;0
C06;Faire ses repas, gouter, compotes sois même plutôt que d’acheter des plats préparés;Courses;COCCINELLE;Coccinelle rouge;coccinelle1;16/04/2025;1.260407;0;0.180058
W02;Utiliser une seule dose de savon;Courses;COCCINELLE;Coccinelle rouge;coccinelle1;16/04/2025;0.05;28;0
D08;Utiliser les bacs de tri;Déchets;COCCINELLE;Coccinelle rouge;coccinelle1;16/04/2025;0.866962;0;0
W04;Tirer la petite chasse d’eau quand on fait pipi;Eau;COCCINELLE;Coccinelle rouge;coccinelle1;16/04/2025;0.006501;16.5;0
C03;Acheter des fruits ou légumes de saison;Courses;COCCINELLE;Coccinelle rouge;coccinelle9;16/04/2025;6.932;0;0
D15;Economiser les mouchoirs en papier. l'essuie-tout et le papier toilette;Déchets;COCCINELLE;Coccinelle rouge;coccinelle3;07/04/2025;0.009591;0;0.8
D10;Ne pas acheter de bouteilles en plastique : boire à la gourde;Déchets;COCCINELLE;Coccinelle rouge;coccinelle3;07/04/2025;0.54243;0;0.21
D08;Utiliser les bacs de tri;Déchets;COCCINELLE;Coccinelle rouge;coccinelle3;07/04/2025;0.866962;0;0
D06;Prendre soin de ses affaires pour les faire durer plus longtemps (reboucher les feutres… ne pas casser. ne pas lancer…);Déchets;COCCINELLE;Coccinelle rouge;coccinelle3;07/04/2025;0.017374;0;0.183462
D03;Ne pas jeter de déchets dans la nature (chewing-gums. sacs. canettes. bouteilles…);Déchets;COCCINELLE;Coccinelle rouge;coccinelle3;07/04/2025;0.424875;0;4.486538
D02;Tout manger ce qu’il y a dans nos assiettes (cantine/maison);Déchets;COCCINELLE;Coccinelle rouge;coccinelle3;07/04/2025;2.453511;0;1.390385
D01;Limiter l'utilisation du papier : Utiliser les feuilles des 2 côtés / faire du brouillon / Utiliser l'ardoise pour chercher / Prendre du papier recyclé…;Déchets;COCCINELLE;Coccinelle rouge;coccinelle3;07/04/2025;0.009641;0;0.8
C06;Faire ses repas, gouter, compotes sois même plutôt que d’acheter des plats préparés;Courses;COCCINELLE;Coccinelle rouge;coccinelle3;07/04/2025;1.260407;0;0.180058
C03;Acheter des fruits ou légumes de saison;Courses;COCCINELLE;Coccinelle rouge;coccinelle3;07/04/2025;6.932;0;0
W02;Utiliser une seule dose de savon;Courses;COCCINELLE;Coccinelle rouge;coccinelle3;07/04/2025;0.05;28;0
W07;Vider le reste de sa gourde dans les plantes;Eau;COCCINELLE;Coccinelle rouge;coccinelle3;07/04/2025;0;0.000013;0
W04;Tirer la petite chasse d’eau quand on fait pipi;Eau;COCCINELLE;Coccinelle rouge;coccinelle3;07/04/2025;0.006501;16.5;0
W03;Ne pas faire couler l’eau trop longtemps quand on se lave les mains;Eau;COCCINELLE;Coccinelle rouge;coccinelle3;07/04/2025;0.004964;12.6;0
W02;Couper l’eau quand on se brosse les dents : mettre de l’eau dans un verre pour se rincer;Eau;COCCINELLE;Coccinelle rouge;coccinelle3;07/04/2025;0.05;28;0
W05;Prendre une douche plutôt qu’un bain;Eau;COCCINELLE;Coccinelle rouge;coccinelle3;07/04/2025;0.140658;357;0
W01;Prendre des douches rapides;Eau;COCCINELLE;Coccinelle rouge;coccinelle3;07/04/2025;0.25;224;0
T06;Couper le moteur de la voiture quand elle ne roule pas;Transport;COCCINELLE;Coccinelle rouge;coccinelle3;07/04/2025;1.518;0;0
E05;Préférer les ampoules à basse consommation;Electricité;COCCINELLE;Coccinelle rouge;coccinelle3;07/04/2025;0.072803;0;0
E04;Eteindre les écrans (ordinateur. télévision. …) pour diminuer la consommation d’électricité;Electricité;COCCINELLE;Coccinelle rouge;coccinelle3;07/04/2025;0.15988;0;1
E02;Ouvrir les volets et ne pas allumer la lumière quand il fait jour dehors. ou éteindre lorsque la lumière extérieure le permet;Electricité;COCCINELLE;Coccinelle rouge;coccinelle3;07/04/2025;0.027408;0;0
E11;Couvrir les casseroles lorsqu’on fait bouillir de l’eau ou pour cuire…;Electricité;COCCINELLE;Coccinelle rouge;coccinelle3;07/04/2025;0.00293;0;0
E10;Faire sécher son linge à l'air libre au lieu d'utiliser le sèche linge chaque fois qu'on peut;Electricité;COCCINELLE;Coccinelle rouge;coccinelle3;07/04/2025;0.413462;0;0
E08;Eteindre le chauffage lorsqu’on aère une pièce;Electricité;COCCINELLE;Coccinelle rouge;coccinelle3;07/04/2025;0.000173;0;0
E01;Eteindre la lumière quand on quitte une pièce. quand on n’en a pas besoin;Electricité;COCCINELLE;Coccinelle rouge;coccinelle3;07/04/2025;0.027408;0;0
C03;Acheter des fruits ou légumes de saison;Courses;COCCINELLE;Coccinelle rouge;coccinelle1;07/04/2025;6.932;0;0
D15;Economiser les mouchoirs en papier. l'essuie-tout et le papier toilette;Déchets;COCCINELLE;Coccinelle rouge;coccinelle1;07/04/2025;0.009591;0;0.8
D08;Utiliser les bacs de tri;Déchets;COCCINELLE;Coccinelle rouge;coccinelle1;07/04/2025;0.866962;0;0
D02;Tout manger ce qu’il y a dans nos assiettes (cantine/maison);Déchets;COCCINELLE;Coccinelle rouge;coccinelle1;07/04/2025;2.453511;0;1.390385
B01;Ne pas cueillir de plante dans la nature;Biodiversité;COCCINELLE;Coccinelle rouge;coccinelle1;07/04/2025;0;0;0
W03;Ne pas faire couler l’eau trop longtemps quand on se lave les mains;Eau;COCCINELLE;Coccinelle rouge;coccinelle1;07/04/2025;0.004964;12.6;0
W01;Prendre des douches rapides;Eau;COCCINELLE;Coccinelle rouge;coccinelle1;07/04/2025;0.25;224;0
E04;Eteindre les écrans (ordinateur. télévision. …) pour diminuer la consommation d’électricité;Electricité;COCCINELLE;Coccinelle rouge;coccinelle1;07/04/2025;0.15988;0;1
E11;Couvrir les casseroles lorsqu’on fait bouillir de l’eau ou pour cuire…;Electricité;COCCINELLE;Coccinelle rouge;coccinelle1;07/04/2025;0.00293;0;0
E01;Eteindre la lumière quand on quitte une pièce. quand on n’en a pas besoin;Electricité;COCCINELLE;Coccinelle rouge;coccinelle1;07/04/2025;0.027408;0;0
C06;Faire ses repas, gouter, compotes sois même plutôt que d’acheter des plats préparés;Courses;COCCINELLE;Coccinelle rouge;coccinelle2;08/04/2025;1.260407;0;0.180058
W02;Utiliser une seule dose de savon;Courses;COCCINELLE;Coccinelle rouge;coccinelle2;08/04/2025;0.05;28;0
C03;Acheter des fruits ou légumes de saison;Courses;COCCINELLE;Coccinelle rouge;coccinelle1;15/05/2025;6.932;0;0
D08;Utiliser les bacs de tri;Déchets;COCCINELLE;Coccinelle rouge;coccinelle1;15/05/2025;0.866962;0;0
W04;Tirer la petite chasse d’eau quand on fait pipi;Eau;COCCINELLE;Coccinelle rouge;coccinelle1;15/05/2025;0.006501;16.5;0
W05;Prendre une douche plutôt qu’un bain;Eau;COCCINELLE;Coccinelle rouge;coccinelle1;15/05/2025;0.140658;357;0
C03;Acheter des fruits ou légumes de saison;Courses;COCCINELLE;Coccinelle rouge;coccinelle11;17/04/2025;6.932;0;0
D08;Utiliser les bacs de tri;Déchets;COCCINELLE;Coccinelle rouge;coccinelle11;17/04/2025;0.866962;0;0
D04;Ramasser les papiers et les déchets par terre pour les mettre à la poubelle;Déchets;COCCINELLE;Coccinelle rouge;coccinelle11;17/04/2025;0.00947;0;0.1
D03;Ne pas jeter de déchets dans la nature (chewing-gums. sacs. canettes. bouteilles…);Déchets;COCCINELLE;Coccinelle rouge;coccinelle11;17/04/2025;0.424875;0;4.486538
B03;Donner à manger aux oiseaux dans son jardin ou sur son balcon;Biodiversité;COCCINELLE;Coccinelle rouge;coccinelle11;17/04/2025;0;0;0
B01;Ne pas cueillir de plante dans la nature;Biodiversité;COCCINELLE;Coccinelle rouge;coccinelle11;17/04/2025;0;0;0
W04;Tirer la petite chasse d’eau quand on fait pipi;Eau;COCCINELLE;Coccinelle rouge;coccinelle11;17/04/2025;0.006501;16.5;0
C06;Faire ses repas, gouter, compotes sois même plutôt que d’acheter des plats préparés;Courses;COCCINELLE;Coccinelle rouge;coccinelle1;07/04/2025;1.260407;0;0.180058
W02;Utiliser une seule dose de savon;Courses;COCCINELLE;Coccinelle rouge;coccinelle1;07/04/2025;0.05;28;0
D09;Faire du compost avec les déchets végétaux ou donner les restes alimentaires aux poules…;Déchets;COCCINELLE;Coccinelle rouge;coccinelle1;07/04/2025;0.0623;0;1.75
D03;Ne pas jeter de déchets dans la nature (chewing-gums. sacs. canettes. bouteilles…);Déchets;COCCINELLE;Coccinelle rouge;coccinelle1;07/04/2025;0.424875;0;4.486538
B03;Donner à manger aux oiseaux dans son jardin ou sur son balcon;Biodiversité;COCCINELLE;Coccinelle rouge;coccinelle1;07/04/2025;0;0;0
W04;Tirer la petite chasse d’eau quand on fait pipi;Eau;COCCINELLE;Coccinelle rouge;coccinelle1;07/04/2025;0.006501;16.5;0
W05;Prendre une douche plutôt qu’un bain;Eau;COCCINELLE;Coccinelle rouge;coccinelle1;07/04/2025;0.140658;357;0
T06;Couper le moteur de la voiture quand elle ne roule pas;Transport;COCCINELLE;Coccinelle rouge;coccinelle1;07/04/2025;1.518;0;0
E02;Ouvrir les volets et ne pas allumer la lumière quand il fait jour dehors. ou éteindre lorsque la lumière extérieure le permet;Electricité;COCCINELLE;Coccinelle rouge;coccinelle1;07/04/2025;0.027408;0;0
E08;Eteindre le chauffage lorsqu’on aère une pièce;Electricité;COCCINELLE;Coccinelle rouge;coccinelle1;07/04/2025;0.000173;0;0
C03;Acheter des fruits ou légumes de saison;Courses;COCCINELLE;Coccinelle rouge;coccinelle2;08/04/2025;6.932;0;0
D15;Economiser les mouchoirs en papier. l'essuie-tout et le papier toilette;Déchets;COCCINELLE;Coccinelle rouge;coccinelle2;08/04/2025;0.009591;0;0.8
D10;Ne pas acheter de bouteilles en plastique : boire à la gourde;Déchets;COCCINELLE;Coccinelle rouge;coccinelle2;08/04/2025;0.54243;0;0.21
D08;Utiliser les bacs de tri;Déchets;COCCINELLE;Coccinelle rouge;coccinelle2;08/04/2025;0.866962;0;0
D06;Prendre soin de ses affaires pour les faire durer plus longtemps (reboucher les feutres… ne pas casser. ne pas lancer…);Déchets;COCCINELLE;Coccinelle rouge;coccinelle2;08/04/2025;0.017374;0;0.183462
D03;Ne pas jeter de déchets dans la nature (chewing-gums. sacs. canettes. bouteilles…);Déchets;COCCINELLE;Coccinelle rouge;coccinelle2;08/04/2025;0.424875;0;4.486538
D02;Tout manger ce qu’il y a dans nos assiettes (cantine/maison);Déchets;COCCINELLE;Coccinelle rouge;coccinelle2;08/04/2025;2.453511;0;1.390385
D01;Limiter l'utilisation du papier : Utiliser les feuilles des 2 côtés / faire du brouillon / Utiliser l'ardoise pour chercher / Prendre du papier recyclé…;Déchets;COCCINELLE;Coccinelle rouge;coccinelle2;08/04/2025;0.009641;0;0.8
B02;Ne pas tuer les araignées. les insectes (les mettre dehors…);Biodiversité;COCCINELLE;Coccinelle rouge;coccinelle2;08/04/2025;0;0;0
W03;Ne pas faire couler l’eau trop longtemps quand on se lave les mains;Eau;COCCINELLE;Coccinelle rouge;coccinelle2;08/04/2025;0.004964;12.6;0
T03;Préférer la marche ou le vélo plutôt que la voiture;Transport;COCCINELLE;Coccinelle rouge;coccinelle2;08/04/2025;0.506;0;0
C03;Acheter des fruits ou légumes de saison;Courses;COCCINELLE;Coccinelle rouge;coccinelle2;14/04/2025;6.932;0;0
D15;Economiser les mouchoirs en papier. l'essuie-tout et le papier toilette;Déchets;COCCINELLE;Coccinelle rouge;coccinelle2;14/04/2025;0.009591;0;0.8
D06;Prendre soin de ses affaires pour les faire durer plus longtemps (reboucher les feutres… ne pas casser. ne pas lancer…);Déchets;COCCINELLE;Coccinelle rouge;coccinelle2;14/04/2025;0.017374;0;0.183462
D03;Ne pas jeter de déchets dans la nature (chewing-gums. sacs. canettes. bouteilles…);Déchets;COCCINELLE;Coccinelle rouge;coccinelle2;14/04/2025;0.424875;0;4.486538
D01;Limiter l'utilisation du papier : Utiliser les feuilles des 2 côtés / faire du brouillon / Utiliser l'ardoise pour chercher / Prendre du papier recyclé…;Déchets;COCCINELLE;Coccinelle rouge;coccinelle2;14/04/2025;0.009641;0;0.8
B02;Ne pas tuer les araignées. les insectes (les mettre dehors…);Biodiversité;COCCINELLE;Coccinelle rouge;coccinelle2;14/04/2025;0;0;0
W05;Prendre une douche plutôt qu’un bain;Eau;COCCINELLE;Coccinelle rouge;coccinelle2;14/04/2025;0.140658;357;0
E02;Ouvrir les volets et ne pas allumer la lumière quand il fait jour dehors. ou éteindre lorsque la lumière extérieure le permet;Electricité;COCCINELLE;Coccinelle rouge;coccinelle2;14/04/2025;0.027408;0;0
W02;Utiliser une seule dose de savon;Courses;COCCINELLE;Coccinelle rouge;coccinelle9;17/05/2025;0.05;28;0
D15;Economiser les mouchoirs en papier. l'essuie-tout et le papier toilette;Déchets;COCCINELLE;Coccinelle rouge;coccinelle9;17/05/2025;0.009591;0;0.8
D08;Utiliser les bacs de tri;Déchets;COCCINELLE;Coccinelle rouge;coccinelle9;17/05/2025;0.866962;0;0
D06;Prendre soin de ses affaires pour les faire durer plus longtemps (reboucher les feutres… ne pas casser. ne pas lancer…);Déchets;COCCINELLE;Coccinelle rouge;coccinelle9;17/05/2025;0.017374;0;0.183462
D03;Ne pas jeter de déchets dans la nature (chewing-gums. sacs. canettes. bouteilles…);Déchets;COCCINELLE;Coccinelle rouge;coccinelle9;17/05/2025;0.424875;0;4.486538
D01;Limiter l'utilisation du papier : Utiliser les feuilles des 2 côtés / faire du brouillon / Utiliser l'ardoise pour chercher / Prendre du papier recyclé…;Déchets;COCCINELLE;Coccinelle rouge;coccinelle9;17/05/2025;0.009641;0;0.8
B02;Ne pas tuer les araignées. les insectes (les mettre dehors…);Biodiversité;COCCINELLE;Coccinelle rouge;coccinelle9;17/05/2025;0;0;0
W07;Vider le reste de sa gourde dans les plantes;Eau;COCCINELLE;Coccinelle rouge;coccinelle9;17/05/2025;0;0.000013;0
W03;Ne pas faire couler l’eau trop longtemps quand on se lave les mains;Eau;COCCINELLE;Coccinelle rouge;coccinelle9;17/05/2025;0.004964;12.6;0
W05;Prendre une douche plutôt qu’un bain;Eau;COCCINELLE;Coccinelle rouge;coccinelle9;17/05/2025;0.140658;357;0
T06;Couper le moteur de la voiture quand elle ne roule pas;Transport;COCCINELLE;Coccinelle rouge;coccinelle9;17/05/2025;1.518;0;0
E04;Eteindre les écrans (ordinateur. télévision. …) pour diminuer la consommation d’électricité;Electricité;COCCINELLE;Coccinelle rouge;coccinelle9;17/05/2025;0.15988;0;1
E11;Couvrir les casseroles lorsqu’on fait bouillir de l’eau ou pour cuire…;Electricité;COCCINELLE;Coccinelle rouge;coccinelle9;17/05/2025;0.00293;0;0
E08;Eteindre le chauffage lorsqu’on aère une pièce;Electricité;COCCINELLE;Coccinelle rouge;coccinelle9;17/05/2025;0.000173;0;0
W02;Utiliser une seule dose de savon;Courses;COCCINELLE;Coccinelle rouge;coccinelle1;17/05/2025;0.05;28;0
D15;Economiser les mouchoirs en papier. l'essuie-tout et le papier toilette;Déchets;COCCINELLE;Coccinelle rouge;coccinelle1;17/05/2025;0.009591;0;0.8
D04;Ramasser les papiers et les déchets par terre pour les mettre à la poubelle;Déchets;COCCINELLE;Coccinelle rouge;coccinelle1;17/05/2025;0.00947;0;0.1
D02;Tout manger ce qu’il y a dans nos assiettes (cantine/maison);Déchets;COCCINELLE;Coccinelle rouge;coccinelle1;17/05/2025;2.453511;0;1.390385
B02;Ne pas tuer les araignées. les insectes (les mettre dehors…);Biodiversité;COCCINELLE;Coccinelle rouge;coccinelle1;17/05/2025;0;0;0
T03;Préférer la marche ou le vélo plutôt que la voiture;Transport;COCCINELLE;Coccinelle rouge;coccinelle1;17/05/2025;0.506;0;0
E04;Eteindre les écrans (ordinateur. télévision. …) pour diminuer la consommation d’électricité;Electricité;COCCINELLE;Coccinelle rouge;coccinelle1;17/05/2025;0.15988;0;1
E11;Couvrir les casseroles lorsqu’on fait bouillir de l’eau ou pour cuire…;Electricité;COCCINELLE;Coccinelle rouge;coccinelle1;17/05/2025;0.00293;0;0
E08;Eteindre le chauffage lorsqu’on aère une pièce;Electricité;COCCINELLE;Coccinelle rouge;coccinelle1;17/05/2025;0.000173;0;0
C06;Faire ses repas, gouter, compotes sois même plutôt que d’acheter des plats préparés;Courses;COCCINELLE;Coccinelle rouge;coccinelle3;18/05/2025;1.260407;0;0.180058
W02;Utiliser une seule dose de savon;Courses;COCCINELLE;Coccinelle rouge;coccinelle3;18/05/2025;0.05;28;0
W02;Utiliser une seule dose de savon;Courses;COCCINELLE;Coccinelle rouge;coccinelle2;14/04/2025;0.05;28;0
D08;Utiliser les bacs de tri;Déchets;COCCINELLE;Coccinelle rouge;coccinelle2;14/04/2025;0.866962;0;0
D04;Ramasser les papiers et les déchets par terre pour les mettre à la poubelle;Déchets;COCCINELLE;Coccinelle rouge;coccinelle2;14/04/2025;0.00947;0;0.1
D02;Tout manger ce qu’il y a dans nos assiettes (cantine/maison);Déchets;COCCINELLE;Coccinelle rouge;coccinelle2;14/04/2025;2.453511;0;1.390385
B04;Faire un jardin potager;Biodiversité;COCCINELLE;Coccinelle rouge;coccinelle2;14/04/2025;4.48;0;0
W02;Couper l’eau quand on se brosse les dents : mettre de l’eau dans un verre pour se rincer;Eau;COCCINELLE;Coccinelle rouge;coccinelle2;14/04/2025;0.05;28;0
T03;Préférer la marche ou le vélo plutôt que la voiture;Transport;COCCINELLE;Coccinelle rouge;coccinelle2;14/04/2025;0.506;0;0
E01;Eteindre la lumière quand on quitte une pièce. quand on n’en a pas besoin;Electricité;COCCINELLE;Coccinelle rouge;coccinelle2;14/04/2025;0.027408;0;0
C03;Acheter des fruits ou légumes de saison;Courses;COCCINELLE;Coccinelle rouge;coccinelle9;17/05/2025;6.932;0;0
D11;Acheter des produits en vrac. éviter les emballages individuels…;Déchets;COCCINELLE;Coccinelle rouge;coccinelle9;17/05/2025;0.38;0;0.67
D10;Ne pas acheter de bouteilles en plastique : boire à la gourde;Déchets;COCCINELLE;Coccinelle rouge;coccinelle9;17/05/2025;0.54243;0;0.21
D07;Vendre ou donner les vêtements. les objets. les jouets dont on ne veut plus (trop petits…);Déchets;COCCINELLE;Coccinelle rouge;coccinelle9;17/05/2025;0.017374;2500;0
D04;Ramasser les papiers et les déchets par terre pour les mettre à la poubelle;Déchets;COCCINELLE;Coccinelle rouge;coccinelle9;17/05/2025;0.00947;0;0.1
D02;Tout manger ce qu’il y a dans nos assiettes (cantine/maison);Déchets;COCCINELLE;Coccinelle rouge;coccinelle9;17/05/2025;2.453511;0;1.390385
B04;Faire un jardin potager;Biodiversité;COCCINELLE;Coccinelle rouge;coccinelle9;17/05/2025;4.48;0;0
B01;Ne pas cueillir de plante dans la nature;Biodiversité;COCCINELLE;Coccinelle rouge;coccinelle9;17/05/2025;0;0;0
W04;Tirer la petite chasse d’eau quand on fait pipi;Eau;COCCINELLE;Coccinelle rouge;coccinelle9;17/05/2025;0.006501;16.5;0
W02;Couper l’eau quand on se brosse les dents : mettre de l’eau dans un verre pour se rincer;Eau;COCCINELLE;Coccinelle rouge;coccinelle9;17/05/2025;0.05;28;0
W01;Prendre des douches rapides;Eau;COCCINELLE;Coccinelle rouge;coccinelle9;17/05/2025;0.25;224;0
E05;Préférer les ampoules à basse consommation;Electricité;COCCINELLE;Coccinelle rouge;coccinelle9;17/05/2025;0.072803;0;0
E02;Ouvrir les volets et ne pas allumer la lumière quand il fait jour dehors. ou éteindre lorsque la lumière extérieure le permet;Electricité;COCCINELLE;Coccinelle rouge;coccinelle9;17/05/2025;0.027408;0;0
E10;Faire sécher son linge à l'air libre au lieu d'utiliser le sèche linge chaque fois qu'on peut;Electricité;COCCINELLE;Coccinelle rouge;coccinelle9;17/05/2025;0.413462;0;0
E01;Eteindre la lumière quand on quitte une pièce. quand on n’en a pas besoin;Electricité;COCCINELLE;Coccinelle rouge;coccinelle9;17/05/2025;0.027408;0;0
D11;Acheter des produits en vrac. éviter les emballages individuels…;Déchets;COCCINELLE;Coccinelle rouge;coccinelle1;17/05/2025;0.38;0;0.67
D06;Prendre soin de ses affaires pour les faire durer plus longtemps (reboucher les feutres… ne pas casser. ne pas lancer…);Déchets;COCCINELLE;Coccinelle rouge;coccinelle1;17/05/2025;0.017374;0;0.183462
D03;Ne pas jeter de déchets dans la nature (chewing-gums. sacs. canettes. bouteilles…);Déchets;COCCINELLE;Coccinelle rouge;coccinelle1;17/05/2025;0.424875;0;4.486538
D01;Limiter l'utilisation du papier : Utiliser les feuilles des 2 côtés / faire du brouillon / Utiliser l'ardoise pour chercher / Prendre du papier recyclé…;Déchets;COCCINELLE;Coccinelle rouge;coccinelle1;17/05/2025;0.009641;0;0.8
B01;Ne pas cueillir de plante dans la nature;Biodiversité;COCCINELLE;Coccinelle rouge;coccinelle1;17/05/2025;0;0;0
T06;Couper le moteur de la voiture quand elle ne roule pas;Transport;COCCINELLE;Coccinelle rouge;coccinelle1;17/05/2025;1.518;0;0
E02;Ouvrir les volets et ne pas allumer la lumière quand il fait jour dehors. ou éteindre lorsque la lumière extérieure le permet;Electricité;COCCINELLE;Coccinelle rouge;coccinelle1;17/05/2025;0.027408;0;0
E10;Faire sécher son linge à l'air libre au lieu d'utiliser le sèche linge chaque fois qu'on peut;Electricité;COCCINELLE;Coccinelle rouge;coccinelle1;17/05/2025;0.413462;0;0
E01;Eteindre la lumière quand on quitte une pièce. quand on n’en a pas besoin;Electricité;COCCINELLE;Coccinelle rouge;coccinelle1;17/05/2025;0.027408;0;0
C06;Faire ses repas, gouter, compotes sois même plutôt que d’acheter des plats préparés;Courses;COCCINELLE;Coccinelle rouge;coccinelle1;11/04/2025;1.260407;0;0.180058
C03;Acheter des fruits ou légumes de saison;Courses;COCCINELLE;Coccinelle rouge;coccinelle1;11/04/2025;6.932;0;0
W02;Utiliser une seule dose de savon;Courses;COCCINELLE;Coccinelle rouge;coccinelle1;11/04/2025;0.05;28;0
D15;Economiser les mouchoirs en papier. l'essuie-tout et le papier toilette;Déchets;COCCINELLE;Coccinelle rouge;coccinelle1;11/04/2025;0.009591;0;0.8
D09;Faire du compost avec les déchets végétaux ou donner les restes alimentaires aux poules…;Déchets;COCCINELLE;Coccinelle rouge;coccinelle1;11/04/2025;0.0623;0;1.75
D08;Utiliser les bacs de tri;Déchets;COCCINELLE;Coccinelle rouge;coccinelle1;11/04/2025;0.866962;0;0
B03;Donner à manger aux oiseaux dans son jardin ou sur son balcon;Biodiversité;COCCINELLE;Coccinelle rouge;coccinelle1;11/04/2025;0;0;0
B01;Ne pas cueillir de plante dans la nature;Biodiversité;COCCINELLE;Coccinelle rouge;coccinelle1;11/04/2025;0;0;0
W04;Tirer la petite chasse d’eau quand on fait pipi;Eau;COCCINELLE;Coccinelle rouge;coccinelle1;11/04/2025;0.006501;16.5;0
W03;Ne pas faire couler l’eau trop longtemps quand on se lave les mains;Eau;COCCINELLE;Coccinelle rouge;coccinelle1;11/04/2025;0.004964;12.6;0
W05;Prendre une douche plutôt qu’un bain;Eau;COCCINELLE;Coccinelle rouge;coccinelle1;11/04/2025;0.140658;357;0
W01;Prendre des douches rapides;Eau;COCCINELLE;Coccinelle rouge;coccinelle1;11/04/2025;0.25;224;0
T03;Préférer la marche ou le vélo plutôt que la voiture;Transport;COCCINELLE;Coccinelle rouge;coccinelle1;11/04/2025;0.506;0;0
T06;Couper le moteur de la voiture quand elle ne roule pas;Transport;COCCINELLE;Coccinelle rouge;coccinelle1;11/04/2025;1.518;0;0
E04;Eteindre les écrans (ordinateur. télévision. …) pour diminuer la consommation d’électricité;Electricité;COCCINELLE;Coccinelle rouge;coccinelle1;11/04/2025;0.15988;0;1
E02;Ouvrir les volets et ne pas allumer la lumière quand il fait jour dehors. ou éteindre lorsque la lumière extérieure le permet;Electricité;COCCINELLE;Coccinelle rouge;coccinelle1;11/04/2025;0.027408;0;0
E11;Couvrir les casseroles lorsqu’on fait bouillir de l’eau ou pour cuire…;Electricité;COCCINELLE;Coccinelle rouge;coccinelle1;11/04/2025;0.00293;0;0
E08;Eteindre le chauffage lorsqu’on aère une pièce;Electricité;COCCINELLE;Coccinelle rouge;coccinelle1;11/04/2025;0.000173;0;0
C03;Acheter des fruits ou légumes de saison;Courses;COCCINELLE;Coccinelle rouge;coccinelle9;13/04/2025;6.932;0;0
D15;Economiser les mouchoirs en papier. l'essuie-tout et le papier toilette;Déchets;COCCINELLE;Coccinelle rouge;coccinelle9;13/04/2025;0.009591;0;0.8
D09;Faire du compost avec les déchets végétaux ou donner les restes alimentaires aux poules…;Déchets;COCCINELLE;Coccinelle rouge;coccinelle9;13/04/2025;0.0623;0;1.75
D07;Vendre ou donner les vêtements. les objets. les jouets dont on ne veut plus (trop petits…);Déchets;COCCINELLE;Coccinelle rouge;coccinelle9;13/04/2025;0.017374;2500;0
D03;Ne pas jeter de déchets dans la nature (chewing-gums. sacs. canettes. bouteilles…);Déchets;COCCINELLE;Coccinelle rouge;coccinelle9;13/04/2025;0.424875;0;4.486538
D02;Tout manger ce qu’il y a dans nos assiettes (cantine/maison);Déchets;COCCINELLE;Coccinelle rouge;coccinelle9;13/04/2025;2.453511;0;1.390385
D11;Acheter des produits en vrac. éviter les emballages individuels…;Déchets;COCCINELLE;Coccinelle rouge;coccinelle9;13/04/2025;0.38;0;0.67
B02;Ne pas tuer les araignées. les insectes (les mettre dehors…);Biodiversité;COCCINELLE;Coccinelle rouge;coccinelle9;13/04/2025;0;0;0
W07;Vider le reste de sa gourde dans les plantes;Eau;COCCINELLE;Coccinelle rouge;coccinelle9;13/04/2025;0;0.000013;0
W03;Ne pas faire couler l’eau trop longtemps quand on se lave les mains;Eau;COCCINELLE;Coccinelle rouge;coccinelle9;13/04/2025;0.004964;12.6;0
W05;Prendre une douche plutôt qu’un bain;Eau;COCCINELLE;Coccinelle rouge;coccinelle9;13/04/2025;0.140658;357;0
T06;Couper le moteur de la voiture quand elle ne roule pas;Transport;COCCINELLE;Coccinelle rouge;coccinelle9;13/04/2025;1.518;0;0
E04;Eteindre les écrans (ordinateur. télévision. …) pour diminuer la consommation d’électricité;Electricité;COCCINELLE;Coccinelle rouge;coccinelle9;13/04/2025;0.15988;0;1
E11;Couvrir les casseroles lorsqu’on fait bouillir de l’eau ou pour cuire…;Electricité;COCCINELLE;Coccinelle rouge;coccinelle9;13/04/2025;0.00293;0;0
E08;Eteindre le chauffage lorsqu’on aère une pièce;Electricité;COCCINELLE;Coccinelle rouge;coccinelle9;13/04/2025;0.000173;0;0
C06;Faire ses repas, gouter, compotes sois même plutôt que d’acheter des plats préparés;Courses;COCCINELLE;Coccinelle rouge;coccinelle3;14/04/2025;1.260407;0;0.180058
W02;Utiliser une seule dose de savon;Courses;COCCINELLE;Coccinelle rouge;coccinelle3;14/04/2025;0.05;28;0
D10;Ne pas acheter de bouteilles en plastique : boire à la gourde;Déchets;COCCINELLE;Coccinelle rouge;coccinelle3;14/04/2025;0.54243;0;0.21
D07;Vendre ou donner les vêtements. les objets. les jouets dont on ne veut plus (trop petits…);Déchets;COCCINELLE;Coccinelle rouge;coccinelle3;14/04/2025;0.017374;2500;0
D04;Ramasser les papiers et les déchets par terre pour les mettre à la poubelle;Déchets;COCCINELLE;Coccinelle rouge;coccinelle3;14/04/2025;0.00947;0;0.1
D02;Tout manger ce qu’il y a dans nos assiettes (cantine/maison);Déchets;COCCINELLE;Coccinelle rouge;coccinelle3;14/04/2025;2.453511;0;1.390385
B02;Ne pas tuer les araignées. les insectes (les mettre dehors…);Biodiversité;COCCINELLE;Coccinelle rouge;coccinelle3;14/04/2025;0;0;0
W07;Vider le reste de sa gourde dans les plantes;Eau;COCCINELLE;Coccinelle rouge;coccinelle3;14/04/2025;0;0.000013;0
W03;Ne pas faire couler l’eau trop longtemps quand on se lave les mains;Eau;COCCINELLE;Coccinelle rouge;coccinelle3;14/04/2025;0.004964;12.6;0
W05;Prendre une douche plutôt qu’un bain;Eau;COCCINELLE;Coccinelle rouge;coccinelle3;14/04/2025;0.140658;357;0
T03;Préférer la marche ou le vélo plutôt que la voiture;Transport;COCCINELLE;Coccinelle rouge;coccinelle3;14/04/2025;0.506;0;0
E05;Préférer les ampoules à basse consommation;Electricité;COCCINELLE;Coccinelle rouge;coccinelle3;14/04/2025;0.072803;0;0
E02;Ouvrir les volets et ne pas allumer la lumière quand il fait jour dehors. ou éteindre lorsque la lumière extérieure le permet;Electricité;COCCINELLE;Coccinelle rouge;coccinelle3;14/04/2025;0.027408;0;0
E10;Faire sécher son linge à l'air libre au lieu d'utiliser le sèche linge chaque fois qu'on peut;Electricité;COCCINELLE;Coccinelle rouge;coccinelle3;14/04/2025;0.413462;0;0
E01;Eteindre la lumière quand on quitte une pièce. quand on n’en a pas besoin;Electricité;COCCINELLE;Coccinelle rouge;coccinelle3;14/04/2025;0.027408;0;0
D04;Ramasser les papiers et les déchets par terre pour les mettre à la poubelle;Déchets;COCCINELLE;Coccinelle rouge;coccinelle1;14/04/2025;0.00947;0;0.1
D01;Limiter l'utilisation du papier : Utiliser les feuilles des 2 côtés / faire du brouillon / Utiliser l'ardoise pour chercher / Prendre du papier recyclé…;Déchets;COCCINELLE;Coccinelle rouge;coccinelle1;14/04/2025;0.009641;0;0.8
B02;Ne pas tuer les araignées. les insectes (les mettre dehors…);Biodiversité;COCCINELLE;Coccinelle rouge;coccinelle1;14/04/2025;0;0;0
E01;Eteindre la lumière quand on quitte une pièce. quand on n’en a pas besoin;Electricité;COCCINELLE;Coccinelle rouge;coccinelle1;14/04/2025;0.027408;0;0
C03;Acheter des fruits ou légumes de saison;Courses;COCCINELLE;Coccinelle rouge;coccinelle3;18/05/2025;6.932;0;0
D15;Economiser les mouchoirs en papier. l'essuie-tout et le papier toilette;Déchets;COCCINELLE;Coccinelle rouge;coccinelle3;18/05/2025;0.009591;0;0.8
D07;Vendre ou donner les vêtements. les objets. les jouets dont on ne veut plus (trop petits…);Déchets;COCCINELLE;Coccinelle rouge;coccinelle3;18/05/2025;0.017374;2500;0
D04;Ramasser les papiers et les déchets par terre pour les mettre à la poubelle;Déchets;COCCINELLE;Coccinelle rouge;coccinelle3;18/05/2025;0.00947;0;0.1
D03;Ne pas jeter de déchets dans la nature (chewing-gums. sacs. canettes. bouteilles…);Déchets;COCCINELLE;Coccinelle rouge;coccinelle3;18/05/2025;0.424875;0;4.486538
D01;Limiter l'utilisation du papier : Utiliser les feuilles des 2 côtés / faire du brouillon / Utiliser l'ardoise pour chercher / Prendre du papier recyclé…;Déchets;COCCINELLE;Coccinelle rouge;coccinelle3;18/05/2025;0.009641;0;0.8
B01;Ne pas cueillir de plante dans la nature;Biodiversité;COCCINELLE;Coccinelle rouge;coccinelle3;18/05/2025;0;0;0
W05;Prendre une douche plutôt qu’un bain;Eau;COCCINELLE;Coccinelle rouge;coccinelle3;18/05/2025;0.140658;357;0
T03;Préférer la marche ou le vélo plutôt que la voiture;Transport;COCCINELLE;Coccinelle rouge;coccinelle3;18/05/2025;0.506;0;0
W02;Utiliser une seule dose de savon;Courses;COCCINELLE;Coccinelle rouge;coccinelle9;13/04/2025;0.05;28;0
D10;Ne pas acheter de bouteilles en plastique : boire à la gourde;Déchets;COCCINELLE;Coccinelle rouge;coccinelle9;13/04/2025;0.54243;0;0.21
D08;Utiliser les bacs de tri;Déchets;COCCINELLE;Coccinelle rouge;coccinelle9;13/04/2025;0.866962;0;0
D04;Ramasser les papiers et les déchets par terre pour les mettre à la poubelle;Déchets;COCCINELLE;Coccinelle rouge;coccinelle9;13/04/2025;0.00947;0;0.1
D01;Limiter l'utilisation du papier : Utiliser les feuilles des 2 côtés / faire du brouillon / Utiliser l'ardoise pour chercher / Prendre du papier recyclé…;Déchets;COCCINELLE;Coccinelle rouge;coccinelle9;13/04/2025;0.009641;0;0.8
D06;Prendre soin de ses affaires pour les faire durer plus longtemps (reboucher les feutres… ne pas casser. ne pas lancer…);Déchets;COCCINELLE;Coccinelle rouge;coccinelle9;13/04/2025;0.017374;0;0.183462
B04;Faire un jardin potager;Biodiversité;COCCINELLE;Coccinelle rouge;coccinelle9;13/04/2025;4.48;0;0
B01;Ne pas cueillir de plante dans la nature;Biodiversité;COCCINELLE;Coccinelle rouge;coccinelle9;13/04/2025;0;0;0
W04;Tirer la petite chasse d’eau quand on fait pipi;Eau;COCCINELLE;Coccinelle rouge;coccinelle9;13/04/2025;0.006501;16.5;0
W02;Couper l’eau quand on se brosse les dents : mettre de l’eau dans un verre pour se rincer;Eau;COCCINELLE;Coccinelle rouge;coccinelle9;13/04/2025;0.05;28;0
W01;Prendre des douches rapides;Eau;COCCINELLE;Coccinelle rouge;coccinelle9;13/04/2025;0.25;224;0
E05;Préférer les ampoules à basse consommation;Electricité;COCCINELLE;Coccinelle rouge;coccinelle9;13/04/2025;0.072803;0;0
E02;Ouvrir les volets et ne pas allumer la lumière quand il fait jour dehors. ou éteindre lorsque la lumière extérieure le permet;Electricité;COCCINELLE;Coccinelle rouge;coccinelle9;13/04/2025;0.027408;0;0
E10;Faire sécher son linge à l'air libre au lieu d'utiliser le sèche linge chaque fois qu'on peut;Electricité;COCCINELLE;Coccinelle rouge;coccinelle9;13/04/2025;0.413462;0;0
E01;Eteindre la lumière quand on quitte une pièce. quand on n’en a pas besoin;Electricité;COCCINELLE;Coccinelle rouge;coccinelle9;13/04/2025;0.027408;0;0
C03;Acheter des fruits ou légumes de saison;Courses;COCCINELLE;Coccinelle rouge;coccinelle3;14/04/2025;6.932;0;0
D15;Economiser les mouchoirs en papier. l'essuie-tout et le papier toilette;Déchets;COCCINELLE;Coccinelle rouge;coccinelle3;14/04/2025;0.009591;0;0.8
D08;Utiliser les bacs de tri;Déchets;COCCINELLE;Coccinelle rouge;coccinelle3;14/04/2025;0.866962;0;0
D06;Prendre soin de ses affaires pour les faire durer plus longtemps (reboucher les feutres… ne pas casser. ne pas lancer…);Déchets;COCCINELLE;Coccinelle rouge;coccinelle3;14/04/2025;0.017374;0;0.183462
D03;Ne pas jeter de déchets dans la nature (chewing-gums. sacs. canettes. bouteilles…);Déchets;COCCINELLE;Coccinelle rouge;coccinelle3;14/04/2025;0.424875;0;4.486538
D01;Limiter l'utilisation du papier : Utiliser les feuilles des 2 côtés / faire du brouillon / Utiliser l'ardoise pour chercher / Prendre du papier recyclé…;Déchets;COCCINELLE;Coccinelle rouge;coccinelle3;14/04/2025;0.009641;0;0.8
B01;Ne pas cueillir de plante dans la nature;Biodiversité;COCCINELLE;Coccinelle rouge;coccinelle3;14/04/2025;0;0;0
W04;Tirer la petite chasse d’eau quand on fait pipi;Eau;COCCINELLE;Coccinelle rouge;coccinelle3;14/04/2025;0.006501;16.5;0
W02;Couper l’eau quand on se brosse les dents : mettre de l’eau dans un verre pour se rincer;Eau;COCCINELLE;Coccinelle rouge;coccinelle3;14/04/2025;0.05;28;0
W01;Prendre des douches rapides;Eau;COCCINELLE;Coccinelle rouge;coccinelle3;14/04/2025;0.25;224;0
T06;Couper le moteur de la voiture quand elle ne roule pas;Transport;COCCINELLE;Coccinelle rouge;coccinelle3;14/04/2025;1.518;0;0
E04;Eteindre les écrans (ordinateur. télévision. …) pour diminuer la consommation d’électricité;Electricité;COCCINELLE;Coccinelle rouge;coccinelle3;14/04/2025;0.15988;0;1
E11;Couvrir les casseroles lorsqu’on fait bouillir de l’eau ou pour cuire…;Electricité;COCCINELLE;Coccinelle rouge;coccinelle3;14/04/2025;0.00293;0;0
E08;Eteindre le chauffage lorsqu’on aère une pièce;Electricité;COCCINELLE;Coccinelle rouge;coccinelle3;14/04/2025;0.000173;0;0
D06;Prendre soin de ses affaires pour les faire durer plus longtemps (reboucher les feutres… ne pas casser. ne pas lancer…);Déchets;COCCINELLE;Coccinelle rouge;coccinelle1;14/04/2025;0.017374;0;0.183462
D02;Tout manger ce qu’il y a dans nos assiettes (cantine/maison);Déchets;COCCINELLE;Coccinelle rouge;coccinelle1;14/04/2025;2.453511;0;1.390385
E10;Faire sécher son linge à l'air libre au lieu d'utiliser le sèche linge chaque fois qu'on peut;Electricité;COCCINELLE;Coccinelle rouge;coccinelle1;14/04/2025;0.413462;0;0
E10;Faire sécher son linge à l'air libre au lieu d'utiliser le sèche linge chaque fois qu'on peut;Electricité;COCCINELLE;Coccinelle rouge;coccinelle1;20/04/2025;0.413462;0;0
D10;Ne pas acheter de bouteilles en plastique : boire à la gourde;Déchets;COCCINELLE;Coccinelle rouge;coccinelle3;18/05/2025;0.54243;0;0.21
D08;Utiliser les bacs de tri;Déchets;COCCINELLE;Coccinelle rouge;coccinelle3;18/05/2025;0.866962;0;0
D06;Prendre soin de ses affaires pour les faire durer plus longtemps (reboucher les feutres… ne pas casser. ne pas lancer…);Déchets;COCCINELLE;Coccinelle rouge;coccinelle3;18/05/2025;0.017374;0;0.183462
D02;Tout manger ce qu’il y a dans nos assiettes (cantine/maison);Déchets;COCCINELLE;Coccinelle rouge;coccinelle3;18/05/2025;2.453511;0;1.390385
B02;Ne pas tuer les araignées. les insectes (les mettre dehors…);Biodiversité;COCCINELLE;Coccinelle rouge;coccinelle3;18/05/2025;0;0;0
W07;Vider le reste de sa gourde dans les plantes;Eau;COCCINELLE;Coccinelle rouge;coccinelle3;18/05/2025;0;0.000013;0
W04;Tirer la petite chasse d’eau quand on fait pipi;Eau;COCCINELLE;Coccinelle rouge;coccinelle3;18/05/2025;0.006501;16.5;0
W03;Ne pas faire couler l’eau trop longtemps quand on se lave les mains;Eau;COCCINELLE;Coccinelle rouge;coccinelle3;18/05/2025;0.004964;12.6;0
W02;Couper l’eau quand on se brosse les dents : mettre de l’eau dans un verre pour se rincer;Eau;COCCINELLE;Coccinelle rouge;coccinelle3;18/05/2025;0.05;28;0
W01;Prendre des douches rapides;Eau;COCCINELLE;Coccinelle rouge;coccinelle3;18/05/2025;0.25;224;0
T06;Couper le moteur de la voiture quand elle ne roule pas;Transport;COCCINELLE;Coccinelle rouge;coccinelle3;18/05/2025;1.518;0;0
T04;Faire du covoiturage;Transport;COCCINELLE;Coccinelle rouge;coccinelle3;18/05/2025;0.506;0;0
E04;Eteindre les écrans (ordinateur. télévision. …) pour diminuer la consommation d’électricité;Electricité;COCCINELLE;Coccinelle rouge;coccinelle3;18/05/2025;0.15988;0;1
E11;Couvrir les casseroles lorsqu’on fait bouillir de l’eau ou pour cuire…;Electricité;COCCINELLE;Coccinelle rouge;coccinelle3;18/05/2025;0.00293;0;0
E08;Eteindre le chauffage lorsqu’on aère une pièce;Electricité;COCCINELLE;Coccinelle rouge;coccinelle3;18/05/2025;0.000173;0;0
B04;Faire un jardin potager;Biodiversité;COCCINELLE;Coccinelle rouge;coccinelle1;18/05/2025;4.48;0;0
E05;Préférer les ampoules à basse consommation;Electricité;COCCINELLE;Coccinelle rouge;coccinelle3;18/05/2025;0.072803;0;0
E02;Ouvrir les volets et ne pas allumer la lumière quand il fait jour dehors. ou éteindre lorsque la lumière extérieure le permet;Electricité;COCCINELLE;Coccinelle rouge;coccinelle3;18/05/2025;0.027408;0;0
E10;Faire sécher son linge à l'air libre au lieu d'utiliser le sèche linge chaque fois qu'on peut;Electricité;COCCINELLE;Coccinelle rouge;coccinelle3;18/05/2025;0.413462;0;0
E01;Eteindre la lumière quand on quitte une pièce. quand on n’en a pas besoin;Electricité;COCCINELLE;Coccinelle rouge;coccinelle3;18/05/2025;0.027408;0;0
C06;Faire ses repas, gouter, compotes sois même plutôt que d’acheter des plats préparés;Courses;COCCINELLE;Coccinelle rouge;coccinelle11;21/05/2025;1.260407;0;0.180058
W02;Utiliser une seule dose de savon;Courses;COCCINELLE;Coccinelle rouge;coccinelle11;21/05/2025;0.05;28;0
D15;Economiser les mouchoirs en papier. l'essuie-tout et le papier toilette;Déchets;COCCINELLE;Coccinelle rouge;coccinelle11;21/05/2025;0.009591;0;0.8
D09;Faire du compost avec les déchets végétaux ou donner les restes alimentaires aux poules…;Déchets;COCCINELLE;Coccinelle rouge;coccinelle11;21/05/2025;0.0623;0;1.75
D07;Vendre ou donner les vêtements. les objets. les jouets dont on ne veut plus (trop petits…);Déchets;COCCINELLE;Coccinelle rouge;coccinelle11;21/05/2025;0.017374;2500;0
D03;Ne pas jeter de déchets dans la nature (chewing-gums. sacs. canettes. bouteilles…);Déchets;COCCINELLE;Coccinelle rouge;coccinelle11;21/05/2025;0.424875;0;4.486538
B04;Faire un jardin potager;Biodiversité;COCCINELLE;Coccinelle rouge;coccinelle11;21/05/2025;4.48;0;0
B02;Ne pas tuer les araignées. les insectes (les mettre dehors…);Biodiversité;COCCINELLE;Coccinelle rouge;coccinelle11;21/05/2025;0;0;0
W07;Vider le reste de sa gourde dans les plantes;Eau;COCCINELLE;Coccinelle rouge;coccinelle11;21/05/2025;0;0.000013;0
W03;Ne pas faire couler l’eau trop longtemps quand on se lave les mains;Eau;COCCINELLE;Coccinelle rouge;coccinelle11;21/05/2025;0.004964;12.6;0
W05;Prendre une douche plutôt qu’un bain;Eau;COCCINELLE;Coccinelle rouge;coccinelle11;21/05/2025;0.140658;357;0
C03;Acheter des fruits ou légumes de saison;Courses;COCCINELLE;Coccinelle rouge;coccinelle1;16/04/2025;6.932;0;0
D09;Faire du compost avec les déchets végétaux ou donner les restes alimentaires aux poules…;Déchets;COCCINELLE;Coccinelle rouge;coccinelle1;16/04/2025;0.0623;0;1.75
B03;Donner à manger aux oiseaux dans son jardin ou sur son balcon;Biodiversité;COCCINELLE;Coccinelle rouge;coccinelle1;16/04/2025;0;0;0
C06;Faire ses repas, gouter, compotes sois même plutôt que d’acheter des plats préparés;Courses;COCCINELLE;Coccinelle rouge;coccinelle9;16/04/2025;1.260407;0;0.180058
W02;Utiliser une seule dose de savon;Courses;COCCINELLE;Coccinelle rouge;coccinelle9;16/04/2025;0.05;28;0
D10;Ne pas acheter de bouteilles en plastique : boire à la gourde;Déchets;COCCINELLE;Coccinelle rouge;coccinelle9;16/04/2025;0.54243;0;0.21
D07;Vendre ou donner les vêtements. les objets. les jouets dont on ne veut plus (trop petits…);Déchets;COCCINELLE;Coccinelle rouge;coccinelle9;16/04/2025;0.017374;2500;0
D04;Ramasser les papiers et les déchets par terre pour les mettre à la poubelle;Déchets;COCCINELLE;Coccinelle rouge;coccinelle9;16/04/2025;0.00947;0;0.1
D02;Tout manger ce qu’il y a dans nos assiettes (cantine/maison);Déchets;COCCINELLE;Coccinelle rouge;coccinelle9;16/04/2025;2.453511;0;1.390385
B02;Ne pas tuer les araignées. les insectes (les mettre dehors…);Biodiversité;COCCINELLE;Coccinelle rouge;coccinelle9;16/04/2025;0;0;0
W04;Tirer la petite chasse d’eau quand on fait pipi;Eau;COCCINELLE;Coccinelle rouge;coccinelle9;16/04/2025;0.006501;16.5;0
W02;Couper l’eau quand on se brosse les dents : mettre de l’eau dans un verre pour se rincer;Eau;COCCINELLE;Coccinelle rouge;coccinelle9;16/04/2025;0.05;28;0
W01;Prendre des douches rapides;Eau;COCCINELLE;Coccinelle rouge;coccinelle9;16/04/2025;0.25;224;0
T03;Préférer la marche ou le vélo plutôt que la voiture;Transport;COCCINELLE;Coccinelle rouge;coccinelle11;21/05/2025;0.506;0;0
T04;Faire du covoiturage;Transport;COCCINELLE;Coccinelle rouge;coccinelle11;21/05/2025;0.506;0;0
E05;Préférer les ampoules à basse consommation;Electricité;COCCINELLE;Coccinelle rouge;coccinelle11;21/05/2025;0.072803;0;0
E02;Ouvrir les volets et ne pas allumer la lumière quand il fait jour dehors. ou éteindre lorsque la lumière extérieure le permet;Electricité;COCCINELLE;Coccinelle rouge;coccinelle11;21/05/2025;0.027408;0;0
E10;Faire sécher son linge à l'air libre au lieu d'utiliser le sèche linge chaque fois qu'on peut;Electricité;COCCINELLE;Coccinelle rouge;coccinelle11;21/05/2025;0.413462;0;0
E01;Eteindre la lumière quand on quitte une pièce. quand on n’en a pas besoin;Electricité;COCCINELLE;Coccinelle rouge;coccinelle11;21/05/2025;0.027408;0;0
C06;Faire ses repas, gouter, compotes sois même plutôt que d’acheter des plats préparés;Courses;COCCINELLE;Coccinelle rouge;coccinelle1;22/05/2025;1.260407;0;0.180058
W02;Utiliser une seule dose de savon;Courses;COCCINELLE;Coccinelle rouge;coccinelle1;22/05/2025;0.05;28;0
D15;Economiser les mouchoirs en papier. l'essuie-tout et le papier toilette;Déchets;COCCINELLE;Coccinelle rouge;coccinelle1;22/05/2025;0.009591;0;0.8
D08;Utiliser les bacs de tri;Déchets;COCCINELLE;Coccinelle rouge;coccinelle1;22/05/2025;0.866962;0;0
D04;Ramasser les papiers et les déchets par terre pour les mettre à la poubelle;Déchets;COCCINELLE;Coccinelle rouge;coccinelle1;22/05/2025;0.00947;0;0.1
D02;Tout manger ce qu’il y a dans nos assiettes (cantine/maison);Déchets;COCCINELLE;Coccinelle rouge;coccinelle1;22/05/2025;2.453511;0;1.390385
B04;Faire un jardin potager;Biodiversité;COCCINELLE;Coccinelle rouge;coccinelle1;22/05/2025;4.48;0;0
B01;Ne pas cueillir de plante dans la nature;Biodiversité;COCCINELLE;Coccinelle rouge;coccinelle1;22/05/2025;0;0;0
W04;Tirer la petite chasse d’eau quand on fait pipi;Eau;COCCINELLE;Coccinelle rouge;coccinelle1;22/05/2025;0.006501;16.5;0
W02;Couper l’eau quand on se brosse les dents : mettre de l’eau dans un verre pour se rincer;Eau;COCCINELLE;Coccinelle rouge;coccinelle1;22/05/2025;0.05;28;0
W01;Prendre des douches rapides;Eau;COCCINELLE;Coccinelle rouge;coccinelle1;22/05/2025;0.25;224;0
T06;Couper le moteur de la voiture quand elle ne roule pas;Transport;COCCINELLE;Coccinelle rouge;coccinelle1;22/05/2025;1.518;0;0
E02;Ouvrir les volets et ne pas allumer la lumière quand il fait jour dehors. ou éteindre lorsque la lumière extérieure le permet;Electricité;COCCINELLE;Coccinelle rouge;coccinelle1;22/05/2025;0.027408;0;0
E10;Faire sécher son linge à l'air libre au lieu d'utiliser le sèche linge chaque fois qu'on peut;Electricité;COCCINELLE;Coccinelle rouge;coccinelle1;22/05/2025;0.413462;0;0
C06;Faire ses repas, gouter, compotes sois même plutôt que d’acheter des plats préparés;Courses;COCCINELLE;Coccinelle rouge;coccinelle1;25/04/2025;1.260407;0;0.180058
W02;Utiliser une seule dose de savon;Courses;COCCINELLE;Coccinelle rouge;coccinelle1;25/04/2025;0.05;28;0
D15;Economiser les mouchoirs en papier. l'essuie-tout et le papier toilette;Déchets;COCCINELLE;Coccinelle rouge;coccinelle1;25/04/2025;0.009591;0;0.8
D08;Utiliser les bacs de tri;Déchets;COCCINELLE;Coccinelle rouge;coccinelle1;25/04/2025;0.866962;0;0
D04;Ramasser les papiers et les déchets par terre pour les mettre à la poubelle;Déchets;COCCINELLE;Coccinelle rouge;coccinelle1;25/04/2025;0.00947;0;0.1
D02;Tout manger ce qu’il y a dans nos assiettes (cantine/maison);Déchets;COCCINELLE;Coccinelle rouge;coccinelle1;25/04/2025;2.453511;0;1.390385
B03;Donner à manger aux oiseaux dans son jardin ou sur son balcon;Biodiversité;COCCINELLE;Coccinelle rouge;coccinelle1;25/04/2025;0;0;0
C03;Acheter des fruits ou légumes de saison;Courses;COCCINELLE;Coccinelle rouge;coccinelle1;25/04/2025;6.932;0;0
D11;Acheter des produits en vrac. éviter les emballages individuels…;Déchets;COCCINELLE;Coccinelle rouge;coccinelle1;25/04/2025;0.38;0;0.67
D09;Faire du compost avec les déchets végétaux ou donner les restes alimentaires aux poules…;Déchets;COCCINELLE;Coccinelle rouge;coccinelle1;25/04/2025;0.0623;0;1.75
D06;Prendre soin de ses affaires pour les faire durer plus longtemps (reboucher les feutres… ne pas casser. ne pas lancer…);Déchets;COCCINELLE;Coccinelle rouge;coccinelle1;25/04/2025;0.017374;0;0.183462
D03;Ne pas jeter de déchets dans la nature (chewing-gums. sacs. canettes. bouteilles…);Déchets;COCCINELLE;Coccinelle rouge;coccinelle1;25/04/2025;0.424875;0;4.486538
D01;Limiter l'utilisation du papier : Utiliser les feuilles des 2 côtés / faire du brouillon / Utiliser l'ardoise pour chercher / Prendre du papier recyclé…;Déchets;COCCINELLE;Coccinelle rouge;coccinelle1;25/04/2025;0.009641;0;0.8
B02;Ne pas tuer les araignées. les insectes (les mettre dehors…);Biodiversité;COCCINELLE;Coccinelle rouge;coccinelle1;25/04/2025;0;0;0
W04;Tirer la petite chasse d’eau quand on fait pipi;Eau;COCCINELLE;Coccinelle rouge;coccinelle1;25/04/2025;0.006501;16.5;0
W05;Prendre une douche plutôt qu’un bain;Eau;COCCINELLE;Coccinelle rouge;coccinelle1;25/04/2025;0.140658;357;0
T03;Préférer la marche ou le vélo plutôt que la voiture;Transport;COCCINELLE;Coccinelle rouge;coccinelle1;25/04/2025;0.506;0;0
E04;Eteindre les écrans (ordinateur. télévision. …) pour diminuer la consommation d’électricité;Electricité;COCCINELLE;Coccinelle rouge;coccinelle1;25/04/2025;0.15988;0;1
E11;Couvrir les casseroles lorsqu’on fait bouillir de l’eau ou pour cuire…;Electricité;COCCINELLE;Coccinelle rouge;coccinelle1;25/04/2025;0.00293;0;0
E08;Eteindre le chauffage lorsqu’on aère une pièce;Electricité;COCCINELLE;Coccinelle rouge;coccinelle1;25/04/2025;0.000173;0;0
C03;Acheter des fruits ou légumes de saison;Courses;COCCINELLE;Coccinelle rouge;coccinelle1;01/05/2025;6.932;0;0
D15;Economiser les mouchoirs en papier. l'essuie-tout et le papier toilette;Déchets;COCCINELLE;Coccinelle rouge;coccinelle1;01/05/2025;0.009591;0;0.8
D08;Utiliser les bacs de tri;Déchets;COCCINELLE;Coccinelle rouge;coccinelle1;01/05/2025;0.866962;0;0
D04;Ramasser les papiers et les déchets par terre pour les mettre à la poubelle;Déchets;COCCINELLE;Coccinelle rouge;coccinelle1;01/05/2025;0.00947;0;0.1
D02;Tout manger ce qu’il y a dans nos assiettes (cantine/maison);Déchets;COCCINELLE;Coccinelle rouge;coccinelle1;01/05/2025;2.453511;0;1.390385
B03;Donner à manger aux oiseaux dans son jardin ou sur son balcon;Biodiversité;COCCINELLE;Coccinelle rouge;coccinelle1;01/05/2025;0;0;0
B01;Ne pas cueillir de plante dans la nature;Biodiversité;COCCINELLE;Coccinelle rouge;coccinelle1;01/05/2025;0;0;0
W03;Ne pas faire couler l’eau trop longtemps quand on se lave les mains;Eau;COCCINELLE;Coccinelle rouge;coccinelle1;01/05/2025;0.004964;12.6;0
W05;Prendre une douche plutôt qu’un bain;Eau;COCCINELLE;Coccinelle rouge;coccinelle1;01/05/2025;0.140658;357;0
T03;Préférer la marche ou le vélo plutôt que la voiture;Transport;COCCINELLE;Coccinelle rouge;coccinelle1;01/05/2025;0.506;0;0
E04;Eteindre les écrans (ordinateur. télévision. …) pour diminuer la consommation d’électricité;Electricité;COCCINELLE;Coccinelle rouge;coccinelle1;01/05/2025;0.15988;0;1
E11;Couvrir les casseroles lorsqu’on fait bouillir de l’eau ou pour cuire…;Electricité;COCCINELLE;Coccinelle rouge;coccinelle1;01/05/2025;0.00293;0;0
E08;Eteindre le chauffage lorsqu’on aère une pièce;Electricité;COCCINELLE;Coccinelle rouge;coccinelle1;01/05/2025;0.000173;0;0
D10;Ne pas acheter de bouteilles en plastique : boire à la gourde;Déchets;COCCINELLE;Coccinelle rouge;coccinelle1;03/05/2025;0.54243;0;0.21
B01;Ne pas cueillir de plante dans la nature;Biodiversité;COCCINELLE;Coccinelle rouge;coccinelle1;25/04/2025;0;0;0
W03;Ne pas faire couler l’eau trop longtemps quand on se lave les mains;Eau;COCCINELLE;Coccinelle rouge;coccinelle1;25/04/2025;0.004964;12.6;0
W01;Prendre des douches rapides;Eau;COCCINELLE;Coccinelle rouge;coccinelle1;25/04/2025;0.25;224;0
T06;Couper le moteur de la voiture quand elle ne roule pas;Transport;COCCINELLE;Coccinelle rouge;coccinelle1;25/04/2025;1.518;0;0
E02;Ouvrir les volets et ne pas allumer la lumière quand il fait jour dehors. ou éteindre lorsque la lumière extérieure le permet;Electricité;COCCINELLE;Coccinelle rouge;coccinelle1;25/04/2025;0.027408;0;0
E10;Faire sécher son linge à l'air libre au lieu d'utiliser le sèche linge chaque fois qu'on peut;Electricité;COCCINELLE;Coccinelle rouge;coccinelle1;25/04/2025;0.413462;0;0
E01;Eteindre la lumière quand on quitte une pièce. quand on n’en a pas besoin;Electricité;COCCINELLE;Coccinelle rouge;coccinelle1;25/04/2025;0.027408;0;0
C06;Faire ses repas, gouter, compotes sois même plutôt que d’acheter des plats préparés;Courses;COCCINELLE;Coccinelle rouge;coccinelle1;01/05/2025;1.260407;0;0.180058
W02;Utiliser une seule dose de savon;Courses;COCCINELLE;Coccinelle rouge;coccinelle1;01/05/2025;0.05;28;0
D09;Faire du compost avec les déchets végétaux ou donner les restes alimentaires aux poules…;Déchets;COCCINELLE;Coccinelle rouge;coccinelle1;01/05/2025;0.0623;0;1.75
D06;Prendre soin de ses affaires pour les faire durer plus longtemps (reboucher les feutres… ne pas casser. ne pas lancer…);Déchets;COCCINELLE;Coccinelle rouge;coccinelle1;01/05/2025;0.017374;0;0.183462
D03;Ne pas jeter de déchets dans la nature (chewing-gums. sacs. canettes. bouteilles…);Déchets;COCCINELLE;Coccinelle rouge;coccinelle1;01/05/2025;0.424875;0;4.486538
D01;Limiter l'utilisation du papier : Utiliser les feuilles des 2 côtés / faire du brouillon / Utiliser l'ardoise pour chercher / Prendre du papier recyclé…;Déchets;COCCINELLE;Coccinelle rouge;coccinelle1;01/05/2025;0.009641;0;0.8
B02;Ne pas tuer les araignées. les insectes (les mettre dehors…);Biodiversité;COCCINELLE;Coccinelle rouge;coccinelle1;01/05/2025;0;0;0
W04;Tirer la petite chasse d’eau quand on fait pipi;Eau;COCCINELLE;Coccinelle rouge;coccinelle1;01/05/2025;0.006501;16.5;0
W02;Couper l’eau quand on se brosse les dents : mettre de l’eau dans un verre pour se rincer;Eau;COCCINELLE;Coccinelle rouge;coccinelle1;01/05/2025;0.05;28;0
W01;Prendre des douches rapides;Eau;COCCINELLE;Coccinelle rouge;coccinelle1;01/05/2025;0.25;224;0
T06;Couper le moteur de la voiture quand elle ne roule pas;Transport;COCCINELLE;Coccinelle rouge;coccinelle1;01/05/2025;1.518;0;0
E02;Ouvrir les volets et ne pas allumer la lumière quand il fait jour dehors. ou éteindre lorsque la lumière extérieure le permet;Electricité;COCCINELLE;Coccinelle rouge;coccinelle1;01/05/2025;0.027408;0;0
E10;Faire sécher son linge à l'air libre au lieu d'utiliser le sèche linge chaque fois qu'on peut;Electricité;COCCINELLE;Coccinelle rouge;coccinelle1;01/05/2025;0.413462;0;0
E01;Eteindre la lumière quand on quitte une pièce. quand on n’en a pas besoin;Electricité;COCCINELLE;Coccinelle rouge;coccinelle1;01/05/2025;0.027408;0;0
W02;Couper l’eau quand on se brosse les dents : mettre de l’eau dans un verre pour se rincer;Eau;COCCINELLE;Coccinelle rouge;coccinelle1;26/04/2025;0.05;28;0
C03;Acheter des fruits ou légumes de saison;Courses;COCCINELLE;Coccinelle rouge;coccinelle11;28/04/2025;6.932;0;0
W02;Utiliser une seule dose de savon;Courses;COCCINELLE;Coccinelle rouge;coccinelle11;28/04/2025;0.05;28;0
D15;Economiser les mouchoirs en papier. l'essuie-tout et le papier toilette;Déchets;COCCINELLE;Coccinelle rouge;coccinelle11;28/04/2025;0.009591;0;0.8
D10;Ne pas acheter de bouteilles en plastique : boire à la gourde;Déchets;COCCINELLE;Coccinelle rouge;coccinelle11;28/04/2025;0.54243;0;0.21
D09;Faire du compost avec les déchets végétaux ou donner les restes alimentaires aux poules…;Déchets;COCCINELLE;Coccinelle rouge;coccinelle11;28/04/2025;0.0623;0;1.75
D08;Utiliser les bacs de tri;Déchets;COCCINELLE;Coccinelle rouge;coccinelle11;28/04/2025;0.866962;0;0
D07;Vendre ou donner les vêtements. les objets. les jouets dont on ne veut plus (trop petits…);Déchets;COCCINELLE;Coccinelle rouge;coccinelle11;28/04/2025;0.017374;2500;0
D04;Ramasser les papiers et les déchets par terre pour les mettre à la poubelle;Déchets;COCCINELLE;Coccinelle rouge;coccinelle11;28/04/2025;0.00947;0;0.1
D03;Ne pas jeter de déchets dans la nature (chewing-gums. sacs. canettes. bouteilles…);Déchets;COCCINELLE;Coccinelle rouge;coccinelle11;28/04/2025;0.424875;0;4.486538
D01;Limiter l'utilisation du papier : Utiliser les feuilles des 2 côtés / faire du brouillon / Utiliser l'ardoise pour chercher / Prendre du papier recyclé…;Déchets;COCCINELLE;Coccinelle rouge;coccinelle11;28/04/2025;0.009641;0;0.8
B04;Faire un jardin potager;Biodiversité;COCCINELLE;Coccinelle rouge;coccinelle11;28/04/2025;4.48;0;0
B03;Donner à manger aux oiseaux dans son jardin ou sur son balcon;Biodiversité;COCCINELLE;Coccinelle rouge;coccinelle11;28/04/2025;0;0;0
B02;Ne pas tuer les araignées. les insectes (les mettre dehors…);Biodiversité;COCCINELLE;Coccinelle rouge;coccinelle11;28/04/2025;0;0;0
B01;Ne pas cueillir de plante dans la nature;Biodiversité;COCCINELLE;Coccinelle rouge;coccinelle11;28/04/2025;0;0;0
W07;Vider le reste de sa gourde dans les plantes;Eau;COCCINELLE;Coccinelle rouge;coccinelle11;28/04/2025;0;0.000013;0
W04;Tirer la petite chasse d’eau quand on fait pipi;Eau;COCCINELLE;Coccinelle rouge;coccinelle11;28/04/2025;0.006501;16.5;0
W03;Ne pas faire couler l’eau trop longtemps quand on se lave les mains;Eau;COCCINELLE;Coccinelle rouge;coccinelle11;28/04/2025;0.004964;12.6;0
W02;Couper l’eau quand on se brosse les dents : mettre de l’eau dans un verre pour se rincer;Eau;COCCINELLE;Coccinelle rouge;coccinelle11;28/04/2025;0.05;28;0
W05;Prendre une douche plutôt qu’un bain;Eau;COCCINELLE;Coccinelle rouge;coccinelle11;28/04/2025;0.140658;357;0
T03;Préférer la marche ou le vélo plutôt que la voiture;Transport;COCCINELLE;Coccinelle rouge;coccinelle11;28/04/2025;0.506;0;0
T06;Couper le moteur de la voiture quand elle ne roule pas;Transport;COCCINELLE;Coccinelle rouge;coccinelle11;28/04/2025;1.518;0;0
T04;Faire du covoiturage;Transport;COCCINELLE;Coccinelle rouge;coccinelle11;28/04/2025;0.506;0;0
E06;Préférer les piles rechargeables;Electricité;COCCINELLE;Coccinelle rouge;coccinelle11;28/04/2025;0.097538;0;0
E05;Préférer les ampoules à basse consommation;Electricité;COCCINELLE;Coccinelle rouge;coccinelle11;28/04/2025;0.072803;0;0
E04;Eteindre les écrans (ordinateur. télévision. …) pour diminuer la consommation d’électricité;Electricité;COCCINELLE;Coccinelle rouge;coccinelle11;28/04/2025;0.15988;0;1
E02;Ouvrir les volets et ne pas allumer la lumière quand il fait jour dehors. ou éteindre lorsque la lumière extérieure le permet;Electricité;COCCINELLE;Coccinelle rouge;coccinelle11;28/04/2025;0.027408;0;0
E11;Couvrir les casseroles lorsqu’on fait bouillir de l’eau ou pour cuire…;Electricité;COCCINELLE;Coccinelle rouge;coccinelle11;28/04/2025;0.00293;0;0
E10;Faire sécher son linge à l'air libre au lieu d'utiliser le sèche linge chaque fois qu'on peut;Electricité;COCCINELLE;Coccinelle rouge;coccinelle11;28/04/2025;0.413462;0;0
E08;Eteindre le chauffage lorsqu’on aère une pièce;Electricité;COCCINELLE;Coccinelle rouge;coccinelle11;28/04/2025;0.000173;0;0
E01;Eteindre la lumière quand on quitte une pièce. quand on n’en a pas besoin;Electricité;COCCINELLE;Coccinelle rouge;coccinelle11;28/04/2025;0.027408;0;0
C06;Faire ses repas, gouter, compotes sois même plutôt que d’acheter des plats préparés;Courses;COCCINELLE;Coccinelle rouge;coccinelle3;05/05/2025;1.260407;0;0.180058
W02;Utiliser une seule dose de savon;Courses;COCCINELLE;Coccinelle rouge;coccinelle3;05/05/2025;0.05;28;0
D10;Ne pas acheter de bouteilles en plastique : boire à la gourde;Déchets;COCCINELLE;Coccinelle rouge;coccinelle3;05/05/2025;0.54243;0;0.21
D06;Prendre soin de ses affaires pour les faire durer plus longtemps (reboucher les feutres… ne pas casser. ne pas lancer…);Déchets;COCCINELLE;Coccinelle rouge;coccinelle3;05/05/2025;0.017374;0;0.183462
D02;Tout manger ce qu’il y a dans nos assiettes (cantine/maison);Déchets;COCCINELLE;Coccinelle rouge;coccinelle3;05/05/2025;2.453511;0;1.390385
B01;Ne pas cueillir de plante dans la nature;Biodiversité;COCCINELLE;Coccinelle rouge;coccinelle3;05/05/2025;0;0;0
W07;Vider le reste de sa gourde dans les plantes;Eau;COCCINELLE;Coccinelle rouge;coccinelle3;05/05/2025;0;0.000013;0
W03;Ne pas faire couler l’eau trop longtemps quand on se lave les mains;Eau;COCCINELLE;Coccinelle rouge;coccinelle3;05/05/2025;0.004964;12.6;0
W05;Prendre une douche plutôt qu’un bain;Eau;COCCINELLE;Coccinelle rouge;coccinelle3;05/05/2025;0.140658;357;0
T06;Couper le moteur de la voiture quand elle ne roule pas;Transport;COCCINELLE;Coccinelle rouge;coccinelle3;05/05/2025;1.518;0;0
E05;Préférer les ampoules à basse consommation;Electricité;COCCINELLE;Coccinelle rouge;coccinelle3;05/05/2025;0.072803;0;0
E02;Ouvrir les volets et ne pas allumer la lumière quand il fait jour dehors. ou éteindre lorsque la lumière extérieure le permet;Electricité;COCCINELLE;Coccinelle rouge;coccinelle3;05/05/2025;0.027408;0;0
E10;Faire sécher son linge à l'air libre au lieu d'utiliser le sèche linge chaque fois qu'on peut;Electricité;COCCINELLE;Coccinelle rouge;coccinelle3;05/05/2025;0.413462;0;0
E01;Eteindre la lumière quand on quitte une pièce. quand on n’en a pas besoin;Electricité;COCCINELLE;Coccinelle rouge;coccinelle3;05/05/2025;0.027408;0;0
W07;Vider le reste de sa gourde dans les plantes;Eau;COCCINELLE;Coccinelle rouge;coccinelle1;05/05/2025;0;0.000013;0
C03;Acheter des fruits ou légumes de saison;Courses;COCCINELLE;Coccinelle rouge;coccinelle3;05/05/2025;6.932;0;0
D15;Economiser les mouchoirs en papier. l'essuie-tout et le papier toilette;Déchets;COCCINELLE;Coccinelle rouge;coccinelle3;05/05/2025;0.009591;0;0.8
D08;Utiliser les bacs de tri;Déchets;COCCINELLE;Coccinelle rouge;coccinelle3;05/05/2025;0.866962;0;0
D03;Ne pas jeter de déchets dans la nature (chewing-gums. sacs. canettes. bouteilles…);Déchets;COCCINELLE;Coccinelle rouge;coccinelle3;05/05/2025;0.424875;0;4.486538
D01;Limiter l'utilisation du papier : Utiliser les feuilles des 2 côtés / faire du brouillon / Utiliser l'ardoise pour chercher / Prendre du papier recyclé…;Déchets;COCCINELLE;Coccinelle rouge;coccinelle3;05/05/2025;0.009641;0;0.8
B02;Ne pas tuer les araignées. les insectes (les mettre dehors…);Biodiversité;COCCINELLE;Coccinelle rouge;coccinelle3;05/05/2025;0;0;0
W04;Tirer la petite chasse d’eau quand on fait pipi;Eau;COCCINELLE;Coccinelle rouge;coccinelle3;05/05/2025;0.006501;16.5;0
W02;Couper l’eau quand on se brosse les dents : mettre de l’eau dans un verre pour se rincer;Eau;COCCINELLE;Coccinelle rouge;coccinelle3;05/05/2025;0.05;28;0
W01;Prendre des douches rapides;Eau;COCCINELLE;Coccinelle rouge;coccinelle3;05/05/2025;0.25;224;0
T04;Faire du covoiturage;Transport;COCCINELLE;Coccinelle rouge;coccinelle3;05/05/2025;0.506;0;0
E04;Eteindre les écrans (ordinateur. télévision. …) pour diminuer la consommation d’électricité;Electricité;COCCINELLE;Coccinelle rouge;coccinelle3;05/05/2025;0.15988;0;1
E11;Couvrir les casseroles lorsqu’on fait bouillir de l’eau ou pour cuire…;Electricité;COCCINELLE;Coccinelle rouge;coccinelle3;05/05/2025;0.00293;0;0
E08;Eteindre le chauffage lorsqu’on aère une pièce;Electricité;COCCINELLE;Coccinelle rouge;coccinelle3;05/05/2025;0.000173;0;0
C03;Acheter des fruits ou légumes de saison;Courses;COCCINELLE;Coccinelle rouge;coccinelle2;06/05/2025;6.932;0;0
D15;Economiser les mouchoirs en papier. l'essuie-tout et le papier toilette;Déchets;COCCINELLE;Coccinelle rouge;coccinelle2;06/05/2025;0.009591;0;0.8
D06;Prendre soin de ses affaires pour les faire durer plus longtemps (reboucher les feutres… ne pas casser. ne pas lancer…);Déchets;COCCINELLE;Coccinelle rouge;coccinelle2;06/05/2025;0.017374;0;0.183462
D03;Ne pas jeter de déchets dans la nature (chewing-gums. sacs. canettes. bouteilles…);Déchets;COCCINELLE;Coccinelle rouge;coccinelle2;06/05/2025;0.424875;0;4.486538
B02;Ne pas tuer les araignées. les insectes (les mettre dehors…);Biodiversité;COCCINELLE;Coccinelle rouge;coccinelle2;06/05/2025;0;0;0
W03;Ne pas faire couler l’eau trop longtemps quand on se lave les mains;Eau;COCCINELLE;Coccinelle rouge;coccinelle2;06/05/2025;0.004964;12.6;0
E04;Eteindre les écrans (ordinateur. télévision. …) pour diminuer la consommation d’électricité;Electricité;COCCINELLE;Coccinelle rouge;coccinelle2;06/05/2025;0.15988;0;1
E08;Eteindre le chauffage lorsqu’on aère une pièce;Electricité;COCCINELLE;Coccinelle rouge;coccinelle2;06/05/2025;0.000173;0;0
W02;Utiliser une seule dose de savon;Courses;COCCINELLE;Coccinelle rouge;coccinelle2;06/05/2025;0.05;28;0
D08;Utiliser les bacs de tri;Déchets;COCCINELLE;Coccinelle rouge;coccinelle2;06/05/2025;0.866962;0;0
D04;Ramasser les papiers et les déchets par terre pour les mettre à la poubelle;Déchets;COCCINELLE;Coccinelle rouge;coccinelle2;06/05/2025;0.00947;0;0.1
D02;Tout manger ce qu’il y a dans nos assiettes (cantine/maison);Déchets;COCCINELLE;Coccinelle rouge;coccinelle2;06/05/2025;2.453511;0;1.390385
W04;Tirer la petite chasse d’eau quand on fait pipi;Eau;COCCINELLE;Coccinelle rouge;coccinelle2;06/05/2025;0.006501;16.5;0
W02;Couper l’eau quand on se brosse les dents : mettre de l’eau dans un verre pour se rincer;Eau;COCCINELLE;Coccinelle rouge;coccinelle2;06/05/2025;0.05;28;0
W01;Prendre des douches rapides;Eau;COCCINELLE;Coccinelle rouge;coccinelle2;06/05/2025;0.25;224;0
T03;Préférer la marche ou le vélo plutôt que la voiture;Transport;COCCINELLE;Coccinelle rouge;coccinelle2;06/05/2025;0.506;0;0
E02;Ouvrir les volets et ne pas allumer la lumière quand il fait jour dehors. ou éteindre lorsque la lumière extérieure le permet;Electricité;COCCINELLE;Coccinelle rouge;coccinelle2;06/05/2025;0.027408;0;0
E01;Eteindre la lumière quand on quitte une pièce. quand on n’en a pas besoin;Electricité;COCCINELLE;Coccinelle rouge;coccinelle2;06/05/2025;0.027408;0;0
C06;Faire ses repas, gouter, compotes sois même plutôt que d’acheter des plats préparés;Courses;COCCINELLE;Coccinelle rouge;coccinelle11;07/05/2025;1.260407;0;0.180058
C03;Acheter des fruits ou légumes de saison;Courses;COCCINELLE;Coccinelle rouge;coccinelle11;07/05/2025;6.932;0;0
W02;Utiliser une seule dose de savon;Courses;COCCINELLE;Coccinelle rouge;coccinelle11;07/05/2025;0.05;28;0
D11;Acheter des produits en vrac. éviter les emballages individuels…;Déchets;COCCINELLE;Coccinelle rouge;coccinelle11;07/05/2025;0.38;0;0.67
D15;Economiser les mouchoirs en papier. l'essuie-tout et le papier toilette;Déchets;COCCINELLE;Coccinelle rouge;coccinelle11;07/05/2025;0.009591;0;0.8
D10;Ne pas acheter de bouteilles en plastique : boire à la gourde;Déchets;COCCINELLE;Coccinelle rouge;coccinelle11;07/05/2025;0.54243;0;0.21
D09;Faire du compost avec les déchets végétaux ou donner les restes alimentaires aux poules…;Déchets;COCCINELLE;Coccinelle rouge;coccinelle11;07/05/2025;0.0623;0;1.75
D08;Utiliser les bacs de tri;Déchets;COCCINELLE;Coccinelle rouge;coccinelle11;07/05/2025;0.866962;0;0
D07;Vendre ou donner les vêtements. les objets. les jouets dont on ne veut plus (trop petits…);Déchets;COCCINELLE;Coccinelle rouge;coccinelle11;07/05/2025;0.017374;2500;0
D04;Ramasser les papiers et les déchets par terre pour les mettre à la poubelle;Déchets;COCCINELLE;Coccinelle rouge;coccinelle11;07/05/2025;0.00947;0;0.1
D03;Ne pas jeter de déchets dans la nature (chewing-gums. sacs. canettes. bouteilles…);Déchets;COCCINELLE;Coccinelle rouge;coccinelle11;07/05/2025;0.424875;0;4.486538
D02;Tout manger ce qu’il y a dans nos assiettes (cantine/maison);Déchets;COCCINELLE;Coccinelle rouge;coccinelle11;07/05/2025;2.453511;0;1.390385
D01;Limiter l'utilisation du papier : Utiliser les feuilles des 2 côtés / faire du brouillon / Utiliser l'ardoise pour chercher / Prendre du papier recyclé…;Déchets;COCCINELLE;Coccinelle rouge;coccinelle11;07/05/2025;0.009641;0;0.8
B04;Faire un jardin potager;Biodiversité;COCCINELLE;Coccinelle rouge;coccinelle11;07/05/2025;4.48;0;0
B03;Donner à manger aux oiseaux dans son jardin ou sur son balcon;Biodiversité;COCCINELLE;Coccinelle rouge;coccinelle11;07/05/2025;0;0;0
B02;Ne pas tuer les araignées. les insectes (les mettre dehors…);Biodiversité;COCCINELLE;Coccinelle rouge;coccinelle11;07/05/2025;0;0;0
B01;Ne pas cueillir de plante dans la nature;Biodiversité;COCCINELLE;Coccinelle rouge;coccinelle11;07/05/2025;0;0;0
W07;Vider le reste de sa gourde dans les plantes;Eau;COCCINELLE;Coccinelle rouge;coccinelle11;07/05/2025;0;0.000013;0
W04;Tirer la petite chasse d’eau quand on fait pipi;Eau;COCCINELLE;Coccinelle rouge;coccinelle11;07/05/2025;0.006501;16.5;0
W03;Ne pas faire couler l’eau trop longtemps quand on se lave les mains;Eau;COCCINELLE;Coccinelle rouge;coccinelle11;07/05/2025;0.004964;12.6;0
W02;Couper l’eau quand on se brosse les dents : mettre de l’eau dans un verre pour se rincer;Eau;COCCINELLE;Coccinelle rouge;coccinelle11;07/05/2025;0.05;28;0
W05;Prendre une douche plutôt qu’un bain;Eau;COCCINELLE;Coccinelle rouge;coccinelle11;07/05/2025;0.140658;357;0
T03;Préférer la marche ou le vélo plutôt que la voiture;Transport;COCCINELLE;Coccinelle rouge;coccinelle11;07/05/2025;0.506;0;0
T06;Couper le moteur de la voiture quand elle ne roule pas;Transport;COCCINELLE;Coccinelle rouge;coccinelle11;07/05/2025;1.518;0;0
T04;Faire du covoiturage;Transport;COCCINELLE;Coccinelle rouge;coccinelle11;07/05/2025;0.506;0;0
E06;Préférer les piles rechargeables;Electricité;COCCINELLE;Coccinelle rouge;coccinelle11;07/05/2025;0.097538;0;0
E05;Préférer les ampoules à basse consommation;Electricité;COCCINELLE;Coccinelle rouge;coccinelle11;07/05/2025;0.072803;0;0
E04;Eteindre les écrans (ordinateur. télévision. …) pour diminuer la consommation d’électricité;Electricité;COCCINELLE;Coccinelle rouge;coccinelle11;07/05/2025;0.15988;0;1
E02;Ouvrir les volets et ne pas allumer la lumière quand il fait jour dehors. ou éteindre lorsque la lumière extérieure le permet;Electricité;COCCINELLE;Coccinelle rouge;coccinelle11;07/05/2025;0.027408;0;0
E11;Couvrir les casseroles lorsqu’on fait bouillir de l’eau ou pour cuire…;Electricité;COCCINELLE;Coccinelle rouge;coccinelle11;07/05/2025;0.00293;0;0
E10;Faire sécher son linge à l'air libre au lieu d'utiliser le sèche linge chaque fois qu'on peut;Electricité;COCCINELLE;Coccinelle rouge;coccinelle11;07/05/2025;0.413462;0;0
E08;Eteindre le chauffage lorsqu’on aère une pièce;Electricité;COCCINELLE;Coccinelle rouge;coccinelle11;07/05/2025;0.000173;0;0
E01;Eteindre la lumière quand on quitte une pièce. quand on n’en a pas besoin;Electricité;COCCINELLE;Coccinelle rouge;coccinelle11;07/05/2025;0.027408;0;0
W02;Utiliser une seule dose de savon;Courses;COCCINELLE;Coccinelle rouge;coccinelle1;08/05/2025;0.05;28;0
W04;Tirer la petite chasse d’eau quand on fait pipi;Eau;COCCINELLE;Coccinelle rouge;coccinelle1;08/05/2025;0.006501;16.5;0
D11;Acheter des produits en vrac. éviter les emballages individuels…;Déchets;COCCINELLE;Coccinelle rouge;coccinelle1;10/05/2025;0.38;0;0.67
D09;Faire du compost avec les déchets végétaux ou donner les restes alimentaires aux poules…;Déchets;COCCINELLE;Coccinelle rouge;coccinelle1;10/05/2025;0.0623;0;1.75
D07;Vendre ou donner les vêtements. les objets. les jouets dont on ne veut plus (trop petits…);Déchets;COCCINELLE;Coccinelle rouge;coccinelle1;10/05/2025;0.017374;2500;0
D04;Ramasser les papiers et les déchets par terre pour les mettre à la poubelle;Déchets;COCCINELLE;Coccinelle rouge;coccinelle1;10/05/2025;0.00947;0;0.1
D02;Tout manger ce qu’il y a dans nos assiettes (cantine/maison);Déchets;COCCINELLE;Coccinelle rouge;coccinelle1;10/05/2025;2.453511;0;1.390385
B03;Donner à manger aux oiseaux dans son jardin ou sur son balcon;Biodiversité;COCCINELLE;Coccinelle rouge;coccinelle1;10/05/2025;0;0;0
W07;Vider le reste de sa gourde dans les plantes;Eau;COCCINELLE;Coccinelle rouge;coccinelle1;10/05/2025;0;0.000013;0
W01;Prendre des douches rapides;Eau;COCCINELLE;Coccinelle rouge;coccinelle1;10/05/2025;0.25;224;0
T06;Couper le moteur de la voiture quand elle ne roule pas;Transport;COCCINELLE;Coccinelle rouge;coccinelle1;10/05/2025;1.518;0;0
C06;Faire ses repas, gouter, compotes sois même plutôt que d’acheter des plats préparés;Courses;COCCINELLE;Coccinelle rouge;coccinelle3;11/05/2025;1.260407;0;0.180058
W02;Utiliser une seule dose de savon;Courses;COCCINELLE;Coccinelle rouge;coccinelle3;11/05/2025;0.05;28;0
D10;Ne pas acheter de bouteilles en plastique : boire à la gourde;Déchets;COCCINELLE;Coccinelle rouge;coccinelle3;11/05/2025;0.54243;0;0.21
D07;Vendre ou donner les vêtements. les objets. les jouets dont on ne veut plus (trop petits…);Déchets;COCCINELLE;Coccinelle rouge;coccinelle3;11/05/2025;0.017374;2500;0
D04;Ramasser les papiers et les déchets par terre pour les mettre à la poubelle;Déchets;COCCINELLE;Coccinelle rouge;coccinelle3;11/05/2025;0.00947;0;0.1
D02;Tout manger ce qu’il y a dans nos assiettes (cantine/maison);Déchets;COCCINELLE;Coccinelle rouge;coccinelle3;11/05/2025;2.453511;0;1.390385
B02;Ne pas tuer les araignées. les insectes (les mettre dehors…);Biodiversité;COCCINELLE;Coccinelle rouge;coccinelle3;11/05/2025;0;0;0
W07;Vider le reste de sa gourde dans les plantes;Eau;COCCINELLE;Coccinelle rouge;coccinelle3;11/05/2025;0;0.000013;0
W03;Ne pas faire couler l’eau trop longtemps quand on se lave les mains;Eau;COCCINELLE;Coccinelle rouge;coccinelle3;11/05/2025;0.004964;12.6;0
W05;Prendre une douche plutôt qu’un bain;Eau;COCCINELLE;Coccinelle rouge;coccinelle3;11/05/2025;0.140658;357;0
T06;Couper le moteur de la voiture quand elle ne roule pas;Transport;COCCINELLE;Coccinelle rouge;coccinelle3;11/05/2025;1.518;0;0
E05;Préférer les ampoules à basse consommation;Electricité;COCCINELLE;Coccinelle rouge;coccinelle3;11/05/2025;0.072803;0;0
E02;Ouvrir les volets et ne pas allumer la lumière quand il fait jour dehors. ou éteindre lorsque la lumière extérieure le permet;Electricité;COCCINELLE;Coccinelle rouge;coccinelle3;11/05/2025;0.027408;0;0
E10;Faire sécher son linge à l'air libre au lieu d'utiliser le sèche linge chaque fois qu'on peut;Electricité;COCCINELLE;Coccinelle rouge;coccinelle3;11/05/2025;0.413462;0;0
E01;Eteindre la lumière quand on quitte une pièce. quand on n’en a pas besoin;Electricité;COCCINELLE;Coccinelle rouge;coccinelle3;11/05/2025;0.027408;0;0
C06;Faire ses repas, gouter, compotes sois même plutôt que d’acheter des plats préparés;Courses;COCCINELLE;Coccinelle rouge;coccinelle7;12/05/2025;1.260407;0;0.180058
C03;Acheter des fruits ou légumes de saison;Courses;COCCINELLE;Coccinelle rouge;coccinelle7;12/05/2025;6.932;0;0
D11;Acheter des produits en vrac. éviter les emballages individuels…;Déchets;COCCINELLE;Coccinelle rouge;coccinelle7;12/05/2025;0.38;0;0.67
D10;Ne pas acheter de bouteilles en plastique : boire à la gourde;Déchets;COCCINELLE;Coccinelle rouge;coccinelle7;12/05/2025;0.54243;0;0.21
D08;Utiliser les bacs de tri;Déchets;COCCINELLE;Coccinelle rouge;coccinelle7;12/05/2025;0.866962;0;0
D06;Prendre soin de ses affaires pour les faire durer plus longtemps (reboucher les feutres… ne pas casser. ne pas lancer…);Déchets;COCCINELLE;Coccinelle rouge;coccinelle7;12/05/2025;0.017374;0;0.183462
D03;Ne pas jeter de déchets dans la nature (chewing-gums. sacs. canettes. bouteilles…);Déchets;COCCINELLE;Coccinelle rouge;coccinelle7;12/05/2025;0.424875;0;4.486538
D01;Limiter l'utilisation du papier : Utiliser les feuilles des 2 côtés / faire du brouillon / Utiliser l'ardoise pour chercher / Prendre du papier recyclé…;Déchets;COCCINELLE;Coccinelle rouge;coccinelle7;12/05/2025;0.009641;0;0.8
B03;Donner à manger aux oiseaux dans son jardin ou sur son balcon;Biodiversité;COCCINELLE;Coccinelle rouge;coccinelle7;12/05/2025;0;0;0
B01;Ne pas cueillir de plante dans la nature;Biodiversité;COCCINELLE;Coccinelle rouge;coccinelle7;12/05/2025;0;0;0
W04;Tirer la petite chasse d’eau quand on fait pipi;Eau;COCCINELLE;Coccinelle rouge;coccinelle7;12/05/2025;0.006501;16.5;0
W02;Couper l’eau quand on se brosse les dents : mettre de l’eau dans un verre pour se rincer;Eau;COCCINELLE;Coccinelle rouge;coccinelle7;12/05/2025;0.05;28;0
W01;Prendre des douches rapides;Eau;COCCINELLE;Coccinelle rouge;coccinelle7;12/05/2025;0.25;224;0
T06;Couper le moteur de la voiture quand elle ne roule pas;Transport;COCCINELLE;Coccinelle rouge;coccinelle7;12/05/2025;1.518;0;0
E06;Préférer les piles rechargeables;Electricité;COCCINELLE;Coccinelle rouge;coccinelle7;12/05/2025;0.097538;0;0
E04;Eteindre les écrans (ordinateur. télévision. …) pour diminuer la consommation d’électricité;Electricité;COCCINELLE;Coccinelle rouge;coccinelle7;12/05/2025;0.15988;0;1
E11;Couvrir les casseroles lorsqu’on fait bouillir de l’eau ou pour cuire…;Electricité;COCCINELLE;Coccinelle rouge;coccinelle7;12/05/2025;0.00293;0;0
E08;Eteindre le chauffage lorsqu’on aère une pièce;Electricité;COCCINELLE;Coccinelle rouge;coccinelle7;12/05/2025;0.000173;0;0
C06;Faire ses repas, gouter, compotes sois même plutôt que d’acheter des plats préparés;Courses;COCCINELLE;Coccinelle rouge;coccinelle1;08/05/2025;1.260407;0;0.180058
B01;Ne pas cueillir de plante dans la nature;Biodiversité;COCCINELLE;Coccinelle rouge;coccinelle1;08/05/2025;0;0;0
W03;Ne pas faire couler l’eau trop longtemps quand on se lave les mains;Eau;COCCINELLE;Coccinelle rouge;coccinelle1;08/05/2025;0.004964;12.6;0
C03;Acheter des fruits ou légumes de saison;Courses;COCCINELLE;Coccinelle rouge;coccinelle1;10/05/2025;6.932;0;0
D15;Economiser les mouchoirs en papier. l'essuie-tout et le papier toilette;Déchets;COCCINELLE;Coccinelle rouge;coccinelle1;10/05/2025;0.009591;0;0.8
D08;Utiliser les bacs de tri;Déchets;COCCINELLE;Coccinelle rouge;coccinelle1;10/05/2025;0.866962;0;0
D06;Prendre soin de ses affaires pour les faire durer plus longtemps (reboucher les feutres… ne pas casser. ne pas lancer…);Déchets;COCCINELLE;Coccinelle rouge;coccinelle1;10/05/2025;0.017374;0;0.183462
D03;Ne pas jeter de déchets dans la nature (chewing-gums. sacs. canettes. bouteilles…);Déchets;COCCINELLE;Coccinelle rouge;coccinelle1;10/05/2025;0.424875;0;4.486538
D01;Limiter l'utilisation du papier : Utiliser les feuilles des 2 côtés / faire du brouillon / Utiliser l'ardoise pour chercher / Prendre du papier recyclé…;Déchets;COCCINELLE;Coccinelle rouge;coccinelle1;10/05/2025;0.009641;0;0.8
B02;Ne pas tuer les araignées. les insectes (les mettre dehors…);Biodiversité;COCCINELLE;Coccinelle rouge;coccinelle1;10/05/2025;0;0;0
W05;Prendre une douche plutôt qu’un bain;Eau;COCCINELLE;Coccinelle rouge;coccinelle1;10/05/2025;0.140658;357;0
T03;Préférer la marche ou le vélo plutôt que la voiture;Transport;COCCINELLE;Coccinelle rouge;coccinelle1;10/05/2025;0.506;0;0
C03;Acheter des fruits ou légumes de saison;Courses;COCCINELLE;Coccinelle rouge;coccinelle3;11/05/2025;6.932;0;0
D15;Economiser les mouchoirs en papier. l'essuie-tout et le papier toilette;Déchets;COCCINELLE;Coccinelle rouge;coccinelle3;11/05/2025;0.009591;0;0.8
D08;Utiliser les bacs de tri;Déchets;COCCINELLE;Coccinelle rouge;coccinelle3;11/05/2025;0.866962;0;0
D06;Prendre soin de ses affaires pour les faire durer plus longtemps (reboucher les feutres… ne pas casser. ne pas lancer…);Déchets;COCCINELLE;Coccinelle rouge;coccinelle3;11/05/2025;0.017374;0;0.183462
D03;Ne pas jeter de déchets dans la nature (chewing-gums. sacs. canettes. bouteilles…);Déchets;COCCINELLE;Coccinelle rouge;coccinelle3;11/05/2025;0.424875;0;4.486538
D01;Limiter l'utilisation du papier : Utiliser les feuilles des 2 côtés / faire du brouillon / Utiliser l'ardoise pour chercher / Prendre du papier recyclé…;Déchets;COCCINELLE;Coccinelle rouge;coccinelle3;11/05/2025;0.009641;0;0.8
B01;Ne pas cueillir de plante dans la nature;Biodiversité;COCCINELLE;Coccinelle rouge;coccinelle3;11/05/2025;0;0;0
W04;Tirer la petite chasse d’eau quand on fait pipi;Eau;COCCINELLE;Coccinelle rouge;coccinelle3;11/05/2025;0.006501;16.5;0
W02;Couper l’eau quand on se brosse les dents : mettre de l’eau dans un verre pour se rincer;Eau;COCCINELLE;Coccinelle rouge;coccinelle3;11/05/2025;0.05;28;0
W01;Prendre des douches rapides;Eau;COCCINELLE;Coccinelle rouge;coccinelle3;11/05/2025;0.25;224;0
T04;Faire du covoiturage;Transport;COCCINELLE;Coccinelle rouge;coccinelle3;11/05/2025;0.506;0;0
E04;Eteindre les écrans (ordinateur. télévision. …) pour diminuer la consommation d’électricité;Electricité;COCCINELLE;Coccinelle rouge;coccinelle3;11/05/2025;0.15988;0;1
E11;Couvrir les casseroles lorsqu’on fait bouillir de l’eau ou pour cuire…;Electricité;COCCINELLE;Coccinelle rouge;coccinelle3;11/05/2025;0.00293;0;0
E08;Eteindre le chauffage lorsqu’on aère une pièce;Electricité;COCCINELLE;Coccinelle rouge;coccinelle3;11/05/2025;0.000173;0;0
C05;Faire soi-même ses produits d’entretien pour éviter les emballages;Courses;COCCINELLE;Coccinelle rouge;coccinelle7;12/05/2025;0.006;0;0.03
W02;Utiliser une seule dose de savon;Courses;COCCINELLE;Coccinelle rouge;coccinelle7;12/05/2025;0.05;28;0
D15;Economiser les mouchoirs en papier. l'essuie-tout et le papier toilette;Déchets;COCCINELLE;Coccinelle rouge;coccinelle7;12/05/2025;0.009591;0;0.8
D09;Faire du compost avec les déchets végétaux ou donner les restes alimentaires aux poules…;Déchets;COCCINELLE;Coccinelle rouge;coccinelle7;12/05/2025;0.0623;0;1.75
D07;Vendre ou donner les vêtements. les objets. les jouets dont on ne veut plus (trop petits…);Déchets;COCCINELLE;Coccinelle rouge;coccinelle7;12/05/2025;0.017374;2500;0
D04;Ramasser les papiers et les déchets par terre pour les mettre à la poubelle;Déchets;COCCINELLE;Coccinelle rouge;coccinelle7;12/05/2025;0.00947;0;0.1
D02;Tout manger ce qu’il y a dans nos assiettes (cantine/maison);Déchets;COCCINELLE;Coccinelle rouge;coccinelle7;12/05/2025;2.453511;0;1.390385
B04;Faire un jardin potager;Biodiversité;COCCINELLE;Coccinelle rouge;coccinelle7;12/05/2025;4.48;0;0
B02;Ne pas tuer les araignées. les insectes (les mettre dehors…);Biodiversité;COCCINELLE;Coccinelle rouge;coccinelle7;12/05/2025;0;0;0
W07;Vider le reste de sa gourde dans les plantes;Eau;COCCINELLE;Coccinelle rouge;coccinelle7;12/05/2025;0;0.000013;0
W03;Ne pas faire couler l’eau trop longtemps quand on se lave les mains;Eau;COCCINELLE;Coccinelle rouge;coccinelle7;12/05/2025;0.004964;12.6;0
W05;Prendre une douche plutôt qu’un bain;Eau;COCCINELLE;Coccinelle rouge;coccinelle7;12/05/2025;0.140658;357;0
T03;Préférer la marche ou le vélo plutôt que la voiture;Transport;COCCINELLE;Coccinelle rouge;coccinelle7;12/05/2025;0.506;0;0
T04;Faire du covoiturage;Transport;COCCINELLE;Coccinelle rouge;coccinelle7;12/05/2025;0.506;0;0
E05;Préférer les ampoules à basse consommation;Electricité;COCCINELLE;Coccinelle rouge;coccinelle7;12/05/2025;0.072803;0;0
E02;Ouvrir les volets et ne pas allumer la lumière quand il fait jour dehors. ou éteindre lorsque la lumière extérieure le permet;Electricité;COCCINELLE;Coccinelle rouge;coccinelle7;12/05/2025;0.027408;0;0
E10;Faire sécher son linge à l'air libre au lieu d'utiliser le sèche linge chaque fois qu'on peut;Electricité;COCCINELLE;Coccinelle rouge;coccinelle7;12/05/2025;0.413462;0;0
C03;Acheter des fruits ou légumes de saison;Courses;COCCINELLE;Coccinelle rouge;coccinelle11;14/05/2025;6.932;0;0
D15;Economiser les mouchoirs en papier. l'essuie-tout et le papier toilette;Déchets;COCCINELLE;Coccinelle rouge;coccinelle11;14/05/2025;0.009591;0;0.8
D09;Faire du compost avec les déchets végétaux ou donner les restes alimentaires aux poules…;Déchets;COCCINELLE;Coccinelle rouge;coccinelle11;14/05/2025;0.0623;0;1.75
D07;Vendre ou donner les vêtements. les objets. les jouets dont on ne veut plus (trop petits…);Déchets;COCCINELLE;Coccinelle rouge;coccinelle11;14/05/2025;0.017374;2500;0
D04;Ramasser les papiers et les déchets par terre pour les mettre à la poubelle;Déchets;COCCINELLE;Coccinelle rouge;coccinelle11;14/05/2025;0.00947;0;0.1
D02;Tout manger ce qu’il y a dans nos assiettes (cantine/maison);Déchets;COCCINELLE;Coccinelle rouge;coccinelle11;14/05/2025;2.453511;0;1.390385
B04;Faire un jardin potager;Biodiversité;COCCINELLE;Coccinelle rouge;coccinelle11;14/05/2025;4.48;0;0
B02;Ne pas tuer les araignées. les insectes (les mettre dehors…);Biodiversité;COCCINELLE;Coccinelle rouge;coccinelle11;14/05/2025;0;0;0
W07;Vider le reste de sa gourde dans les plantes;Eau;COCCINELLE;Coccinelle rouge;coccinelle11;14/05/2025;0;0.000013;0
W03;Ne pas faire couler l’eau trop longtemps quand on se lave les mains;Eau;COCCINELLE;Coccinelle rouge;coccinelle11;14/05/2025;0.004964;12.6;0
W05;Prendre une douche plutôt qu’un bain;Eau;COCCINELLE;Coccinelle rouge;coccinelle11;14/05/2025;0.140658;357;0
T06;Couper le moteur de la voiture quand elle ne roule pas;Transport;COCCINELLE;Coccinelle rouge;coccinelle11;14/05/2025;1.518;0;0
E06;Préférer les piles rechargeables;Electricité;COCCINELLE;Coccinelle rouge;coccinelle11;14/05/2025;0.097538;0;0
E04;Eteindre les écrans (ordinateur. télévision. …) pour diminuer la consommation d’électricité;Electricité;COCCINELLE;Coccinelle rouge;coccinelle11;14/05/2025;0.15988;0;1
E11;Couvrir les casseroles lorsqu’on fait bouillir de l’eau ou pour cuire…;Electricité;COCCINELLE;Coccinelle rouge;coccinelle11;14/05/2025;0.00293;0;0
E08;Eteindre le chauffage lorsqu’on aère une pièce;Electricité;COCCINELLE;Coccinelle rouge;coccinelle11;14/05/2025;0.000173;0;0
C06;Faire ses repas, gouter, compotes sois même plutôt que d’acheter des plats préparés;Courses;COCCINELLE;Coccinelle rouge;coccinelle11;14/05/2025;1.260407;0;0.180058
W02;Utiliser une seule dose de savon;Courses;COCCINELLE;Coccinelle rouge;coccinelle11;14/05/2025;0.05;28;0
D10;Ne pas acheter de bouteilles en plastique : boire à la gourde;Déchets;COCCINELLE;Coccinelle rouge;coccinelle11;14/05/2025;0.54243;0;0.21
D08;Utiliser les bacs de tri;Déchets;COCCINELLE;Coccinelle rouge;coccinelle11;14/05/2025;0.866962;0;0
D06;Prendre soin de ses affaires pour les faire durer plus longtemps (reboucher les feutres… ne pas casser. ne pas lancer…);Déchets;COCCINELLE;Coccinelle rouge;coccinelle11;14/05/2025;0.017374;0;0.183462
D03;Ne pas jeter de déchets dans la nature (chewing-gums. sacs. canettes. bouteilles…);Déchets;COCCINELLE;Coccinelle rouge;coccinelle11;14/05/2025;0.424875;0;4.486538
D01;Limiter l'utilisation du papier : Utiliser les feuilles des 2 côtés / faire du brouillon / Utiliser l'ardoise pour chercher / Prendre du papier recyclé…;Déchets;COCCINELLE;Coccinelle rouge;coccinelle11;14/05/2025;0.009641;0;0.8
B03;Donner à manger aux oiseaux dans son jardin ou sur son balcon;Biodiversité;COCCINELLE;Coccinelle rouge;coccinelle11;14/05/2025;0;0;0
B01;Ne pas cueillir de plante dans la nature;Biodiversité;COCCINELLE;Coccinelle rouge;coccinelle11;14/05/2025;0;0;0
W04;Tirer la petite chasse d’eau quand on fait pipi;Eau;COCCINELLE;Coccinelle rouge;coccinelle11;14/05/2025;0.006501;16.5;0
W02;Couper l’eau quand on se brosse les dents : mettre de l’eau dans un verre pour se rincer;Eau;COCCINELLE;Coccinelle rouge;coccinelle11;14/05/2025;0.05;28;0
T03;Préférer la marche ou le vélo plutôt que la voiture;Transport;COCCINELLE;Coccinelle rouge;coccinelle11;14/05/2025;0.506;0;0
T04;Faire du covoiturage;Transport;COCCINELLE;Coccinelle rouge;coccinelle11;14/05/2025;0.506;0;0
E05;Préférer les ampoules à basse consommation;Electricité;COCCINELLE;Coccinelle rouge;coccinelle11;14/05/2025;0.072803;0;0
E02;Ouvrir les volets et ne pas allumer la lumière quand il fait jour dehors. ou éteindre lorsque la lumière extérieure le permet;Electricité;COCCINELLE;Coccinelle rouge;coccinelle11;14/05/2025;0.027408;0;0
E10;Faire sécher son linge à l'air libre au lieu d'utiliser le sèche linge chaque fois qu'on peut;Electricité;COCCINELLE;Coccinelle rouge;coccinelle11;14/05/2025;0.413462;0;0
E01;Eteindre la lumière quand on quitte une pièce. quand on n’en a pas besoin;Electricité;COCCINELLE;Coccinelle rouge;coccinelle11;14/05/2025;0.027408;0;0
D15;Economiser les mouchoirs en papier. l'essuie-tout et le papier toilette;Déchets;COCCINELLE;Coccinelle rouge;coccinelle9;16/04/2025;0.009591;0;0.8
D08;Utiliser les bacs de tri;Déchets;COCCINELLE;Coccinelle rouge;coccinelle9;16/04/2025;0.866962;0;0
D06;Prendre soin de ses affaires pour les faire durer plus longtemps (reboucher les feutres… ne pas casser. ne pas lancer…);Déchets;COCCINELLE;Coccinelle rouge;coccinelle9;16/04/2025;0.017374;0;0.183462
D03;Ne pas jeter de déchets dans la nature (chewing-gums. sacs. canettes. bouteilles…);Déchets;COCCINELLE;Coccinelle rouge;coccinelle9;16/04/2025;0.424875;0;4.486538
D01;Limiter l'utilisation du papier : Utiliser les feuilles des 2 côtés / faire du brouillon / Utiliser l'ardoise pour chercher / Prendre du papier recyclé…;Déchets;COCCINELLE;Coccinelle rouge;coccinelle9;16/04/2025;0.009641;0;0.8
B01;Ne pas cueillir de plante dans la nature;Biodiversité;COCCINELLE;Coccinelle rouge;coccinelle9;16/04/2025;0;0;0
W07;Vider le reste de sa gourde dans les plantes;Eau;COCCINELLE;Coccinelle rouge;coccinelle9;16/04/2025;0;0.000013;0
W03;Ne pas faire couler l’eau trop longtemps quand on se lave les mains;Eau;COCCINELLE;Coccinelle rouge;coccinelle9;16/04/2025;0.004964;12.6;0
W05;Prendre une douche plutôt qu’un bain;Eau;COCCINELLE;Coccinelle rouge;coccinelle9;16/04/2025;0.140658;357;0
T06;Couper le moteur de la voiture quand elle ne roule pas;Transport;COCCINELLE;Coccinelle rouge;coccinelle9;16/04/2025;1.518;0;0
E04;Eteindre les écrans (ordinateur. télévision. …) pour diminuer la consommation d’électricité;Electricité;COCCINELLE;Coccinelle rouge;coccinelle9;16/04/2025;0.15988;0;1
E02;Ouvrir les volets et ne pas allumer la lumière quand il fait jour dehors. ou éteindre lorsque la lumière extérieure le permet;Electricité;COCCINELLE;Coccinelle rouge;coccinelle9;16/04/2025;0.027408;0;0
E01;Eteindre la lumière quand on quitte une pièce. quand on n’en a pas besoin;Electricité;COCCINELLE;Coccinelle rouge;coccinelle9;16/04/2025;0.027408;0;0
T03;Préférer la marche ou le vélo plutôt que la voiture;Transport;COCCINELLE;Coccinelle rouge;coccinelle11;17/04/2025;0.506;0;0
E05;Préférer les ampoules à basse consommation;Electricité;COCCINELLE;Coccinelle rouge;coccinelle11;17/04/2025;0.072803;0;0
E11;Couvrir les casseroles lorsqu’on fait bouillir de l’eau ou pour cuire…;Electricité;COCCINELLE;Coccinelle rouge;coccinelle11;17/04/2025;0.00293;0;0
E08;Eteindre le chauffage lorsqu’on aère une pièce;Electricité;COCCINELLE;Coccinelle rouge;coccinelle11;17/04/2025;0.000173;0;0
D15;Economiser les mouchoirs en papier. l'essuie-tout et le papier toilette;Déchets;COCCINELLE;Coccinelle rouge;coccinelle1;19/04/2025;0.009591;0;0.8
D04;Ramasser les papiers et les déchets par terre pour les mettre à la poubelle;Déchets;COCCINELLE;Coccinelle rouge;coccinelle1;19/04/2025;0.00947;0;0.1
D02;Tout manger ce qu’il y a dans nos assiettes (cantine/maison);Déchets;COCCINELLE;Coccinelle rouge;coccinelle1;19/04/2025;2.453511;0;1.390385
B02;Ne pas tuer les araignées. les insectes (les mettre dehors…);Biodiversité;COCCINELLE;Coccinelle rouge;coccinelle1;19/04/2025;0;0;0
W03;Ne pas faire couler l’eau trop longtemps quand on se lave les mains;Eau;COCCINELLE;Coccinelle rouge;coccinelle1;19/04/2025;0.004964;12.6;0
W01;Prendre des douches rapides;Eau;COCCINELLE;Coccinelle rouge;coccinelle1;19/04/2025;0.25;224;0
E04;Eteindre les écrans (ordinateur. télévision. …) pour diminuer la consommation d’électricité;Electricité;COCCINELLE;Coccinelle rouge;coccinelle1;19/04/2025;0.15988;0;1
E11;Couvrir les casseroles lorsqu’on fait bouillir de l’eau ou pour cuire…;Electricité;COCCINELLE;Coccinelle rouge;coccinelle1;19/04/2025;0.00293;0;0
E01;Eteindre la lumière quand on quitte une pièce. quand on n’en a pas besoin;Electricité;COCCINELLE;Coccinelle rouge;coccinelle1;19/04/2025;0.027408;0;0
D15;Economiser les mouchoirs en papier. l'essuie-tout et le papier toilette;Déchets;COCCINELLE;Coccinelle rouge;coccinelle11;17/04/2025;0.009591;0;0.8
D10;Ne pas acheter de bouteilles en plastique : boire à la gourde;Déchets;COCCINELLE;Coccinelle rouge;coccinelle11;17/04/2025;0.54243;0;0.21
D09;Faire du compost avec les déchets végétaux ou donner les restes alimentaires aux poules…;Déchets;COCCINELLE;Coccinelle rouge;coccinelle11;17/04/2025;0.0623;0;1.75
D07;Vendre ou donner les vêtements. les objets. les jouets dont on ne veut plus (trop petits…);Déchets;COCCINELLE;Coccinelle rouge;coccinelle11;17/04/2025;0.017374;2500;0
B04;Faire un jardin potager;Biodiversité;COCCINELLE;Coccinelle rouge;coccinelle11;17/04/2025;4.48;0;0
B02;Ne pas tuer les araignées. les insectes (les mettre dehors…);Biodiversité;COCCINELLE;Coccinelle rouge;coccinelle11;17/04/2025;0;0;0
W07;Vider le reste de sa gourde dans les plantes;Eau;COCCINELLE;Coccinelle rouge;coccinelle11;17/04/2025;0;0.000013;0
W02;Couper l’eau quand on se brosse les dents : mettre de l’eau dans un verre pour se rincer;Eau;COCCINELLE;Coccinelle rouge;coccinelle11;17/04/2025;0.05;28;0
T06;Couper le moteur de la voiture quand elle ne roule pas;Transport;COCCINELLE;Coccinelle rouge;coccinelle11;17/04/2025;1.518;0;0
E06;Préférer les piles rechargeables;Electricité;COCCINELLE;Coccinelle rouge;coccinelle11;17/04/2025;0.097538;0;0
E02;Ouvrir les volets et ne pas allumer la lumière quand il fait jour dehors. ou éteindre lorsque la lumière extérieure le permet;Electricité;COCCINELLE;Coccinelle rouge;coccinelle11;17/04/2025;0.027408;0;0
E10;Faire sécher son linge à l'air libre au lieu d'utiliser le sèche linge chaque fois qu'on peut;Electricité;COCCINELLE;Coccinelle rouge;coccinelle11;17/04/2025;0.413462;0;0
D06;Prendre soin de ses affaires pour les faire durer plus longtemps (reboucher les feutres… ne pas casser. ne pas lancer…);Déchets;COCCINELLE;Coccinelle rouge;coccinelle1;19/04/2025;0.017374;0;0.183462
D03;Ne pas jeter de déchets dans la nature (chewing-gums. sacs. canettes. bouteilles…);Déchets;COCCINELLE;Coccinelle rouge;coccinelle1;19/04/2025;0.424875;0;4.486538
D01;Limiter l'utilisation du papier : Utiliser les feuilles des 2 côtés / faire du brouillon / Utiliser l'ardoise pour chercher / Prendre du papier recyclé…;Déchets;COCCINELLE;Coccinelle rouge;coccinelle1;19/04/2025;0.009641;0;0.8
B01;Ne pas cueillir de plante dans la nature;Biodiversité;COCCINELLE;Coccinelle rouge;coccinelle1;19/04/2025;0;0;0
W05;Prendre une douche plutôt qu’un bain;Eau;COCCINELLE;Coccinelle rouge;coccinelle1;19/04/2025;0.140658;357;0
T06;Couper le moteur de la voiture quand elle ne roule pas;Transport;COCCINELLE;Coccinelle rouge;coccinelle1;19/04/2025;1.518;0;0
E02;Ouvrir les volets et ne pas allumer la lumière quand il fait jour dehors. ou éteindre lorsque la lumière extérieure le permet;Electricité;COCCINELLE;Coccinelle rouge;coccinelle1;19/04/2025;0.027408;0;0
E08;Eteindre le chauffage lorsqu’on aère une pièce;Electricité;COCCINELLE;Coccinelle rouge;coccinelle1;19/04/2025;0.000173;0;0
T03;Préférer la marche ou le vélo plutôt que la voiture;Transport;COCCINELLE;Coccinelle rouge;coccinelle1;20/04/2025;0.506;0;0
E05;Préférer les ampoules à basse consommation;Electricité;COCCINELLE;Coccinelle rouge;coccinelle9;16/04/2025;0.072803;0;0
E11;Couvrir les casseroles lorsqu’on fait bouillir de l’eau ou pour cuire…;Electricité;COCCINELLE;Coccinelle rouge;coccinelle9;16/04/2025;0.00293;0;0
C03;Acheter des fruits ou légumes de saison;Courses;COCCINELLE;Coccinelle rouge;coccinelle11;21/05/2025;6.932;0;0
D11;Acheter des produits en vrac. éviter les emballages individuels…;Déchets;COCCINELLE;Coccinelle rouge;coccinelle11;21/05/2025;0.38;0;0.67
D10;Ne pas acheter de bouteilles en plastique : boire à la gourde;Déchets;COCCINELLE;Coccinelle rouge;coccinelle11;21/05/2025;0.54243;0;0.21
D08;Utiliser les bacs de tri;Déchets;COCCINELLE;Coccinelle rouge;coccinelle11;21/05/2025;0.866962;0;0
D04;Ramasser les papiers et les déchets par terre pour les mettre à la poubelle;Déchets;COCCINELLE;Coccinelle rouge;coccinelle11;21/05/2025;0.00947;0;0.1
D01;Limiter l'utilisation du papier : Utiliser les feuilles des 2 côtés / faire du brouillon / Utiliser l'ardoise pour chercher / Prendre du papier recyclé…;Déchets;COCCINELLE;Coccinelle rouge;coccinelle11;21/05/2025;0.009641;0;0.8
B03;Donner à manger aux oiseaux dans son jardin ou sur son balcon;Biodiversité;COCCINELLE;Coccinelle rouge;coccinelle11;21/05/2025;0;0;0
B01;Ne pas cueillir de plante dans la nature;Biodiversité;COCCINELLE;Coccinelle rouge;coccinelle11;21/05/2025;0;0;0
W04;Tirer la petite chasse d’eau quand on fait pipi;Eau;COCCINELLE;Coccinelle rouge;coccinelle11;21/05/2025;0.006501;16.5;0
W02;Couper l’eau quand on se brosse les dents : mettre de l’eau dans un verre pour se rincer;Eau;COCCINELLE;Coccinelle rouge;coccinelle11;21/05/2025;0.05;28;0
W01;Prendre des douches rapides;Eau;COCCINELLE;Coccinelle rouge;coccinelle11;21/05/2025;0.25;224;0
T06;Couper le moteur de la voiture quand elle ne roule pas;Transport;COCCINELLE;Coccinelle rouge;coccinelle11;21/05/2025;1.518;0;0
E06;Préférer les piles rechargeables;Electricité;COCCINELLE;Coccinelle rouge;coccinelle11;21/05/2025;0.097538;0;0
E04;Eteindre les écrans (ordinateur. télévision. …) pour diminuer la consommation d’électricité;Electricité;COCCINELLE;Coccinelle rouge;coccinelle11;21/05/2025;0.15988;0;1
E11;Couvrir les casseroles lorsqu’on fait bouillir de l’eau ou pour cuire…;Electricité;COCCINELLE;Coccinelle rouge;coccinelle11;21/05/2025;0.00293;0;0
E08;Eteindre le chauffage lorsqu’on aère une pièce;Electricité;COCCINELLE;Coccinelle rouge;coccinelle11;21/05/2025;0.000173;0;0
C03;Acheter des fruits ou légumes de saison;Courses;COCCINELLE;Coccinelle rouge;coccinelle1;22/05/2025;6.932;0;0
D11;Acheter des produits en vrac. éviter les emballages individuels…;Déchets;COCCINELLE;Coccinelle rouge;coccinelle1;22/05/2025;0.38;0;0.67
D09;Faire du compost avec les déchets végétaux ou donner les restes alimentaires aux poules…;Déchets;COCCINELLE;Coccinelle rouge;coccinelle1;22/05/2025;0.0623;0;1.75
D06;Prendre soin de ses affaires pour les faire durer plus longtemps (reboucher les feutres… ne pas casser. ne pas lancer…);Déchets;COCCINELLE;Coccinelle rouge;coccinelle1;22/05/2025;0.017374;0;0.183462
D03;Ne pas jeter de déchets dans la nature (chewing-gums. sacs. canettes. bouteilles…);Déchets;COCCINELLE;Coccinelle rouge;coccinelle1;22/05/2025;0.424875;0;4.486538
D01;Limiter l'utilisation du papier : Utiliser les feuilles des 2 côtés / faire du brouillon / Utiliser l'ardoise pour chercher / Prendre du papier recyclé…;Déchets;COCCINELLE;Coccinelle rouge;coccinelle1;22/05/2025;0.009641;0;0.8
B02;Ne pas tuer les araignées. les insectes (les mettre dehors…);Biodiversité;COCCINELLE;Coccinelle rouge;coccinelle1;22/05/2025;0;0;0
W07;Vider le reste de sa gourde dans les plantes;Eau;COCCINELLE;Coccinelle rouge;coccinelle1;22/05/2025;0;0.000013;0
W03;Ne pas faire couler l’eau trop longtemps quand on se lave les mains;Eau;COCCINELLE;Coccinelle rouge;coccinelle1;22/05/2025;0.004964;12.6;0
W05;Prendre une douche plutôt qu’un bain;Eau;COCCINELLE;Coccinelle rouge;coccinelle1;22/05/2025;0.140658;357;0
T03;Préférer la marche ou le vélo plutôt que la voiture;Transport;COCCINELLE;Coccinelle rouge;coccinelle1;22/05/2025;0.506;0;0
E04;Eteindre les écrans (ordinateur. télévision. …) pour diminuer la consommation d’électricité;Electricité;COCCINELLE;Coccinelle rouge;coccinelle1;22/05/2025;0.15988;0;1
E11;Couvrir les casseroles lorsqu’on fait bouillir de l’eau ou pour cuire…;Electricité;COCCINELLE;Coccinelle rouge;coccinelle1;22/05/2025;0.00293;0;0
E01;Eteindre la lumière quand on quitte une pièce. quand on n’en a pas besoin;Electricité;COCCINELLE;Coccinelle rouge;coccinelle1;22/05/2025;0.027408;0;0
C05;Faire soi-même ses produits d’entretien pour éviter les emballages;Courses;COCCINELLE;Coccinelle rouge;coccinelle7;25/05/2025;0.006;0;0.03
D11;Acheter des produits en vrac. éviter les emballages individuels…;Déchets;COCCINELLE;Coccinelle rouge;coccinelle7;25/05/2025;0.38;0;0.67
D10;Ne pas acheter de bouteilles en plastique : boire à la gourde;Déchets;COCCINELLE;Coccinelle rouge;coccinelle7;25/05/2025;0.54243;0;0.21
B03;Donner à manger aux oiseaux dans son jardin ou sur son balcon;Biodiversité;COCCINELLE;Coccinelle rouge;coccinelle7;25/05/2025;0;0;0
B01;Ne pas cueillir de plante dans la nature;Biodiversité;COCCINELLE;Coccinelle rouge;coccinelle7;25/05/2025;0;0;0
D09;Faire du compost avec les déchets végétaux ou donner les restes alimentaires aux poules…;Déchets;COCCINELLE;Coccinelle rouge;coccinelle7;25/05/2025;0.0623;0;1.75
D07;Vendre ou donner les vêtements. les objets. les jouets dont on ne veut plus (trop petits…);Déchets;COCCINELLE;Coccinelle rouge;coccinelle7;25/05/2025;0.017374;2500;0
D04;Ramasser les papiers et les déchets par terre pour les mettre à la poubelle;Déchets;COCCINELLE;Coccinelle rouge;coccinelle7;25/05/2025;0.00947;0;0.1
D02;Tout manger ce qu’il y a dans nos assiettes (cantine/maison);Déchets;COCCINELLE;Coccinelle rouge;coccinelle7;25/05/2025;2.453511;0;1.390385
W07;Vider le reste de sa gourde dans les plantes;Eau;COCCINELLE;Coccinelle rouge;coccinelle7;25/05/2025;0;0.000013;0
W03;Ne pas faire couler l’eau trop longtemps quand on se lave les mains;Eau;COCCINELLE;Coccinelle rouge;coccinelle7;25/05/2025;0.004964;12.6;0
W05;Prendre une douche plutôt qu’un bain;Eau;COCCINELLE;Coccinelle rouge;coccinelle7;25/05/2025;0.140658;357;0
T03;Préférer la marche ou le vélo plutôt que la voiture;Transport;COCCINELLE;Coccinelle rouge;coccinelle7;25/05/2025;0.506;0;0
T04;Faire du covoiturage;Transport;COCCINELLE;Coccinelle rouge;coccinelle7;25/05/2025;0.506;0;0
E05;Préférer les ampoules à basse consommation;Electricité;COCCINELLE;Coccinelle rouge;coccinelle7;25/05/2025;0.072803;0;0
E02;Ouvrir les volets et ne pas allumer la lumière quand il fait jour dehors. ou éteindre lorsque la lumière extérieure le permet;Electricité;COCCINELLE;Coccinelle rouge;coccinelle7;25/05/2025;0.027408;0;0
E10;Faire sécher son linge à l'air libre au lieu d'utiliser le sèche linge chaque fois qu'on peut;Electricité;COCCINELLE;Coccinelle rouge;coccinelle7;25/05/2025;0.413462;0;0
E01;Eteindre la lumière quand on quitte une pièce. quand on n’en a pas besoin;Electricité;COCCINELLE;Coccinelle rouge;coccinelle7;25/05/2025;0.027408;0;0
C03;Acheter des fruits ou légumes de saison;Courses;COCCINELLE;Coccinelle rouge;coccinelle3;26/05/2025;6.932;0;0
D15;Economiser les mouchoirs en papier. l'essuie-tout et le papier toilette;Déchets;COCCINELLE;Coccinelle rouge;coccinelle3;26/05/2025;0.009591;0;0.8
D08;Utiliser les bacs de tri;Déchets;COCCINELLE;Coccinelle rouge;coccinelle3;26/05/2025;0.866962;0;0
D06;Prendre soin de ses affaires pour les faire durer plus longtemps (reboucher les feutres… ne pas casser. ne pas lancer…);Déchets;COCCINELLE;Coccinelle rouge;coccinelle3;26/05/2025;0.017374;0;0.183462
D03;Ne pas jeter de déchets dans la nature (chewing-gums. sacs. canettes. bouteilles…);Déchets;COCCINELLE;Coccinelle rouge;coccinelle3;26/05/2025;0.424875;0;4.486538
D01;Limiter l'utilisation du papier : Utiliser les feuilles des 2 côtés / faire du brouillon / Utiliser l'ardoise pour chercher / Prendre du papier recyclé…;Déchets;COCCINELLE;Coccinelle rouge;coccinelle3;26/05/2025;0.009641;0;0.8
W07;Vider le reste de sa gourde dans les plantes;Eau;COCCINELLE;Coccinelle rouge;coccinelle3;26/05/2025;0;0.000013;0
W03;Ne pas faire couler l’eau trop longtemps quand on se lave les mains;Eau;COCCINELLE;Coccinelle rouge;coccinelle3;26/05/2025;0.004964;12.6;0
W05;Prendre une douche plutôt qu’un bain;Eau;COCCINELLE;Coccinelle rouge;coccinelle3;26/05/2025;0.140658;357;0
T06;Couper le moteur de la voiture quand elle ne roule pas;Transport;COCCINELLE;Coccinelle rouge;coccinelle3;26/05/2025;1.518;0;0
E05;Préférer les ampoules à basse consommation;Electricité;COCCINELLE;Coccinelle rouge;coccinelle3;26/05/2025;0.072803;0;0
E02;Ouvrir les volets et ne pas allumer la lumière quand il fait jour dehors. ou éteindre lorsque la lumière extérieure le permet;Electricité;COCCINELLE;Coccinelle rouge;coccinelle3;26/05/2025;0.027408;0;0
E10;Faire sécher son linge à l'air libre au lieu d'utiliser le sèche linge chaque fois qu'on peut;Electricité;COCCINELLE;Coccinelle rouge;coccinelle3;26/05/2025;0.413462;0;0
E01;Eteindre la lumière quand on quitte une pièce. quand on n’en a pas besoin;Electricité;COCCINELLE;Coccinelle rouge;coccinelle3;26/05/2025;0.027408;0;0
C06;Faire ses repas, gouter, compotes sois même plutôt que d’acheter des plats préparés;Courses;COCCINELLE;Coccinelle rouge;coccinelle7;25/05/2025;1.260407;0;0.180058
C03;Acheter des fruits ou légumes de saison;Courses;COCCINELLE;Coccinelle rouge;coccinelle7;25/05/2025;6.932;0;0
D15;Economiser les mouchoirs en papier. l'essuie-tout et le papier toilette;Déchets;COCCINELLE;Coccinelle rouge;coccinelle7;25/05/2025;0.009591;0;0.8
B04;Faire un jardin potager;Biodiversité;COCCINELLE;Coccinelle rouge;coccinelle7;25/05/2025;4.48;0;0
B02;Ne pas tuer les araignées. les insectes (les mettre dehors…);Biodiversité;COCCINELLE;Coccinelle rouge;coccinelle7;25/05/2025;0;0;0
W02;Utiliser une seule dose de savon;Courses;COCCINELLE;Coccinelle rouge;coccinelle7;25/05/2025;0.05;28;0
D08;Utiliser les bacs de tri;Déchets;COCCINELLE;Coccinelle rouge;coccinelle7;25/05/2025;0.866962;0;0
D06;Prendre soin de ses affaires pour les faire durer plus longtemps (reboucher les feutres… ne pas casser. ne pas lancer…);Déchets;COCCINELLE;Coccinelle rouge;coccinelle7;25/05/2025;0.017374;0;0.183462
D03;Ne pas jeter de déchets dans la nature (chewing-gums. sacs. canettes. bouteilles…);Déchets;COCCINELLE;Coccinelle rouge;coccinelle7;25/05/2025;0.424875;0;4.486538
D01;Limiter l'utilisation du papier : Utiliser les feuilles des 2 côtés / faire du brouillon / Utiliser l'ardoise pour chercher / Prendre du papier recyclé…;Déchets;COCCINELLE;Coccinelle rouge;coccinelle7;25/05/2025;0.009641;0;0.8
W04;Tirer la petite chasse d’eau quand on fait pipi;Eau;COCCINELLE;Coccinelle rouge;coccinelle7;25/05/2025;0.006501;16.5;0
W02;Couper l’eau quand on se brosse les dents : mettre de l’eau dans un verre pour se rincer;Eau;COCCINELLE;Coccinelle rouge;coccinelle7;25/05/2025;0.05;28;0
W01;Prendre des douches rapides;Eau;COCCINELLE;Coccinelle rouge;coccinelle7;25/05/2025;0.25;224;0
T06;Couper le moteur de la voiture quand elle ne roule pas;Transport;COCCINELLE;Coccinelle rouge;coccinelle7;25/05/2025;1.518;0;0
E06;Préférer les piles rechargeables;Electricité;COCCINELLE;Coccinelle rouge;coccinelle7;25/05/2025;0.097538;0;0
E04;Eteindre les écrans (ordinateur. télévision. …) pour diminuer la consommation d’électricité;Electricité;COCCINELLE;Coccinelle rouge;coccinelle7;25/05/2025;0.15988;0;1
E11;Couvrir les casseroles lorsqu’on fait bouillir de l’eau ou pour cuire…;Electricité;COCCINELLE;Coccinelle rouge;coccinelle7;25/05/2025;0.00293;0;0
E08;Eteindre le chauffage lorsqu’on aère une pièce;Electricité;COCCINELLE;Coccinelle rouge;coccinelle7;25/05/2025;0.000173;0;0
D10;Ne pas acheter de bouteilles en plastique : boire à la gourde;Déchets;COCCINELLE;Coccinelle rouge;coccinelle1;25/05/2025;0.54243;0;0.21
C06;Faire ses repas, gouter, compotes sois même plutôt que d’acheter des plats préparés;Courses;COCCINELLE;Coccinelle rouge;coccinelle3;26/05/2025;1.260407;0;0.180058
W02;Utiliser une seule dose de savon;Courses;COCCINELLE;Coccinelle rouge;coccinelle3;26/05/2025;0.05;28;0
D10;Ne pas acheter de bouteilles en plastique : boire à la gourde;Déchets;COCCINELLE;Coccinelle rouge;coccinelle3;26/05/2025;0.54243;0;0.21
D07;Vendre ou donner les vêtements. les objets. les jouets dont on ne veut plus (trop petits…);Déchets;COCCINELLE;Coccinelle rouge;coccinelle3;26/05/2025;0.017374;2500;0
D04;Ramasser les papiers et les déchets par terre pour les mettre à la poubelle;Déchets;COCCINELLE;Coccinelle rouge;coccinelle3;26/05/2025;0.00947;0;0.1
D02;Tout manger ce qu’il y a dans nos assiettes (cantine/maison);Déchets;COCCINELLE;Coccinelle rouge;coccinelle3;26/05/2025;2.453511;0;1.390385
B01;Ne pas cueillir de plante dans la nature;Biodiversité;COCCINELLE;Coccinelle rouge;coccinelle3;26/05/2025;0;0;0
W04;Tirer la petite chasse d’eau quand on fait pipi;Eau;COCCINELLE;Coccinelle rouge;coccinelle3;26/05/2025;0.006501;16.5;0
W02;Couper l’eau quand on se brosse les dents : mettre de l’eau dans un verre pour se rincer;Eau;COCCINELLE;Coccinelle rouge;coccinelle3;26/05/2025;0.05;28;0
W01;Prendre des douches rapides;Eau;COCCINELLE;Coccinelle rouge;coccinelle3;26/05/2025;0.25;224;0
T04;Faire du covoiturage;Transport;COCCINELLE;Coccinelle rouge;coccinelle3;26/05/2025;0.506;0;0
E04;Eteindre les écrans (ordinateur. télévision. …) pour diminuer la consommation d’électricité;Electricité;COCCINELLE;Coccinelle rouge;coccinelle3;26/05/2025;0.15988;0;1
E11;Couvrir les casseroles lorsqu’on fait bouillir de l’eau ou pour cuire…;Electricité;COCCINELLE;Coccinelle rouge;coccinelle3;26/05/2025;0.00293;0;0
E08;Eteindre le chauffage lorsqu’on aère une pièce;Electricité;COCCINELLE;Coccinelle rouge;coccinelle3;26/05/2025;0.000173;0;0
W03;Ne pas faire couler l’eau trop longtemps quand on se lave les mains;Eau;COCCINELLE;Coccinelle rouge;coccinelle4;04/06/2025;0.004964;12.6;0
E05;Préférer les ampoules à basse consommation;Electricité;COCCINELLE;Coccinelle rouge;coccinelle4;04/06/2025;0.072803;0;0
E11;Couvrir les casseroles lorsqu’on fait bouillir de l’eau ou pour cuire…;Electricité;COCCINELLE;Coccinelle rouge;coccinelle4;04/06/2025;0.00293;0;0
C03;Acheter des fruits ou légumes de saison;Courses;COCCINELLE;Coccinelle rouge;coccinelle11;04/06/2025;6.932;0;0
D11;Acheter des produits en vrac. éviter les emballages individuels…;Déchets;COCCINELLE;Coccinelle rouge;coccinelle11;04/06/2025;0.38;0;0.67
D10;Ne pas acheter de bouteilles en plastique : boire à la gourde;Déchets;COCCINELLE;Coccinelle rouge;coccinelle11;04/06/2025;0.54243;0;0.21
D08;Utiliser les bacs de tri;Déchets;COCCINELLE;Coccinelle rouge;coccinelle11;04/06/2025;0.866962;0;0
D04;Ramasser les papiers et les déchets par terre pour les mettre à la poubelle;Déchets;COCCINELLE;Coccinelle rouge;coccinelle11;04/06/2025;0.00947;0;0.1
D01;Limiter l'utilisation du papier : Utiliser les feuilles des 2 côtés / faire du brouillon / Utiliser l'ardoise pour chercher / Prendre du papier recyclé…;Déchets;COCCINELLE;Coccinelle rouge;coccinelle11;04/06/2025;0.009641;0;0.8
B03;Donner à manger aux oiseaux dans son jardin ou sur son balcon;Biodiversité;COCCINELLE;Coccinelle rouge;coccinelle11;04/06/2025;0;0;0
B01;Ne pas cueillir de plante dans la nature;Biodiversité;COCCINELLE;Coccinelle rouge;coccinelle11;04/06/2025;0;0;0
W04;Tirer la petite chasse d’eau quand on fait pipi;Eau;COCCINELLE;Coccinelle rouge;coccinelle11;04/06/2025;0.006501;16.5;0
W02;Couper l’eau quand on se brosse les dents : mettre de l’eau dans un verre pour se rincer;Eau;COCCINELLE;Coccinelle rouge;coccinelle11;04/06/2025;0.05;28;0
W01;Prendre des douches rapides;Eau;COCCINELLE;Coccinelle rouge;coccinelle11;04/06/2025;0.25;224;0
T06;Couper le moteur de la voiture quand elle ne roule pas;Transport;COCCINELLE;Coccinelle rouge;coccinelle11;04/06/2025;1.518;0;0
D04;Ramasser les papiers et les déchets par terre pour les mettre à la poubelle;Déchets;COCCINELLE;Coccinelle rouge;coccinelle4;04/06/2025;0.00947;0;0.1
E05;Préférer les ampoules à basse consommation;Electricité;COCCINELLE;Coccinelle rouge;coccinelle11;04/06/2025;0.072803;0;0
E02;Ouvrir les volets et ne pas allumer la lumière quand il fait jour dehors. ou éteindre lorsque la lumière extérieure le permet;Electricité;COCCINELLE;Coccinelle rouge;coccinelle11;04/06/2025;0.027408;0;0
E11;Couvrir les casseroles lorsqu’on fait bouillir de l’eau ou pour cuire…;Electricité;COCCINELLE;Coccinelle rouge;coccinelle11;04/06/2025;0.00293;0;0
D07;Vendre ou donner les vêtements. les objets. les jouets dont on ne veut plus (trop petits…);Déchets;COCCINELLE;Coccinelle rouge;coccinelle4;04/06/2025;0.017374;2500;0
E10;Faire sécher son linge à l'air libre au lieu d'utiliser le sèche linge chaque fois qu'on peut;Electricité;COCCINELLE;Coccinelle rouge;coccinelle11;04/06/2025;0.413462;0;0
E02;Ouvrir les volets et ne pas allumer la lumière quand il fait jour dehors. ou éteindre lorsque la lumière extérieure le permet;Electricité;COCCINELLE;Coccinelle rouge;coccinelle4;04/06/2025;0.027408;0;0
E08;Eteindre le chauffage lorsqu’on aère une pièce;Electricité;COCCINELLE;Coccinelle rouge;coccinelle4;04/06/2025;0.000173;0;0
C03;Acheter des fruits ou légumes de saison;Courses;COCCINELLE;Coccinelle rouge;coccinelle4;04/06/2025;6.932;0;0
D10;Ne pas acheter de bouteilles en plastique : boire à la gourde;Déchets;COCCINELLE;Coccinelle rouge;coccinelle4;04/06/2025;0.54243;0;0.21
D06;Prendre soin de ses affaires pour les faire durer plus longtemps (reboucher les feutres… ne pas casser. ne pas lancer…);Déchets;COCCINELLE;Coccinelle rouge;coccinelle4;04/06/2025;0.017374;0;0.183462
D02;Tout manger ce qu’il y a dans nos assiettes (cantine/maison);Déchets;COCCINELLE;Coccinelle rouge;coccinelle4;04/06/2025;2.453511;0;1.390385
B02;Ne pas tuer les araignées. les insectes (les mettre dehors…);Biodiversité;COCCINELLE;Coccinelle rouge;coccinelle4;04/06/2025;0;0;0
W07;Vider le reste de sa gourde dans les plantes;Eau;COCCINELLE;Coccinelle rouge;coccinelle4;04/06/2025;0;0.000013;0
W02;Couper l’eau quand on se brosse les dents : mettre de l’eau dans un verre pour se rincer;Eau;COCCINELLE;Coccinelle rouge;coccinelle4;04/06/2025;0.05;28;0
W01;Prendre des douches rapides;Eau;COCCINELLE;Coccinelle rouge;coccinelle4;04/06/2025;0.25;224;0
C06;Faire ses repas, gouter, compotes sois même plutôt que d’acheter des plats préparés;Courses;COCCINELLE;Coccinelle rouge;coccinelle5;07/06/2025;1.260407;0;0.180058
C03;Acheter des fruits ou légumes de saison;Courses;COCCINELLE;Coccinelle rouge;coccinelle5;07/06/2025;6.932;0;0
D11;Acheter des produits en vrac. éviter les emballages individuels…;Déchets;COCCINELLE;Coccinelle rouge;coccinelle5;07/06/2025;0.38;0;0.67
D09;Faire du compost avec les déchets végétaux ou donner les restes alimentaires aux poules…;Déchets;COCCINELLE;Coccinelle rouge;coccinelle5;07/06/2025;0.0623;0;1.75
D06;Prendre soin de ses affaires pour les faire durer plus longtemps (reboucher les feutres… ne pas casser. ne pas lancer…);Déchets;COCCINELLE;Coccinelle rouge;coccinelle5;07/06/2025;0.017374;0;0.183462
D03;Ne pas jeter de déchets dans la nature (chewing-gums. sacs. canettes. bouteilles…);Déchets;COCCINELLE;Coccinelle rouge;coccinelle5;07/06/2025;0.424875;0;4.486538
D01;Limiter l'utilisation du papier : Utiliser les feuilles des 2 côtés / faire du brouillon / Utiliser l'ardoise pour chercher / Prendre du papier recyclé…;Déchets;COCCINELLE;Coccinelle rouge;coccinelle5;07/06/2025;0.009641;0;0.8
B03;Donner à manger aux oiseaux dans son jardin ou sur son balcon;Biodiversité;COCCINELLE;Coccinelle rouge;coccinelle5;07/06/2025;0;0;0
B01;Ne pas cueillir de plante dans la nature;Biodiversité;COCCINELLE;Coccinelle rouge;coccinelle5;07/06/2025;0;0;0
E05;Préférer les ampoules à basse consommation;Electricité;COCCINELLE;Coccinelle rouge;coccinelle5;07/06/2025;0.072803;0;0
E02;Ouvrir les volets et ne pas allumer la lumière quand il fait jour dehors. ou éteindre lorsque la lumière extérieure le permet;Electricité;COCCINELLE;Coccinelle rouge;coccinelle5;07/06/2025;0.027408;0;0
E10;Faire sécher son linge à l'air libre au lieu d'utiliser le sèche linge chaque fois qu'on peut;Electricité;COCCINELLE;Coccinelle rouge;coccinelle5;07/06/2025;0.413462;0;0
E01;Eteindre la lumière quand on quitte une pièce. quand on n’en a pas besoin;Electricité;COCCINELLE;Coccinelle rouge;coccinelle5;07/06/2025;0.027408;0;0
W04;Tirer la petite chasse d’eau quand on fait pipi;Eau;COCCINELLE;Coccinelle rouge;coccinelle5;07/06/2025;0.006501;16.5;0
W02;Couper l’eau quand on se brosse les dents : mettre de l’eau dans un verre pour se rincer;Eau;COCCINELLE;Coccinelle rouge;coccinelle5;07/06/2025;0.05;28;0
W01;Prendre des douches rapides;Eau;COCCINELLE;Coccinelle rouge;coccinelle5;07/06/2025;0.25;224;0
T06;Couper le moteur de la voiture quand elle ne roule pas;Transport;COCCINELLE;Coccinelle rouge;coccinelle5;07/06/2025;1.518;0;0
C06;Faire ses repas, gouter, compotes sois même plutôt que d’acheter des plats préparés;Courses;COCCINELLE;Coccinelle rouge;coccinelle1;07/06/2025;1.260407;0;0.180058
W02;Utiliser une seule dose de savon;Courses;COCCINELLE;Coccinelle rouge;coccinelle1;07/06/2025;0.05;28;0
D15;Economiser les mouchoirs en papier. l'essuie-tout et le papier toilette;Déchets;COCCINELLE;Coccinelle rouge;coccinelle1;07/06/2025;0.009591;0;0.8
D08;Utiliser les bacs de tri;Déchets;COCCINELLE;Coccinelle rouge;coccinelle1;07/06/2025;0.866962;0;0
D04;Ramasser les papiers et les déchets par terre pour les mettre à la poubelle;Déchets;COCCINELLE;Coccinelle rouge;coccinelle1;07/06/2025;0.00947;0;0.1
D02;Tout manger ce qu’il y a dans nos assiettes (cantine/maison);Déchets;COCCINELLE;Coccinelle rouge;coccinelle1;07/06/2025;2.453511;0;1.390385
B04;Faire un jardin potager;Biodiversité;COCCINELLE;Coccinelle rouge;coccinelle1;07/06/2025;4.48;0;0
B01;Ne pas cueillir de plante dans la nature;Biodiversité;COCCINELLE;Coccinelle rouge;coccinelle1;07/06/2025;0;0;0
W04;Tirer la petite chasse d’eau quand on fait pipi;Eau;COCCINELLE;Coccinelle rouge;coccinelle1;07/06/2025;0.006501;16.5;0
W02;Couper l’eau quand on se brosse les dents : mettre de l’eau dans un verre pour se rincer;Eau;COCCINELLE;Coccinelle rouge;coccinelle1;07/06/2025;0.05;28;0
W01;Prendre des douches rapides;Eau;COCCINELLE;Coccinelle rouge;coccinelle1;07/06/2025;0.25;224;0
T06;Couper le moteur de la voiture quand elle ne roule pas;Transport;COCCINELLE;Coccinelle rouge;coccinelle1;07/06/2025;1.518;0;0
E02;Ouvrir les volets et ne pas allumer la lumière quand il fait jour dehors. ou éteindre lorsque la lumière extérieure le permet;Electricité;COCCINELLE;Coccinelle rouge;coccinelle1;07/06/2025;0.027408;0;0
E10;Faire sécher son linge à l'air libre au lieu d'utiliser le sèche linge chaque fois qu'on peut;Electricité;COCCINELLE;Coccinelle rouge;coccinelle1;07/06/2025;0.413462;0;0
C06;Faire ses repas, gouter, compotes sois même plutôt que d’acheter des plats préparés;Courses;COCCINELLE;Coccinelle rouge;coccinelle11;04/06/2025;1.260407;0;0.180058
W02;Utiliser une seule dose de savon;Courses;COCCINELLE;Coccinelle rouge;coccinelle11;04/06/2025;0.05;28;0
D15;Economiser les mouchoirs en papier. l'essuie-tout et le papier toilette;Déchets;COCCINELLE;Coccinelle rouge;coccinelle11;04/06/2025;0.009591;0;0.8
D09;Faire du compost avec les déchets végétaux ou donner les restes alimentaires aux poules…;Déchets;COCCINELLE;Coccinelle rouge;coccinelle11;04/06/2025;0.0623;0;1.75
D07;Vendre ou donner les vêtements. les objets. les jouets dont on ne veut plus (trop petits…);Déchets;COCCINELLE;Coccinelle rouge;coccinelle11;04/06/2025;0.017374;2500;0
D03;Ne pas jeter de déchets dans la nature (chewing-gums. sacs. canettes. bouteilles…);Déchets;COCCINELLE;Coccinelle rouge;coccinelle11;04/06/2025;0.424875;0;4.486538
B04;Faire un jardin potager;Biodiversité;COCCINELLE;Coccinelle rouge;coccinelle11;04/06/2025;4.48;0;0
B02;Ne pas tuer les araignées. les insectes (les mettre dehors…);Biodiversité;COCCINELLE;Coccinelle rouge;coccinelle11;04/06/2025;0;0;0
W07;Vider le reste de sa gourde dans les plantes;Eau;COCCINELLE;Coccinelle rouge;coccinelle11;04/06/2025;0;0.000013;0
W03;Ne pas faire couler l’eau trop longtemps quand on se lave les mains;Eau;COCCINELLE;Coccinelle rouge;coccinelle11;04/06/2025;0.004964;12.6;0
W05;Prendre une douche plutôt qu’un bain;Eau;COCCINELLE;Coccinelle rouge;coccinelle11;04/06/2025;0.140658;357;0
T03;Préférer la marche ou le vélo plutôt que la voiture;Transport;COCCINELLE;Coccinelle rouge;coccinelle11;04/06/2025;0.506;0;0
T04;Faire du covoiturage;Transport;COCCINELLE;Coccinelle rouge;coccinelle11;04/06/2025;0.506;0;0
E06;Préférer les piles rechargeables;Electricité;COCCINELLE;Coccinelle rouge;coccinelle11;04/06/2025;0.097538;0;0
E04;Eteindre les écrans (ordinateur. télévision. …) pour diminuer la consommation d’électricité;Electricité;COCCINELLE;Coccinelle rouge;coccinelle11;04/06/2025;0.15988;0;1
D15;Economiser les mouchoirs en papier. l'essuie-tout et le papier toilette;Déchets;COCCINELLE;Coccinelle rouge;coccinelle4;04/06/2025;0.009591;0;0.8
E06;Préférer les piles rechargeables;Electricité;COCCINELLE;Coccinelle rouge;coccinelle4;04/06/2025;0.097538;0;0
E08;Eteindre le chauffage lorsqu’on aère une pièce;Electricité;COCCINELLE;Coccinelle rouge;coccinelle11;04/06/2025;0.000173;0;0
E01;Eteindre la lumière quand on quitte une pièce. quand on n’en a pas besoin;Electricité;COCCINELLE;Coccinelle rouge;coccinelle11;04/06/2025;0.027408;0;0
E01;Eteindre la lumière quand on quitte une pièce. quand on n’en a pas besoin;Electricité;COCCINELLE;Coccinelle rouge;coccinelle4;04/06/2025;0.027408;0;0
W02;Utiliser une seule dose de savon;Courses;COCCINELLE;Coccinelle rouge;coccinelle4;04/06/2025;0.05;28;0
D08;Utiliser les bacs de tri;Déchets;COCCINELLE;Coccinelle rouge;coccinelle4;04/06/2025;0.866962;0;0
D03;Ne pas jeter de déchets dans la nature (chewing-gums. sacs. canettes. bouteilles…);Déchets;COCCINELLE;Coccinelle rouge;coccinelle4;04/06/2025;0.424875;0;4.486538
D01;Limiter l'utilisation du papier : Utiliser les feuilles des 2 côtés / faire du brouillon / Utiliser l'ardoise pour chercher / Prendre du papier recyclé…;Déchets;COCCINELLE;Coccinelle rouge;coccinelle4;04/06/2025;0.009641;0;0.8
B01;Ne pas cueillir de plante dans la nature;Biodiversité;COCCINELLE;Coccinelle rouge;coccinelle4;04/06/2025;0;0;0
W04;Tirer la petite chasse d’eau quand on fait pipi;Eau;COCCINELLE;Coccinelle rouge;coccinelle4;04/06/2025;0.006501;16.5;0
W05;Prendre une douche plutôt qu’un bain;Eau;COCCINELLE;Coccinelle rouge;coccinelle4;04/06/2025;0.140658;357;0
C05;Faire soi-même ses produits d’entretien pour éviter les emballages;Courses;COCCINELLE;Coccinelle rouge;coccinelle5;07/06/2025;0.006;0;0.03
W02;Utiliser une seule dose de savon;Courses;COCCINELLE;Coccinelle rouge;coccinelle5;07/06/2025;0.05;28;0
D15;Economiser les mouchoirs en papier. l'essuie-tout et le papier toilette;Déchets;COCCINELLE;Coccinelle rouge;coccinelle5;07/06/2025;0.009591;0;0.8
D07;Vendre ou donner les vêtements. les objets. les jouets dont on ne veut plus (trop petits…);Déchets;COCCINELLE;Coccinelle rouge;coccinelle5;07/06/2025;0.017374;2500;0
D04;Ramasser les papiers et les déchets par terre pour les mettre à la poubelle;Déchets;COCCINELLE;Coccinelle rouge;coccinelle5;07/06/2025;0.00947;0;0.1
D02;Tout manger ce qu’il y a dans nos assiettes (cantine/maison);Déchets;COCCINELLE;Coccinelle rouge;coccinelle5;07/06/2025;2.453511;0;1.390385
B04;Faire un jardin potager;Biodiversité;COCCINELLE;Coccinelle rouge;coccinelle5;07/06/2025;4.48;0;0
B02;Ne pas tuer les araignées. les insectes (les mettre dehors…);Biodiversité;COCCINELLE;Coccinelle rouge;coccinelle5;07/06/2025;0;0;0
E06;Préférer les piles rechargeables;Electricité;COCCINELLE;Coccinelle rouge;coccinelle5;07/06/2025;0.097538;0;0
E04;Eteindre les écrans (ordinateur. télévision. …) pour diminuer la consommation d’électricité;Electricité;COCCINELLE;Coccinelle rouge;coccinelle5;07/06/2025;0.15988;0;1
E11;Couvrir les casseroles lorsqu’on fait bouillir de l’eau ou pour cuire…;Electricité;COCCINELLE;Coccinelle rouge;coccinelle5;07/06/2025;0.00293;0;0
E08;Eteindre le chauffage lorsqu’on aère une pièce;Electricité;COCCINELLE;Coccinelle rouge;coccinelle5;07/06/2025;0.000173;0;0
W07;Vider le reste de sa gourde dans les plantes;Eau;COCCINELLE;Coccinelle rouge;coccinelle5;07/06/2025;0;0.000013;0
W03;Ne pas faire couler l’eau trop longtemps quand on se lave les mains;Eau;COCCINELLE;Coccinelle rouge;coccinelle5;07/06/2025;0.004964;12.6;0
W05;Prendre une douche plutôt qu’un bain;Eau;COCCINELLE;Coccinelle rouge;coccinelle5;07/06/2025;0.140658;357;0
T03;Préférer la marche ou le vélo plutôt que la voiture;Transport;COCCINELLE;Coccinelle rouge;coccinelle5;07/06/2025;0.506;0;0
C03;Acheter des fruits ou légumes de saison;Courses;COCCINELLE;Coccinelle rouge;coccinelle1;07/06/2025;6.932;0;0
D11;Acheter des produits en vrac. éviter les emballages individuels…;Déchets;COCCINELLE;Coccinelle rouge;coccinelle1;07/06/2025;0.38;0;0.67
D09;Faire du compost avec les déchets végétaux ou donner les restes alimentaires aux poules…;Déchets;COCCINELLE;Coccinelle rouge;coccinelle1;07/06/2025;0.0623;0;1.75
D06;Prendre soin de ses affaires pour les faire durer plus longtemps (reboucher les feutres… ne pas casser. ne pas lancer…);Déchets;COCCINELLE;Coccinelle rouge;coccinelle1;07/06/2025;0.017374;0;0.183462
D03;Ne pas jeter de déchets dans la nature (chewing-gums. sacs. canettes. bouteilles…);Déchets;COCCINELLE;Coccinelle rouge;coccinelle1;07/06/2025;0.424875;0;4.486538
D01;Limiter l'utilisation du papier : Utiliser les feuilles des 2 côtés / faire du brouillon / Utiliser l'ardoise pour chercher / Prendre du papier recyclé…;Déchets;COCCINELLE;Coccinelle rouge;coccinelle1;07/06/2025;0.009641;0;0.8
B02;Ne pas tuer les araignées. les insectes (les mettre dehors…);Biodiversité;COCCINELLE;Coccinelle rouge;coccinelle1;07/06/2025;0;0;0
W07;Vider le reste de sa gourde dans les plantes;Eau;COCCINELLE;Coccinelle rouge;coccinelle1;07/06/2025;0;0.000013;0
W03;Ne pas faire couler l’eau trop longtemps quand on se lave les mains;Eau;COCCINELLE;Coccinelle rouge;coccinelle1;07/06/2025;0.004964;12.6;0
W05;Prendre une douche plutôt qu’un bain;Eau;COCCINELLE;Coccinelle rouge;coccinelle1;07/06/2025;0.140658;357;0
T03;Préférer la marche ou le vélo plutôt que la voiture;Transport;COCCINELLE;Coccinelle rouge;coccinelle1;07/06/2025;0.506;0;0
E04;Eteindre les écrans (ordinateur. télévision. …) pour diminuer la consommation d’électricité;Electricité;COCCINELLE;Coccinelle rouge;coccinelle1;07/06/2025;0.15988;0;1
E11;Couvrir les casseroles lorsqu’on fait bouillir de l’eau ou pour cuire…;Electricité;COCCINELLE;Coccinelle rouge;coccinelle1;07/06/2025;0.00293;0;0
E01;Eteindre la lumière quand on quitte une pièce. quand on n’en a pas besoin;Electricité;COCCINELLE;Coccinelle rouge;coccinelle1;07/06/2025;0.027408;0;0
C05;Faire soi-même ses produits d’entretien pour éviter les emballages;Courses;COCCINELLE;Coccinelle rouge;coccinelle4;03/06/2025;0.006;0;0.03
C03;Acheter des fruits ou légumes de saison;Courses;COCCINELLE;Coccinelle rouge;coccinelle4;03/06/2025;6.932;0;0
W02;Utiliser une seule dose de savon;Courses;COCCINELLE;Coccinelle rouge;coccinelle4;03/06/2025;0.05;28;0
C06;Faire ses repas, gouter, compotes sois même plutôt que d’acheter des plats préparés;Courses;COCCINELLE;Coccinelle rouge;coccinelle11;28/05/2025;1.260407;0;0.180058
C03;Acheter des fruits ou légumes de saison;Courses;COCCINELLE;Coccinelle rouge;coccinelle11;28/05/2025;6.932;0;0
W02;Utiliser une seule dose de savon;Courses;COCCINELLE;Coccinelle rouge;coccinelle11;28/05/2025;0.05;28;0
D11;Acheter des produits en vrac. éviter les emballages individuels…;Déchets;COCCINELLE;Coccinelle rouge;coccinelle11;28/05/2025;0.38;0;0.67
D15;Economiser les mouchoirs en papier. l'essuie-tout et le papier toilette;Déchets;COCCINELLE;Coccinelle rouge;coccinelle11;28/05/2025;0.009591;0;0.8
D10;Ne pas acheter de bouteilles en plastique : boire à la gourde;Déchets;COCCINELLE;Coccinelle rouge;coccinelle11;28/05/2025;0.54243;0;0.21
D09;Faire du compost avec les déchets végétaux ou donner les restes alimentaires aux poules…;Déchets;COCCINELLE;Coccinelle rouge;coccinelle11;28/05/2025;0.0623;0;1.75
D08;Utiliser les bacs de tri;Déchets;COCCINELLE;Coccinelle rouge;coccinelle11;28/05/2025;0.866962;0;0
D07;Vendre ou donner les vêtements. les objets. les jouets dont on ne veut plus (trop petits…);Déchets;COCCINELLE;Coccinelle rouge;coccinelle11;28/05/2025;0.017374;2500;0
D06;Prendre soin de ses affaires pour les faire durer plus longtemps (reboucher les feutres… ne pas casser. ne pas lancer…);Déchets;COCCINELLE;Coccinelle rouge;coccinelle11;28/05/2025;0.017374;0;0.183462
D04;Ramasser les papiers et les déchets par terre pour les mettre à la poubelle;Déchets;COCCINELLE;Coccinelle rouge;coccinelle11;28/05/2025;0.00947;0;0.1
D03;Ne pas jeter de déchets dans la nature (chewing-gums. sacs. canettes. bouteilles…);Déchets;COCCINELLE;Coccinelle rouge;coccinelle11;28/05/2025;0.424875;0;4.486538
D02;Tout manger ce qu’il y a dans nos assiettes (cantine/maison);Déchets;COCCINELLE;Coccinelle rouge;coccinelle11;28/05/2025;2.453511;0;1.390385
D01;Limiter l'utilisation du papier : Utiliser les feuilles des 2 côtés / faire du brouillon / Utiliser l'ardoise pour chercher / Prendre du papier recyclé…;Déchets;COCCINELLE;Coccinelle rouge;coccinelle11;28/05/2025;0.009641;0;0.8
B04;Faire un jardin potager;Biodiversité;COCCINELLE;Coccinelle rouge;coccinelle11;28/05/2025;4.48;0;0
B03;Donner à manger aux oiseaux dans son jardin ou sur son balcon;Biodiversité;COCCINELLE;Coccinelle rouge;coccinelle11;28/05/2025;0;0;0
B02;Ne pas tuer les araignées. les insectes (les mettre dehors…);Biodiversité;COCCINELLE;Coccinelle rouge;coccinelle11;28/05/2025;0;0;0
B01;Ne pas cueillir de plante dans la nature;Biodiversité;COCCINELLE;Coccinelle rouge;coccinelle11;28/05/2025;0;0;0
W07;Vider le reste de sa gourde dans les plantes;Eau;COCCINELLE;Coccinelle rouge;coccinelle11;28/05/2025;0;0.000013;0
W04;Tirer la petite chasse d’eau quand on fait pipi;Eau;COCCINELLE;Coccinelle rouge;coccinelle11;28/05/2025;0.006501;16.5;0
W03;Ne pas faire couler l’eau trop longtemps quand on se lave les mains;Eau;COCCINELLE;Coccinelle rouge;coccinelle11;28/05/2025;0.004964;12.6;0
W02;Couper l’eau quand on se brosse les dents : mettre de l’eau dans un verre pour se rincer;Eau;COCCINELLE;Coccinelle rouge;coccinelle11;28/05/2025;0.05;28;0
W05;Prendre une douche plutôt qu’un bain;Eau;COCCINELLE;Coccinelle rouge;coccinelle11;28/05/2025;0.140658;357;0
W01;Prendre des douches rapides;Eau;COCCINELLE;Coccinelle rouge;coccinelle11;28/05/2025;0.25;224;0
T03;Préférer la marche ou le vélo plutôt que la voiture;Transport;COCCINELLE;Coccinelle rouge;coccinelle11;28/05/2025;0.506;0;0
T06;Couper le moteur de la voiture quand elle ne roule pas;Transport;COCCINELLE;Coccinelle rouge;coccinelle11;28/05/2025;1.518;0;0
T04;Faire du covoiturage;Transport;COCCINELLE;Coccinelle rouge;coccinelle11;28/05/2025;0.506;0;0
E06;Préférer les piles rechargeables;Electricité;COCCINELLE;Coccinelle rouge;coccinelle11;28/05/2025;0.097538;0;0
E05;Préférer les ampoules à basse consommation;Electricité;COCCINELLE;Coccinelle rouge;coccinelle11;28/05/2025;0.072803;0;0
E04;Eteindre les écrans (ordinateur. télévision. …) pour diminuer la consommation d’électricité;Electricité;COCCINELLE;Coccinelle rouge;coccinelle11;28/05/2025;0.15988;0;1
E02;Ouvrir les volets et ne pas allumer la lumière quand il fait jour dehors. ou éteindre lorsque la lumière extérieure le permet;Electricité;COCCINELLE;Coccinelle rouge;coccinelle11;28/05/2025;0.027408;0;0
E11;Couvrir les casseroles lorsqu’on fait bouillir de l’eau ou pour cuire…;Electricité;COCCINELLE;Coccinelle rouge;coccinelle11;28/05/2025;0.00293;0;0
E10;Faire sécher son linge à l'air libre au lieu d'utiliser le sèche linge chaque fois qu'on peut;Electricité;COCCINELLE;Coccinelle rouge;coccinelle11;28/05/2025;0.413462;0;0
E08;Eteindre le chauffage lorsqu’on aère une pièce;Electricité;COCCINELLE;Coccinelle rouge;coccinelle11;28/05/2025;0.000173;0;0
E01;Eteindre la lumière quand on quitte une pièce. quand on n’en a pas besoin;Electricité;COCCINELLE;Coccinelle rouge;coccinelle11;28/05/2025;0.027408;0;0
W02;Utiliser une seule dose de savon;Courses;COCCINELLE;Coccinelle rouge;coccinelle1;28/05/2025;0.05;28;0
C03;Acheter des fruits ou légumes de saison;Courses;COCCINELLE;Coccinelle rouge;coccinelle1;28/05/2025;6.932;0;0
D09;Faire du compost avec les déchets végétaux ou donner les restes alimentaires aux poules…;Déchets;COCCINELLE;Coccinelle rouge;coccinelle1;28/05/2025;0.0623;0;1.75
D03;Ne pas jeter de déchets dans la nature (chewing-gums. sacs. canettes. bouteilles…);Déchets;COCCINELLE;Coccinelle rouge;coccinelle1;28/05/2025;0.424875;0;4.486538
D01;Limiter l'utilisation du papier : Utiliser les feuilles des 2 côtés / faire du brouillon / Utiliser l'ardoise pour chercher / Prendre du papier recyclé…;Déchets;COCCINELLE;Coccinelle rouge;coccinelle1;28/05/2025;0.009641;0;0.8
B02;Ne pas tuer les araignées. les insectes (les mettre dehors…);Biodiversité;COCCINELLE;Coccinelle rouge;coccinelle1;28/05/2025;0;0;0
W07;Vider le reste de sa gourde dans les plantes;Eau;COCCINELLE;Coccinelle rouge;coccinelle1;28/05/2025;0;0.000013;0
W03;Ne pas faire couler l’eau trop longtemps quand on se lave les mains;Eau;COCCINELLE;Coccinelle rouge;coccinelle1;28/05/2025;0.004964;12.6;0
W05;Prendre une douche plutôt qu’un bain;Eau;COCCINELLE;Coccinelle rouge;coccinelle1;28/05/2025;0.140658;357;0
T03;Préférer la marche ou le vélo plutôt que la voiture;Transport;COCCINELLE;Coccinelle rouge;coccinelle1;28/05/2025;0.506;0;0
D06;Prendre soin de ses affaires pour les faire durer plus longtemps (reboucher les feutres… ne pas casser. ne pas lancer…);Déchets;COCCINELLE;Coccinelle rouge;coccinelle1;30/05/2025;0.017374;0;0.183462
B03;Donner à manger aux oiseaux dans son jardin ou sur son balcon;Biodiversité;COCCINELLE;Coccinelle rouge;coccinelle1;30/05/2025;0;0;0
E04;Eteindre les écrans (ordinateur. télévision. …) pour diminuer la consommation d’électricité;Electricité;COCCINELLE;Coccinelle rouge;coccinelle1;30/05/2025;0.15988;0;1
E11;Couvrir les casseroles lorsqu’on fait bouillir de l’eau ou pour cuire…;Electricité;COCCINELLE;Coccinelle rouge;coccinelle1;30/05/2025;0.00293;0;0
E01;Eteindre la lumière quand on quitte une pièce. quand on n’en a pas besoin;Electricité;COCCINELLE;Coccinelle rouge;coccinelle1;30/05/2025;0.027408;0;0
C06;Faire ses repas, gouter, compotes sois même plutôt que d’acheter des plats préparés;Courses;COCCINELLE;Coccinelle rouge;coccinelle1;28/05/2025;1.260407;0;0.180058
D15;Economiser les mouchoirs en papier. l'essuie-tout et le papier toilette;Déchets;COCCINELLE;Coccinelle rouge;coccinelle1;28/05/2025;0.009591;0;0.8
D08;Utiliser les bacs de tri;Déchets;COCCINELLE;Coccinelle rouge;coccinelle1;28/05/2025;0.866962;0;0
D02;Tout manger ce qu’il y a dans nos assiettes (cantine/maison);Déchets;COCCINELLE;Coccinelle rouge;coccinelle1;28/05/2025;2.453511;0;1.390385
B04;Faire un jardin potager;Biodiversité;COCCINELLE;Coccinelle rouge;coccinelle1;28/05/2025;4.48;0;0
B01;Ne pas cueillir de plante dans la nature;Biodiversité;COCCINELLE;Coccinelle rouge;coccinelle1;28/05/2025;0;0;0
W04;Tirer la petite chasse d’eau quand on fait pipi;Eau;COCCINELLE;Coccinelle rouge;coccinelle1;28/05/2025;0.006501;16.5;0
W02;Couper l’eau quand on se brosse les dents : mettre de l’eau dans un verre pour se rincer;Eau;COCCINELLE;Coccinelle rouge;coccinelle1;28/05/2025;0.05;28;0
W01;Prendre des douches rapides;Eau;COCCINELLE;Coccinelle rouge;coccinelle1;28/05/2025;0.25;224;0
T06;Couper le moteur de la voiture quand elle ne roule pas;Transport;COCCINELLE;Coccinelle rouge;coccinelle1;28/05/2025;1.518;0;0
D11;Acheter des produits en vrac. éviter les emballages individuels…;Déchets;COCCINELLE;Coccinelle rouge;coccinelle1;30/05/2025;0.38;0;0.67
D04;Ramasser les papiers et les déchets par terre pour les mettre à la poubelle;Déchets;COCCINELLE;Coccinelle rouge;coccinelle1;30/05/2025;0.00947;0;0.1
E05;Préférer les ampoules à basse consommation;Electricité;COCCINELLE;Coccinelle rouge;coccinelle1;30/05/2025;0.072803;0;0
E02;Ouvrir les volets et ne pas allumer la lumière quand il fait jour dehors. ou éteindre lorsque la lumière extérieure le permet;Electricité;COCCINELLE;Coccinelle rouge;coccinelle1;30/05/2025;0.027408;0;0
E10;Faire sécher son linge à l'air libre au lieu d'utiliser le sèche linge chaque fois qu'on peut;Electricité;COCCINELLE;Coccinelle rouge;coccinelle1;30/05/2025;0.413462;0;0
D10;Ne pas acheter de bouteilles en plastique : boire à la gourde;Déchets;COCCINELLE;Coccinelle rouge;coccinelle4;03/06/2025;0.54243;0;0.21
D07;Vendre ou donner les vêtements. les objets. les jouets dont on ne veut plus (trop petits…);Déchets;COCCINELLE;Coccinelle rouge;coccinelle4;03/06/2025;0.017374;2500;0
D03;Ne pas jeter de déchets dans la nature (chewing-gums. sacs. canettes. bouteilles…);Déchets;COCCINELLE;Coccinelle rouge;coccinelle4;03/06/2025;0.424875;0;4.486538
D01;Limiter l'utilisation du papier : Utiliser les feuilles des 2 côtés / faire du brouillon / Utiliser l'ardoise pour chercher / Prendre du papier recyclé…;Déchets;COCCINELLE;Coccinelle rouge;coccinelle4;03/06/2025;0.009641;0;0.8
B01;Ne pas cueillir de plante dans la nature;Biodiversité;COCCINELLE;Coccinelle rouge;coccinelle4;03/06/2025;0;0;0
W04;Tirer la petite chasse d’eau quand on fait pipi;Eau;COCCINELLE;Coccinelle rouge;coccinelle4;03/06/2025;0.006501;16.5;0
W02;Couper l’eau quand on se brosse les dents : mettre de l’eau dans un verre pour se rincer;Eau;COCCINELLE;Coccinelle rouge;coccinelle4;03/06/2025;0.05;28;0
W01;Prendre des douches rapides;Eau;COCCINELLE;Coccinelle rouge;coccinelle4;03/06/2025;0.25;224;0
D15;Economiser les mouchoirs en papier. l'essuie-tout et le papier toilette;Déchets;COCCINELLE;Coccinelle rouge;coccinelle4;03/06/2025;0.009591;0;0.8
D08;Utiliser les bacs de tri;Déchets;COCCINELLE;Coccinelle rouge;coccinelle4;03/06/2025;0.866962;0;0
D04;Ramasser les papiers et les déchets par terre pour les mettre à la poubelle;Déchets;COCCINELLE;Coccinelle rouge;coccinelle4;03/06/2025;0.00947;0;0.1
D02;Tout manger ce qu’il y a dans nos assiettes (cantine/maison);Déchets;COCCINELLE;Coccinelle rouge;coccinelle4;03/06/2025;2.453511;0;1.390385
B02;Ne pas tuer les araignées. les insectes (les mettre dehors…);Biodiversité;COCCINELLE;Coccinelle rouge;coccinelle4;03/06/2025;0;0;0
W07;Vider le reste de sa gourde dans les plantes;Eau;COCCINELLE;Coccinelle rouge;coccinelle4;03/06/2025;0;0.000013;0
W03;Ne pas faire couler l’eau trop longtemps quand on se lave les mains;Eau;COCCINELLE;Coccinelle rouge;coccinelle4;03/06/2025;0.004964;12.6;0
W05;Prendre une douche plutôt qu’un bain;Eau;COCCINELLE;Coccinelle rouge;coccinelle4;03/06/2025;0.140658;357;0
C03;Acheter des fruits ou légumes de saison;Courses;COCCINELLE;Coccinelle rouge;coccinelle3;10/06/2025;6.932;0;0
D15;Economiser les mouchoirs en papier. l'essuie-tout et le papier toilette;Déchets;COCCINELLE;Coccinelle rouge;coccinelle3;10/06/2025;0.009591;0;0.8
D08;Utiliser les bacs de tri;Déchets;COCCINELLE;Coccinelle rouge;coccinelle3;10/06/2025;0.866962;0;0
D06;Prendre soin de ses affaires pour les faire durer plus longtemps (reboucher les feutres… ne pas casser. ne pas lancer…);Déchets;COCCINELLE;Coccinelle rouge;coccinelle3;10/06/2025;0.017374;0;0.183462
D03;Ne pas jeter de déchets dans la nature (chewing-gums. sacs. canettes. bouteilles…);Déchets;COCCINELLE;Coccinelle rouge;coccinelle3;10/06/2025;0.424875;0;4.486538
D01;Limiter l'utilisation du papier : Utiliser les feuilles des 2 côtés / faire du brouillon / Utiliser l'ardoise pour chercher / Prendre du papier recyclé…;Déchets;COCCINELLE;Coccinelle rouge;coccinelle3;10/06/2025;0.009641;0;0.8
B01;Ne pas cueillir de plante dans la nature;Biodiversité;COCCINELLE;Coccinelle rouge;coccinelle3;10/06/2025;0;0;0
W04;Tirer la petite chasse d’eau quand on fait pipi;Eau;COCCINELLE;Coccinelle rouge;coccinelle3;10/06/2025;0.006501;16.5;0
W02;Couper l’eau quand on se brosse les dents : mettre de l’eau dans un verre pour se rincer;Eau;COCCINELLE;Coccinelle rouge;coccinelle3;10/06/2025;0.05;28;0
W01;Prendre des douches rapides;Eau;COCCINELLE;Coccinelle rouge;coccinelle3;10/06/2025;0.25;224;0
T04;Faire du covoiturage;Transport;COCCINELLE;Coccinelle rouge;coccinelle3;10/06/2025;0.506;0;0
E04;Eteindre les écrans (ordinateur. télévision. …) pour diminuer la consommation d’électricité;Electricité;COCCINELLE;Coccinelle rouge;coccinelle3;10/06/2025;0.15988;0;1
E11;Couvrir les casseroles lorsqu’on fait bouillir de l’eau ou pour cuire…;Electricité;COCCINELLE;Coccinelle rouge;coccinelle3;10/06/2025;0.00293;0;0
E08;Eteindre le chauffage lorsqu’on aère une pièce;Electricité;COCCINELLE;Coccinelle rouge;coccinelle3;10/06/2025;0.000173;0;0
T04;Faire du covoiturage;Transport;COCCINELLE;Coccinelle rouge;coccinelle1;10/06/2025;0.506;0;0
C06;Faire ses repas, gouter, compotes sois même plutôt que d’acheter des plats préparés;Courses;COCCINELLE;Coccinelle rouge;coccinelle3;10/06/2025;1.260407;0;0.180058
W02;Utiliser une seule dose de savon;Courses;COCCINELLE;Coccinelle rouge;coccinelle3;10/06/2025;0.05;28;0
D10;Ne pas acheter de bouteilles en plastique : boire à la gourde;Déchets;COCCINELLE;Coccinelle rouge;coccinelle3;10/06/2025;0.54243;0;0.21
D07;Vendre ou donner les vêtements. les objets. les jouets dont on ne veut plus (trop petits…);Déchets;COCCINELLE;Coccinelle rouge;coccinelle3;10/06/2025;0.017374;2500;0
D04;Ramasser les papiers et les déchets par terre pour les mettre à la poubelle;Déchets;COCCINELLE;Coccinelle rouge;coccinelle3;10/06/2025;0.00947;0;0.1
D02;Tout manger ce qu’il y a dans nos assiettes (cantine/maison);Déchets;COCCINELLE;Coccinelle rouge;coccinelle3;10/06/2025;2.453511;0;1.390385
B02;Ne pas tuer les araignées. les insectes (les mettre dehors…);Biodiversité;COCCINELLE;Coccinelle rouge;coccinelle3;10/06/2025;0;0;0
W07;Vider le reste de sa gourde dans les plantes;Eau;COCCINELLE;Coccinelle rouge;coccinelle3;10/06/2025;0;0.000013;0
W03;Ne pas faire couler l’eau trop longtemps quand on se lave les mains;Eau;COCCINELLE;Coccinelle rouge;coccinelle3;10/06/2025;0.004964;12.6;0
W05;Prendre une douche plutôt qu’un bain;Eau;COCCINELLE;Coccinelle rouge;coccinelle3;10/06/2025;0.140658;357;0
T06;Couper le moteur de la voiture quand elle ne roule pas;Transport;COCCINELLE;Coccinelle rouge;coccinelle3;10/06/2025;1.518;0;0
E05;Préférer les ampoules à basse consommation;Electricité;COCCINELLE;Coccinelle rouge;coccinelle3;10/06/2025;0.072803;0;0
E02;Ouvrir les volets et ne pas allumer la lumière quand il fait jour dehors. ou éteindre lorsque la lumière extérieure le permet;Electricité;COCCINELLE;Coccinelle rouge;coccinelle3;10/06/2025;0.027408;0;0
E10;Faire sécher son linge à l'air libre au lieu d'utiliser le sèche linge chaque fois qu'on peut;Electricité;COCCINELLE;Coccinelle rouge;coccinelle3;10/06/2025;0.413462;0;0
E01;Eteindre la lumière quand on quitte une pièce. quand on n’en a pas besoin;Electricité;COCCINELLE;Coccinelle rouge;coccinelle3;10/06/2025;0.027408;0;0
T04;Faire du covoiturage;Transport;COCCINELLE;Coccinelle rouge;coccinelle1;17/06/2025;0.506;0;0
W07;Vider le reste de sa gourde dans les plantes;Eau;COCCINELLE;Coccinelle rouge;coccinelle7;11/06/2025;0;0.000013;0
W03;Ne pas faire couler l’eau trop longtemps quand on se lave les mains;Eau;COCCINELLE;Coccinelle rouge;coccinelle7;11/06/2025;0.004964;12.6;0
W05;Prendre une douche plutôt qu’un bain;Eau;COCCINELLE;Coccinelle rouge;coccinelle7;11/06/2025;0.140658;357;0
T03;Préférer la marche ou le vélo plutôt que la voiture;Transport;COCCINELLE;Coccinelle rouge;coccinelle7;11/06/2025;0.506;0;0
T04;Faire du covoiturage;Transport;COCCINELLE;Coccinelle rouge;coccinelle7;11/06/2025;0.506;0;0
E05;Préférer les ampoules à basse consommation;Electricité;COCCINELLE;Coccinelle rouge;coccinelle7;11/06/2025;0.072803;0;0
E02;Ouvrir les volets et ne pas allumer la lumière quand il fait jour dehors. ou éteindre lorsque la lumière extérieure le permet;Electricité;COCCINELLE;Coccinelle rouge;coccinelle7;11/06/2025;0.027408;0;0
E10;Faire sécher son linge à l'air libre au lieu d'utiliser le sèche linge chaque fois qu'on peut;Electricité;COCCINELLE;Coccinelle rouge;coccinelle7;11/06/2025;0.413462;0;0
E01;Eteindre la lumière quand on quitte une pièce. quand on n’en a pas besoin;Electricité;COCCINELLE;Coccinelle rouge;coccinelle7;11/06/2025;0.027408;0;0
C06;Faire ses repas, gouter, compotes sois même plutôt que d’acheter des plats préparés;Courses;COCCINELLE;Coccinelle rouge;coccinelle11;11/06/2025;1.260407;0;0.180058
W02;Utiliser une seule dose de savon;Courses;COCCINELLE;Coccinelle rouge;coccinelle11;11/06/2025;0.05;28;0
D15;Economiser les mouchoirs en papier. l'essuie-tout et le papier toilette;Déchets;COCCINELLE;Coccinelle rouge;coccinelle11;11/06/2025;0.009591;0;0.8
D09;Faire du compost avec les déchets végétaux ou donner les restes alimentaires aux poules…;Déchets;COCCINELLE;Coccinelle rouge;coccinelle11;11/06/2025;0.0623;0;1.75
D07;Vendre ou donner les vêtements. les objets. les jouets dont on ne veut plus (trop petits…);Déchets;COCCINELLE;Coccinelle rouge;coccinelle11;11/06/2025;0.017374;2500;0
D04;Ramasser les papiers et les déchets par terre pour les mettre à la poubelle;Déchets;COCCINELLE;Coccinelle rouge;coccinelle11;11/06/2025;0.00947;0;0.1
D01;Limiter l'utilisation du papier : Utiliser les feuilles des 2 côtés / faire du brouillon / Utiliser l'ardoise pour chercher / Prendre du papier recyclé…;Déchets;COCCINELLE;Coccinelle rouge;coccinelle11;11/06/2025;0.009641;0;0.8
B03;Donner à manger aux oiseaux dans son jardin ou sur son balcon;Biodiversité;COCCINELLE;Coccinelle rouge;coccinelle11;11/06/2025;0;0;0
B01;Ne pas cueillir de plante dans la nature;Biodiversité;COCCINELLE;Coccinelle rouge;coccinelle11;11/06/2025;0;0;0
W04;Tirer la petite chasse d’eau quand on fait pipi;Eau;COCCINELLE;Coccinelle rouge;coccinelle11;11/06/2025;0.006501;16.5;0
W02;Couper l’eau quand on se brosse les dents : mettre de l’eau dans un verre pour se rincer;Eau;COCCINELLE;Coccinelle rouge;coccinelle11;11/06/2025;0.05;28;0
W01;Prendre des douches rapides;Eau;COCCINELLE;Coccinelle rouge;coccinelle11;11/06/2025;0.25;224;0
T06;Couper le moteur de la voiture quand elle ne roule pas;Transport;COCCINELLE;Coccinelle rouge;coccinelle11;11/06/2025;1.518;0;0
E06;Préférer les piles rechargeables;Electricité;COCCINELLE;Coccinelle rouge;coccinelle11;11/06/2025;0.097538;0;0
E04;Eteindre les écrans (ordinateur. télévision. …) pour diminuer la consommation d’électricité;Electricité;COCCINELLE;Coccinelle rouge;coccinelle11;11/06/2025;0.15988;0;1
E11;Couvrir les casseroles lorsqu’on fait bouillir de l’eau ou pour cuire…;Electricité;COCCINELLE;Coccinelle rouge;coccinelle11;11/06/2025;0.00293;0;0
E08;Eteindre le chauffage lorsqu’on aère une pièce;Electricité;COCCINELLE;Coccinelle rouge;coccinelle11;11/06/2025;0.000173;0;0
W02;Couper l’eau quand on se brosse les dents : mettre de l’eau dans un verre pour se rincer;Eau;COCCINELLE;Coccinelle rouge;coccinelle7;11/06/2025;0.05;28;0
W01;Prendre des douches rapides;Eau;COCCINELLE;Coccinelle rouge;coccinelle7;11/06/2025;0.25;224;0
T06;Couper le moteur de la voiture quand elle ne roule pas;Transport;COCCINELLE;Coccinelle rouge;coccinelle7;11/06/2025;1.518;0;0
E06;Préférer les piles rechargeables;Electricité;COCCINELLE;Coccinelle rouge;coccinelle7;11/06/2025;0.097538;0;0
E04;Eteindre les écrans (ordinateur. télévision. …) pour diminuer la consommation d’électricité;Electricité;COCCINELLE;Coccinelle rouge;coccinelle7;11/06/2025;0.15988;0;1
E11;Couvrir les casseroles lorsqu’on fait bouillir de l’eau ou pour cuire…;Electricité;COCCINELLE;Coccinelle rouge;coccinelle7;11/06/2025;0.00293;0;0
E08;Eteindre le chauffage lorsqu’on aère une pièce;Electricité;COCCINELLE;Coccinelle rouge;coccinelle7;11/06/2025;0.000173;0;0
C03;Acheter des fruits ou légumes de saison;Courses;COCCINELLE;Coccinelle rouge;coccinelle11;11/06/2025;6.932;0;0
D11;Acheter des produits en vrac. éviter les emballages individuels…;Déchets;COCCINELLE;Coccinelle rouge;coccinelle11;11/06/2025;0.38;0;0.67
D10;Ne pas acheter de bouteilles en plastique : boire à la gourde;Déchets;COCCINELLE;Coccinelle rouge;coccinelle11;11/06/2025;0.54243;0;0.21
D08;Utiliser les bacs de tri;Déchets;COCCINELLE;Coccinelle rouge;coccinelle11;11/06/2025;0.866962;0;0
D06;Prendre soin de ses affaires pour les faire durer plus longtemps (reboucher les feutres… ne pas casser. ne pas lancer…);Déchets;COCCINELLE;Coccinelle rouge;coccinelle11;11/06/2025;0.017374;0;0.183462
D03;Ne pas jeter de déchets dans la nature (chewing-gums. sacs. canettes. bouteilles…);Déchets;COCCINELLE;Coccinelle rouge;coccinelle11;11/06/2025;0.424875;0;4.486538
B04;Faire un jardin potager;Biodiversité;COCCINELLE;Coccinelle rouge;coccinelle11;11/06/2025;4.48;0;0
B02;Ne pas tuer les araignées. les insectes (les mettre dehors…);Biodiversité;COCCINELLE;Coccinelle rouge;coccinelle11;11/06/2025;0;0;0
W07;Vider le reste de sa gourde dans les plantes;Eau;COCCINELLE;Coccinelle rouge;coccinelle11;11/06/2025;0;0.000013;0
W03;Ne pas faire couler l’eau trop longtemps quand on se lave les mains;Eau;COCCINELLE;Coccinelle rouge;coccinelle11;11/06/2025;0.004964;12.6;0
W05;Prendre une douche plutôt qu’un bain;Eau;COCCINELLE;Coccinelle rouge;coccinelle11;11/06/2025;0.140658;357;0
T03;Préférer la marche ou le vélo plutôt que la voiture;Transport;COCCINELLE;Coccinelle rouge;coccinelle11;11/06/2025;0.506;0;0
T04;Faire du covoiturage;Transport;COCCINELLE;Coccinelle rouge;coccinelle11;11/06/2025;0.506;0;0
E05;Préférer les ampoules à basse consommation;Electricité;COCCINELLE;Coccinelle rouge;coccinelle11;11/06/2025;0.072803;0;0
E02;Ouvrir les volets et ne pas allumer la lumière quand il fait jour dehors. ou éteindre lorsque la lumière extérieure le permet;Electricité;COCCINELLE;Coccinelle rouge;coccinelle11;11/06/2025;0.027408;0;0
E10;Faire sécher son linge à l'air libre au lieu d'utiliser le sèche linge chaque fois qu'on peut;Electricité;COCCINELLE;Coccinelle rouge;coccinelle11;11/06/2025;0.413462;0;0
E01;Eteindre la lumière quand on quitte une pièce. quand on n’en a pas besoin;Electricité;COCCINELLE;Coccinelle rouge;coccinelle11;11/06/2025;0.027408;0;0
C06;Faire ses repas, gouter, compotes sois même plutôt que d’acheter des plats préparés;Courses;COCCINELLE;Coccinelle rouge;coccinelle1;14/06/2025;1.260407;0;0.180058
C03;Acheter des fruits ou légumes de saison;Courses;COCCINELLE;Coccinelle rouge;coccinelle1;14/06/2025;6.932;0;0
W02;Utiliser une seule dose de savon;Courses;COCCINELLE;Coccinelle rouge;coccinelle1;14/06/2025;0.05;28;0
D11;Acheter des produits en vrac. éviter les emballages individuels…;Déchets;COCCINELLE;Coccinelle rouge;coccinelle1;14/06/2025;0.38;0;0.67
D15;Economiser les mouchoirs en papier. l'essuie-tout et le papier toilette;Déchets;COCCINELLE;Coccinelle rouge;coccinelle1;14/06/2025;0.009591;0;0.8
D09;Faire du compost avec les déchets végétaux ou donner les restes alimentaires aux poules…;Déchets;COCCINELLE;Coccinelle rouge;coccinelle1;14/06/2025;0.0623;0;1.75
D08;Utiliser les bacs de tri;Déchets;COCCINELLE;Coccinelle rouge;coccinelle1;14/06/2025;0.866962;0;0
D06;Prendre soin de ses affaires pour les faire durer plus longtemps (reboucher les feutres… ne pas casser. ne pas lancer…);Déchets;COCCINELLE;Coccinelle rouge;coccinelle1;14/06/2025;0.017374;0;0.183462
D04;Ramasser les papiers et les déchets par terre pour les mettre à la poubelle;Déchets;COCCINELLE;Coccinelle rouge;coccinelle1;14/06/2025;0.00947;0;0.1
D03;Ne pas jeter de déchets dans la nature (chewing-gums. sacs. canettes. bouteilles…);Déchets;COCCINELLE;Coccinelle rouge;coccinelle1;14/06/2025;0.424875;0;4.486538
D02;Tout manger ce qu’il y a dans nos assiettes (cantine/maison);Déchets;COCCINELLE;Coccinelle rouge;coccinelle1;14/06/2025;2.453511;0;1.390385
D01;Limiter l'utilisation du papier : Utiliser les feuilles des 2 côtés / faire du brouillon / Utiliser l'ardoise pour chercher / Prendre du papier recyclé…;Déchets;COCCINELLE;Coccinelle rouge;coccinelle1;14/06/2025;0.009641;0;0.8
B04;Faire un jardin potager;Biodiversité;COCCINELLE;Coccinelle rouge;coccinelle1;14/06/2025;4.48;0;0
B02;Ne pas tuer les araignées. les insectes (les mettre dehors…);Biodiversité;COCCINELLE;Coccinelle rouge;coccinelle1;14/06/2025;0;0;0
B01;Ne pas cueillir de plante dans la nature;Biodiversité;COCCINELLE;Coccinelle rouge;coccinelle1;14/06/2025;0;0;0
W07;Vider le reste de sa gourde dans les plantes;Eau;COCCINELLE;Coccinelle rouge;coccinelle1;14/06/2025;0;0.000013;0
W04;Tirer la petite chasse d’eau quand on fait pipi;Eau;COCCINELLE;Coccinelle rouge;coccinelle1;14/06/2025;0.006501;16.5;0
W03;Ne pas faire couler l’eau trop longtemps quand on se lave les mains;Eau;COCCINELLE;Coccinelle rouge;coccinelle1;14/06/2025;0.004964;12.6;0
W02;Couper l’eau quand on se brosse les dents : mettre de l’eau dans un verre pour se rincer;Eau;COCCINELLE;Coccinelle rouge;coccinelle1;14/06/2025;0.05;28;0
W05;Prendre une douche plutôt qu’un bain;Eau;COCCINELLE;Coccinelle rouge;coccinelle1;14/06/2025;0.140658;357;0
W01;Prendre des douches rapides;Eau;COCCINELLE;Coccinelle rouge;coccinelle1;14/06/2025;0.25;224;0
T03;Préférer la marche ou le vélo plutôt que la voiture;Transport;COCCINELLE;Coccinelle rouge;coccinelle1;14/06/2025;0.506;0;0
T06;Couper le moteur de la voiture quand elle ne roule pas;Transport;COCCINELLE;Coccinelle rouge;coccinelle1;14/06/2025;1.518;0;0
E04;Eteindre les écrans (ordinateur. télévision. …) pour diminuer la consommation d’électricité;Electricité;COCCINELLE;Coccinelle rouge;coccinelle1;14/06/2025;0.15988;0;1
E02;Ouvrir les volets et ne pas allumer la lumière quand il fait jour dehors. ou éteindre lorsque la lumière extérieure le permet;Electricité;COCCINELLE;Coccinelle rouge;coccinelle1;14/06/2025;0.027408;0;0
E11;Couvrir les casseroles lorsqu’on fait bouillir de l’eau ou pour cuire…;Electricité;COCCINELLE;Coccinelle rouge;coccinelle1;14/06/2025;0.00293;0;0
E10;Faire sécher son linge à l'air libre au lieu d'utiliser le sèche linge chaque fois qu'on peut;Electricité;COCCINELLE;Coccinelle rouge;coccinelle1;14/06/2025;0.413462;0;0
E01;Eteindre la lumière quand on quitte une pièce. quand on n’en a pas besoin;Electricité;COCCINELLE;Coccinelle rouge;coccinelle1;14/06/2025;0.027408;0;0
B01;Ne pas cueillir de plante dans la nature;Biodiversité;COCCINELLE;Coccinelle rouge;coccinelle4;11/06/2025;0;0;0
D15;Economiser les mouchoirs en papier. l'essuie-tout et le papier toilette;Déchets;COCCINELLE;Coccinelle rouge;coccinelle4;11/06/2025;0.009591;0;0.8
W04;Tirer la petite chasse d’eau quand on fait pipi;Eau;COCCINELLE;Coccinelle rouge;coccinelle4;11/06/2025;0.006501;16.5;0
W05;Prendre une douche plutôt qu’un bain;Eau;COCCINELLE;Coccinelle rouge;coccinelle4;11/06/2025;0.140658;357;0
C05;Faire soi-même ses produits d’entretien pour éviter les emballages;Courses;COCCINELLE;Coccinelle rouge;coccinelle4;11/06/2025;0.006;0;0.03
C03;Acheter des fruits ou légumes de saison;Courses;COCCINELLE;Coccinelle rouge;coccinelle4;11/06/2025;6.932;0;0
C05;Faire soi-même ses produits d’entretien pour éviter les emballages;Courses;COCCINELLE;Coccinelle rouge;coccinelle7;11/06/2025;0.006;0;0.03
W02;Utiliser une seule dose de savon;Courses;COCCINELLE;Coccinelle rouge;coccinelle7;11/06/2025;0.05;28;0
D15;Economiser les mouchoirs en papier. l'essuie-tout et le papier toilette;Déchets;COCCINELLE;Coccinelle rouge;coccinelle7;11/06/2025;0.009591;0;0.8
D09;Faire du compost avec les déchets végétaux ou donner les restes alimentaires aux poules…;Déchets;COCCINELLE;Coccinelle rouge;coccinelle7;11/06/2025;0.0623;0;1.75
D07;Vendre ou donner les vêtements. les objets. les jouets dont on ne veut plus (trop petits…);Déchets;COCCINELLE;Coccinelle rouge;coccinelle7;11/06/2025;0.017374;2500;0
D04;Ramasser les papiers et les déchets par terre pour les mettre à la poubelle;Déchets;COCCINELLE;Coccinelle rouge;coccinelle7;11/06/2025;0.00947;0;0.1
D02;Tout manger ce qu’il y a dans nos assiettes (cantine/maison);Déchets;COCCINELLE;Coccinelle rouge;coccinelle7;11/06/2025;2.453511;0;1.390385
B04;Faire un jardin potager;Biodiversité;COCCINELLE;Coccinelle rouge;coccinelle7;11/06/2025;4.48;0;0
B02;Ne pas tuer les araignées. les insectes (les mettre dehors…);Biodiversité;COCCINELLE;Coccinelle rouge;coccinelle7;11/06/2025;0;0;0
E05;Préférer les ampoules à basse consommation;Electricité;COCCINELLE;Coccinelle rouge;coccinelle4;11/06/2025;0.072803;0;0
B02;Ne pas tuer les araignées. les insectes (les mettre dehors…);Biodiversité;COCCINELLE;Coccinelle rouge;coccinelle4;11/06/2025;0;0;0
D03;Ne pas jeter de déchets dans la nature (chewing-gums. sacs. canettes. bouteilles…);Déchets;COCCINELLE;Coccinelle rouge;coccinelle4;11/06/2025;0.424875;0;4.486538
W03;Ne pas faire couler l’eau trop longtemps quand on se lave les mains;Eau;COCCINELLE;Coccinelle rouge;coccinelle4;11/06/2025;0.004964;12.6;0
W01;Prendre des douches rapides;Eau;COCCINELLE;Coccinelle rouge;coccinelle4;11/06/2025;0.25;224;0
W02;Utiliser une seule dose de savon;Courses;COCCINELLE;Coccinelle rouge;coccinelle4;11/06/2025;0.05;28;0
C06;Faire ses repas, gouter, compotes sois même plutôt que d’acheter des plats préparés;Courses;COCCINELLE;Coccinelle rouge;coccinelle7;11/06/2025;1.260407;0;0.180058
C03;Acheter des fruits ou légumes de saison;Courses;COCCINELLE;Coccinelle rouge;coccinelle7;11/06/2025;6.932;0;0
D11;Acheter des produits en vrac. éviter les emballages individuels…;Déchets;COCCINELLE;Coccinelle rouge;coccinelle7;11/06/2025;0.38;0;0.67
D10;Ne pas acheter de bouteilles en plastique : boire à la gourde;Déchets;COCCINELLE;Coccinelle rouge;coccinelle7;11/06/2025;0.54243;0;0.21
D08;Utiliser les bacs de tri;Déchets;COCCINELLE;Coccinelle rouge;coccinelle7;11/06/2025;0.866962;0;0
D06;Prendre soin de ses affaires pour les faire durer plus longtemps (reboucher les feutres… ne pas casser. ne pas lancer…);Déchets;COCCINELLE;Coccinelle rouge;coccinelle7;11/06/2025;0.017374;0;0.183462
D03;Ne pas jeter de déchets dans la nature (chewing-gums. sacs. canettes. bouteilles…);Déchets;COCCINELLE;Coccinelle rouge;coccinelle7;11/06/2025;0.424875;0;4.486538
D01;Limiter l'utilisation du papier : Utiliser les feuilles des 2 côtés / faire du brouillon / Utiliser l'ardoise pour chercher / Prendre du papier recyclé…;Déchets;COCCINELLE;Coccinelle rouge;coccinelle7;11/06/2025;0.009641;0;0.8
B03;Donner à manger aux oiseaux dans son jardin ou sur son balcon;Biodiversité;COCCINELLE;Coccinelle rouge;coccinelle7;11/06/2025;0;0;0
B01;Ne pas cueillir de plante dans la nature;Biodiversité;COCCINELLE;Coccinelle rouge;coccinelle7;11/06/2025;0;0;0
W04;Tirer la petite chasse d’eau quand on fait pipi;Eau;COCCINELLE;Coccinelle rouge;coccinelle7;11/06/2025;0.006501;16.5;0
C03;Acheter des fruits ou légumes de saison;Courses;COCCINELLE;Coccinelle rouge;coccinelle11;18/06/2025;6.932;0;0
D11;Acheter des produits en vrac. éviter les emballages individuels…;Déchets;COCCINELLE;Coccinelle rouge;coccinelle11;18/06/2025;0.38;0;0.67
D10;Ne pas acheter de bouteilles en plastique : boire à la gourde;Déchets;COCCINELLE;Coccinelle rouge;coccinelle11;18/06/2025;0.54243;0;0.21
D08;Utiliser les bacs de tri;Déchets;COCCINELLE;Coccinelle rouge;coccinelle11;18/06/2025;0.866962;0;0
D06;Prendre soin de ses affaires pour les faire durer plus longtemps (reboucher les feutres… ne pas casser. ne pas lancer…);Déchets;COCCINELLE;Coccinelle rouge;coccinelle11;18/06/2025;0.017374;0;0.183462
D03;Ne pas jeter de déchets dans la nature (chewing-gums. sacs. canettes. bouteilles…);Déchets;COCCINELLE;Coccinelle rouge;coccinelle11;18/06/2025;0.424875;0;4.486538
B04;Faire un jardin potager;Biodiversité;COCCINELLE;Coccinelle rouge;coccinelle11;18/06/2025;4.48;0;0
B02;Ne pas tuer les araignées. les insectes (les mettre dehors…);Biodiversité;COCCINELLE;Coccinelle rouge;coccinelle11;18/06/2025;0;0;0
W07;Vider le reste de sa gourde dans les plantes;Eau;COCCINELLE;Coccinelle rouge;coccinelle11;18/06/2025;0;0.000013;0
W03;Ne pas faire couler l’eau trop longtemps quand on se lave les mains;Eau;COCCINELLE;Coccinelle rouge;coccinelle11;18/06/2025;0.004964;12.6;0
W02;Couper l’eau quand on se brosse les dents : mettre de l’eau dans un verre pour se rincer;Eau;COCCINELLE;Coccinelle rouge;coccinelle11;18/06/2025;0.05;28;0
W01;Prendre des douches rapides;Eau;COCCINELLE;Coccinelle rouge;coccinelle11;18/06/2025;0.25;224;0
T06;Couper le moteur de la voiture quand elle ne roule pas;Transport;COCCINELLE;Coccinelle rouge;coccinelle11;18/06/2025;1.518;0;0
E06;Préférer les piles rechargeables;Electricité;COCCINELLE;Coccinelle rouge;coccinelle11;18/06/2025;0.097538;0;0
E04;Eteindre les écrans (ordinateur. télévision. …) pour diminuer la consommation d’électricité;Electricité;COCCINELLE;Coccinelle rouge;coccinelle11;18/06/2025;0.15988;0;1
E11;Couvrir les casseroles lorsqu’on fait bouillir de l’eau ou pour cuire…;Electricité;COCCINELLE;Coccinelle rouge;coccinelle11;18/06/2025;0.00293;0;0
E08;Eteindre le chauffage lorsqu’on aère une pièce;Electricité;COCCINELLE;Coccinelle rouge;coccinelle11;18/06/2025;0.000173;0;0
E02;Ouvrir les volets et ne pas allumer la lumière quand il fait jour dehors. ou éteindre lorsque la lumière extérieure le permet;Electricité;COCCINELLE;Coccinelle rouge;coccinelle4;19/06/2025;0.027408;0;0
B02;Ne pas tuer les araignées. les insectes (les mettre dehors…);Biodiversité;COCCINELLE;Coccinelle rouge;coccinelle4;19/06/2025;0;0;0
W04;Tirer la petite chasse d’eau quand on fait pipi;Eau;COCCINELLE;Coccinelle rouge;coccinelle4;19/06/2025;0.006501;16.5;0
W02;Couper l’eau quand on se brosse les dents : mettre de l’eau dans un verre pour se rincer;Eau;COCCINELLE;Coccinelle rouge;coccinelle4;19/06/2025;0.05;28;0
W01;Prendre des douches rapides;Eau;COCCINELLE;Coccinelle rouge;coccinelle4;19/06/2025;0.25;224;0
C03;Acheter des fruits ou légumes de saison;Courses;COCCINELLE;Coccinelle rouge;coccinelle4;19/06/2025;6.932;0;0
D15;Economiser les mouchoirs en papier. l'essuie-tout et le papier toilette;Déchets;COCCINELLE;Coccinelle rouge;coccinelle4;19/06/2025;0.009591;0;0.8
D08;Utiliser les bacs de tri;Déchets;COCCINELLE;Coccinelle rouge;coccinelle4;19/06/2025;0.866962;0;0
D11;Acheter des produits en vrac. éviter les emballages individuels…;Déchets;COCCINELLE;Coccinelle rouge;coccinelle4;19/06/2025;0.38;0;0.67
C06;Faire ses repas, gouter, compotes sois même plutôt que d’acheter des plats préparés;Courses;COCCINELLE;Coccinelle rouge;coccinelle11;18/06/2025;1.260407;0;0.180058
W02;Utiliser une seule dose de savon;Courses;COCCINELLE;Coccinelle rouge;coccinelle11;18/06/2025;0.05;28;0
D15;Economiser les mouchoirs en papier. l'essuie-tout et le papier toilette;Déchets;COCCINELLE;Coccinelle rouge;coccinelle11;18/06/2025;0.009591;0;0.8
D09;Faire du compost avec les déchets végétaux ou donner les restes alimentaires aux poules…;Déchets;COCCINELLE;Coccinelle rouge;coccinelle11;18/06/2025;0.0623;0;1.75
D07;Vendre ou donner les vêtements. les objets. les jouets dont on ne veut plus (trop petits…);Déchets;COCCINELLE;Coccinelle rouge;coccinelle11;18/06/2025;0.017374;2500;0
D04;Ramasser les papiers et les déchets par terre pour les mettre à la poubelle;Déchets;COCCINELLE;Coccinelle rouge;coccinelle11;18/06/2025;0.00947;0;0.1
D01;Limiter l'utilisation du papier : Utiliser les feuilles des 2 côtés / faire du brouillon / Utiliser l'ardoise pour chercher / Prendre du papier recyclé…;Déchets;COCCINELLE;Coccinelle rouge;coccinelle11;18/06/2025;0.009641;0;0.8
B03;Donner à manger aux oiseaux dans son jardin ou sur son balcon;Biodiversité;COCCINELLE;Coccinelle rouge;coccinelle11;18/06/2025;0;0;0
B01;Ne pas cueillir de plante dans la nature;Biodiversité;COCCINELLE;Coccinelle rouge;coccinelle11;18/06/2025;0;0;0
W04;Tirer la petite chasse d’eau quand on fait pipi;Eau;COCCINELLE;Coccinelle rouge;coccinelle11;18/06/2025;0.006501;16.5;0
W05;Prendre une douche plutôt qu’un bain;Eau;COCCINELLE;Coccinelle rouge;coccinelle11;18/06/2025;0.140658;357;0
T03;Préférer la marche ou le vélo plutôt que la voiture;Transport;COCCINELLE;Coccinelle rouge;coccinelle11;18/06/2025;0.506;0;0
T04;Faire du covoiturage;Transport;COCCINELLE;Coccinelle rouge;coccinelle11;18/06/2025;0.506;0;0
E05;Préférer les ampoules à basse consommation;Electricité;COCCINELLE;Coccinelle rouge;coccinelle11;18/06/2025;0.072803;0;0
E02;Ouvrir les volets et ne pas allumer la lumière quand il fait jour dehors. ou éteindre lorsque la lumière extérieure le permet;Electricité;COCCINELLE;Coccinelle rouge;coccinelle11;18/06/2025;0.027408;0;0
E10;Faire sécher son linge à l'air libre au lieu d'utiliser le sèche linge chaque fois qu'on peut;Electricité;COCCINELLE;Coccinelle rouge;coccinelle11;18/06/2025;0.413462;0;0
E01;Eteindre la lumière quand on quitte une pièce. quand on n’en a pas besoin;Electricité;COCCINELLE;Coccinelle rouge;coccinelle11;18/06/2025;0.027408;0;0
B01;Ne pas cueillir de plante dans la nature;Biodiversité;COCCINELLE;Coccinelle rouge;coccinelle4;19/06/2025;0;0;0
W07;Vider le reste de sa gourde dans les plantes;Eau;COCCINELLE;Coccinelle rouge;coccinelle4;19/06/2025;0;0.000013;0
W03;Ne pas faire couler l’eau trop longtemps quand on se lave les mains;Eau;COCCINELLE;Coccinelle rouge;coccinelle4;19/06/2025;0.004964;12.6;0
W05;Prendre une douche plutôt qu’un bain;Eau;COCCINELLE;Coccinelle rouge;coccinelle4;19/06/2025;0.140658;357;0
W02;Utiliser une seule dose de savon;Courses;COCCINELLE;Coccinelle rouge;coccinelle4;19/06/2025;0.05;28;0
C05;Faire soi-même ses produits d’entretien pour éviter les emballages;Courses;COCCINELLE;Coccinelle rouge;coccinelle4;19/06/2025;0.006;0;0.03
D03;Ne pas jeter de déchets dans la nature (chewing-gums. sacs. canettes. bouteilles…);Déchets;COCCINELLE;Coccinelle rouge;coccinelle4;19/06/2025;0.424875;0;4.486538
D10;Ne pas acheter de bouteilles en plastique : boire à la gourde;Déchets;COCCINELLE;Coccinelle rouge;coccinelle4;19/06/2025;0.54243;0;0.21
C03;Acheter des fruits ou légumes de saison;Courses;COCCINELLE;Coccinelle rouge;coccinelle1;24/06/2025;6.932;0;0
D11;Acheter des produits en vrac. éviter les emballages individuels…;Déchets;COCCINELLE;Coccinelle rouge;coccinelle1;24/06/2025;0.38;0;0.67
D09;Faire du compost avec les déchets végétaux ou donner les restes alimentaires aux poules…;Déchets;COCCINELLE;Coccinelle rouge;coccinelle1;24/06/2025;0.0623;0;1.75
D06;Prendre soin de ses affaires pour les faire durer plus longtemps (reboucher les feutres… ne pas casser. ne pas lancer…);Déchets;COCCINELLE;Coccinelle rouge;coccinelle1;24/06/2025;0.017374;0;0.183462
D03;Ne pas jeter de déchets dans la nature (chewing-gums. sacs. canettes. bouteilles…);Déchets;COCCINELLE;Coccinelle rouge;coccinelle1;24/06/2025;0.424875;0;4.486538
D01;Limiter l'utilisation du papier : Utiliser les feuilles des 2 côtés / faire du brouillon / Utiliser l'ardoise pour chercher / Prendre du papier recyclé…;Déchets;COCCINELLE;Coccinelle rouge;coccinelle1;24/06/2025;0.009641;0;0.8
B02;Ne pas tuer les araignées. les insectes (les mettre dehors…);Biodiversité;COCCINELLE;Coccinelle rouge;coccinelle1;24/06/2025;0;0;0
W07;Vider le reste de sa gourde dans les plantes;Eau;COCCINELLE;Coccinelle rouge;coccinelle1;24/06/2025;0;0.000013;0
W03;Ne pas faire couler l’eau trop longtemps quand on se lave les mains;Eau;COCCINELLE;Coccinelle rouge;coccinelle1;24/06/2025;0.004964;12.6;0
W05;Prendre une douche plutôt qu’un bain;Eau;COCCINELLE;Coccinelle rouge;coccinelle1;24/06/2025;0.140658;357;0
T03;Préférer la marche ou le vélo plutôt que la voiture;Transport;COCCINELLE;Coccinelle rouge;coccinelle1;24/06/2025;0.506;0;0
T04;Faire du covoiturage;Transport;COCCINELLE;Coccinelle rouge;coccinelle1;24/06/2025;0.506;0;0
E02;Ouvrir les volets et ne pas allumer la lumière quand il fait jour dehors. ou éteindre lorsque la lumière extérieure le permet;Electricité;COCCINELLE;Coccinelle rouge;coccinelle1;24/06/2025;0.027408;0;0
E10;Faire sécher son linge à l'air libre au lieu d'utiliser le sèche linge chaque fois qu'on peut;Electricité;COCCINELLE;Coccinelle rouge;coccinelle1;24/06/2025;0.413462;0;0
C06;Faire ses repas, gouter, compotes sois même plutôt que d’acheter des plats préparés;Courses;COCCINELLE;Coccinelle rouge;coccinelle11;25/06/2025;1.260407;0;0.180058
C03;Acheter des fruits ou légumes de saison;Courses;COCCINELLE;Coccinelle rouge;coccinelle11;25/06/2025;6.932;0;0
D11;Acheter des produits en vrac. éviter les emballages individuels…;Déchets;COCCINELLE;Coccinelle rouge;coccinelle11;25/06/2025;0.38;0;0.67
D10;Ne pas acheter de bouteilles en plastique : boire à la gourde;Déchets;COCCINELLE;Coccinelle rouge;coccinelle11;25/06/2025;0.54243;0;0.21
D08;Utiliser les bacs de tri;Déchets;COCCINELLE;Coccinelle rouge;coccinelle11;25/06/2025;0.866962;0;0
D06;Prendre soin de ses affaires pour les faire durer plus longtemps (reboucher les feutres… ne pas casser. ne pas lancer…);Déchets;COCCINELLE;Coccinelle rouge;coccinelle11;25/06/2025;0.017374;0;0.183462
D03;Ne pas jeter de déchets dans la nature (chewing-gums. sacs. canettes. bouteilles…);Déchets;COCCINELLE;Coccinelle rouge;coccinelle11;25/06/2025;0.424875;0;4.486538
D01;Limiter l'utilisation du papier : Utiliser les feuilles des 2 côtés / faire du brouillon / Utiliser l'ardoise pour chercher / Prendre du papier recyclé…;Déchets;COCCINELLE;Coccinelle rouge;coccinelle11;25/06/2025;0.009641;0;0.8
B03;Donner à manger aux oiseaux dans son jardin ou sur son balcon;Biodiversité;COCCINELLE;Coccinelle rouge;coccinelle11;25/06/2025;0;0;0
B01;Ne pas cueillir de plante dans la nature;Biodiversité;COCCINELLE;Coccinelle rouge;coccinelle11;25/06/2025;0;0;0
W04;Tirer la petite chasse d’eau quand on fait pipi;Eau;COCCINELLE;Coccinelle rouge;coccinelle11;25/06/2025;0.006501;16.5;0
W02;Couper l’eau quand on se brosse les dents : mettre de l’eau dans un verre pour se rincer;Eau;COCCINELLE;Coccinelle rouge;coccinelle11;25/06/2025;0.05;28;0
W01;Prendre des douches rapides;Eau;COCCINELLE;Coccinelle rouge;coccinelle11;25/06/2025;0.25;224;0
T06;Couper le moteur de la voiture quand elle ne roule pas;Transport;COCCINELLE;Coccinelle rouge;coccinelle11;25/06/2025;1.518;0;0
E06;Préférer les piles rechargeables;Electricité;COCCINELLE;Coccinelle rouge;coccinelle11;25/06/2025;0.097538;0;0
E04;Eteindre les écrans (ordinateur. télévision. …) pour diminuer la consommation d’électricité;Electricité;COCCINELLE;Coccinelle rouge;coccinelle11;25/06/2025;0.15988;0;1
E11;Couvrir les casseroles lorsqu’on fait bouillir de l’eau ou pour cuire…;Electricité;COCCINELLE;Coccinelle rouge;coccinelle11;25/06/2025;0.00293;0;0
E08;Eteindre le chauffage lorsqu’on aère une pièce;Electricité;COCCINELLE;Coccinelle rouge;coccinelle11;25/06/2025;0.000173;0;0
E06;Préférer les piles rechargeables;Electricité;COCCINELLE;Coccinelle rouge;coccinelle4;27/06/2025;0.097538;0;0
W07;Vider le reste de sa gourde dans les plantes;Eau;COCCINELLE;Coccinelle rouge;coccinelle4;27/06/2025;0;0.000013;0
W02;Couper l’eau quand on se brosse les dents : mettre de l’eau dans un verre pour se rincer;Eau;COCCINELLE;Coccinelle rouge;coccinelle4;27/06/2025;0.05;28;0
W01;Prendre des douches rapides;Eau;COCCINELLE;Coccinelle rouge;coccinelle4;27/06/2025;0.25;224;0
B02;Ne pas tuer les araignées. les insectes (les mettre dehors…);Biodiversité;COCCINELLE;Coccinelle rouge;coccinelle4;27/06/2025;0;0;0
W02;Utiliser une seule dose de savon;Courses;COCCINELLE;Coccinelle rouge;coccinelle4;27/06/2025;0.05;28;0
D03;Ne pas jeter de déchets dans la nature (chewing-gums. sacs. canettes. bouteilles…);Déchets;COCCINELLE;Coccinelle rouge;coccinelle4;27/06/2025;0.424875;0;4.486538
D07;Vendre ou donner les vêtements. les objets. les jouets dont on ne veut plus (trop petits…);Déchets;COCCINELLE;Coccinelle rouge;coccinelle4;27/06/2025;0.017374;2500;0
D15;Economiser les mouchoirs en papier. l'essuie-tout et le papier toilette;Déchets;COCCINELLE;Coccinelle rouge;coccinelle4;27/06/2025;0.009591;0;0.8
C06;Faire ses repas, gouter, compotes sois même plutôt que d’acheter des plats préparés;Courses;COCCINELLE;Coccinelle rouge;coccinelle1;24/06/2025;1.260407;0;0.180058
W02;Utiliser une seule dose de savon;Courses;COCCINELLE;Coccinelle rouge;coccinelle1;24/06/2025;0.05;28;0
D15;Economiser les mouchoirs en papier. l'essuie-tout et le papier toilette;Déchets;COCCINELLE;Coccinelle rouge;coccinelle1;24/06/2025;0.009591;0;0.8
D08;Utiliser les bacs de tri;Déchets;COCCINELLE;Coccinelle rouge;coccinelle1;24/06/2025;0.866962;0;0
D04;Ramasser les papiers et les déchets par terre pour les mettre à la poubelle;Déchets;COCCINELLE;Coccinelle rouge;coccinelle1;24/06/2025;0.00947;0;0.1
D02;Tout manger ce qu’il y a dans nos assiettes (cantine/maison);Déchets;COCCINELLE;Coccinelle rouge;coccinelle1;24/06/2025;2.453511;0;1.390385
B04;Faire un jardin potager;Biodiversité;COCCINELLE;Coccinelle rouge;coccinelle1;24/06/2025;4.48;0;0
B01;Ne pas cueillir de plante dans la nature;Biodiversité;COCCINELLE;Coccinelle rouge;coccinelle1;24/06/2025;0;0;0
W04;Tirer la petite chasse d’eau quand on fait pipi;Eau;COCCINELLE;Coccinelle rouge;coccinelle1;24/06/2025;0.006501;16.5;0
W02;Couper l’eau quand on se brosse les dents : mettre de l’eau dans un verre pour se rincer;Eau;COCCINELLE;Coccinelle rouge;coccinelle1;24/06/2025;0.05;28;0
W01;Prendre des douches rapides;Eau;COCCINELLE;Coccinelle rouge;coccinelle1;24/06/2025;0.25;224;0
T06;Couper le moteur de la voiture quand elle ne roule pas;Transport;COCCINELLE;Coccinelle rouge;coccinelle1;24/06/2025;1.518;0;0
E04;Eteindre les écrans (ordinateur. télévision. …) pour diminuer la consommation d’électricité;Electricité;COCCINELLE;Coccinelle rouge;coccinelle1;24/06/2025;0.15988;0;1
E11;Couvrir les casseroles lorsqu’on fait bouillir de l’eau ou pour cuire…;Electricité;COCCINELLE;Coccinelle rouge;coccinelle1;24/06/2025;0.00293;0;0
E01;Eteindre la lumière quand on quitte une pièce. quand on n’en a pas besoin;Electricité;COCCINELLE;Coccinelle rouge;coccinelle1;24/06/2025;0.027408;0;0
W02;Utiliser une seule dose de savon;Courses;COCCINELLE;Coccinelle rouge;coccinelle11;25/06/2025;0.05;28;0
D15;Economiser les mouchoirs en papier. l'essuie-tout et le papier toilette;Déchets;COCCINELLE;Coccinelle rouge;coccinelle11;25/06/2025;0.009591;0;0.8
D09;Faire du compost avec les déchets végétaux ou donner les restes alimentaires aux poules…;Déchets;COCCINELLE;Coccinelle rouge;coccinelle11;25/06/2025;0.0623;0;1.75
D07;Vendre ou donner les vêtements. les objets. les jouets dont on ne veut plus (trop petits…);Déchets;COCCINELLE;Coccinelle rouge;coccinelle11;25/06/2025;0.017374;2500;0
D04;Ramasser les papiers et les déchets par terre pour les mettre à la poubelle;Déchets;COCCINELLE;Coccinelle rouge;coccinelle11;25/06/2025;0.00947;0;0.1
D02;Tout manger ce qu’il y a dans nos assiettes (cantine/maison);Déchets;COCCINELLE;Coccinelle rouge;coccinelle11;25/06/2025;2.453511;0;1.390385
B04;Faire un jardin potager;Biodiversité;COCCINELLE;Coccinelle rouge;coccinelle11;25/06/2025;4.48;0;0
B02;Ne pas tuer les araignées. les insectes (les mettre dehors…);Biodiversité;COCCINELLE;Coccinelle rouge;coccinelle11;25/06/2025;0;0;0
W07;Vider le reste de sa gourde dans les plantes;Eau;COCCINELLE;Coccinelle rouge;coccinelle11;25/06/2025;0;0.000013;0
W03;Ne pas faire couler l’eau trop longtemps quand on se lave les mains;Eau;COCCINELLE;Coccinelle rouge;coccinelle11;25/06/2025;0.004964;12.6;0
W05;Prendre une douche plutôt qu’un bain;Eau;COCCINELLE;Coccinelle rouge;coccinelle11;25/06/2025;0.140658;357;0
T03;Préférer la marche ou le vélo plutôt que la voiture;Transport;COCCINELLE;Coccinelle rouge;coccinelle11;25/06/2025;0.506;0;0
T04;Faire du covoiturage;Transport;COCCINELLE;Coccinelle rouge;coccinelle11;25/06/2025;0.506;0;0
E05;Préférer les ampoules à basse consommation;Electricité;COCCINELLE;Coccinelle rouge;coccinelle11;25/06/2025;0.072803;0;0
E02;Ouvrir les volets et ne pas allumer la lumière quand il fait jour dehors. ou éteindre lorsque la lumière extérieure le permet;Electricité;COCCINELLE;Coccinelle rouge;coccinelle11;25/06/2025;0.027408;0;0
E10;Faire sécher son linge à l'air libre au lieu d'utiliser le sèche linge chaque fois qu'on peut;Electricité;COCCINELLE;Coccinelle rouge;coccinelle11;25/06/2025;0.413462;0;0
E01;Eteindre la lumière quand on quitte une pièce. quand on n’en a pas besoin;Electricité;COCCINELLE;Coccinelle rouge;coccinelle11;25/06/2025;0.027408;0;0
E05;Préférer les ampoules à basse consommation;Electricité;COCCINELLE;Coccinelle rouge;coccinelle4;27/06/2025;0.072803;0;0
W04;Tirer la petite chasse d’eau quand on fait pipi;Eau;COCCINELLE;Coccinelle rouge;coccinelle4;27/06/2025;0.006501;16.5;0
W03;Ne pas faire couler l’eau trop longtemps quand on se lave les mains;Eau;COCCINELLE;Coccinelle rouge;coccinelle4;27/06/2025;0.004964;12.6;0
W05;Prendre une douche plutôt qu’un bain;Eau;COCCINELLE;Coccinelle rouge;coccinelle4;27/06/2025;0.140658;357;0
B01;Ne pas cueillir de plante dans la nature;Biodiversité;COCCINELLE;Coccinelle rouge;coccinelle4;27/06/2025;0;0;0
C05;Faire soi-même ses produits d’entretien pour éviter les emballages;Courses;COCCINELLE;Coccinelle rouge;coccinelle4;27/06/2025;0.006;0;0.03
C03;Acheter des fruits ou légumes de saison;Courses;COCCINELLE;Coccinelle rouge;coccinelle4;27/06/2025;6.932;0;0
D04;Ramasser les papiers et les déchets par terre pour les mettre à la poubelle;Déchets;COCCINELLE;Coccinelle rouge;coccinelle4;27/06/2025;0.00947;0;0.1
D08;Utiliser les bacs de tri;Déchets;COCCINELLE;Coccinelle rouge;coccinelle4;27/06/2025;0.866962;0;0
D11;Acheter des produits en vrac. éviter les emballages individuels…;Déchets;COCCINELLE;Coccinelle rouge;coccinelle4;27/06/2025;0.38;0;0.67
C06;Faire ses repas, gouter, compotes sois même plutôt que d’acheter des plats préparés;Courses;COCCINELLE;Coccinelle rouge;coccinelle7;29/06/2025;1.260407;0;0.180058
C03;Acheter des fruits ou légumes de saison;Courses;COCCINELLE;Coccinelle rouge;coccinelle7;29/06/2025;6.932;0;0
D11;Acheter des produits en vrac. éviter les emballages individuels…;Déchets;COCCINELLE;Coccinelle rouge;coccinelle7;29/06/2025;0.38;0;0.67
D10;Ne pas acheter de bouteilles en plastique : boire à la gourde;Déchets;COCCINELLE;Coccinelle rouge;coccinelle7;29/06/2025;0.54243;0;0.21
D08;Utiliser les bacs de tri;Déchets;COCCINELLE;Coccinelle rouge;coccinelle7;29/06/2025;0.866962;0;0
D06;Prendre soin de ses affaires pour les faire durer plus longtemps (reboucher les feutres… ne pas casser. ne pas lancer…);Déchets;COCCINELLE;Coccinelle rouge;coccinelle7;29/06/2025;0.017374;0;0.183462
D03;Ne pas jeter de déchets dans la nature (chewing-gums. sacs. canettes. bouteilles…);Déchets;COCCINELLE;Coccinelle rouge;coccinelle7;29/06/2025;0.424875;0;4.486538
D01;Limiter l'utilisation du papier : Utiliser les feuilles des 2 côtés / faire du brouillon / Utiliser l'ardoise pour chercher / Prendre du papier recyclé…;Déchets;COCCINELLE;Coccinelle rouge;coccinelle7;29/06/2025;0.009641;0;0.8
B03;Donner à manger aux oiseaux dans son jardin ou sur son balcon;Biodiversité;COCCINELLE;Coccinelle rouge;coccinelle7;29/06/2025;0;0;0
B01;Ne pas cueillir de plante dans la nature;Biodiversité;COCCINELLE;Coccinelle rouge;coccinelle7;29/06/2025;0;0;0
W04;Tirer la petite chasse d’eau quand on fait pipi;Eau;COCCINELLE;Coccinelle rouge;coccinelle7;29/06/2025;0.006501;16.5;0
W02;Couper l’eau quand on se brosse les dents : mettre de l’eau dans un verre pour se rincer;Eau;COCCINELLE;Coccinelle rouge;coccinelle7;29/06/2025;0.05;28;0
W01;Prendre des douches rapides;Eau;COCCINELLE;Coccinelle rouge;coccinelle7;29/06/2025;0.25;224;0
T06;Couper le moteur de la voiture quand elle ne roule pas;Transport;COCCINELLE;Coccinelle rouge;coccinelle7;29/06/2025;1.518;0;0
E06;Préférer les piles rechargeables;Electricité;COCCINELLE;Coccinelle rouge;coccinelle7;29/06/2025;0.097538;0;0
E04;Eteindre les écrans (ordinateur. télévision. …) pour diminuer la consommation d’électricité;Electricité;COCCINELLE;Coccinelle rouge;coccinelle7;29/06/2025;0.15988;0;1
E11;Couvrir les casseroles lorsqu’on fait bouillir de l’eau ou pour cuire…;Electricité;COCCINELLE;Coccinelle rouge;coccinelle7;29/06/2025;0.00293;0;0
E08;Eteindre le chauffage lorsqu’on aère une pièce;Electricité;COCCINELLE;Coccinelle rouge;coccinelle7;29/06/2025;0.000173;0;0
C03;Acheter des fruits ou légumes de saison;Courses;COCCINELLE;Coccinelle rouge;coccinelle1;01/07/2025;6.932;0;0
D11;Acheter des produits en vrac. éviter les emballages individuels…;Déchets;COCCINELLE;Coccinelle rouge;coccinelle1;01/07/2025;0.38;0;0.67
D09;Faire du compost avec les déchets végétaux ou donner les restes alimentaires aux poules…;Déchets;COCCINELLE;Coccinelle rouge;coccinelle1;01/07/2025;0.0623;0;1.75
D06;Prendre soin de ses affaires pour les faire durer plus longtemps (reboucher les feutres… ne pas casser. ne pas lancer…);Déchets;COCCINELLE;Coccinelle rouge;coccinelle1;01/07/2025;0.017374;0;0.183462
D03;Ne pas jeter de déchets dans la nature (chewing-gums. sacs. canettes. bouteilles…);Déchets;COCCINELLE;Coccinelle rouge;coccinelle1;01/07/2025;0.424875;0;4.486538
D01;Limiter l'utilisation du papier : Utiliser les feuilles des 2 côtés / faire du brouillon / Utiliser l'ardoise pour chercher / Prendre du papier recyclé…;Déchets;COCCINELLE;Coccinelle rouge;coccinelle1;01/07/2025;0.009641;0;0.8
B02;Ne pas tuer les araignées. les insectes (les mettre dehors…);Biodiversité;COCCINELLE;Coccinelle rouge;coccinelle1;01/07/2025;0;0;0
W07;Vider le reste de sa gourde dans les plantes;Eau;COCCINELLE;Coccinelle rouge;coccinelle1;01/07/2025;0;0.000013;0
W03;Ne pas faire couler l’eau trop longtemps quand on se lave les mains;Eau;COCCINELLE;Coccinelle rouge;coccinelle1;01/07/2025;0.004964;12.6;0
W05;Prendre une douche plutôt qu’un bain;Eau;COCCINELLE;Coccinelle rouge;coccinelle1;01/07/2025;0.140658;357;0
T03;Préférer la marche ou le vélo plutôt que la voiture;Transport;COCCINELLE;Coccinelle rouge;coccinelle1;01/07/2025;0.506;0;0
E05;Préférer les ampoules à basse consommation;Electricité;COCCINELLE;Coccinelle rouge;coccinelle1;01/07/2025;0.072803;0;0
E02;Ouvrir les volets et ne pas allumer la lumière quand il fait jour dehors. ou éteindre lorsque la lumière extérieure le permet;Electricité;COCCINELLE;Coccinelle rouge;coccinelle1;01/07/2025;0.027408;0;0
E10;Faire sécher son linge à l'air libre au lieu d'utiliser le sèche linge chaque fois qu'on peut;Electricité;COCCINELLE;Coccinelle rouge;coccinelle1;01/07/2025;0.413462;0;0
C05;Faire soi-même ses produits d’entretien pour éviter les emballages;Courses;COCCINELLE;Coccinelle rouge;coccinelle7;29/06/2025;0.006;0;0.03
W02;Utiliser une seule dose de savon;Courses;COCCINELLE;Coccinelle rouge;coccinelle7;29/06/2025;0.05;28;0
D15;Economiser les mouchoirs en papier. l'essuie-tout et le papier toilette;Déchets;COCCINELLE;Coccinelle rouge;coccinelle7;29/06/2025;0.009591;0;0.8
D09;Faire du compost avec les déchets végétaux ou donner les restes alimentaires aux poules…;Déchets;COCCINELLE;Coccinelle rouge;coccinelle7;29/06/2025;0.0623;0;1.75
D07;Vendre ou donner les vêtements. les objets. les jouets dont on ne veut plus (trop petits…);Déchets;COCCINELLE;Coccinelle rouge;coccinelle7;29/06/2025;0.017374;2500;0
D04;Ramasser les papiers et les déchets par terre pour les mettre à la poubelle;Déchets;COCCINELLE;Coccinelle rouge;coccinelle7;29/06/2025;0.00947;0;0.1
D02;Tout manger ce qu’il y a dans nos assiettes (cantine/maison);Déchets;COCCINELLE;Coccinelle rouge;coccinelle7;29/06/2025;2.453511;0;1.390385
B04;Faire un jardin potager;Biodiversité;COCCINELLE;Coccinelle rouge;coccinelle7;29/06/2025;4.48;0;0
B02;Ne pas tuer les araignées. les insectes (les mettre dehors…);Biodiversité;COCCINELLE;Coccinelle rouge;coccinelle7;29/06/2025;0;0;0
W07;Vider le reste de sa gourde dans les plantes;Eau;COCCINELLE;Coccinelle rouge;coccinelle7;29/06/2025;0;0.000013;0
W03;Ne pas faire couler l’eau trop longtemps quand on se lave les mains;Eau;COCCINELLE;Coccinelle rouge;coccinelle7;29/06/2025;0.004964;12.6;0
W05;Prendre une douche plutôt qu’un bain;Eau;COCCINELLE;Coccinelle rouge;coccinelle7;29/06/2025;0.140658;357;0
T03;Préférer la marche ou le vélo plutôt que la voiture;Transport;COCCINELLE;Coccinelle rouge;coccinelle7;29/06/2025;0.506;0;0
T04;Faire du covoiturage;Transport;COCCINELLE;Coccinelle rouge;coccinelle7;29/06/2025;0.506;0;0
E05;Préférer les ampoules à basse consommation;Electricité;COCCINELLE;Coccinelle rouge;coccinelle7;29/06/2025;0.072803;0;0
E02;Ouvrir les volets et ne pas allumer la lumière quand il fait jour dehors. ou éteindre lorsque la lumière extérieure le permet;Electricité;COCCINELLE;Coccinelle rouge;coccinelle7;29/06/2025;0.027408;0;0
E10;Faire sécher son linge à l'air libre au lieu d'utiliser le sèche linge chaque fois qu'on peut;Electricité;COCCINELLE;Coccinelle rouge;coccinelle7;29/06/2025;0.413462;0;0
E01;Eteindre la lumière quand on quitte une pièce. quand on n’en a pas besoin;Electricité;COCCINELLE;Coccinelle rouge;coccinelle7;29/06/2025;0.027408;0;0
C06;Faire ses repas, gouter, compotes sois même plutôt que d’acheter des plats préparés;Courses;COCCINELLE;Coccinelle rouge;coccinelle1;01/07/2025;1.260407;0;0.180058
W02;Utiliser une seule dose de savon;Courses;COCCINELLE;Coccinelle rouge;coccinelle1;01/07/2025;0.05;28;0
D15;Economiser les mouchoirs en papier. l'essuie-tout et le papier toilette;Déchets;COCCINELLE;Coccinelle rouge;coccinelle1;01/07/2025;0.009591;0;0.8
D08;Utiliser les bacs de tri;Déchets;COCCINELLE;Coccinelle rouge;coccinelle1;01/07/2025;0.866962;0;0
D04;Ramasser les papiers et les déchets par terre pour les mettre à la poubelle;Déchets;COCCINELLE;Coccinelle rouge;coccinelle1;01/07/2025;0.00947;0;0.1
D02;Tout manger ce qu’il y a dans nos assiettes (cantine/maison);Déchets;COCCINELLE;Coccinelle rouge;coccinelle1;01/07/2025;2.453511;0;1.390385
B04;Faire un jardin potager;Biodiversité;COCCINELLE;Coccinelle rouge;coccinelle1;01/07/2025;4.48;0;0
B01;Ne pas cueillir de plante dans la nature;Biodiversité;COCCINELLE;Coccinelle rouge;coccinelle1;01/07/2025;0;0;0
W04;Tirer la petite chasse d’eau quand on fait pipi;Eau;COCCINELLE;Coccinelle rouge;coccinelle1;01/07/2025;0.006501;16.5;0
W02;Couper l’eau quand on se brosse les dents : mettre de l’eau dans un verre pour se rincer;Eau;COCCINELLE;Coccinelle rouge;coccinelle1;01/07/2025;0.05;28;0
W01;Prendre des douches rapides;Eau;COCCINELLE;Coccinelle rouge;coccinelle1;01/07/2025;0.25;224;0
T06;Couper le moteur de la voiture quand elle ne roule pas;Transport;COCCINELLE;Coccinelle rouge;coccinelle1;01/07/2025;1.518;0;0
E04;Eteindre les écrans (ordinateur. télévision. …) pour diminuer la consommation d’électricité;Electricité;COCCINELLE;Coccinelle rouge;coccinelle1;01/07/2025;0.15988;0;1
E11;Couvrir les casseroles lorsqu’on fait bouillir de l’eau ou pour cuire…;Electricité;COCCINELLE;Coccinelle rouge;coccinelle1;01/07/2025;0.00293;0;0
E01;Eteindre la lumière quand on quitte une pièce. quand on n’en a pas besoin;Electricité;COCCINELLE;Coccinelle rouge;coccinelle1;01/07/2025;0.027408;0;0
W02;Utiliser une seule dose de savon;Courses;ECUREUIL;Ecureuil orange;ecureuil4;04/04/2025;0.05;28;0
C03;Acheter des fruits ou légumes de saison;Courses;ECUREUIL;Ecureuil orange;ecureuil4;04/04/2025;6.932;0;0
D15;Economiser les mouchoirs en papier. l'essuie-tout et le papier toilette;Déchets;ECUREUIL;Ecureuil orange;ecureuil4;04/04/2025;0.009591;0;0.8
D10;Ne pas acheter de bouteilles en plastique : boire à la gourde;Déchets;ECUREUIL;Ecureuil orange;ecureuil4;04/04/2025;0.54243;0;0.21
D09;Faire du compost avec les déchets végétaux ou donner les restes alimentaires aux poules…;Déchets;ECUREUIL;Ecureuil orange;ecureuil4;04/04/2025;0.0623;0;1.75
D08;Utiliser les bacs de tri;Déchets;ECUREUIL;Ecureuil orange;ecureuil4;04/04/2025;0.866962;0;0
D07;Vendre ou donner les vêtements. les objets. les jouets dont on ne veut plus (trop petits…);Déchets;ECUREUIL;Ecureuil orange;ecureuil4;04/04/2025;0.017374;2500;0
B04;Faire un jardin potager;Biodiversité;ECUREUIL;Ecureuil orange;ecureuil4;04/04/2025;4.48;0;0
B03;Donner à manger aux oiseaux dans son jardin ou sur son balcon;Biodiversité;ECUREUIL;Ecureuil orange;ecureuil4;04/04/2025;0;0;0
B02;Ne pas tuer les araignées. les insectes (les mettre dehors…);Biodiversité;ECUREUIL;Ecureuil orange;ecureuil4;04/04/2025;0;0;0
B01;Ne pas cueillir de plante dans la nature;Biodiversité;ECUREUIL;Ecureuil orange;ecureuil4;04/04/2025;0;0;0
C06;Faire ses repas, gouter, compotes sois même plutôt que d’acheter des plats préparés;Courses;ECUREUIL;Ecureuil orange;ecureuil4;04/04/2025;1.260407;0;0.180058
W07;Vider le reste de sa gourde dans les plantes;Eau;ECUREUIL;Ecureuil orange;ecureuil4;04/04/2025;0;0.000013;0
W04;Tirer la petite chasse d’eau quand on fait pipi;Eau;ECUREUIL;Ecureuil orange;ecureuil4;04/04/2025;0.006501;16.5;0
W03;Ne pas faire couler l’eau trop longtemps quand on se lave les mains;Eau;ECUREUIL;Ecureuil orange;ecureuil4;04/04/2025;0.004964;12.6;0
W02;Couper l’eau quand on se brosse les dents : mettre de l’eau dans un verre pour se rincer;Eau;ECUREUIL;Ecureuil orange;ecureuil4;04/04/2025;0.05;28;0
W05;Prendre une douche plutôt qu’un bain;Eau;ECUREUIL;Ecureuil orange;ecureuil4;04/04/2025;0.140658;357;0
W01;Prendre des douches rapides;Eau;ECUREUIL;Ecureuil orange;ecureuil4;04/04/2025;0.25;224;0
T03;Préférer la marche ou le vélo plutôt que la voiture;Transport;ECUREUIL;Ecureuil orange;ecureuil4;04/04/2025;0.506;0;0
T06;Couper le moteur de la voiture quand elle ne roule pas;Transport;ECUREUIL;Ecureuil orange;ecureuil4;04/04/2025;1.518;0;0
T04;Faire du covoiturage;Transport;ECUREUIL;Ecureuil orange;ecureuil4;04/04/2025;0.506;0;0
E05;Préférer les ampoules à basse consommation;Electricité;ECUREUIL;Ecureuil orange;ecureuil4;04/04/2025;0.072803;0;0
E04;Eteindre les écrans (ordinateur. télévision. …) pour diminuer la consommation d’électricité;Electricité;ECUREUIL;Ecureuil orange;ecureuil4;04/04/2025;0.15988;0;1
E02;Ouvrir les volets et ne pas allumer la lumière quand il fait jour dehors. ou éteindre lorsque la lumière extérieure le permet;Electricité;ECUREUIL;Ecureuil orange;ecureuil4;04/04/2025;0.027408;0;0
E11;Couvrir les casseroles lorsqu’on fait bouillir de l’eau ou pour cuire…;Electricité;ECUREUIL;Ecureuil orange;ecureuil4;04/04/2025;0.00293;0;0
E10;Faire sécher son linge à l'air libre au lieu d'utiliser le sèche linge chaque fois qu'on peut;Electricité;ECUREUIL;Ecureuil orange;ecureuil4;04/04/2025;0.413462;0;0
D06;Prendre soin de ses affaires pour les faire durer plus longtemps (reboucher les feutres… ne pas casser. ne pas lancer…);Déchets;ECUREUIL;Ecureuil orange;ecureuil4;04/04/2025;0.017374;0;0.183462
D04;Ramasser les papiers et les déchets par terre pour les mettre à la poubelle;Déchets;ECUREUIL;Ecureuil orange;ecureuil4;04/04/2025;0.00947;0;0.1
D03;Ne pas jeter de déchets dans la nature (chewing-gums. sacs. canettes. bouteilles…);Déchets;ECUREUIL;Ecureuil orange;ecureuil4;04/04/2025;0.424875;0;4.486538
D01;Limiter l'utilisation du papier : Utiliser les feuilles des 2 côtés / faire du brouillon / Utiliser l'ardoise pour chercher / Prendre du papier recyclé…;Déchets;ECUREUIL;Ecureuil orange;ecureuil4;04/04/2025;0.009641;0;0.8
E08;Eteindre le chauffage lorsqu’on aère une pièce;Electricité;ECUREUIL;Ecureuil orange;ecureuil4;04/04/2025;0.000173;0;0
E01;Eteindre la lumière quand on quitte une pièce. quand on n’en a pas besoin;Electricité;ECUREUIL;Ecureuil orange;ecureuil4;04/04/2025;0.027408;0;0
C06;Faire ses repas, gouter, compotes sois même plutôt que d’acheter des plats préparés;Courses;ECUREUIL;Ecureuil orange;ecureuil1;04/04/2025;1.260407;0;0.180058
C03;Acheter des fruits ou légumes de saison;Courses;ECUREUIL;Ecureuil orange;ecureuil1;04/04/2025;6.932;0;0
W02;Utiliser une seule dose de savon;Courses;ECUREUIL;Ecureuil orange;ecureuil1;04/04/2025;0.05;28;0
D15;Economiser les mouchoirs en papier. l'essuie-tout et le papier toilette;Déchets;ECUREUIL;Ecureuil orange;ecureuil1;04/04/2025;0.009591;0;0.8
D10;Ne pas acheter de bouteilles en plastique : boire à la gourde;Déchets;ECUREUIL;Ecureuil orange;ecureuil1;04/04/2025;0.54243;0;0.21
D09;Faire du compost avec les déchets végétaux ou donner les restes alimentaires aux poules…;Déchets;ECUREUIL;Ecureuil orange;ecureuil1;04/04/2025;0.0623;0;1.75
D08;Utiliser les bacs de tri;Déchets;ECUREUIL;Ecureuil orange;ecureuil1;04/04/2025;0.866962;0;0
D07;Vendre ou donner les vêtements. les objets. les jouets dont on ne veut plus (trop petits…);Déchets;ECUREUIL;Ecureuil orange;ecureuil1;04/04/2025;0.017374;2500;0
D06;Prendre soin de ses affaires pour les faire durer plus longtemps (reboucher les feutres… ne pas casser. ne pas lancer…);Déchets;ECUREUIL;Ecureuil orange;ecureuil1;04/04/2025;0.017374;0;0.183462
D04;Ramasser les papiers et les déchets par terre pour les mettre à la poubelle;Déchets;ECUREUIL;Ecureuil orange;ecureuil1;04/04/2025;0.00947;0;0.1
D03;Ne pas jeter de déchets dans la nature (chewing-gums. sacs. canettes. bouteilles…);Déchets;ECUREUIL;Ecureuil orange;ecureuil1;04/04/2025;0.424875;0;4.486538
D02;Tout manger ce qu’il y a dans nos assiettes (cantine/maison);Déchets;ECUREUIL;Ecureuil orange;ecureuil1;04/04/2025;2.453511;0;1.390385
D01;Limiter l'utilisation du papier : Utiliser les feuilles des 2 côtés / faire du brouillon / Utiliser l'ardoise pour chercher / Prendre du papier recyclé…;Déchets;ECUREUIL;Ecureuil orange;ecureuil1;04/04/2025;0.009641;0;0.8
B04;Faire un jardin potager;Biodiversité;ECUREUIL;Ecureuil orange;ecureuil1;04/04/2025;4.48;0;0
B02;Ne pas tuer les araignées. les insectes (les mettre dehors…);Biodiversité;ECUREUIL;Ecureuil orange;ecureuil1;04/04/2025;0;0;0
B01;Ne pas cueillir de plante dans la nature;Biodiversité;ECUREUIL;Ecureuil orange;ecureuil1;04/04/2025;0;0;0
W04;Tirer la petite chasse d’eau quand on fait pipi;Eau;ECUREUIL;Ecureuil orange;ecureuil1;04/04/2025;0.006501;16.5;0
W03;Ne pas faire couler l’eau trop longtemps quand on se lave les mains;Eau;ECUREUIL;Ecureuil orange;ecureuil1;04/04/2025;0.004964;12.6;0
W02;Couper l’eau quand on se brosse les dents : mettre de l’eau dans un verre pour se rincer;Eau;ECUREUIL;Ecureuil orange;ecureuil1;04/04/2025;0.05;28;0
W05;Prendre une douche plutôt qu’un bain;Eau;ECUREUIL;Ecureuil orange;ecureuil1;04/04/2025;0.140658;357;0
W01;Prendre des douches rapides;Eau;ECUREUIL;Ecureuil orange;ecureuil1;04/04/2025;0.25;224;0
T04;Faire du covoiturage;Transport;ECUREUIL;Ecureuil orange;ecureuil1;04/04/2025;0.506;0;0
E05;Préférer les ampoules à basse consommation;Electricité;ECUREUIL;Ecureuil orange;ecureuil1;04/04/2025;0.072803;0;0
E04;Eteindre les écrans (ordinateur. télévision. …) pour diminuer la consommation d’électricité;Electricité;ECUREUIL;Ecureuil orange;ecureuil1;04/04/2025;0.15988;0;1
E02;Ouvrir les volets et ne pas allumer la lumière quand il fait jour dehors. ou éteindre lorsque la lumière extérieure le permet;Electricité;ECUREUIL;Ecureuil orange;ecureuil1;04/04/2025;0.027408;0;0
E10;Faire sécher son linge à l'air libre au lieu d'utiliser le sèche linge chaque fois qu'on peut;Electricité;ECUREUIL;Ecureuil orange;ecureuil1;04/04/2025;0.413462;0;0
E01;Eteindre la lumière quand on quitte une pièce. quand on n’en a pas besoin;Electricité;ECUREUIL;Ecureuil orange;ecureuil1;04/04/2025;0.027408;0;0
D10;Ne pas acheter de bouteilles en plastique : boire à la gourde;Déchets;ECUREUIL;Ecureuil orange;ecureuil15;07/04/2025;0.54243;0;0.21
D07;Vendre ou donner les vêtements. les objets. les jouets dont on ne veut plus (trop petits…);Déchets;ECUREUIL;Ecureuil orange;ecureuil15;07/04/2025;0.017374;2500;0
W02;Utiliser une seule dose de savon;Courses;ECUREUIL;Ecureuil orange;ecureuil15;07/04/2025;0.05;28;0
B02;Ne pas tuer les araignées. les insectes (les mettre dehors…);Biodiversité;ECUREUIL;Ecureuil orange;ecureuil15;07/04/2025;0;0;0
W04;Tirer la petite chasse d’eau quand on fait pipi;Eau;ECUREUIL;Ecureuil orange;ecureuil15;07/04/2025;0.006501;16.5;0
W02;Couper l’eau quand on se brosse les dents : mettre de l’eau dans un verre pour se rincer;Eau;ECUREUIL;Ecureuil orange;ecureuil15;07/04/2025;0.05;28;0
W01;Prendre des douches rapides;Eau;ECUREUIL;Ecureuil orange;ecureuil15;07/04/2025;0.25;224;0
E05;Préférer les ampoules à basse consommation;Electricité;ECUREUIL;Ecureuil orange;ecureuil15;07/04/2025;0.072803;0;0
E10;Faire sécher son linge à l'air libre au lieu d'utiliser le sèche linge chaque fois qu'on peut;Electricité;ECUREUIL;Ecureuil orange;ecureuil15;07/04/2025;0.413462;0;0
D08;Utiliser les bacs de tri;Déchets;ECUREUIL;Ecureuil orange;ecureuil15;07/04/2025;0.866962;0;0
D02;Tout manger ce qu’il y a dans nos assiettes (cantine/maison);Déchets;ECUREUIL;Ecureuil orange;ecureuil15;07/04/2025;2.453511;0;1.390385
B01;Ne pas cueillir de plante dans la nature;Biodiversité;ECUREUIL;Ecureuil orange;ecureuil15;07/04/2025;0;0;0
W07;Vider le reste de sa gourde dans les plantes;Eau;ECUREUIL;Ecureuil orange;ecureuil15;07/04/2025;0;0.000013;0
W03;Ne pas faire couler l’eau trop longtemps quand on se lave les mains;Eau;ECUREUIL;Ecureuil orange;ecureuil15;07/04/2025;0.004964;12.6;0
W05;Prendre une douche plutôt qu’un bain;Eau;ECUREUIL;Ecureuil orange;ecureuil15;07/04/2025;0.140658;357;0
T06;Couper le moteur de la voiture quand elle ne roule pas;Transport;ECUREUIL;Ecureuil orange;ecureuil15;07/04/2025;1.518;0;0
E02;Ouvrir les volets et ne pas allumer la lumière quand il fait jour dehors. ou éteindre lorsque la lumière extérieure le permet;Electricité;ECUREUIL;Ecureuil orange;ecureuil15;07/04/2025;0.027408;0;0
E08;Eteindre le chauffage lorsqu’on aère une pièce;Electricité;ECUREUIL;Ecureuil orange;ecureuil15;07/04/2025;0.000173;0;0
E01;Eteindre la lumière quand on quitte une pièce. quand on n’en a pas besoin;Electricité;ECUREUIL;Ecureuil orange;ecureuil15;07/04/2025;0.027408;0;0
E05;Préférer les ampoules à basse consommation;Electricité;ECUREUIL;Ecureuil orange;ecureuil2;07/04/2025;0.072803;0;0
E02;Ouvrir les volets et ne pas allumer la lumière quand il fait jour dehors. ou éteindre lorsque la lumière extérieure le permet;Electricité;ECUREUIL;Ecureuil orange;ecureuil2;07/04/2025;0.027408;0;0
E11;Couvrir les casseroles lorsqu’on fait bouillir de l’eau ou pour cuire…;Electricité;ECUREUIL;Ecureuil orange;ecureuil2;07/04/2025;0.00293;0;0
E10;Faire sécher son linge à l'air libre au lieu d'utiliser le sèche linge chaque fois qu'on peut;Electricité;ECUREUIL;Ecureuil orange;ecureuil2;07/04/2025;0.413462;0;0
E08;Eteindre le chauffage lorsqu’on aère une pièce;Electricité;ECUREUIL;Ecureuil orange;ecureuil2;07/04/2025;0.000173;0;0
E01;Eteindre la lumière quand on quitte une pièce. quand on n’en a pas besoin;Electricité;ECUREUIL;Ecureuil orange;ecureuil2;07/04/2025;0.027408;0;0
T03;Préférer la marche ou le vélo plutôt que la voiture;Transport;ECUREUIL;Ecureuil orange;ecureuil2;07/04/2025;0.506;0;0
T06;Couper le moteur de la voiture quand elle ne roule pas;Transport;ECUREUIL;Ecureuil orange;ecureuil2;07/04/2025;1.518;0;0
T04;Faire du covoiturage;Transport;ECUREUIL;Ecureuil orange;ecureuil2;07/04/2025;0.506;0;0
W04;Tirer la petite chasse d’eau quand on fait pipi;Eau;ECUREUIL;Ecureuil orange;ecureuil2;07/04/2025;0.006501;16.5;0
W03;Ne pas faire couler l’eau trop longtemps quand on se lave les mains;Eau;ECUREUIL;Ecureuil orange;ecureuil2;07/04/2025;0.004964;12.6;0
W02;Couper l’eau quand on se brosse les dents : mettre de l’eau dans un verre pour se rincer;Eau;ECUREUIL;Ecureuil orange;ecureuil2;07/04/2025;0.05;28;0
W05;Prendre une douche plutôt qu’un bain;Eau;ECUREUIL;Ecureuil orange;ecureuil2;07/04/2025;0.140658;357;0
B04;Faire un jardin potager;Biodiversité;ECUREUIL;Ecureuil orange;ecureuil2;07/04/2025;4.48;0;0
B02;Ne pas tuer les araignées. les insectes (les mettre dehors…);Biodiversité;ECUREUIL;Ecureuil orange;ecureuil2;07/04/2025;0;0;0
B01;Ne pas cueillir de plante dans la nature;Biodiversité;ECUREUIL;Ecureuil orange;ecureuil2;07/04/2025;0;0;0
D11;Acheter des produits en vrac. éviter les emballages individuels…;Déchets;ECUREUIL;Ecureuil orange;ecureuil2;07/04/2025;0.38;0;0.67
D10;Ne pas acheter de bouteilles en plastique : boire à la gourde;Déchets;ECUREUIL;Ecureuil orange;ecureuil2;07/04/2025;0.54243;0;0.21
D08;Utiliser les bacs de tri;Déchets;ECUREUIL;Ecureuil orange;ecureuil2;07/04/2025;0.866962;0;0
D03;Ne pas jeter de déchets dans la nature (chewing-gums. sacs. canettes. bouteilles…);Déchets;ECUREUIL;Ecureuil orange;ecureuil2;07/04/2025;0.424875;0;4.486538
D01;Limiter l'utilisation du papier : Utiliser les feuilles des 2 côtés / faire du brouillon / Utiliser l'ardoise pour chercher / Prendre du papier recyclé…;Déchets;ECUREUIL;Ecureuil orange;ecureuil2;07/04/2025;0.009641;0;0.8
D15;Economiser les mouchoirs en papier. l'essuie-tout et le papier toilette;Déchets;ECUREUIL;Ecureuil orange;ecureuil2;07/04/2025;0.009591;0;0.8
D09;Faire du compost avec les déchets végétaux ou donner les restes alimentaires aux poules…;Déchets;ECUREUIL;Ecureuil orange;ecureuil2;07/04/2025;0.0623;0;1.75
D07;Vendre ou donner les vêtements. les objets. les jouets dont on ne veut plus (trop petits…);Déchets;ECUREUIL;Ecureuil orange;ecureuil2;07/04/2025;0.017374;2500;0
D04;Ramasser les papiers et les déchets par terre pour les mettre à la poubelle;Déchets;ECUREUIL;Ecureuil orange;ecureuil2;07/04/2025;0.00947;0;0.1
D02;Tout manger ce qu’il y a dans nos assiettes (cantine/maison);Déchets;ECUREUIL;Ecureuil orange;ecureuil2;07/04/2025;2.453511;0;1.390385
C06;Faire ses repas, gouter, compotes sois même plutôt que d’acheter des plats préparés;Courses;ECUREUIL;Ecureuil orange;ecureuil2;07/04/2025;1.260407;0;0.180058
C03;Acheter des fruits ou légumes de saison;Courses;ECUREUIL;Ecureuil orange;ecureuil2;07/04/2025;6.932;0;0
W02;Utiliser une seule dose de savon;Courses;ECUREUIL;Ecureuil orange;ecureuil2;07/04/2025;0.05;28;0
W02;Utiliser une seule dose de savon;Courses;ECUREUIL;Ecureuil orange;ecureuil6;08/04/2025;0.05;28;0
D10;Ne pas acheter de bouteilles en plastique : boire à la gourde;Déchets;ECUREUIL;Ecureuil orange;ecureuil6;08/04/2025;0.54243;0;0.21
D06;Prendre soin de ses affaires pour les faire durer plus longtemps (reboucher les feutres… ne pas casser. ne pas lancer…);Déchets;ECUREUIL;Ecureuil orange;ecureuil6;08/04/2025;0.017374;0;0.183462
D03;Ne pas jeter de déchets dans la nature (chewing-gums. sacs. canettes. bouteilles…);Déchets;ECUREUIL;Ecureuil orange;ecureuil6;08/04/2025;0.424875;0;4.486538
B03;Donner à manger aux oiseaux dans son jardin ou sur son balcon;Biodiversité;ECUREUIL;Ecureuil orange;ecureuil6;08/04/2025;0;0;0
W04;Tirer la petite chasse d’eau quand on fait pipi;Eau;ECUREUIL;Ecureuil orange;ecureuil6;08/04/2025;0.006501;16.5;0
W02;Couper l’eau quand on se brosse les dents : mettre de l’eau dans un verre pour se rincer;Eau;ECUREUIL;Ecureuil orange;ecureuil6;08/04/2025;0.05;28;0
E04;Eteindre les écrans (ordinateur. télévision. …) pour diminuer la consommation d’électricité;Electricité;ECUREUIL;Ecureuil orange;ecureuil6;08/04/2025;0.15988;0;1
E08;Eteindre le chauffage lorsqu’on aère une pièce;Electricité;ECUREUIL;Ecureuil orange;ecureuil6;08/04/2025;0.000173;0;0
C05;Faire soi-même ses produits d’entretien pour éviter les emballages;Courses;ECUREUIL;Ecureuil orange;ecureuil10;16/05/2025;0.006;0;0.03
W02;Utiliser une seule dose de savon;Courses;ECUREUIL;Ecureuil orange;ecureuil10;16/05/2025;0.05;28;0
D15;Economiser les mouchoirs en papier. l'essuie-tout et le papier toilette;Déchets;ECUREUIL;Ecureuil orange;ecureuil10;16/05/2025;0.009591;0;0.8
D09;Faire du compost avec les déchets végétaux ou donner les restes alimentaires aux poules…;Déchets;ECUREUIL;Ecureuil orange;ecureuil10;16/05/2025;0.0623;0;1.75
D07;Vendre ou donner les vêtements. les objets. les jouets dont on ne veut plus (trop petits…);Déchets;ECUREUIL;Ecureuil orange;ecureuil10;16/05/2025;0.017374;2500;0
D04;Ramasser les papiers et les déchets par terre pour les mettre à la poubelle;Déchets;ECUREUIL;Ecureuil orange;ecureuil10;16/05/2025;0.00947;0;0.1
D02;Tout manger ce qu’il y a dans nos assiettes (cantine/maison);Déchets;ECUREUIL;Ecureuil orange;ecureuil10;16/05/2025;2.453511;0;1.390385
B04;Faire un jardin potager;Biodiversité;ECUREUIL;Ecureuil orange;ecureuil10;16/05/2025;4.48;0;0
B02;Ne pas tuer les araignées. les insectes (les mettre dehors…);Biodiversité;ECUREUIL;Ecureuil orange;ecureuil10;16/05/2025;0;0;0
W07;Vider le reste de sa gourde dans les plantes;Eau;ECUREUIL;Ecureuil orange;ecureuil10;16/05/2025;0;0.000013;0
C03;Acheter des fruits ou légumes de saison;Courses;ECUREUIL;Ecureuil orange;ecureuil6;08/04/2025;6.932;0;0
D15;Economiser les mouchoirs en papier. l'essuie-tout et le papier toilette;Déchets;ECUREUIL;Ecureuil orange;ecureuil6;08/04/2025;0.009591;0;0.8
D08;Utiliser les bacs de tri;Déchets;ECUREUIL;Ecureuil orange;ecureuil6;08/04/2025;0.866962;0;0
D04;Ramasser les papiers et les déchets par terre pour les mettre à la poubelle;Déchets;ECUREUIL;Ecureuil orange;ecureuil6;08/04/2025;0.00947;0;0.1
D01;Limiter l'utilisation du papier : Utiliser les feuilles des 2 côtés / faire du brouillon / Utiliser l'ardoise pour chercher / Prendre du papier recyclé…;Déchets;ECUREUIL;Ecureuil orange;ecureuil6;08/04/2025;0.009641;0;0.8
B02;Ne pas tuer les araignées. les insectes (les mettre dehors…);Biodiversité;ECUREUIL;Ecureuil orange;ecureuil6;08/04/2025;0;0;0
W03;Ne pas faire couler l’eau trop longtemps quand on se lave les mains;Eau;ECUREUIL;Ecureuil orange;ecureuil6;08/04/2025;0.004964;12.6;0
T03;Préférer la marche ou le vélo plutôt que la voiture;Transport;ECUREUIL;Ecureuil orange;ecureuil6;08/04/2025;0.506;0;0
E02;Ouvrir les volets et ne pas allumer la lumière quand il fait jour dehors. ou éteindre lorsque la lumière extérieure le permet;Electricité;ECUREUIL;Ecureuil orange;ecureuil6;08/04/2025;0.027408;0;0
E01;Eteindre la lumière quand on quitte une pièce. quand on n’en a pas besoin;Electricité;ECUREUIL;Ecureuil orange;ecureuil6;08/04/2025;0.027408;0;0
D11;Acheter des produits en vrac. éviter les emballages individuels…;Déchets;ECUREUIL;Ecureuil orange;ecureuil10;09/04/2025;0.38;0;0.67
D10;Ne pas acheter de bouteilles en plastique : boire à la gourde;Déchets;ECUREUIL;Ecureuil orange;ecureuil10;09/04/2025;0.54243;0;0.21
D09;Faire du compost avec les déchets végétaux ou donner les restes alimentaires aux poules…;Déchets;ECUREUIL;Ecureuil orange;ecureuil10;09/04/2025;0.0623;0;1.75
D08;Utiliser les bacs de tri;Déchets;ECUREUIL;Ecureuil orange;ecureuil10;09/04/2025;0.866962;0;0
D07;Vendre ou donner les vêtements. les objets. les jouets dont on ne veut plus (trop petits…);Déchets;ECUREUIL;Ecureuil orange;ecureuil10;09/04/2025;0.017374;2500;0
D03;Ne pas jeter de déchets dans la nature (chewing-gums. sacs. canettes. bouteilles…);Déchets;ECUREUIL;Ecureuil orange;ecureuil10;09/04/2025;0.424875;0;4.486538
D01;Limiter l'utilisation du papier : Utiliser les feuilles des 2 côtés / faire du brouillon / Utiliser l'ardoise pour chercher / Prendre du papier recyclé…;Déchets;ECUREUIL;Ecureuil orange;ecureuil10;09/04/2025;0.009641;0;0.8
C03;Acheter des fruits ou légumes de saison;Courses;ECUREUIL;Ecureuil orange;ecureuil10;09/04/2025;6.932;0;0
E05;Préférer les ampoules à basse consommation;Electricité;ECUREUIL;Ecureuil orange;ecureuil10;09/04/2025;0.072803;0;0
E02;Ouvrir les volets et ne pas allumer la lumière quand il fait jour dehors. ou éteindre lorsque la lumière extérieure le permet;Electricité;ECUREUIL;Ecureuil orange;ecureuil10;09/04/2025;0.027408;0;0
E10;Faire sécher son linge à l'air libre au lieu d'utiliser le sèche linge chaque fois qu'on peut;Electricité;ECUREUIL;Ecureuil orange;ecureuil10;09/04/2025;0.413462;0;0
T03;Préférer la marche ou le vélo plutôt que la voiture;Transport;ECUREUIL;Ecureuil orange;ecureuil10;09/04/2025;0.506;0;0
W04;Tirer la petite chasse d’eau quand on fait pipi;Eau;ECUREUIL;Ecureuil orange;ecureuil10;09/04/2025;0.006501;16.5;0
W02;Couper l’eau quand on se brosse les dents : mettre de l’eau dans un verre pour se rincer;Eau;ECUREUIL;Ecureuil orange;ecureuil10;09/04/2025;0.05;28;0
W01;Prendre des douches rapides;Eau;ECUREUIL;Ecureuil orange;ecureuil10;09/04/2025;0.25;224;0
B03;Donner à manger aux oiseaux dans son jardin ou sur son balcon;Biodiversité;ECUREUIL;Ecureuil orange;ecureuil10;09/04/2025;0;0;0
C06;Faire ses repas, gouter, compotes sois même plutôt que d’acheter des plats préparés;Courses;ECUREUIL;Ecureuil orange;ecureuil10;16/05/2025;1.260407;0;0.180058
C03;Acheter des fruits ou légumes de saison;Courses;ECUREUIL;Ecureuil orange;ecureuil10;16/05/2025;6.932;0;0
D11;Acheter des produits en vrac. éviter les emballages individuels…;Déchets;ECUREUIL;Ecureuil orange;ecureuil10;16/05/2025;0.38;0;0.67
D10;Ne pas acheter de bouteilles en plastique : boire à la gourde;Déchets;ECUREUIL;Ecureuil orange;ecureuil10;16/05/2025;0.54243;0;0.21
D08;Utiliser les bacs de tri;Déchets;ECUREUIL;Ecureuil orange;ecureuil10;16/05/2025;0.866962;0;0
E05;Préférer les ampoules à basse consommation;Electricité;ECUREUIL;Ecureuil orange;ecureuil2;14/04/2025;0.072803;0;0
E11;Couvrir les casseroles lorsqu’on fait bouillir de l’eau ou pour cuire…;Electricité;ECUREUIL;Ecureuil orange;ecureuil2;14/04/2025;0.00293;0;0
E08;Eteindre le chauffage lorsqu’on aère une pièce;Electricité;ECUREUIL;Ecureuil orange;ecureuil2;14/04/2025;0.000173;0;0
C06;Faire ses repas, gouter, compotes sois même plutôt que d’acheter des plats préparés;Courses;ECUREUIL;Ecureuil orange;ecureuil2;14/04/2025;1.260407;0;0.180058
C03;Acheter des fruits ou légumes de saison;Courses;ECUREUIL;Ecureuil orange;ecureuil2;14/04/2025;6.932;0;0
D11;Acheter des produits en vrac. éviter les emballages individuels…;Déchets;ECUREUIL;Ecureuil orange;ecureuil2;14/04/2025;0.38;0;0.67
D10;Ne pas acheter de bouteilles en plastique : boire à la gourde;Déchets;ECUREUIL;Ecureuil orange;ecureuil2;14/04/2025;0.54243;0;0.21
D08;Utiliser les bacs de tri;Déchets;ECUREUIL;Ecureuil orange;ecureuil2;14/04/2025;0.866962;0;0
D07;Vendre ou donner les vêtements. les objets. les jouets dont on ne veut plus (trop petits…);Déchets;ECUREUIL;Ecureuil orange;ecureuil2;14/04/2025;0.017374;2500;0
D06;Prendre soin de ses affaires pour les faire durer plus longtemps (reboucher les feutres… ne pas casser. ne pas lancer…);Déchets;ECUREUIL;Ecureuil orange;ecureuil2;14/04/2025;0.017374;0;0.183462
D03;Ne pas jeter de déchets dans la nature (chewing-gums. sacs. canettes. bouteilles…);Déchets;ECUREUIL;Ecureuil orange;ecureuil2;14/04/2025;0.424875;0;4.486538
D02;Tout manger ce qu’il y a dans nos assiettes (cantine/maison);Déchets;ECUREUIL;Ecureuil orange;ecureuil2;14/04/2025;2.453511;0;1.390385
B04;Faire un jardin potager;Biodiversité;ECUREUIL;Ecureuil orange;ecureuil2;14/04/2025;4.48;0;0
B02;Ne pas tuer les araignées. les insectes (les mettre dehors…);Biodiversité;ECUREUIL;Ecureuil orange;ecureuil2;14/04/2025;0;0;0
W07;Vider le reste de sa gourde dans les plantes;Eau;ECUREUIL;Ecureuil orange;ecureuil2;14/04/2025;0;0.000013;0
W03;Ne pas faire couler l’eau trop longtemps quand on se lave les mains;Eau;ECUREUIL;Ecureuil orange;ecureuil2;14/04/2025;0.004964;12.6;0
W05;Prendre une douche plutôt qu’un bain;Eau;ECUREUIL;Ecureuil orange;ecureuil2;14/04/2025;0.140658;357;0
T03;Préférer la marche ou le vélo plutôt que la voiture;Transport;ECUREUIL;Ecureuil orange;ecureuil2;14/04/2025;0.506;0;0
T04;Faire du covoiturage;Transport;ECUREUIL;Ecureuil orange;ecureuil2;14/04/2025;0.506;0;0
D06;Prendre soin de ses affaires pour les faire durer plus longtemps (reboucher les feutres… ne pas casser. ne pas lancer…);Déchets;ECUREUIL;Ecureuil orange;ecureuil10;16/05/2025;0.017374;0;0.183462
D03;Ne pas jeter de déchets dans la nature (chewing-gums. sacs. canettes. bouteilles…);Déchets;ECUREUIL;Ecureuil orange;ecureuil10;16/05/2025;0.424875;0;4.486538
D01;Limiter l'utilisation du papier : Utiliser les feuilles des 2 côtés / faire du brouillon / Utiliser l'ardoise pour chercher / Prendre du papier recyclé…;Déchets;ECUREUIL;Ecureuil orange;ecureuil10;16/05/2025;0.009641;0;0.8
B03;Donner à manger aux oiseaux dans son jardin ou sur son balcon;Biodiversité;ECUREUIL;Ecureuil orange;ecureuil10;16/05/2025;0;0;0
B01;Ne pas cueillir de plante dans la nature;Biodiversité;ECUREUIL;Ecureuil orange;ecureuil10;16/05/2025;0;0;0
W04;Tirer la petite chasse d’eau quand on fait pipi;Eau;ECUREUIL;Ecureuil orange;ecureuil10;16/05/2025;0.006501;16.5;0
W02;Couper l’eau quand on se brosse les dents : mettre de l’eau dans un verre pour se rincer;Eau;ECUREUIL;Ecureuil orange;ecureuil10;16/05/2025;0.05;28;0
W01;Prendre des douches rapides;Eau;ECUREUIL;Ecureuil orange;ecureuil10;16/05/2025;0.25;224;0
T04;Faire du covoiturage;Transport;ECUREUIL;Ecureuil orange;ecureuil10;16/05/2025;0.506;0;0
E05;Préférer les ampoules à basse consommation;Electricité;ECUREUIL;Ecureuil orange;ecureuil10;16/05/2025;0.072803;0;0
E02;Ouvrir les volets et ne pas allumer la lumière quand il fait jour dehors. ou éteindre lorsque la lumière extérieure le permet;Electricité;ECUREUIL;Ecureuil orange;ecureuil10;16/05/2025;0.027408;0;0
E08;Eteindre le chauffage lorsqu’on aère une pièce;Electricité;ECUREUIL;Ecureuil orange;ecureuil10;16/05/2025;0.000173;0;0
E01;Eteindre la lumière quand on quitte une pièce. quand on n’en a pas besoin;Electricité;ECUREUIL;Ecureuil orange;ecureuil10;16/05/2025;0.027408;0;0
C06;Faire ses repas, gouter, compotes sois même plutôt que d’acheter des plats préparés;Courses;ECUREUIL;Ecureuil orange;ecureuil1;17/05/2025;1.260407;0;0.180058
C03;Acheter des fruits ou légumes de saison;Courses;ECUREUIL;Ecureuil orange;ecureuil1;17/05/2025;6.932;0;0
D15;Economiser les mouchoirs en papier. l'essuie-tout et le papier toilette;Déchets;ECUREUIL;Ecureuil orange;ecureuil1;17/05/2025;0.009591;0;0.8
D09;Faire du compost avec les déchets végétaux ou donner les restes alimentaires aux poules…;Déchets;ECUREUIL;Ecureuil orange;ecureuil1;17/05/2025;0.0623;0;1.75
D07;Vendre ou donner les vêtements. les objets. les jouets dont on ne veut plus (trop petits…);Déchets;ECUREUIL;Ecureuil orange;ecureuil1;17/05/2025;0.017374;2500;0
D04;Ramasser les papiers et les déchets par terre pour les mettre à la poubelle;Déchets;ECUREUIL;Ecureuil orange;ecureuil1;17/05/2025;0.00947;0;0.1
D02;Tout manger ce qu’il y a dans nos assiettes (cantine/maison);Déchets;ECUREUIL;Ecureuil orange;ecureuil1;17/05/2025;2.453511;0;1.390385
B04;Faire un jardin potager;Biodiversité;ECUREUIL;Ecureuil orange;ecureuil1;17/05/2025;4.48;0;0
B02;Ne pas tuer les araignées. les insectes (les mettre dehors…);Biodiversité;ECUREUIL;Ecureuil orange;ecureuil1;17/05/2025;0;0;0
W04;Tirer la petite chasse d’eau quand on fait pipi;Eau;ECUREUIL;Ecureuil orange;ecureuil1;17/05/2025;0.006501;16.5;0
W02;Couper l’eau quand on se brosse les dents : mettre de l’eau dans un verre pour se rincer;Eau;ECUREUIL;Ecureuil orange;ecureuil1;17/05/2025;0.05;28;0
W01;Prendre des douches rapides;Eau;ECUREUIL;Ecureuil orange;ecureuil1;17/05/2025;0.25;224;0
E05;Préférer les ampoules à basse consommation;Electricité;ECUREUIL;Ecureuil orange;ecureuil1;17/05/2025;0.072803;0;0
E02;Ouvrir les volets et ne pas allumer la lumière quand il fait jour dehors. ou éteindre lorsque la lumière extérieure le permet;Electricité;ECUREUIL;Ecureuil orange;ecureuil1;17/05/2025;0.027408;0;0
E10;Faire sécher son linge à l'air libre au lieu d'utiliser le sèche linge chaque fois qu'on peut;Electricité;ECUREUIL;Ecureuil orange;ecureuil1;17/05/2025;0.413462;0;0
E01;Eteindre la lumière quand on quitte une pièce. quand on n’en a pas besoin;Electricité;ECUREUIL;Ecureuil orange;ecureuil1;17/05/2025;0.027408;0;0
D06;Prendre soin de ses affaires pour les faire durer plus longtemps (reboucher les feutres… ne pas casser. ne pas lancer…);Déchets;ECUREUIL;Ecureuil orange;ecureuil10;09/04/2025;0.017374;0;0.183462
D02;Tout manger ce qu’il y a dans nos assiettes (cantine/maison);Déchets;ECUREUIL;Ecureuil orange;ecureuil10;09/04/2025;2.453511;0;1.390385
C06;Faire ses repas, gouter, compotes sois même plutôt que d’acheter des plats préparés;Courses;ECUREUIL;Ecureuil orange;ecureuil10;09/04/2025;1.260407;0;0.180058
W02;Utiliser une seule dose de savon;Courses;ECUREUIL;Ecureuil orange;ecureuil10;09/04/2025;0.05;28;0
E04;Eteindre les écrans (ordinateur. télévision. …) pour diminuer la consommation d’électricité;Electricité;ECUREUIL;Ecureuil orange;ecureuil10;09/04/2025;0.15988;0;1
E11;Couvrir les casseroles lorsqu’on fait bouillir de l’eau ou pour cuire…;Electricité;ECUREUIL;Ecureuil orange;ecureuil10;09/04/2025;0.00293;0;0
E08;Eteindre le chauffage lorsqu’on aère une pièce;Electricité;ECUREUIL;Ecureuil orange;ecureuil10;09/04/2025;0.000173;0;0
T06;Couper le moteur de la voiture quand elle ne roule pas;Transport;ECUREUIL;Ecureuil orange;ecureuil10;09/04/2025;1.518;0;0
W03;Ne pas faire couler l’eau trop longtemps quand on se lave les mains;Eau;ECUREUIL;Ecureuil orange;ecureuil10;09/04/2025;0.004964;12.6;0
W05;Prendre une douche plutôt qu’un bain;Eau;ECUREUIL;Ecureuil orange;ecureuil10;09/04/2025;0.140658;357;0
B04;Faire un jardin potager;Biodiversité;ECUREUIL;Ecureuil orange;ecureuil10;09/04/2025;4.48;0;0
C06;Faire ses repas, gouter, compotes sois même plutôt que d’acheter des plats préparés;Courses;ECUREUIL;Ecureuil orange;ecureuil1;09/04/2025;1.260407;0;0.180058
C05;Faire soi-même ses produits d’entretien pour éviter les emballages;Courses;ECUREUIL;Ecureuil orange;ecureuil1;09/04/2025;0.006;0;0.03
W02;Utiliser une seule dose de savon;Courses;ECUREUIL;Ecureuil orange;ecureuil1;09/04/2025;0.05;28;0
D15;Economiser les mouchoirs en papier. l'essuie-tout et le papier toilette;Déchets;ECUREUIL;Ecureuil orange;ecureuil1;09/04/2025;0.009591;0;0.8
D10;Ne pas acheter de bouteilles en plastique : boire à la gourde;Déchets;ECUREUIL;Ecureuil orange;ecureuil1;09/04/2025;0.54243;0;0.21
D09;Faire du compost avec les déchets végétaux ou donner les restes alimentaires aux poules…;Déchets;ECUREUIL;Ecureuil orange;ecureuil1;09/04/2025;0.0623;0;1.75
D08;Utiliser les bacs de tri;Déchets;ECUREUIL;Ecureuil orange;ecureuil1;09/04/2025;0.866962;0;0
D07;Vendre ou donner les vêtements. les objets. les jouets dont on ne veut plus (trop petits…);Déchets;ECUREUIL;Ecureuil orange;ecureuil1;09/04/2025;0.017374;2500;0
D06;Prendre soin de ses affaires pour les faire durer plus longtemps (reboucher les feutres… ne pas casser. ne pas lancer…);Déchets;ECUREUIL;Ecureuil orange;ecureuil1;09/04/2025;0.017374;0;0.183462
D04;Ramasser les papiers et les déchets par terre pour les mettre à la poubelle;Déchets;ECUREUIL;Ecureuil orange;ecureuil1;09/04/2025;0.00947;0;0.1
D03;Ne pas jeter de déchets dans la nature (chewing-gums. sacs. canettes. bouteilles…);Déchets;ECUREUIL;Ecureuil orange;ecureuil1;09/04/2025;0.424875;0;4.486538
D02;Tout manger ce qu’il y a dans nos assiettes (cantine/maison);Déchets;ECUREUIL;Ecureuil orange;ecureuil1;09/04/2025;2.453511;0;1.390385
D01;Limiter l'utilisation du papier : Utiliser les feuilles des 2 côtés / faire du brouillon / Utiliser l'ardoise pour chercher / Prendre du papier recyclé…;Déchets;ECUREUIL;Ecureuil orange;ecureuil1;09/04/2025;0.009641;0;0.8
B02;Ne pas tuer les araignées. les insectes (les mettre dehors…);Biodiversité;ECUREUIL;Ecureuil orange;ecureuil1;09/04/2025;0;0;0
B01;Ne pas cueillir de plante dans la nature;Biodiversité;ECUREUIL;Ecureuil orange;ecureuil1;09/04/2025;0;0;0
W04;Tirer la petite chasse d’eau quand on fait pipi;Eau;ECUREUIL;Ecureuil orange;ecureuil1;09/04/2025;0.006501;16.5;0
W03;Ne pas faire couler l’eau trop longtemps quand on se lave les mains;Eau;ECUREUIL;Ecureuil orange;ecureuil1;09/04/2025;0.004964;12.6;0
W02;Couper l’eau quand on se brosse les dents : mettre de l’eau dans un verre pour se rincer;Eau;ECUREUIL;Ecureuil orange;ecureuil1;09/04/2025;0.05;28;0
W05;Prendre une douche plutôt qu’un bain;Eau;ECUREUIL;Ecureuil orange;ecureuil1;09/04/2025;0.140658;357;0
W01;Prendre des douches rapides;Eau;ECUREUIL;Ecureuil orange;ecureuil1;09/04/2025;0.25;224;0
E11;Couvrir les casseroles lorsqu’on fait bouillir de l’eau ou pour cuire…;Electricité;ECUREUIL;Ecureuil orange;ecureuil12;10/04/2025;0.00293;0;0
B04;Faire un jardin potager;Biodiversité;ECUREUIL;Ecureuil orange;ecureuil12;10/04/2025;4.48;0;0
D09;Faire du compost avec les déchets végétaux ou donner les restes alimentaires aux poules…;Déchets;ECUREUIL;Ecureuil orange;ecureuil12;10/04/2025;0.0623;0;1.75
D03;Ne pas jeter de déchets dans la nature (chewing-gums. sacs. canettes. bouteilles…);Déchets;ECUREUIL;Ecureuil orange;ecureuil12;10/04/2025;0.424875;0;4.486538
B02;Ne pas tuer les araignées. les insectes (les mettre dehors…);Biodiversité;ECUREUIL;Ecureuil orange;ecureuil12;11/04/2025;0;0;0
T06;Couper le moteur de la voiture quand elle ne roule pas;Transport;ECUREUIL;Ecureuil orange;ecureuil12;11/04/2025;1.518;0;0
E02;Ouvrir les volets et ne pas allumer la lumière quand il fait jour dehors. ou éteindre lorsque la lumière extérieure le permet;Electricité;ECUREUIL;Ecureuil orange;ecureuil2;14/04/2025;0.027408;0;0
E10;Faire sécher son linge à l'air libre au lieu d'utiliser le sèche linge chaque fois qu'on peut;Electricité;ECUREUIL;Ecureuil orange;ecureuil2;14/04/2025;0.413462;0;0
E01;Eteindre la lumière quand on quitte une pièce. quand on n’en a pas besoin;Electricité;ECUREUIL;Ecureuil orange;ecureuil2;14/04/2025;0.027408;0;0
W02;Utiliser une seule dose de savon;Courses;ECUREUIL;Ecureuil orange;ecureuil2;14/04/2025;0.05;28;0
D15;Economiser les mouchoirs en papier. l'essuie-tout et le papier toilette;Déchets;ECUREUIL;Ecureuil orange;ecureuil2;14/04/2025;0.009591;0;0.8
D09;Faire du compost avec les déchets végétaux ou donner les restes alimentaires aux poules…;Déchets;ECUREUIL;Ecureuil orange;ecureuil2;14/04/2025;0.0623;0;1.75
D04;Ramasser les papiers et les déchets par terre pour les mettre à la poubelle;Déchets;ECUREUIL;Ecureuil orange;ecureuil2;14/04/2025;0.00947;0;0.1
D01;Limiter l'utilisation du papier : Utiliser les feuilles des 2 côtés / faire du brouillon / Utiliser l'ardoise pour chercher / Prendre du papier recyclé…;Déchets;ECUREUIL;Ecureuil orange;ecureuil2;14/04/2025;0.009641;0;0.8
B01;Ne pas cueillir de plante dans la nature;Biodiversité;ECUREUIL;Ecureuil orange;ecureuil2;14/04/2025;0;0;0
W04;Tirer la petite chasse d’eau quand on fait pipi;Eau;ECUREUIL;Ecureuil orange;ecureuil2;14/04/2025;0.006501;16.5;0
W02;Couper l’eau quand on se brosse les dents : mettre de l’eau dans un verre pour se rincer;Eau;ECUREUIL;Ecureuil orange;ecureuil2;14/04/2025;0.05;28;0
W01;Prendre des douches rapides;Eau;ECUREUIL;Ecureuil orange;ecureuil2;14/04/2025;0.25;224;0
T06;Couper le moteur de la voiture quand elle ne roule pas;Transport;ECUREUIL;Ecureuil orange;ecureuil2;14/04/2025;1.518;0;0
C03;Acheter des fruits ou légumes de saison;Courses;ECUREUIL;Ecureuil orange;ecureuil10;03/05/2025;6.932;0;0
D11;Acheter des produits en vrac. éviter les emballages individuels…;Déchets;ECUREUIL;Ecureuil orange;ecureuil10;03/05/2025;0.38;0;0.67
D10;Ne pas acheter de bouteilles en plastique : boire à la gourde;Déchets;ECUREUIL;Ecureuil orange;ecureuil10;03/05/2025;0.54243;0;0.21
W03;Ne pas faire couler l’eau trop longtemps quand on se lave les mains;Eau;ECUREUIL;Ecureuil orange;ecureuil10;16/05/2025;0.004964;12.6;0
W05;Prendre une douche plutôt qu’un bain;Eau;ECUREUIL;Ecureuil orange;ecureuil10;16/05/2025;0.140658;357;0
T03;Préférer la marche ou le vélo plutôt que la voiture;Transport;ECUREUIL;Ecureuil orange;ecureuil10;16/05/2025;0.506;0;0
T06;Couper le moteur de la voiture quand elle ne roule pas;Transport;ECUREUIL;Ecureuil orange;ecureuil10;16/05/2025;1.518;0;0
E04;Eteindre les écrans (ordinateur. télévision. …) pour diminuer la consommation d’électricité;Electricité;ECUREUIL;Ecureuil orange;ecureuil10;16/05/2025;0.15988;0;1
E11;Couvrir les casseroles lorsqu’on fait bouillir de l’eau ou pour cuire…;Electricité;ECUREUIL;Ecureuil orange;ecureuil10;16/05/2025;0.00293;0;0
E10;Faire sécher son linge à l'air libre au lieu d'utiliser le sèche linge chaque fois qu'on peut;Electricité;ECUREUIL;Ecureuil orange;ecureuil10;16/05/2025;0.413462;0;0
D08;Utiliser les bacs de tri;Déchets;ECUREUIL;Ecureuil orange;ecureuil10;03/05/2025;0.866962;0;0
D06;Prendre soin de ses affaires pour les faire durer plus longtemps (reboucher les feutres… ne pas casser. ne pas lancer…);Déchets;ECUREUIL;Ecureuil orange;ecureuil10;03/05/2025;0.017374;0;0.183462
D03;Ne pas jeter de déchets dans la nature (chewing-gums. sacs. canettes. bouteilles…);Déchets;ECUREUIL;Ecureuil orange;ecureuil10;03/05/2025;0.424875;0;4.486538
D01;Limiter l'utilisation du papier : Utiliser les feuilles des 2 côtés / faire du brouillon / Utiliser l'ardoise pour chercher / Prendre du papier recyclé…;Déchets;ECUREUIL;Ecureuil orange;ecureuil10;03/05/2025;0.009641;0;0.8
B03;Donner à manger aux oiseaux dans son jardin ou sur son balcon;Biodiversité;ECUREUIL;Ecureuil orange;ecureuil10;03/05/2025;0;0;0
B01;Ne pas cueillir de plante dans la nature;Biodiversité;ECUREUIL;Ecureuil orange;ecureuil10;03/05/2025;0;0;0
W04;Tirer la petite chasse d’eau quand on fait pipi;Eau;ECUREUIL;Ecureuil orange;ecureuil10;03/05/2025;0.006501;16.5;0
W02;Couper l’eau quand on se brosse les dents : mettre de l’eau dans un verre pour se rincer;Eau;ECUREUIL;Ecureuil orange;ecureuil10;03/05/2025;0.05;28;0
W01;Prendre des douches rapides;Eau;ECUREUIL;Ecureuil orange;ecureuil10;03/05/2025;0.25;224;0
T06;Couper le moteur de la voiture quand elle ne roule pas;Transport;ECUREUIL;Ecureuil orange;ecureuil10;03/05/2025;1.518;0;0
E04;Eteindre les écrans (ordinateur. télévision. …) pour diminuer la consommation d’électricité;Electricité;ECUREUIL;Ecureuil orange;ecureuil10;03/05/2025;0.15988;0;1
C05;Faire soi-même ses produits d’entretien pour éviter les emballages;Courses;ECUREUIL;Ecureuil orange;ecureuil1;17/05/2025;0.006;0;0.03
W02;Utiliser une seule dose de savon;Courses;ECUREUIL;Ecureuil orange;ecureuil1;17/05/2025;0.05;28;0
E05;Préférer les ampoules à basse consommation;Electricité;ECUREUIL;Ecureuil orange;ecureuil12;10/04/2025;0.072803;0;0
E08;Eteindre le chauffage lorsqu’on aère une pièce;Electricité;ECUREUIL;Ecureuil orange;ecureuil12;10/04/2025;0.000173;0;0
B03;Donner à manger aux oiseaux dans son jardin ou sur son balcon;Biodiversité;ECUREUIL;Ecureuil orange;ecureuil12;10/04/2025;0;0;0
D08;Utiliser les bacs de tri;Déchets;ECUREUIL;Ecureuil orange;ecureuil12;10/04/2025;0.866962;0;0
C03;Acheter des fruits ou légumes de saison;Courses;ECUREUIL;Ecureuil orange;ecureuil12;10/04/2025;6.932;0;0
W02;Couper l’eau quand on se brosse les dents : mettre de l’eau dans un verre pour se rincer;Eau;ECUREUIL;Ecureuil orange;ecureuil12;11/04/2025;0.05;28;0
C03;Acheter des fruits ou légumes de saison;Courses;ECUREUIL;Ecureuil orange;ecureuil6;13/04/2025;6.932;0;0
D08;Utiliser les bacs de tri;Déchets;ECUREUIL;Ecureuil orange;ecureuil6;13/04/2025;0.866962;0;0
W04;Tirer la petite chasse d’eau quand on fait pipi;Eau;ECUREUIL;Ecureuil orange;ecureuil6;13/04/2025;0.006501;16.5;0
W05;Prendre une douche plutôt qu’un bain;Eau;ECUREUIL;Ecureuil orange;ecureuil6;13/04/2025;0.140658;357;0
E05;Préférer les ampoules à basse consommation;Electricité;ECUREUIL;Ecureuil orange;ecureuil6;13/04/2025;0.072803;0;0
E01;Eteindre la lumière quand on quitte une pièce. quand on n’en a pas besoin;Electricité;ECUREUIL;Ecureuil orange;ecureuil6;13/04/2025;0.027408;0;0
W02;Utiliser une seule dose de savon;Courses;ECUREUIL;Ecureuil orange;ecureuil7;13/04/2025;0.05;28;0
D08;Utiliser les bacs de tri;Déchets;ECUREUIL;Ecureuil orange;ecureuil7;13/04/2025;0.866962;0;0
B02;Ne pas tuer les araignées. les insectes (les mettre dehors…);Biodiversité;ECUREUIL;Ecureuil orange;ecureuil7;13/04/2025;0;0;0
W02;Couper l’eau quand on se brosse les dents : mettre de l’eau dans un verre pour se rincer;Eau;ECUREUIL;Ecureuil orange;ecureuil7;13/04/2025;0.05;28;0
C05;Faire soi-même ses produits d’entretien pour éviter les emballages;Courses;ECUREUIL;Ecureuil orange;ecureuil15;15/04/2025;0.006;0;0.03
W02;Utiliser une seule dose de savon;Courses;ECUREUIL;Ecureuil orange;ecureuil15;15/04/2025;0.05;28;0
D15;Economiser les mouchoirs en papier. l'essuie-tout et le papier toilette;Déchets;ECUREUIL;Ecureuil orange;ecureuil15;15/04/2025;0.009591;0;0.8
D08;Utiliser les bacs de tri;Déchets;ECUREUIL;Ecureuil orange;ecureuil15;15/04/2025;0.866962;0;0
D06;Prendre soin de ses affaires pour les faire durer plus longtemps (reboucher les feutres… ne pas casser. ne pas lancer…);Déchets;ECUREUIL;Ecureuil orange;ecureuil15;15/04/2025;0.017374;0;0.183462
D03;Ne pas jeter de déchets dans la nature (chewing-gums. sacs. canettes. bouteilles…);Déchets;ECUREUIL;Ecureuil orange;ecureuil15;15/04/2025;0.424875;0;4.486538
D01;Limiter l'utilisation du papier : Utiliser les feuilles des 2 côtés / faire du brouillon / Utiliser l'ardoise pour chercher / Prendre du papier recyclé…;Déchets;ECUREUIL;Ecureuil orange;ecureuil15;15/04/2025;0.009641;0;0.8
B03;Donner à manger aux oiseaux dans son jardin ou sur son balcon;Biodiversité;ECUREUIL;Ecureuil orange;ecureuil15;15/04/2025;0;0;0
B01;Ne pas cueillir de plante dans la nature;Biodiversité;ECUREUIL;Ecureuil orange;ecureuil15;15/04/2025;0;0;0
W04;Tirer la petite chasse d’eau quand on fait pipi;Eau;ECUREUIL;Ecureuil orange;ecureuil15;15/04/2025;0.006501;16.5;0
W02;Couper l’eau quand on se brosse les dents : mettre de l’eau dans un verre pour se rincer;Eau;ECUREUIL;Ecureuil orange;ecureuil15;15/04/2025;0.05;28;0
W01;Prendre des douches rapides;Eau;ECUREUIL;Ecureuil orange;ecureuil15;15/04/2025;0.25;224;0
E06;Préférer les piles rechargeables;Electricité;ECUREUIL;Ecureuil orange;ecureuil15;15/04/2025;0.097538;0;0
E04;Eteindre les écrans (ordinateur. télévision. …) pour diminuer la consommation d’électricité;Electricité;ECUREUIL;Ecureuil orange;ecureuil15;15/04/2025;0.15988;0;1
E11;Couvrir les casseroles lorsqu’on fait bouillir de l’eau ou pour cuire…;Electricité;ECUREUIL;Ecureuil orange;ecureuil15;15/04/2025;0.00293;0;0
E08;Eteindre le chauffage lorsqu’on aère une pièce;Electricité;ECUREUIL;Ecureuil orange;ecureuil15;15/04/2025;0.000173;0;0
T03;Préférer la marche ou le vélo plutôt que la voiture;Transport;ECUREUIL;Ecureuil orange;ecureuil15;15/04/2025;0.506;0;0
D03;Ne pas jeter de déchets dans la nature (chewing-gums. sacs. canettes. bouteilles…);Déchets;ECUREUIL;Ecureuil orange;ecureuil7;15/04/2025;0.424875;0;4.486538
D11;Acheter des produits en vrac. éviter les emballages individuels…;Déchets;ECUREUIL;Ecureuil orange;ecureuil8;15/04/2025;0.38;0;0.67
D07;Vendre ou donner les vêtements. les objets. les jouets dont on ne veut plus (trop petits…);Déchets;ECUREUIL;Ecureuil orange;ecureuil8;15/04/2025;0.017374;2500;0
D04;Ramasser les papiers et les déchets par terre pour les mettre à la poubelle;Déchets;ECUREUIL;Ecureuil orange;ecureuil8;15/04/2025;0.00947;0;0.1
D01;Limiter l'utilisation du papier : Utiliser les feuilles des 2 côtés / faire du brouillon / Utiliser l'ardoise pour chercher / Prendre du papier recyclé…;Déchets;ECUREUIL;Ecureuil orange;ecureuil8;15/04/2025;0.009641;0;0.8
C06;Faire ses repas, gouter, compotes sois même plutôt que d’acheter des plats préparés;Courses;ECUREUIL;Ecureuil orange;ecureuil8;15/04/2025;1.260407;0;0.180058
W02;Utiliser une seule dose de savon;Courses;ECUREUIL;Ecureuil orange;ecureuil8;15/04/2025;0.05;28;0
E04;Eteindre les écrans (ordinateur. télévision. …) pour diminuer la consommation d’électricité;Electricité;ECUREUIL;Ecureuil orange;ecureuil8;15/04/2025;0.15988;0;1
E11;Couvrir les casseroles lorsqu’on fait bouillir de l’eau ou pour cuire…;Electricité;ECUREUIL;Ecureuil orange;ecureuil8;15/04/2025;0.00293;0;0
E08;Eteindre le chauffage lorsqu’on aère une pièce;Electricité;ECUREUIL;Ecureuil orange;ecureuil8;15/04/2025;0.000173;0;0
T03;Préférer la marche ou le vélo plutôt que la voiture;Transport;ECUREUIL;Ecureuil orange;ecureuil8;15/04/2025;0.506;0;0
T04;Faire du covoiturage;Transport;ECUREUIL;Ecureuil orange;ecureuil8;15/04/2025;0.506;0;0
W04;Tirer la petite chasse d’eau quand on fait pipi;Eau;ECUREUIL;Ecureuil orange;ecureuil8;15/04/2025;0.006501;16.5;0
W02;Couper l’eau quand on se brosse les dents : mettre de l’eau dans un verre pour se rincer;Eau;ECUREUIL;Ecureuil orange;ecureuil8;15/04/2025;0.05;28;0
W01;Prendre des douches rapides;Eau;ECUREUIL;Ecureuil orange;ecureuil8;15/04/2025;0.25;224;0
B03;Donner à manger aux oiseaux dans son jardin ou sur son balcon;Biodiversité;ECUREUIL;Ecureuil orange;ecureuil8;15/04/2025;0;0;0
D10;Ne pas acheter de bouteilles en plastique : boire à la gourde;Déchets;ECUREUIL;Ecureuil orange;ecureuil1;17/05/2025;0.54243;0;0.21
D08;Utiliser les bacs de tri;Déchets;ECUREUIL;Ecureuil orange;ecureuil1;17/05/2025;0.866962;0;0
D06;Prendre soin de ses affaires pour les faire durer plus longtemps (reboucher les feutres… ne pas casser. ne pas lancer…);Déchets;ECUREUIL;Ecureuil orange;ecureuil1;17/05/2025;0.017374;0;0.183462
D03;Ne pas jeter de déchets dans la nature (chewing-gums. sacs. canettes. bouteilles…);Déchets;ECUREUIL;Ecureuil orange;ecureuil1;17/05/2025;0.424875;0;4.486538
D01;Limiter l'utilisation du papier : Utiliser les feuilles des 2 côtés / faire du brouillon / Utiliser l'ardoise pour chercher / Prendre du papier recyclé…;Déchets;ECUREUIL;Ecureuil orange;ecureuil1;17/05/2025;0.009641;0;0.8
B03;Donner à manger aux oiseaux dans son jardin ou sur son balcon;Biodiversité;ECUREUIL;Ecureuil orange;ecureuil1;17/05/2025;0;0;0
B01;Ne pas cueillir de plante dans la nature;Biodiversité;ECUREUIL;Ecureuil orange;ecureuil1;17/05/2025;0;0;0
W03;Ne pas faire couler l’eau trop longtemps quand on se lave les mains;Eau;ECUREUIL;Ecureuil orange;ecureuil1;17/05/2025;0.004964;12.6;0
W05;Prendre une douche plutôt qu’un bain;Eau;ECUREUIL;Ecureuil orange;ecureuil1;17/05/2025;0.140658;357;0
C06;Faire ses repas, gouter, compotes sois même plutôt que d’acheter des plats préparés;Courses;ECUREUIL;Ecureuil orange;ecureuil10;03/05/2025;1.260407;0;0.180058
W02;Utiliser une seule dose de savon;Courses;ECUREUIL;Ecureuil orange;ecureuil10;03/05/2025;0.05;28;0
D15;Economiser les mouchoirs en papier. l'essuie-tout et le papier toilette;Déchets;ECUREUIL;Ecureuil orange;ecureuil10;03/05/2025;0.009591;0;0.8
D09;Faire du compost avec les déchets végétaux ou donner les restes alimentaires aux poules…;Déchets;ECUREUIL;Ecureuil orange;ecureuil10;03/05/2025;0.0623;0;1.75
D07;Vendre ou donner les vêtements. les objets. les jouets dont on ne veut plus (trop petits…);Déchets;ECUREUIL;Ecureuil orange;ecureuil10;03/05/2025;0.017374;2500;0
T06;Couper le moteur de la voiture quand elle ne roule pas;Transport;ECUREUIL;Ecureuil orange;ecureuil1;17/05/2025;1.518;0;0
E04;Eteindre les écrans (ordinateur. télévision. …) pour diminuer la consommation d’électricité;Electricité;ECUREUIL;Ecureuil orange;ecureuil1;17/05/2025;0.15988;0;1
E11;Couvrir les casseroles lorsqu’on fait bouillir de l’eau ou pour cuire…;Electricité;ECUREUIL;Ecureuil orange;ecureuil1;17/05/2025;0.00293;0;0
E08;Eteindre le chauffage lorsqu’on aère une pièce;Electricité;ECUREUIL;Ecureuil orange;ecureuil1;17/05/2025;0.000173;0;0
D04;Ramasser les papiers et les déchets par terre pour les mettre à la poubelle;Déchets;ECUREUIL;Ecureuil orange;ecureuil10;03/05/2025;0.00947;0;0.1
D10;Ne pas acheter de bouteilles en plastique : boire à la gourde;Déchets;ECUREUIL;Ecureuil orange;ecureuil6;13/04/2025;0.54243;0;0.21
B02;Ne pas tuer les araignées. les insectes (les mettre dehors…);Biodiversité;ECUREUIL;Ecureuil orange;ecureuil6;13/04/2025;0;0;0
W02;Couper l’eau quand on se brosse les dents : mettre de l’eau dans un verre pour se rincer;Eau;ECUREUIL;Ecureuil orange;ecureuil6;13/04/2025;0.05;28;0
E06;Préférer les piles rechargeables;Electricité;ECUREUIL;Ecureuil orange;ecureuil6;13/04/2025;0.097538;0;0
E02;Ouvrir les volets et ne pas allumer la lumière quand il fait jour dehors. ou éteindre lorsque la lumière extérieure le permet;Electricité;ECUREUIL;Ecureuil orange;ecureuil6;13/04/2025;0.027408;0;0
C03;Acheter des fruits ou légumes de saison;Courses;ECUREUIL;Ecureuil orange;ecureuil7;13/04/2025;6.932;0;0
D10;Ne pas acheter de bouteilles en plastique : boire à la gourde;Déchets;ECUREUIL;Ecureuil orange;ecureuil7;13/04/2025;0.54243;0;0.21
D07;Vendre ou donner les vêtements. les objets. les jouets dont on ne veut plus (trop petits…);Déchets;ECUREUIL;Ecureuil orange;ecureuil7;13/04/2025;0.017374;2500;0
W04;Tirer la petite chasse d’eau quand on fait pipi;Eau;ECUREUIL;Ecureuil orange;ecureuil7;13/04/2025;0.006501;16.5;0
W05;Prendre une douche plutôt qu’un bain;Eau;ECUREUIL;Ecureuil orange;ecureuil7;13/04/2025;0.140658;357;0
T04;Faire du covoiturage;Transport;ECUREUIL;Ecureuil orange;ecureuil7;13/04/2025;0.506;0;0
T06;Couper le moteur de la voiture quand elle ne roule pas;Transport;ECUREUIL;Ecureuil orange;ecureuil7;13/04/2025;1.518;0;0
E05;Préférer les ampoules à basse consommation;Electricité;ECUREUIL;Ecureuil orange;ecureuil7;13/04/2025;0.072803;0;0
E06;Préférer les piles rechargeables;Electricité;ECUREUIL;Ecureuil orange;ecureuil7;13/04/2025;0.097538;0;0
E02;Ouvrir les volets et ne pas allumer la lumière quand il fait jour dehors. ou éteindre lorsque la lumière extérieure le permet;Electricité;ECUREUIL;Ecureuil orange;ecureuil7;13/04/2025;0.027408;0;0
E01;Eteindre la lumière quand on quitte une pièce. quand on n’en a pas besoin;Electricité;ECUREUIL;Ecureuil orange;ecureuil7;13/04/2025;0.027408;0;0
C03;Acheter des fruits ou légumes de saison;Courses;ECUREUIL;Ecureuil orange;ecureuil4;13/04/2025;6.932;0;0
C06;Faire ses repas, gouter, compotes sois même plutôt que d’acheter des plats préparés;Courses;ECUREUIL;Ecureuil orange;ecureuil4;13/04/2025;1.260407;0;0.180058
W02;Utiliser une seule dose de savon;Courses;ECUREUIL;Ecureuil orange;ecureuil4;13/04/2025;0.05;28;0
D11;Acheter des produits en vrac. éviter les emballages individuels…;Déchets;ECUREUIL;Ecureuil orange;ecureuil4;13/04/2025;0.38;0;0.67
D15;Economiser les mouchoirs en papier. l'essuie-tout et le papier toilette;Déchets;ECUREUIL;Ecureuil orange;ecureuil4;13/04/2025;0.009591;0;0.8
D10;Ne pas acheter de bouteilles en plastique : boire à la gourde;Déchets;ECUREUIL;Ecureuil orange;ecureuil4;13/04/2025;0.54243;0;0.21
D09;Faire du compost avec les déchets végétaux ou donner les restes alimentaires aux poules…;Déchets;ECUREUIL;Ecureuil orange;ecureuil4;13/04/2025;0.0623;0;1.75
D08;Utiliser les bacs de tri;Déchets;ECUREUIL;Ecureuil orange;ecureuil4;13/04/2025;0.866962;0;0
D07;Vendre ou donner les vêtements. les objets. les jouets dont on ne veut plus (trop petits…);Déchets;ECUREUIL;Ecureuil orange;ecureuil4;13/04/2025;0.017374;2500;0
D06;Prendre soin de ses affaires pour les faire durer plus longtemps (reboucher les feutres… ne pas casser. ne pas lancer…);Déchets;ECUREUIL;Ecureuil orange;ecureuil4;13/04/2025;0.017374;0;0.183462
D04;Ramasser les papiers et les déchets par terre pour les mettre à la poubelle;Déchets;ECUREUIL;Ecureuil orange;ecureuil4;13/04/2025;0.00947;0;0.1
D03;Ne pas jeter de déchets dans la nature (chewing-gums. sacs. canettes. bouteilles…);Déchets;ECUREUIL;Ecureuil orange;ecureuil4;13/04/2025;0.424875;0;4.486538
D02;Tout manger ce qu’il y a dans nos assiettes (cantine/maison);Déchets;ECUREUIL;Ecureuil orange;ecureuil4;13/04/2025;2.453511;0;1.390385
D01;Limiter l'utilisation du papier : Utiliser les feuilles des 2 côtés / faire du brouillon / Utiliser l'ardoise pour chercher / Prendre du papier recyclé…;Déchets;ECUREUIL;Ecureuil orange;ecureuil4;13/04/2025;0.009641;0;0.8
B04;Faire un jardin potager;Biodiversité;ECUREUIL;Ecureuil orange;ecureuil4;13/04/2025;4.48;0;0
B03;Donner à manger aux oiseaux dans son jardin ou sur son balcon;Biodiversité;ECUREUIL;Ecureuil orange;ecureuil4;13/04/2025;0;0;0
B02;Ne pas tuer les araignées. les insectes (les mettre dehors…);Biodiversité;ECUREUIL;Ecureuil orange;ecureuil4;13/04/2025;0;0;0
B01;Ne pas cueillir de plante dans la nature;Biodiversité;ECUREUIL;Ecureuil orange;ecureuil4;13/04/2025;0;0;0
W07;Vider le reste de sa gourde dans les plantes;Eau;ECUREUIL;Ecureuil orange;ecureuil4;13/04/2025;0;0.000013;0
W04;Tirer la petite chasse d’eau quand on fait pipi;Eau;ECUREUIL;Ecureuil orange;ecureuil4;13/04/2025;0.006501;16.5;0
W03;Ne pas faire couler l’eau trop longtemps quand on se lave les mains;Eau;ECUREUIL;Ecureuil orange;ecureuil4;13/04/2025;0.004964;12.6;0
W02;Couper l’eau quand on se brosse les dents : mettre de l’eau dans un verre pour se rincer;Eau;ECUREUIL;Ecureuil orange;ecureuil4;13/04/2025;0.05;28;0
W05;Prendre une douche plutôt qu’un bain;Eau;ECUREUIL;Ecureuil orange;ecureuil4;13/04/2025;0.140658;357;0
W01;Prendre des douches rapides;Eau;ECUREUIL;Ecureuil orange;ecureuil4;13/04/2025;0.25;224;0
T03;Préférer la marche ou le vélo plutôt que la voiture;Transport;ECUREUIL;Ecureuil orange;ecureuil4;13/04/2025;0.506;0;0
T06;Couper le moteur de la voiture quand elle ne roule pas;Transport;ECUREUIL;Ecureuil orange;ecureuil4;13/04/2025;1.518;0;0
T04;Faire du covoiturage;Transport;ECUREUIL;Ecureuil orange;ecureuil4;13/04/2025;0.506;0;0
E05;Préférer les ampoules à basse consommation;Electricité;ECUREUIL;Ecureuil orange;ecureuil4;13/04/2025;0.072803;0;0
E04;Eteindre les écrans (ordinateur. télévision. …) pour diminuer la consommation d’électricité;Electricité;ECUREUIL;Ecureuil orange;ecureuil4;13/04/2025;0.15988;0;1
E02;Ouvrir les volets et ne pas allumer la lumière quand il fait jour dehors. ou éteindre lorsque la lumière extérieure le permet;Electricité;ECUREUIL;Ecureuil orange;ecureuil4;13/04/2025;0.027408;0;0
E11;Couvrir les casseroles lorsqu’on fait bouillir de l’eau ou pour cuire…;Electricité;ECUREUIL;Ecureuil orange;ecureuil4;13/04/2025;0.00293;0;0
E10;Faire sécher son linge à l'air libre au lieu d'utiliser le sèche linge chaque fois qu'on peut;Electricité;ECUREUIL;Ecureuil orange;ecureuil4;13/04/2025;0.413462;0;0
E08;Eteindre le chauffage lorsqu’on aère une pièce;Electricité;ECUREUIL;Ecureuil orange;ecureuil4;13/04/2025;0.000173;0;0
E01;Eteindre la lumière quand on quitte une pièce. quand on n’en a pas besoin;Electricité;ECUREUIL;Ecureuil orange;ecureuil4;13/04/2025;0.027408;0;0
C06;Faire ses repas, gouter, compotes sois même plutôt que d’acheter des plats préparés;Courses;ECUREUIL;Ecureuil orange;ecureuil15;15/04/2025;1.260407;0;0.180058
C03;Acheter des fruits ou légumes de saison;Courses;ECUREUIL;Ecureuil orange;ecureuil15;15/04/2025;6.932;0;0
D11;Acheter des produits en vrac. éviter les emballages individuels…;Déchets;ECUREUIL;Ecureuil orange;ecureuil15;15/04/2025;0.38;0;0.67
D10;Ne pas acheter de bouteilles en plastique : boire à la gourde;Déchets;ECUREUIL;Ecureuil orange;ecureuil15;15/04/2025;0.54243;0;0.21
D07;Vendre ou donner les vêtements. les objets. les jouets dont on ne veut plus (trop petits…);Déchets;ECUREUIL;Ecureuil orange;ecureuil15;15/04/2025;0.017374;2500;0
D04;Ramasser les papiers et les déchets par terre pour les mettre à la poubelle;Déchets;ECUREUIL;Ecureuil orange;ecureuil15;15/04/2025;0.00947;0;0.1
D02;Tout manger ce qu’il y a dans nos assiettes (cantine/maison);Déchets;ECUREUIL;Ecureuil orange;ecureuil15;15/04/2025;2.453511;0;1.390385
B04;Faire un jardin potager;Biodiversité;ECUREUIL;Ecureuil orange;ecureuil15;15/04/2025;4.48;0;0
B02;Ne pas tuer les araignées. les insectes (les mettre dehors…);Biodiversité;ECUREUIL;Ecureuil orange;ecureuil15;15/04/2025;0;0;0
W07;Vider le reste de sa gourde dans les plantes;Eau;ECUREUIL;Ecureuil orange;ecureuil15;15/04/2025;0;0.000013;0
W03;Ne pas faire couler l’eau trop longtemps quand on se lave les mains;Eau;ECUREUIL;Ecureuil orange;ecureuil15;15/04/2025;0.004964;12.6;0
W05;Prendre une douche plutôt qu’un bain;Eau;ECUREUIL;Ecureuil orange;ecureuil15;15/04/2025;0.140658;357;0
T06;Couper le moteur de la voiture quand elle ne roule pas;Transport;ECUREUIL;Ecureuil orange;ecureuil15;15/04/2025;1.518;0;0
E05;Préférer les ampoules à basse consommation;Electricité;ECUREUIL;Ecureuil orange;ecureuil15;15/04/2025;0.072803;0;0
E02;Ouvrir les volets et ne pas allumer la lumière quand il fait jour dehors. ou éteindre lorsque la lumière extérieure le permet;Electricité;ECUREUIL;Ecureuil orange;ecureuil15;15/04/2025;0.027408;0;0
E10;Faire sécher son linge à l'air libre au lieu d'utiliser le sèche linge chaque fois qu'on peut;Electricité;ECUREUIL;Ecureuil orange;ecureuil15;15/04/2025;0.413462;0;0
E01;Eteindre la lumière quand on quitte une pièce. quand on n’en a pas besoin;Electricité;ECUREUIL;Ecureuil orange;ecureuil15;15/04/2025;0.027408;0;0
D09;Faire du compost avec les déchets végétaux ou donner les restes alimentaires aux poules…;Déchets;ECUREUIL;Ecureuil orange;ecureuil15;15/04/2025;0.0623;0;1.75
D03;Ne pas jeter de déchets dans la nature (chewing-gums. sacs. canettes. bouteilles…);Déchets;ECUREUIL;Ecureuil orange;ecureuil6;15/04/2025;0.424875;0;4.486538
D08;Utiliser les bacs de tri;Déchets;ECUREUIL;Ecureuil orange;ecureuil8;15/04/2025;0.866962;0;0
D06;Prendre soin de ses affaires pour les faire durer plus longtemps (reboucher les feutres… ne pas casser. ne pas lancer…);Déchets;ECUREUIL;Ecureuil orange;ecureuil8;15/04/2025;0.017374;0;0.183462
D03;Ne pas jeter de déchets dans la nature (chewing-gums. sacs. canettes. bouteilles…);Déchets;ECUREUIL;Ecureuil orange;ecureuil8;15/04/2025;0.424875;0;4.486538
D02;Tout manger ce qu’il y a dans nos assiettes (cantine/maison);Déchets;ECUREUIL;Ecureuil orange;ecureuil8;15/04/2025;2.453511;0;1.390385
C03;Acheter des fruits ou légumes de saison;Courses;ECUREUIL;Ecureuil orange;ecureuil8;15/04/2025;6.932;0;0
E05;Préférer les ampoules à basse consommation;Electricité;ECUREUIL;Ecureuil orange;ecureuil8;15/04/2025;0.072803;0;0
E02;Ouvrir les volets et ne pas allumer la lumière quand il fait jour dehors. ou éteindre lorsque la lumière extérieure le permet;Electricité;ECUREUIL;Ecureuil orange;ecureuil8;15/04/2025;0.027408;0;0
E10;Faire sécher son linge à l'air libre au lieu d'utiliser le sèche linge chaque fois qu'on peut;Electricité;ECUREUIL;Ecureuil orange;ecureuil8;15/04/2025;0.413462;0;0
E01;Eteindre la lumière quand on quitte une pièce. quand on n’en a pas besoin;Electricité;ECUREUIL;Ecureuil orange;ecureuil8;15/04/2025;0.027408;0;0
T06;Couper le moteur de la voiture quand elle ne roule pas;Transport;ECUREUIL;Ecureuil orange;ecureuil8;15/04/2025;1.518;0;0
W07;Vider le reste de sa gourde dans les plantes;Eau;ECUREUIL;Ecureuil orange;ecureuil8;15/04/2025;0;0.000013;0
W03;Ne pas faire couler l’eau trop longtemps quand on se lave les mains;Eau;ECUREUIL;Ecureuil orange;ecureuil8;15/04/2025;0.004964;12.6;0
W05;Prendre une douche plutôt qu’un bain;Eau;ECUREUIL;Ecureuil orange;ecureuil8;15/04/2025;0.140658;357;0
B04;Faire un jardin potager;Biodiversité;ECUREUIL;Ecureuil orange;ecureuil8;15/04/2025;4.48;0;0
C06;Faire ses repas, gouter, compotes sois même plutôt que d’acheter des plats préparés;Courses;ECUREUIL;Ecureuil orange;ecureuil10;22/04/2025;1.260407;0;0.180058
W02;Utiliser une seule dose de savon;Courses;ECUREUIL;Ecureuil orange;ecureuil10;22/04/2025;0.05;28;0
D15;Economiser les mouchoirs en papier. l'essuie-tout et le papier toilette;Déchets;ECUREUIL;Ecureuil orange;ecureuil10;22/04/2025;0.009591;0;0.8
D09;Faire du compost avec les déchets végétaux ou donner les restes alimentaires aux poules…;Déchets;ECUREUIL;Ecureuil orange;ecureuil10;22/04/2025;0.0623;0;1.75
D07;Vendre ou donner les vêtements. les objets. les jouets dont on ne veut plus (trop petits…);Déchets;ECUREUIL;Ecureuil orange;ecureuil10;22/04/2025;0.017374;2500;0
D03;Ne pas jeter de déchets dans la nature (chewing-gums. sacs. canettes. bouteilles…);Déchets;ECUREUIL;Ecureuil orange;ecureuil10;22/04/2025;0.424875;0;4.486538
D01;Limiter l'utilisation du papier : Utiliser les feuilles des 2 côtés / faire du brouillon / Utiliser l'ardoise pour chercher / Prendre du papier recyclé…;Déchets;ECUREUIL;Ecureuil orange;ecureuil10;22/04/2025;0.009641;0;0.8
B03;Donner à manger aux oiseaux dans son jardin ou sur son balcon;Biodiversité;ECUREUIL;Ecureuil orange;ecureuil10;22/04/2025;0;0;0
T04;Faire du covoiturage;Transport;ECUREUIL;Ecureuil orange;ecureuil2;19/05/2025;0.506;0;0
E06;Préférer les piles rechargeables;Electricité;ECUREUIL;Ecureuil orange;ecureuil2;19/05/2025;0.097538;0;0
E08;Eteindre le chauffage lorsqu’on aère une pièce;Electricité;ECUREUIL;Ecureuil orange;ecureuil2;19/05/2025;0.000173;0;0
E02;Ouvrir les volets et ne pas allumer la lumière quand il fait jour dehors. ou éteindre lorsque la lumière extérieure le permet;Electricité;ECUREUIL;Ecureuil orange;ecureuil2;19/05/2025;0.027408;0;0
E01;Eteindre la lumière quand on quitte une pièce. quand on n’en a pas besoin;Electricité;ECUREUIL;Ecureuil orange;ecureuil2;19/05/2025;0.027408;0;0
W03;Ne pas faire couler l’eau trop longtemps quand on se lave les mains;Eau;ECUREUIL;Ecureuil orange;ecureuil2;19/05/2025;0.004964;12.6;0
W04;Tirer la petite chasse d’eau quand on fait pipi;Eau;ECUREUIL;Ecureuil orange;ecureuil2;19/05/2025;0.006501;16.5;0
W01;Prendre des douches rapides;Eau;ECUREUIL;Ecureuil orange;ecureuil2;19/05/2025;0.25;224;0
B01;Ne pas cueillir de plante dans la nature;Biodiversité;ECUREUIL;Ecureuil orange;ecureuil10;22/04/2025;0;0;0
B02;Ne pas tuer les araignées. les insectes (les mettre dehors…);Biodiversité;ECUREUIL;Ecureuil orange;ecureuil2;19/05/2025;0;0;0
D11;Acheter des produits en vrac. éviter les emballages individuels…;Déchets;ECUREUIL;Ecureuil orange;ecureuil2;19/05/2025;0.38;0;0.67
D08;Utiliser les bacs de tri;Déchets;ECUREUIL;Ecureuil orange;ecureuil2;19/05/2025;0.866962;0;0
D03;Ne pas jeter de déchets dans la nature (chewing-gums. sacs. canettes. bouteilles…);Déchets;ECUREUIL;Ecureuil orange;ecureuil2;19/05/2025;0.424875;0;4.486538
W03;Ne pas faire couler l’eau trop longtemps quand on se lave les mains;Eau;ECUREUIL;Ecureuil orange;ecureuil10;22/04/2025;0.004964;12.6;0
D15;Economiser les mouchoirs en papier. l'essuie-tout et le papier toilette;Déchets;ECUREUIL;Ecureuil orange;ecureuil2;19/05/2025;0.009591;0;0.8
W05;Prendre une douche plutôt qu’un bain;Eau;ECUREUIL;Ecureuil orange;ecureuil10;22/04/2025;0.140658;357;0
D07;Vendre ou donner les vêtements. les objets. les jouets dont on ne veut plus (trop petits…);Déchets;ECUREUIL;Ecureuil orange;ecureuil2;19/05/2025;0.017374;2500;0
D02;Tout manger ce qu’il y a dans nos assiettes (cantine/maison);Déchets;ECUREUIL;Ecureuil orange;ecureuil2;19/05/2025;2.453511;0;1.390385
C03;Acheter des fruits ou légumes de saison;Courses;ECUREUIL;Ecureuil orange;ecureuil2;19/05/2025;6.932;0;0
W02;Utiliser une seule dose de savon;Courses;ECUREUIL;Ecureuil orange;ecureuil2;19/05/2025;0.05;28;0
T03;Préférer la marche ou le vélo plutôt que la voiture;Transport;ECUREUIL;Ecureuil orange;ecureuil10;22/04/2025;0.506;0;0
E05;Préférer les ampoules à basse consommation;Electricité;ECUREUIL;Ecureuil orange;ecureuil10;22/04/2025;0.072803;0;0
E02;Ouvrir les volets et ne pas allumer la lumière quand il fait jour dehors. ou éteindre lorsque la lumière extérieure le permet;Electricité;ECUREUIL;Ecureuil orange;ecureuil10;22/04/2025;0.027408;0;0
E10;Faire sécher son linge à l'air libre au lieu d'utiliser le sèche linge chaque fois qu'on peut;Electricité;ECUREUIL;Ecureuil orange;ecureuil10;22/04/2025;0.413462;0;0
E01;Eteindre la lumière quand on quitte une pièce. quand on n’en a pas besoin;Electricité;ECUREUIL;Ecureuil orange;ecureuil10;22/04/2025;0.027408;0;0
D02;Tout manger ce qu’il y a dans nos assiettes (cantine/maison);Déchets;ECUREUIL;Ecureuil orange;ecureuil10;03/05/2025;2.453511;0;1.390385
B04;Faire un jardin potager;Biodiversité;ECUREUIL;Ecureuil orange;ecureuil10;03/05/2025;4.48;0;0
B02;Ne pas tuer les araignées. les insectes (les mettre dehors…);Biodiversité;ECUREUIL;Ecureuil orange;ecureuil10;03/05/2025;0;0;0
W07;Vider le reste de sa gourde dans les plantes;Eau;ECUREUIL;Ecureuil orange;ecureuil10;03/05/2025;0;0.000013;0
W03;Ne pas faire couler l’eau trop longtemps quand on se lave les mains;Eau;ECUREUIL;Ecureuil orange;ecureuil10;03/05/2025;0.004964;12.6;0
W05;Prendre une douche plutôt qu’un bain;Eau;ECUREUIL;Ecureuil orange;ecureuil10;03/05/2025;0.140658;357;0
T03;Préférer la marche ou le vélo plutôt que la voiture;Transport;ECUREUIL;Ecureuil orange;ecureuil10;03/05/2025;0.506;0;0
E05;Préférer les ampoules à basse consommation;Electricité;ECUREUIL;Ecureuil orange;ecureuil10;03/05/2025;0.072803;0;0
E02;Ouvrir les volets et ne pas allumer la lumière quand il fait jour dehors. ou éteindre lorsque la lumière extérieure le permet;Electricité;ECUREUIL;Ecureuil orange;ecureuil10;03/05/2025;0.027408;0;0
E10;Faire sécher son linge à l'air libre au lieu d'utiliser le sèche linge chaque fois qu'on peut;Electricité;ECUREUIL;Ecureuil orange;ecureuil10;03/05/2025;0.413462;0;0
E01;Eteindre la lumière quand on quitte une pièce. quand on n’en a pas besoin;Electricité;ECUREUIL;Ecureuil orange;ecureuil10;03/05/2025;0.027408;0;0
T03;Préférer la marche ou le vélo plutôt que la voiture;Transport;ECUREUIL;Ecureuil orange;ecureuil2;19/05/2025;0.506;0;0
T06;Couper le moteur de la voiture quand elle ne roule pas;Transport;ECUREUIL;Ecureuil orange;ecureuil2;19/05/2025;1.518;0;0
E11;Couvrir les casseroles lorsqu’on fait bouillir de l’eau ou pour cuire…;Electricité;ECUREUIL;Ecureuil orange;ecureuil2;19/05/2025;0.00293;0;0
E05;Préférer les ampoules à basse consommation;Electricité;ECUREUIL;Ecureuil orange;ecureuil2;19/05/2025;0.072803;0;0
E10;Faire sécher son linge à l'air libre au lieu d'utiliser le sèche linge chaque fois qu'on peut;Electricité;ECUREUIL;Ecureuil orange;ecureuil2;19/05/2025;0.413462;0;0
W07;Vider le reste de sa gourde dans les plantes;Eau;ECUREUIL;Ecureuil orange;ecureuil2;19/05/2025;0;0.000013;0
W05;Prendre une douche plutôt qu’un bain;Eau;ECUREUIL;Ecureuil orange;ecureuil2;19/05/2025;0.140658;357;0
W02;Couper l’eau quand on se brosse les dents : mettre de l’eau dans un verre pour se rincer;Eau;ECUREUIL;Ecureuil orange;ecureuil2;19/05/2025;0.05;28;0
B04;Faire un jardin potager;Biodiversité;ECUREUIL;Ecureuil orange;ecureuil2;19/05/2025;4.48;0;0
B01;Ne pas cueillir de plante dans la nature;Biodiversité;ECUREUIL;Ecureuil orange;ecureuil2;19/05/2025;0;0;0
D10;Ne pas acheter de bouteilles en plastique : boire à la gourde;Déchets;ECUREUIL;Ecureuil orange;ecureuil2;19/05/2025;0.54243;0;0.21
D06;Prendre soin de ses affaires pour les faire durer plus longtemps (reboucher les feutres… ne pas casser. ne pas lancer…);Déchets;ECUREUIL;Ecureuil orange;ecureuil2;19/05/2025;0.017374;0;0.183462
D01;Limiter l'utilisation du papier : Utiliser les feuilles des 2 côtés / faire du brouillon / Utiliser l'ardoise pour chercher / Prendre du papier recyclé…;Déchets;ECUREUIL;Ecureuil orange;ecureuil2;19/05/2025;0.009641;0;0.8
D09;Faire du compost avec les déchets végétaux ou donner les restes alimentaires aux poules…;Déchets;ECUREUIL;Ecureuil orange;ecureuil2;19/05/2025;0.0623;0;1.75
D04;Ramasser les papiers et les déchets par terre pour les mettre à la poubelle;Déchets;ECUREUIL;Ecureuil orange;ecureuil2;19/05/2025;0.00947;0;0.1
C06;Faire ses repas, gouter, compotes sois même plutôt que d’acheter des plats préparés;Courses;ECUREUIL;Ecureuil orange;ecureuil2;19/05/2025;1.260407;0;0.180058
C05;Faire soi-même ses produits d’entretien pour éviter les emballages;Courses;ECUREUIL;Ecureuil orange;ecureuil10;21/05/2025;0.006;0;0.03
W02;Utiliser une seule dose de savon;Courses;ECUREUIL;Ecureuil orange;ecureuil10;21/05/2025;0.05;28;0
D15;Economiser les mouchoirs en papier. l'essuie-tout et le papier toilette;Déchets;ECUREUIL;Ecureuil orange;ecureuil10;21/05/2025;0.009591;0;0.8
D09;Faire du compost avec les déchets végétaux ou donner les restes alimentaires aux poules…;Déchets;ECUREUIL;Ecureuil orange;ecureuil10;21/05/2025;0.0623;0;1.75
D07;Vendre ou donner les vêtements. les objets. les jouets dont on ne veut plus (trop petits…);Déchets;ECUREUIL;Ecureuil orange;ecureuil10;21/05/2025;0.017374;2500;0
D04;Ramasser les papiers et les déchets par terre pour les mettre à la poubelle;Déchets;ECUREUIL;Ecureuil orange;ecureuil10;21/05/2025;0.00947;0;0.1
D02;Tout manger ce qu’il y a dans nos assiettes (cantine/maison);Déchets;ECUREUIL;Ecureuil orange;ecureuil10;21/05/2025;2.453511;0;1.390385
B04;Faire un jardin potager;Biodiversité;ECUREUIL;Ecureuil orange;ecureuil10;21/05/2025;4.48;0;0
B02;Ne pas tuer les araignées. les insectes (les mettre dehors…);Biodiversité;ECUREUIL;Ecureuil orange;ecureuil10;21/05/2025;0;0;0
W07;Vider le reste de sa gourde dans les plantes;Eau;ECUREUIL;Ecureuil orange;ecureuil10;21/05/2025;0;0.000013;0
W03;Ne pas faire couler l’eau trop longtemps quand on se lave les mains;Eau;ECUREUIL;Ecureuil orange;ecureuil10;21/05/2025;0.004964;12.6;0
W05;Prendre une douche plutôt qu’un bain;Eau;ECUREUIL;Ecureuil orange;ecureuil10;21/05/2025;0.140658;357;0
T03;Préférer la marche ou le vélo plutôt que la voiture;Transport;ECUREUIL;Ecureuil orange;ecureuil10;21/05/2025;0.506;0;0
T04;Faire du covoiturage;Transport;ECUREUIL;Ecureuil orange;ecureuil10;21/05/2025;0.506;0;0
E04;Eteindre les écrans (ordinateur. télévision. …) pour diminuer la consommation d’électricité;Electricité;ECUREUIL;Ecureuil orange;ecureuil10;21/05/2025;0.15988;0;1
E11;Couvrir les casseroles lorsqu’on fait bouillir de l’eau ou pour cuire…;Electricité;ECUREUIL;Ecureuil orange;ecureuil10;21/05/2025;0.00293;0;0
E08;Eteindre le chauffage lorsqu’on aère une pièce;Electricité;ECUREUIL;Ecureuil orange;ecureuil10;21/05/2025;0.000173;0;0
E11;Couvrir les casseroles lorsqu’on fait bouillir de l’eau ou pour cuire…;Electricité;ECUREUIL;Ecureuil orange;ecureuil10;03/05/2025;0.00293;0;0
E08;Eteindre le chauffage lorsqu’on aère une pièce;Electricité;ECUREUIL;Ecureuil orange;ecureuil10;03/05/2025;0.000173;0;0
T04;Faire du covoiturage;Transport;ECUREUIL;Ecureuil orange;ecureuil10;03/05/2025;0.506;0;0
T03;Préférer la marche ou le vélo plutôt que la voiture;Transport;ECUREUIL;Ecureuil orange;ecureuil2;25/04/2025;0.506;0;0
T04;Faire du covoiturage;Transport;ECUREUIL;Ecureuil orange;ecureuil2;25/04/2025;0.506;0;0
E05;Préférer les ampoules à basse consommation;Electricité;ECUREUIL;Ecureuil orange;ecureuil2;25/04/2025;0.072803;0;0
E11;Couvrir les casseroles lorsqu’on fait bouillir de l’eau ou pour cuire…;Electricité;ECUREUIL;Ecureuil orange;ecureuil2;25/04/2025;0.00293;0;0
E08;Eteindre le chauffage lorsqu’on aère une pièce;Electricité;ECUREUIL;Ecureuil orange;ecureuil2;25/04/2025;0.000173;0;0
C06;Faire ses repas, gouter, compotes sois même plutôt que d’acheter des plats préparés;Courses;ECUREUIL;Ecureuil orange;ecureuil2;25/04/2025;1.260407;0;0.180058
W02;Utiliser une seule dose de savon;Courses;ECUREUIL;Ecureuil orange;ecureuil2;25/04/2025;0.05;28;0
D15;Economiser les mouchoirs en papier. l'essuie-tout et le papier toilette;Déchets;ECUREUIL;Ecureuil orange;ecureuil2;25/04/2025;0.009591;0;0.8
D09;Faire du compost avec les déchets végétaux ou donner les restes alimentaires aux poules…;Déchets;ECUREUIL;Ecureuil orange;ecureuil2;25/04/2025;0.0623;0;1.75
D07;Vendre ou donner les vêtements. les objets. les jouets dont on ne veut plus (trop petits…);Déchets;ECUREUIL;Ecureuil orange;ecureuil2;25/04/2025;0.017374;2500;0
C05;Faire soi-même ses produits d’entretien pour éviter les emballages;Courses;ECUREUIL;Ecureuil orange;ecureuil1;23/04/2025;0.006;0;0.03
W02;Utiliser une seule dose de savon;Courses;ECUREUIL;Ecureuil orange;ecureuil1;23/04/2025;0.05;28;0
D10;Ne pas acheter de bouteilles en plastique : boire à la gourde;Déchets;ECUREUIL;Ecureuil orange;ecureuil1;23/04/2025;0.54243;0;0.21
D08;Utiliser les bacs de tri;Déchets;ECUREUIL;Ecureuil orange;ecureuil1;23/04/2025;0.866962;0;0
D06;Prendre soin de ses affaires pour les faire durer plus longtemps (reboucher les feutres… ne pas casser. ne pas lancer…);Déchets;ECUREUIL;Ecureuil orange;ecureuil1;23/04/2025;0.017374;0;0.183462
D03;Ne pas jeter de déchets dans la nature (chewing-gums. sacs. canettes. bouteilles…);Déchets;ECUREUIL;Ecureuil orange;ecureuil1;23/04/2025;0.424875;0;4.486538
D01;Limiter l'utilisation du papier : Utiliser les feuilles des 2 côtés / faire du brouillon / Utiliser l'ardoise pour chercher / Prendre du papier recyclé…;Déchets;ECUREUIL;Ecureuil orange;ecureuil1;23/04/2025;0.009641;0;0.8
B02;Ne pas tuer les araignées. les insectes (les mettre dehors…);Biodiversité;ECUREUIL;Ecureuil orange;ecureuil1;23/04/2025;0;0;0
W07;Vider le reste de sa gourde dans les plantes;Eau;ECUREUIL;Ecureuil orange;ecureuil1;23/04/2025;0;0.000013;0
W03;Ne pas faire couler l’eau trop longtemps quand on se lave les mains;Eau;ECUREUIL;Ecureuil orange;ecureuil1;23/04/2025;0.004964;12.6;0
W05;Prendre une douche plutôt qu’un bain;Eau;ECUREUIL;Ecureuil orange;ecureuil1;23/04/2025;0.140658;357;0
E05;Préférer les ampoules à basse consommation;Electricité;ECUREUIL;Ecureuil orange;ecureuil1;23/04/2025;0.072803;0;0
E02;Ouvrir les volets et ne pas allumer la lumière quand il fait jour dehors. ou éteindre lorsque la lumière extérieure le permet;Electricité;ECUREUIL;Ecureuil orange;ecureuil1;23/04/2025;0.027408;0;0
E10;Faire sécher son linge à l'air libre au lieu d'utiliser le sèche linge chaque fois qu'on peut;Electricité;ECUREUIL;Ecureuil orange;ecureuil1;23/04/2025;0.413462;0;0
C05;Faire soi-même ses produits d’entretien pour éviter les emballages;Courses;ECUREUIL;Ecureuil orange;ecureuil4;19/05/2025;0.006;0;0.03
W02;Utiliser une seule dose de savon;Courses;ECUREUIL;Ecureuil orange;ecureuil4;19/05/2025;0.05;28;0
D15;Economiser les mouchoirs en papier. l'essuie-tout et le papier toilette;Déchets;ECUREUIL;Ecureuil orange;ecureuil4;19/05/2025;0.009591;0;0.8
D09;Faire du compost avec les déchets végétaux ou donner les restes alimentaires aux poules…;Déchets;ECUREUIL;Ecureuil orange;ecureuil4;19/05/2025;0.0623;0;1.75
D07;Vendre ou donner les vêtements. les objets. les jouets dont on ne veut plus (trop petits…);Déchets;ECUREUIL;Ecureuil orange;ecureuil4;19/05/2025;0.017374;2500;0
D04;Ramasser les papiers et les déchets par terre pour les mettre à la poubelle;Déchets;ECUREUIL;Ecureuil orange;ecureuil4;19/05/2025;0.00947;0;0.1
D02;Tout manger ce qu’il y a dans nos assiettes (cantine/maison);Déchets;ECUREUIL;Ecureuil orange;ecureuil4;19/05/2025;2.453511;0;1.390385
B04;Faire un jardin potager;Biodiversité;ECUREUIL;Ecureuil orange;ecureuil4;19/05/2025;4.48;0;0
B02;Ne pas tuer les araignées. les insectes (les mettre dehors…);Biodiversité;ECUREUIL;Ecureuil orange;ecureuil4;19/05/2025;0;0;0
W07;Vider le reste de sa gourde dans les plantes;Eau;ECUREUIL;Ecureuil orange;ecureuil4;19/05/2025;0;0.000013;0
W03;Ne pas faire couler l’eau trop longtemps quand on se lave les mains;Eau;ECUREUIL;Ecureuil orange;ecureuil4;19/05/2025;0.004964;12.6;0
W05;Prendre une douche plutôt qu’un bain;Eau;ECUREUIL;Ecureuil orange;ecureuil4;19/05/2025;0.140658;357;0
T03;Préférer la marche ou le vélo plutôt que la voiture;Transport;ECUREUIL;Ecureuil orange;ecureuil4;19/05/2025;0.506;0;0
T04;Faire du covoiturage;Transport;ECUREUIL;Ecureuil orange;ecureuil4;19/05/2025;0.506;0;0
E05;Préférer les ampoules à basse consommation;Electricité;ECUREUIL;Ecureuil orange;ecureuil4;19/05/2025;0.072803;0;0
E02;Ouvrir les volets et ne pas allumer la lumière quand il fait jour dehors. ou éteindre lorsque la lumière extérieure le permet;Electricité;ECUREUIL;Ecureuil orange;ecureuil4;19/05/2025;0.027408;0;0
E10;Faire sécher son linge à l'air libre au lieu d'utiliser le sèche linge chaque fois qu'on peut;Electricité;ECUREUIL;Ecureuil orange;ecureuil4;19/05/2025;0.413462;0;0
E01;Eteindre la lumière quand on quitte une pièce. quand on n’en a pas besoin;Electricité;ECUREUIL;Ecureuil orange;ecureuil4;19/05/2025;0.027408;0;0
C06;Faire ses repas, gouter, compotes sois même plutôt que d’acheter des plats préparés;Courses;ECUREUIL;Ecureuil orange;ecureuil6;20/05/2025;1.260407;0;0.180058
D15;Economiser les mouchoirs en papier. l'essuie-tout et le papier toilette;Déchets;ECUREUIL;Ecureuil orange;ecureuil6;20/05/2025;0.009591;0;0.8
D07;Vendre ou donner les vêtements. les objets. les jouets dont on ne veut plus (trop petits…);Déchets;ECUREUIL;Ecureuil orange;ecureuil6;20/05/2025;0.017374;2500;0
D04;Ramasser les papiers et les déchets par terre pour les mettre à la poubelle;Déchets;ECUREUIL;Ecureuil orange;ecureuil6;20/05/2025;0.00947;0;0.1
D02;Tout manger ce qu’il y a dans nos assiettes (cantine/maison);Déchets;ECUREUIL;Ecureuil orange;ecureuil6;20/05/2025;2.453511;0;1.390385
B01;Ne pas cueillir de plante dans la nature;Biodiversité;ECUREUIL;Ecureuil orange;ecureuil6;20/05/2025;0;0;0
W03;Ne pas faire couler l’eau trop longtemps quand on se lave les mains;Eau;ECUREUIL;Ecureuil orange;ecureuil6;20/05/2025;0.004964;12.6;0
W05;Prendre une douche plutôt qu’un bain;Eau;ECUREUIL;Ecureuil orange;ecureuil6;20/05/2025;0.140658;357;0
T03;Préférer la marche ou le vélo plutôt que la voiture;Transport;ECUREUIL;Ecureuil orange;ecureuil6;20/05/2025;0.506;0;0
C06;Faire ses repas, gouter, compotes sois même plutôt que d’acheter des plats préparés;Courses;ECUREUIL;Ecureuil orange;ecureuil1;30/04/2025;1.260407;0;0.180058
C03;Acheter des fruits ou légumes de saison;Courses;ECUREUIL;Ecureuil orange;ecureuil1;30/04/2025;6.932;0;0
W02;Utiliser une seule dose de savon;Courses;ECUREUIL;Ecureuil orange;ecureuil1;30/04/2025;0.05;28;0
C05;Faire soi-même ses produits d’entretien pour éviter les emballages;Courses;ECUREUIL;Ecureuil orange;ecureuil1;30/04/2025;0.006;0;0.03
D15;Economiser les mouchoirs en papier. l'essuie-tout et le papier toilette;Déchets;ECUREUIL;Ecureuil orange;ecureuil1;30/04/2025;0.009591;0;0.8
D10;Ne pas acheter de bouteilles en plastique : boire à la gourde;Déchets;ECUREUIL;Ecureuil orange;ecureuil1;30/04/2025;0.54243;0;0.21
D09;Faire du compost avec les déchets végétaux ou donner les restes alimentaires aux poules…;Déchets;ECUREUIL;Ecureuil orange;ecureuil1;30/04/2025;0.0623;0;1.75
D08;Utiliser les bacs de tri;Déchets;ECUREUIL;Ecureuil orange;ecureuil1;30/04/2025;0.866962;0;0
D07;Vendre ou donner les vêtements. les objets. les jouets dont on ne veut plus (trop petits…);Déchets;ECUREUIL;Ecureuil orange;ecureuil1;30/04/2025;0.017374;2500;0
D06;Prendre soin de ses affaires pour les faire durer plus longtemps (reboucher les feutres… ne pas casser. ne pas lancer…);Déchets;ECUREUIL;Ecureuil orange;ecureuil1;30/04/2025;0.017374;0;0.183462
D04;Ramasser les papiers et les déchets par terre pour les mettre à la poubelle;Déchets;ECUREUIL;Ecureuil orange;ecureuil1;30/04/2025;0.00947;0;0.1
D03;Ne pas jeter de déchets dans la nature (chewing-gums. sacs. canettes. bouteilles…);Déchets;ECUREUIL;Ecureuil orange;ecureuil1;30/04/2025;0.424875;0;4.486538
D02;Tout manger ce qu’il y a dans nos assiettes (cantine/maison);Déchets;ECUREUIL;Ecureuil orange;ecureuil1;30/04/2025;2.453511;0;1.390385
D01;Limiter l'utilisation du papier : Utiliser les feuilles des 2 côtés / faire du brouillon / Utiliser l'ardoise pour chercher / Prendre du papier recyclé…;Déchets;ECUREUIL;Ecureuil orange;ecureuil1;30/04/2025;0.009641;0;0.8
B04;Faire un jardin potager;Biodiversité;ECUREUIL;Ecureuil orange;ecureuil1;30/04/2025;4.48;0;0
B02;Ne pas tuer les araignées. les insectes (les mettre dehors…);Biodiversité;ECUREUIL;Ecureuil orange;ecureuil1;30/04/2025;0;0;0
B01;Ne pas cueillir de plante dans la nature;Biodiversité;ECUREUIL;Ecureuil orange;ecureuil1;30/04/2025;0;0;0
W04;Tirer la petite chasse d’eau quand on fait pipi;Eau;ECUREUIL;Ecureuil orange;ecureuil1;30/04/2025;0.006501;16.5;0
W03;Ne pas faire couler l’eau trop longtemps quand on se lave les mains;Eau;ECUREUIL;Ecureuil orange;ecureuil1;30/04/2025;0.004964;12.6;0
W02;Couper l’eau quand on se brosse les dents : mettre de l’eau dans un verre pour se rincer;Eau;ECUREUIL;Ecureuil orange;ecureuil1;30/04/2025;0.05;28;0
W05;Prendre une douche plutôt qu’un bain;Eau;ECUREUIL;Ecureuil orange;ecureuil1;30/04/2025;0.140658;357;0
W01;Prendre des douches rapides;Eau;ECUREUIL;Ecureuil orange;ecureuil1;30/04/2025;0.25;224;0
T03;Préférer la marche ou le vélo plutôt que la voiture;Transport;ECUREUIL;Ecureuil orange;ecureuil1;30/04/2025;0.506;0;0
T04;Faire du covoiturage;Transport;ECUREUIL;Ecureuil orange;ecureuil1;30/04/2025;0.506;0;0
E05;Préférer les ampoules à basse consommation;Electricité;ECUREUIL;Ecureuil orange;ecureuil1;30/04/2025;0.072803;0;0
E04;Eteindre les écrans (ordinateur. télévision. …) pour diminuer la consommation d’électricité;Electricité;ECUREUIL;Ecureuil orange;ecureuil1;30/04/2025;0.15988;0;1
E02;Ouvrir les volets et ne pas allumer la lumière quand il fait jour dehors. ou éteindre lorsque la lumière extérieure le permet;Electricité;ECUREUIL;Ecureuil orange;ecureuil1;30/04/2025;0.027408;0;0
E10;Faire sécher son linge à l'air libre au lieu d'utiliser le sèche linge chaque fois qu'on peut;Electricité;ECUREUIL;Ecureuil orange;ecureuil1;30/04/2025;0.413462;0;0
E01;Eteindre la lumière quand on quitte une pièce. quand on n’en a pas besoin;Electricité;ECUREUIL;Ecureuil orange;ecureuil1;30/04/2025;0.027408;0;0
C06;Faire ses repas, gouter, compotes sois même plutôt que d’acheter des plats préparés;Courses;ECUREUIL;Ecureuil orange;ecureuil1;23/04/2025;1.260407;0;0.180058
C03;Acheter des fruits ou légumes de saison;Courses;ECUREUIL;Ecureuil orange;ecureuil1;23/04/2025;6.932;0;0
D15;Economiser les mouchoirs en papier. l'essuie-tout et le papier toilette;Déchets;ECUREUIL;Ecureuil orange;ecureuil1;23/04/2025;0.009591;0;0.8
D09;Faire du compost avec les déchets végétaux ou donner les restes alimentaires aux poules…;Déchets;ECUREUIL;Ecureuil orange;ecureuil1;23/04/2025;0.0623;0;1.75
D07;Vendre ou donner les vêtements. les objets. les jouets dont on ne veut plus (trop petits…);Déchets;ECUREUIL;Ecureuil orange;ecureuil1;23/04/2025;0.017374;2500;0
D04;Ramasser les papiers et les déchets par terre pour les mettre à la poubelle;Déchets;ECUREUIL;Ecureuil orange;ecureuil1;23/04/2025;0.00947;0;0.1
D02;Tout manger ce qu’il y a dans nos assiettes (cantine/maison);Déchets;ECUREUIL;Ecureuil orange;ecureuil1;23/04/2025;2.453511;0;1.390385
B04;Faire un jardin potager;Biodiversité;ECUREUIL;Ecureuil orange;ecureuil1;23/04/2025;4.48;0;0
B01;Ne pas cueillir de plante dans la nature;Biodiversité;ECUREUIL;Ecureuil orange;ecureuil1;23/04/2025;0;0;0
W04;Tirer la petite chasse d’eau quand on fait pipi;Eau;ECUREUIL;Ecureuil orange;ecureuil1;23/04/2025;0.006501;16.5;0
W02;Couper l’eau quand on se brosse les dents : mettre de l’eau dans un verre pour se rincer;Eau;ECUREUIL;Ecureuil orange;ecureuil1;23/04/2025;0.05;28;0
W01;Prendre des douches rapides;Eau;ECUREUIL;Ecureuil orange;ecureuil1;23/04/2025;0.25;224;0
E04;Eteindre les écrans (ordinateur. télévision. …) pour diminuer la consommation d’électricité;Electricité;ECUREUIL;Ecureuil orange;ecureuil1;23/04/2025;0.15988;0;1
E11;Couvrir les casseroles lorsqu’on fait bouillir de l’eau ou pour cuire…;Electricité;ECUREUIL;Ecureuil orange;ecureuil1;23/04/2025;0.00293;0;0
E01;Eteindre la lumière quand on quitte une pièce. quand on n’en a pas besoin;Electricité;ECUREUIL;Ecureuil orange;ecureuil1;23/04/2025;0.027408;0;0
T06;Couper le moteur de la voiture quand elle ne roule pas;Transport;ECUREUIL;Ecureuil orange;ecureuil2;25/04/2025;1.518;0;0
E06;Préférer les piles rechargeables;Electricité;ECUREUIL;Ecureuil orange;ecureuil2;25/04/2025;0.097538;0;0
E02;Ouvrir les volets et ne pas allumer la lumière quand il fait jour dehors. ou éteindre lorsque la lumière extérieure le permet;Electricité;ECUREUIL;Ecureuil orange;ecureuil2;25/04/2025;0.027408;0;0
E10;Faire sécher son linge à l'air libre au lieu d'utiliser le sèche linge chaque fois qu'on peut;Electricité;ECUREUIL;Ecureuil orange;ecureuil2;25/04/2025;0.413462;0;0
E01;Eteindre la lumière quand on quitte une pièce. quand on n’en a pas besoin;Electricité;ECUREUIL;Ecureuil orange;ecureuil2;25/04/2025;0.027408;0;0
C03;Acheter des fruits ou légumes de saison;Courses;ECUREUIL;Ecureuil orange;ecureuil2;25/04/2025;6.932;0;0
D11;Acheter des produits en vrac. éviter les emballages individuels…;Déchets;ECUREUIL;Ecureuil orange;ecureuil2;25/04/2025;0.38;0;0.67
D10;Ne pas acheter de bouteilles en plastique : boire à la gourde;Déchets;ECUREUIL;Ecureuil orange;ecureuil2;25/04/2025;0.54243;0;0.21
D08;Utiliser les bacs de tri;Déchets;ECUREUIL;Ecureuil orange;ecureuil2;25/04/2025;0.866962;0;0
D06;Prendre soin de ses affaires pour les faire durer plus longtemps (reboucher les feutres… ne pas casser. ne pas lancer…);Déchets;ECUREUIL;Ecureuil orange;ecureuil2;25/04/2025;0.017374;0;0.183462
D04;Ramasser les papiers et les déchets par terre pour les mettre à la poubelle;Déchets;ECUREUIL;Ecureuil orange;ecureuil2;25/04/2025;0.00947;0;0.1
D03;Ne pas jeter de déchets dans la nature (chewing-gums. sacs. canettes. bouteilles…);Déchets;ECUREUIL;Ecureuil orange;ecureuil2;25/04/2025;0.424875;0;4.486538
D02;Tout manger ce qu’il y a dans nos assiettes (cantine/maison);Déchets;ECUREUIL;Ecureuil orange;ecureuil2;25/04/2025;2.453511;0;1.390385
D01;Limiter l'utilisation du papier : Utiliser les feuilles des 2 côtés / faire du brouillon / Utiliser l'ardoise pour chercher / Prendre du papier recyclé…;Déchets;ECUREUIL;Ecureuil orange;ecureuil2;25/04/2025;0.009641;0;0.8
B04;Faire un jardin potager;Biodiversité;ECUREUIL;Ecureuil orange;ecureuil2;25/04/2025;4.48;0;0
B02;Ne pas tuer les araignées. les insectes (les mettre dehors…);Biodiversité;ECUREUIL;Ecureuil orange;ecureuil2;25/04/2025;0;0;0
B01;Ne pas cueillir de plante dans la nature;Biodiversité;ECUREUIL;Ecureuil orange;ecureuil2;25/04/2025;0;0;0
W07;Vider le reste de sa gourde dans les plantes;Eau;ECUREUIL;Ecureuil orange;ecureuil2;25/04/2025;0;0.000013;0
W04;Tirer la petite chasse d’eau quand on fait pipi;Eau;ECUREUIL;Ecureuil orange;ecureuil2;25/04/2025;0.006501;16.5;0
W03;Ne pas faire couler l’eau trop longtemps quand on se lave les mains;Eau;ECUREUIL;Ecureuil orange;ecureuil2;25/04/2025;0.004964;12.6;0
W02;Couper l’eau quand on se brosse les dents : mettre de l’eau dans un verre pour se rincer;Eau;ECUREUIL;Ecureuil orange;ecureuil2;25/04/2025;0.05;28;0
W05;Prendre une douche plutôt qu’un bain;Eau;ECUREUIL;Ecureuil orange;ecureuil2;25/04/2025;0.140658;357;0
W01;Prendre des douches rapides;Eau;ECUREUIL;Ecureuil orange;ecureuil2;25/04/2025;0.25;224;0
E11;Couvrir les casseroles lorsqu’on fait bouillir de l’eau ou pour cuire…;Electricité;ECUREUIL;Ecureuil orange;ecureuil1;30/04/2025;0.00293;0;0
E08;Eteindre le chauffage lorsqu’on aère une pièce;Electricité;ECUREUIL;Ecureuil orange;ecureuil1;30/04/2025;0.000173;0;0
C06;Faire ses repas, gouter, compotes sois même plutôt que d’acheter des plats préparés;Courses;ECUREUIL;Ecureuil orange;ecureuil4;19/05/2025;1.260407;0;0.180058
C03;Acheter des fruits ou légumes de saison;Courses;ECUREUIL;Ecureuil orange;ecureuil4;19/05/2025;6.932;0;0
D11;Acheter des produits en vrac. éviter les emballages individuels…;Déchets;ECUREUIL;Ecureuil orange;ecureuil4;19/05/2025;0.38;0;0.67
D10;Ne pas acheter de bouteilles en plastique : boire à la gourde;Déchets;ECUREUIL;Ecureuil orange;ecureuil4;19/05/2025;0.54243;0;0.21
C06;Faire ses repas, gouter, compotes sois même plutôt que d’acheter des plats préparés;Courses;ECUREUIL;Ecureuil orange;ecureuil15;29/04/2025;1.260407;0;0.180058
C05;Faire soi-même ses produits d’entretien pour éviter les emballages;Courses;ECUREUIL;Ecureuil orange;ecureuil15;29/04/2025;0.006;0;0.03
C03;Acheter des fruits ou légumes de saison;Courses;ECUREUIL;Ecureuil orange;ecureuil15;29/04/2025;6.932;0;0
W02;Utiliser une seule dose de savon;Courses;ECUREUIL;Ecureuil orange;ecureuil15;29/04/2025;0.05;28;0
D11;Acheter des produits en vrac. éviter les emballages individuels…;Déchets;ECUREUIL;Ecureuil orange;ecureuil15;29/04/2025;0.38;0;0.67
D15;Economiser les mouchoirs en papier. l'essuie-tout et le papier toilette;Déchets;ECUREUIL;Ecureuil orange;ecureuil15;29/04/2025;0.009591;0;0.8
D10;Ne pas acheter de bouteilles en plastique : boire à la gourde;Déchets;ECUREUIL;Ecureuil orange;ecureuil15;29/04/2025;0.54243;0;0.21
D09;Faire du compost avec les déchets végétaux ou donner les restes alimentaires aux poules…;Déchets;ECUREUIL;Ecureuil orange;ecureuil15;29/04/2025;0.0623;0;1.75
D08;Utiliser les bacs de tri;Déchets;ECUREUIL;Ecureuil orange;ecureuil15;29/04/2025;0.866962;0;0
D07;Vendre ou donner les vêtements. les objets. les jouets dont on ne veut plus (trop petits…);Déchets;ECUREUIL;Ecureuil orange;ecureuil15;29/04/2025;0.017374;2500;0
D06;Prendre soin de ses affaires pour les faire durer plus longtemps (reboucher les feutres… ne pas casser. ne pas lancer…);Déchets;ECUREUIL;Ecureuil orange;ecureuil15;29/04/2025;0.017374;0;0.183462
D04;Ramasser les papiers et les déchets par terre pour les mettre à la poubelle;Déchets;ECUREUIL;Ecureuil orange;ecureuil15;29/04/2025;0.00947;0;0.1
D03;Ne pas jeter de déchets dans la nature (chewing-gums. sacs. canettes. bouteilles…);Déchets;ECUREUIL;Ecureuil orange;ecureuil15;29/04/2025;0.424875;0;4.486538
D02;Tout manger ce qu’il y a dans nos assiettes (cantine/maison);Déchets;ECUREUIL;Ecureuil orange;ecureuil15;29/04/2025;2.453511;0;1.390385
D01;Limiter l'utilisation du papier : Utiliser les feuilles des 2 côtés / faire du brouillon / Utiliser l'ardoise pour chercher / Prendre du papier recyclé…;Déchets;ECUREUIL;Ecureuil orange;ecureuil15;29/04/2025;0.009641;0;0.8
B04;Faire un jardin potager;Biodiversité;ECUREUIL;Ecureuil orange;ecureuil15;29/04/2025;4.48;0;0
B03;Donner à manger aux oiseaux dans son jardin ou sur son balcon;Biodiversité;ECUREUIL;Ecureuil orange;ecureuil15;29/04/2025;0;0;0
B02;Ne pas tuer les araignées. les insectes (les mettre dehors…);Biodiversité;ECUREUIL;Ecureuil orange;ecureuil15;29/04/2025;0;0;0
B01;Ne pas cueillir de plante dans la nature;Biodiversité;ECUREUIL;Ecureuil orange;ecureuil15;29/04/2025;0;0;0
W07;Vider le reste de sa gourde dans les plantes;Eau;ECUREUIL;Ecureuil orange;ecureuil15;29/04/2025;0;0.000013;0
W04;Tirer la petite chasse d’eau quand on fait pipi;Eau;ECUREUIL;Ecureuil orange;ecureuil15;29/04/2025;0.006501;16.5;0
W03;Ne pas faire couler l’eau trop longtemps quand on se lave les mains;Eau;ECUREUIL;Ecureuil orange;ecureuil15;29/04/2025;0.004964;12.6;0
W02;Couper l’eau quand on se brosse les dents : mettre de l’eau dans un verre pour se rincer;Eau;ECUREUIL;Ecureuil orange;ecureuil15;29/04/2025;0.05;28;0
W05;Prendre une douche plutôt qu’un bain;Eau;ECUREUIL;Ecureuil orange;ecureuil15;29/04/2025;0.140658;357;0
W01;Prendre des douches rapides;Eau;ECUREUIL;Ecureuil orange;ecureuil15;29/04/2025;0.25;224;0
T03;Préférer la marche ou le vélo plutôt que la voiture;Transport;ECUREUIL;Ecureuil orange;ecureuil15;29/04/2025;0.506;0;0
T06;Couper le moteur de la voiture quand elle ne roule pas;Transport;ECUREUIL;Ecureuil orange;ecureuil15;29/04/2025;1.518;0;0
T04;Faire du covoiturage;Transport;ECUREUIL;Ecureuil orange;ecureuil15;29/04/2025;0.506;0;0
E05;Préférer les ampoules à basse consommation;Electricité;ECUREUIL;Ecureuil orange;ecureuil15;29/04/2025;0.072803;0;0
E04;Eteindre les écrans (ordinateur. télévision. …) pour diminuer la consommation d’électricité;Electricité;ECUREUIL;Ecureuil orange;ecureuil15;29/04/2025;0.15988;0;1
E02;Ouvrir les volets et ne pas allumer la lumière quand il fait jour dehors. ou éteindre lorsque la lumière extérieure le permet;Electricité;ECUREUIL;Ecureuil orange;ecureuil15;29/04/2025;0.027408;0;0
E11;Couvrir les casseroles lorsqu’on fait bouillir de l’eau ou pour cuire…;Electricité;ECUREUIL;Ecureuil orange;ecureuil15;29/04/2025;0.00293;0;0
E10;Faire sécher son linge à l'air libre au lieu d'utiliser le sèche linge chaque fois qu'on peut;Electricité;ECUREUIL;Ecureuil orange;ecureuil15;29/04/2025;0.413462;0;0
E08;Eteindre le chauffage lorsqu’on aère une pièce;Electricité;ECUREUIL;Ecureuil orange;ecureuil15;29/04/2025;0.000173;0;0
E01;Eteindre la lumière quand on quitte une pièce. quand on n’en a pas besoin;Electricité;ECUREUIL;Ecureuil orange;ecureuil15;29/04/2025;0.027408;0;0
C06;Faire ses repas, gouter, compotes sois même plutôt que d’acheter des plats préparés;Courses;ECUREUIL;Ecureuil orange;ecureuil15;05/05/2025;1.260407;0;0.180058
C03;Acheter des fruits ou légumes de saison;Courses;ECUREUIL;Ecureuil orange;ecureuil15;05/05/2025;6.932;0;0
D11;Acheter des produits en vrac. éviter les emballages individuels…;Déchets;ECUREUIL;Ecureuil orange;ecureuil15;05/05/2025;0.38;0;0.67
D10;Ne pas acheter de bouteilles en plastique : boire à la gourde;Déchets;ECUREUIL;Ecureuil orange;ecureuil15;05/05/2025;0.54243;0;0.21
D08;Utiliser les bacs de tri;Déchets;ECUREUIL;Ecureuil orange;ecureuil15;05/05/2025;0.866962;0;0
D06;Prendre soin de ses affaires pour les faire durer plus longtemps (reboucher les feutres… ne pas casser. ne pas lancer…);Déchets;ECUREUIL;Ecureuil orange;ecureuil15;05/05/2025;0.017374;0;0.183462
D03;Ne pas jeter de déchets dans la nature (chewing-gums. sacs. canettes. bouteilles…);Déchets;ECUREUIL;Ecureuil orange;ecureuil15;05/05/2025;0.424875;0;4.486538
D01;Limiter l'utilisation du papier : Utiliser les feuilles des 2 côtés / faire du brouillon / Utiliser l'ardoise pour chercher / Prendre du papier recyclé…;Déchets;ECUREUIL;Ecureuil orange;ecureuil15;05/05/2025;0.009641;0;0.8
B03;Donner à manger aux oiseaux dans son jardin ou sur son balcon;Biodiversité;ECUREUIL;Ecureuil orange;ecureuil15;05/05/2025;0;0;0
B01;Ne pas cueillir de plante dans la nature;Biodiversité;ECUREUIL;Ecureuil orange;ecureuil15;05/05/2025;0;0;0
W04;Tirer la petite chasse d’eau quand on fait pipi;Eau;ECUREUIL;Ecureuil orange;ecureuil15;05/05/2025;0.006501;16.5;0
W02;Couper l’eau quand on se brosse les dents : mettre de l’eau dans un verre pour se rincer;Eau;ECUREUIL;Ecureuil orange;ecureuil15;05/05/2025;0.05;28;0
W01;Prendre des douches rapides;Eau;ECUREUIL;Ecureuil orange;ecureuil15;05/05/2025;0.25;224;0
T06;Couper le moteur de la voiture quand elle ne roule pas;Transport;ECUREUIL;Ecureuil orange;ecureuil15;05/05/2025;1.518;0;0
E06;Préférer les piles rechargeables;Electricité;ECUREUIL;Ecureuil orange;ecureuil15;05/05/2025;0.097538;0;0
E04;Eteindre les écrans (ordinateur. télévision. …) pour diminuer la consommation d’électricité;Electricité;ECUREUIL;Ecureuil orange;ecureuil15;05/05/2025;0.15988;0;1
E11;Couvrir les casseroles lorsqu’on fait bouillir de l’eau ou pour cuire…;Electricité;ECUREUIL;Ecureuil orange;ecureuil15;05/05/2025;0.00293;0;0
E08;Eteindre le chauffage lorsqu’on aère une pièce;Electricité;ECUREUIL;Ecureuil orange;ecureuil15;45782;0.000173;0;0
D08;Utiliser les bacs de tri;Déchets;ECUREUIL;Ecureuil orange;ecureuil4;45796;0.866962;0;0
D06;Prendre soin de ses affaires pour les faire durer plus longtemps (reboucher les feutres… ne pas casser. ne pas lancer…);Déchets;ECUREUIL;Ecureuil orange;ecureuil4;45796;0.017374;0;0.183462
D03;Ne pas jeter de déchets dans la nature (chewing-gums. sacs. canettes. bouteilles…);Déchets;ECUREUIL;Ecureuil orange;ecureuil4;45796;0.424875;0;4.486538
C03;Acheter des fruits ou légumes de saison;Courses;ECUREUIL;Ecureuil orange;ecureuil2;45783;6.932;0;0
W02;Utiliser une seule dose de savon;Courses;ECUREUIL;Ecureuil orange;ecureuil2;45783;0.05;28;0
D10;Ne pas acheter de bouteilles en plastique : boire à la gourde;Déchets;ECUREUIL;Ecureuil orange;ecureuil2;45783;0.54243;0;0.21
D06;Prendre soin de ses affaires pour les faire durer plus longtemps (reboucher les feutres… ne pas casser. ne pas lancer…);Déchets;ECUREUIL;Ecureuil orange;ecureuil2;45783;0.017374;0;0.183462
D01;Limiter l'utilisation du papier : Utiliser les feuilles des 2 côtés / faire du brouillon / Utiliser l'ardoise pour chercher / Prendre du papier recyclé…;Déchets;ECUREUIL;Ecureuil orange;ecureuil2;45783;0.009641;0;0.8
D09;Faire du compost avec les déchets végétaux ou donner les restes alimentaires aux poules…;Déchets;ECUREUIL;Ecureuil orange;ecureuil2;45783;0.0623;0;1.75
D04;Ramasser les papiers et les déchets par terre pour les mettre à la poubelle;Déchets;ECUREUIL;Ecureuil orange;ecureuil2;45783;0.00947;0;0.1
D01;Limiter l'utilisation du papier : Utiliser les feuilles des 2 côtés / faire du brouillon / Utiliser l'ardoise pour chercher / Prendre du papier recyclé…;Déchets;ECUREUIL;Ecureuil orange;ecureuil4;45796;0.009641;0;0.8
B04;Faire un jardin potager;Biodiversité;ECUREUIL;Ecureuil orange;ecureuil2;45783;4.48;0;0
B01;Ne pas cueillir de plante dans la nature;Biodiversité;ECUREUIL;Ecureuil orange;ecureuil2;45783;0;0;0
W03;Ne pas faire couler l’eau trop longtemps quand on se lave les mains;Eau;ECUREUIL;Ecureuil orange;ecureuil2;45783;0.004964;12.6;0
W04;Tirer la petite chasse d’eau quand on fait pipi;Eau;ECUREUIL;Ecureuil orange;ecureuil2;45783;0.006501;16.5;0
B03;Donner à manger aux oiseaux dans son jardin ou sur son balcon;Biodiversité;ECUREUIL;Ecureuil orange;ecureuil4;45796;0;0;0
W01;Prendre des douches rapides;Eau;ECUREUIL;Ecureuil orange;ecureuil2;45783;0.25;224;0
B01;Ne pas cueillir de plante dans la nature;Biodiversité;ECUREUIL;Ecureuil orange;ecureuil4;45796;0;0;0
W04;Tirer la petite chasse d’eau quand on fait pipi;Eau;ECUREUIL;Ecureuil orange;ecureuil4;45796;0.006501;16.5;0
W02;Couper l’eau quand on se brosse les dents : mettre de l’eau dans un verre pour se rincer;Eau;ECUREUIL;Ecureuil orange;ecureuil4;45796;0.05;28;0
W01;Prendre des douches rapides;Eau;ECUREUIL;Ecureuil orange;ecureuil4;45796;0.25;224;0
T06;Couper le moteur de la voiture quand elle ne roule pas;Transport;ECUREUIL;Ecureuil orange;ecureuil4;45796;1.518;0;0
E06;Préférer les piles rechargeables;Electricité;ECUREUIL;Ecureuil orange;ecureuil4;45796;0.097538;0;0
E04;Eteindre les écrans (ordinateur. télévision. …) pour diminuer la consommation d’électricité;Electricité;ECUREUIL;Ecureuil orange;ecureuil4;45796;0.15988;0;1
E11;Couvrir les casseroles lorsqu’on fait bouillir de l’eau ou pour cuire…;Electricité;ECUREUIL;Ecureuil orange;ecureuil4;45796;0.00293;0;0
E08;Eteindre le chauffage lorsqu’on aère une pièce;Electricité;ECUREUIL;Ecureuil orange;ecureuil4;45796;0.000173;0;0
C05;Faire soi-même ses produits d’entretien pour éviter les emballages;Courses;ECUREUIL;Ecureuil orange;ecureuil15;45782;0.006;0;0.03
W02;Utiliser une seule dose de savon;Courses;ECUREUIL;Ecureuil orange;ecureuil15;45782;0.05;28;0
D15;Economiser les mouchoirs en papier. l'essuie-tout et le papier toilette;Déchets;ECUREUIL;Ecureuil orange;ecureuil15;45782;0.009591;0;0.8
D09;Faire du compost avec les déchets végétaux ou donner les restes alimentaires aux poules…;Déchets;ECUREUIL;Ecureuil orange;ecureuil15;45782;0.0623;0;1.75
D07;Vendre ou donner les vêtements. les objets. les jouets dont on ne veut plus (trop petits…);Déchets;ECUREUIL;Ecureuil orange;ecureuil15;45782;0.017374;2500;0
D04;Ramasser les papiers et les déchets par terre pour les mettre à la poubelle;Déchets;ECUREUIL;Ecureuil orange;ecureuil15;45782;0.00947;0;0.1
D02;Tout manger ce qu’il y a dans nos assiettes (cantine/maison);Déchets;ECUREUIL;Ecureuil orange;ecureuil15;45782;2.453511;0;1.390385
B04;Faire un jardin potager;Biodiversité;ECUREUIL;Ecureuil orange;ecureuil15;45782;4.48;0;0
B02;Ne pas tuer les araignées. les insectes (les mettre dehors…);Biodiversité;ECUREUIL;Ecureuil orange;ecureuil15;45782;0;0;0
W07;Vider le reste de sa gourde dans les plantes;Eau;ECUREUIL;Ecureuil orange;ecureuil15;45782;0;0.000013;0
W03;Ne pas faire couler l’eau trop longtemps quand on se lave les mains;Eau;ECUREUIL;Ecureuil orange;ecureuil15;45782;0.004964;12.6;0
W05;Prendre une douche plutôt qu’un bain;Eau;ECUREUIL;Ecureuil orange;ecureuil15;45782;0.140658;357;0
T03;Préférer la marche ou le vélo plutôt que la voiture;Transport;ECUREUIL;Ecureuil orange;ecureuil15;45782;0.506;0;0
T04;Faire du covoiturage;Transport;ECUREUIL;Ecureuil orange;ecureuil15;45782;0.506;0;0
E05;Préférer les ampoules à basse consommation;Electricité;ECUREUIL;Ecureuil orange;ecureuil15;45782;0.072803;0;0
E02;Ouvrir les volets et ne pas allumer la lumière quand il fait jour dehors. ou éteindre lorsque la lumière extérieure le permet;Electricité;ECUREUIL;Ecureuil orange;ecureuil15;45782;0.027408;0;0
E10;Faire sécher son linge à l'air libre au lieu d'utiliser le sèche linge chaque fois qu'on peut;Electricité;ECUREUIL;Ecureuil orange;ecureuil15;45782;0.413462;0;0
E01;Eteindre la lumière quand on quitte une pièce. quand on n’en a pas besoin;Electricité;ECUREUIL;Ecureuil orange;ecureuil15;45782;0.027408;0;0
C06;Faire ses repas, gouter, compotes sois même plutôt que d’acheter des plats préparés;Courses;ECUREUIL;Ecureuil orange;ecureuil2;45783;1.260407;0;0.180058
C05;Faire soi-même ses produits d’entretien pour éviter les emballages;Courses;ECUREUIL;Ecureuil orange;ecureuil2;45783;0.006;0;0.03
D11;Acheter des produits en vrac. éviter les emballages individuels…;Déchets;ECUREUIL;Ecureuil orange;ecureuil2;45783;0.38;0;0.67
D08;Utiliser les bacs de tri;Déchets;ECUREUIL;Ecureuil orange;ecureuil2;45783;0.866962;0;0
D03;Ne pas jeter de déchets dans la nature (chewing-gums. sacs. canettes. bouteilles…);Déchets;ECUREUIL;Ecureuil orange;ecureuil2;45783;0.424875;0;4.486538
D15;Economiser les mouchoirs en papier. l'essuie-tout et le papier toilette;Déchets;ECUREUIL;Ecureuil orange;ecureuil2;45783;0.009591;0;0.8
D07;Vendre ou donner les vêtements. les objets. les jouets dont on ne veut plus (trop petits…);Déchets;ECUREUIL;Ecureuil orange;ecureuil2;45783;0.017374;2500;0
D02;Tout manger ce qu’il y a dans nos assiettes (cantine/maison);Déchets;ECUREUIL;Ecureuil orange;ecureuil2;45783;2.453511;0;1.390385
B02;Ne pas tuer les araignées. les insectes (les mettre dehors…);Biodiversité;ECUREUIL;Ecureuil orange;ecureuil2;45783;0;0;0
W07;Vider le reste de sa gourde dans les plantes;Eau;ECUREUIL;Ecureuil orange;ecureuil2;45783;0;0.000013;0
W05;Prendre une douche plutôt qu’un bain;Eau;ECUREUIL;Ecureuil orange;ecureuil2;45783;0.140658;357;0
W02;Couper l’eau quand on se brosse les dents : mettre de l’eau dans un verre pour se rincer;Eau;ECUREUIL;Ecureuil orange;ecureuil2;45783;0.05;28;0
T03;Préférer la marche ou le vélo plutôt que la voiture;Transport;ECUREUIL;Ecureuil orange;ecureuil2;45783;0.506;0;0
T04;Faire du covoiturage;Transport;ECUREUIL;Ecureuil orange;ecureuil2;45783;0.506;0;0
T06;Couper le moteur de la voiture quand elle ne roule pas;Transport;ECUREUIL;Ecureuil orange;ecureuil2;45783;1.518;0;0
E06;Préférer les piles rechargeables;Electricité;ECUREUIL;Ecureuil orange;ecureuil2;45783;0.097538;0;0
E11;Couvrir les casseroles lorsqu’on fait bouillir de l’eau ou pour cuire…;Electricité;ECUREUIL;Ecureuil orange;ecureuil2;45783;0.00293;0;0
E08;Eteindre le chauffage lorsqu’on aère une pièce;Electricité;ECUREUIL;Ecureuil orange;ecureuil2;45783;0.000173;0;0
E05;Préférer les ampoules à basse consommation;Electricité;ECUREUIL;Ecureuil orange;ecureuil2;45783;0.072803;0;0
E02;Ouvrir les volets et ne pas allumer la lumière quand il fait jour dehors. ou éteindre lorsque la lumière extérieure le permet;Electricité;ECUREUIL;Ecureuil orange;ecureuil2;45783;0.027408;0;0
E10;Faire sécher son linge à l'air libre au lieu d'utiliser le sèche linge chaque fois qu'on peut;Electricité;ECUREUIL;Ecureuil orange;ecureuil2;45783;0.413462;0;0
E01;Eteindre la lumière quand on quitte une pièce. quand on n’en a pas besoin;Electricité;ECUREUIL;Ecureuil orange;ecureuil2;45783;0.027408;0;0
C03;Acheter des fruits ou légumes de saison;Courses;ECUREUIL;Ecureuil orange;ecureuil6;45783;6.932;0;0
D15;Economiser les mouchoirs en papier. l'essuie-tout et le papier toilette;Déchets;ECUREUIL;Ecureuil orange;ecureuil6;45783;0.009591;0;0.8
D06;Prendre soin de ses affaires pour les faire durer plus longtemps (reboucher les feutres… ne pas casser. ne pas lancer…);Déchets;ECUREUIL;Ecureuil orange;ecureuil6;45783;0.017374;0;0.183462
D03;Ne pas jeter de déchets dans la nature (chewing-gums. sacs. canettes. bouteilles…);Déchets;ECUREUIL;Ecureuil orange;ecureuil6;45783;0.424875;0;4.486538
B03;Donner à manger aux oiseaux dans son jardin ou sur son balcon;Biodiversité;ECUREUIL;Ecureuil orange;ecureuil6;45783;0;0;0
W04;Tirer la petite chasse d’eau quand on fait pipi;Eau;ECUREUIL;Ecureuil orange;ecureuil6;45783;0.006501;16.5;0
W02;Couper l’eau quand on se brosse les dents : mettre de l’eau dans un verre pour se rincer;Eau;ECUREUIL;Ecureuil orange;ecureuil6;45783;0.05;28;0
W01;Prendre des douches rapides;Eau;ECUREUIL;Ecureuil orange;ecureuil6;45783;0.25;224;0
E06;Préférer les piles rechargeables;Electricité;ECUREUIL;Ecureuil orange;ecureuil4;45783;0.097538;0;0
E04;Eteindre les écrans (ordinateur. télévision. …) pour diminuer la consommation d’électricité;Electricité;ECUREUIL;Ecureuil orange;ecureuil4;45783;0.15988;0;1
E11;Couvrir les casseroles lorsqu’on fait bouillir de l’eau ou pour cuire…;Electricité;ECUREUIL;Ecureuil orange;ecureuil4;45783;0.00293;0;0
E08;Eteindre le chauffage lorsqu’on aère une pièce;Electricité;ECUREUIL;Ecureuil orange;ecureuil4;45783;0.000173;0;0
B04;Faire un jardin potager;Biodiversité;ECUREUIL;Ecureuil orange;ecureuil4;45783;4.48;0;0
B02;Ne pas tuer les araignées. les insectes (les mettre dehors…);Biodiversité;ECUREUIL;Ecureuil orange;ecureuil4;45783;0;0;0
W07;Vider le reste de sa gourde dans les plantes;Eau;ECUREUIL;Ecureuil orange;ecureuil4;45783;0;0.000013;0
W03;Ne pas faire couler l’eau trop longtemps quand on se lave les mains;Eau;ECUREUIL;Ecureuil orange;ecureuil4;45783;0.004964;12.6;0
W05;Prendre une douche plutôt qu’un bain;Eau;ECUREUIL;Ecureuil orange;ecureuil4;45783;0.140658;357;0
T06;Couper le moteur de la voiture quand elle ne roule pas;Transport;ECUREUIL;Ecureuil orange;ecureuil4;45783;1.518;0;0
T04;Faire du covoiturage;Transport;ECUREUIL;Ecureuil orange;ecureuil4;45783;0.506;0;0
D15;Economiser les mouchoirs en papier. l'essuie-tout et le papier toilette;Déchets;ECUREUIL;Ecureuil orange;ecureuil4;45783;0.009591;0;0.8
D09;Faire du compost avec les déchets végétaux ou donner les restes alimentaires aux poules…;Déchets;ECUREUIL;Ecureuil orange;ecureuil4;45783;0.0623;0;1.75
D07;Vendre ou donner les vêtements. les objets. les jouets dont on ne veut plus (trop petits…);Déchets;ECUREUIL;Ecureuil orange;ecureuil4;45783;0.017374;2500;0
D06;Prendre soin de ses affaires pour les faire durer plus longtemps (reboucher les feutres… ne pas casser. ne pas lancer…);Déchets;ECUREUIL;Ecureuil orange;ecureuil4;45783;0.017374;0;0.183462
D03;Ne pas jeter de déchets dans la nature (chewing-gums. sacs. canettes. bouteilles…);Déchets;ECUREUIL;Ecureuil orange;ecureuil4;45783;0.424875;0;4.486538
C06;Faire ses repas, gouter, compotes sois même plutôt que d’acheter des plats préparés;Courses;ECUREUIL;Ecureuil orange;ecureuil4;45783;1.260407;0;0.180058
W02;Utiliser une seule dose de savon;Courses;ECUREUIL;Ecureuil orange;ecureuil4;45783;0.05;28;0
W02;Utiliser une seule dose de savon;Courses;ECUREUIL;Ecureuil orange;ecureuil6;45797;0.05;28;0
D08;Utiliser les bacs de tri;Déchets;ECUREUIL;Ecureuil orange;ecureuil6;45797;0.866962;0;0
D06;Prendre soin de ses affaires pour les faire durer plus longtemps (reboucher les feutres… ne pas casser. ne pas lancer…);Déchets;ECUREUIL;Ecureuil orange;ecureuil6;45797;0.017374;0;0.183462
D03;Ne pas jeter de déchets dans la nature (chewing-gums. sacs. canettes. bouteilles…);Déchets;ECUREUIL;Ecureuil orange;ecureuil6;45797;0.424875;0;4.486538
B02;Ne pas tuer les araignées. les insectes (les mettre dehors…);Biodiversité;ECUREUIL;Ecureuil orange;ecureuil6;45797;0;0;0
W04;Tirer la petite chasse d’eau quand on fait pipi;Eau;ECUREUIL;Ecureuil orange;ecureuil6;45797;0.006501;16.5;0
W02;Couper l’eau quand on se brosse les dents : mettre de l’eau dans un verre pour se rincer;Eau;ECUREUIL;Ecureuil orange;ecureuil6;45797;0.05;28;0
W01;Prendre des douches rapides;Eau;ECUREUIL;Ecureuil orange;ecureuil6;45797;0.25;224;0
W02;Utiliser une seule dose de savon;Courses;ECUREUIL;Ecureuil orange;ecureuil6;45783;0.05;28;0
D08;Utiliser les bacs de tri;Déchets;ECUREUIL;Ecureuil orange;ecureuil6;45783;0.866962;0;0
D04;Ramasser les papiers et les déchets par terre pour les mettre à la poubelle;Déchets;ECUREUIL;Ecureuil orange;ecureuil6;45783;0.00947;0;0.1
D02;Tout manger ce qu’il y a dans nos assiettes (cantine/maison);Déchets;ECUREUIL;Ecureuil orange;ecureuil6;45783;2.453511;0;1.390385
B02;Ne pas tuer les araignées. les insectes (les mettre dehors…);Biodiversité;ECUREUIL;Ecureuil orange;ecureuil6;45783;0;0;0
W03;Ne pas faire couler l’eau trop longtemps quand on se lave les mains;Eau;ECUREUIL;Ecureuil orange;ecureuil6;45783;0.004964;12.6;0
W05;Prendre une douche plutôt qu’un bain;Eau;ECUREUIL;Ecureuil orange;ecureuil6;45783;0.140658;357;0
T03;Préférer la marche ou le vélo plutôt que la voiture;Transport;ECUREUIL;Ecureuil orange;ecureuil6;45783;0.506;0;0
E05;Préférer les ampoules à basse consommation;Electricité;ECUREUIL;Ecureuil orange;ecureuil4;45783;0.072803;0;0
E02;Ouvrir les volets et ne pas allumer la lumière quand il fait jour dehors. ou éteindre lorsque la lumière extérieure le permet;Electricité;ECUREUIL;Ecureuil orange;ecureuil4;45783;0.027408;0;0
E10;Faire sécher son linge à l'air libre au lieu d'utiliser le sèche linge chaque fois qu'on peut;Electricité;ECUREUIL;Ecureuil orange;ecureuil4;45783;0.413462;0;0
E01;Eteindre la lumière quand on quitte une pièce. quand on n’en a pas besoin;Electricité;ECUREUIL;Ecureuil orange;ecureuil4;45783;0.027408;0;0
B03;Donner à manger aux oiseaux dans son jardin ou sur son balcon;Biodiversité;ECUREUIL;Ecureuil orange;ecureuil4;45783;0;0;0
B01;Ne pas cueillir de plante dans la nature;Biodiversité;ECUREUIL;Ecureuil orange;ecureuil4;45783;0;0;0
W04;Tirer la petite chasse d’eau quand on fait pipi;Eau;ECUREUIL;Ecureuil orange;ecureuil4;45783;0.006501;16.5;0
W02;Couper l’eau quand on se brosse les dents : mettre de l’eau dans un verre pour se rincer;Eau;ECUREUIL;Ecureuil orange;ecureuil4;45783;0.05;28;0
W01;Prendre des douches rapides;Eau;ECUREUIL;Ecureuil orange;ecureuil4;45783;0.25;224;0
T03;Préférer la marche ou le vélo plutôt que la voiture;Transport;ECUREUIL;Ecureuil orange;ecureuil4;45783;0.506;0;0
D11;Acheter des produits en vrac. éviter les emballages individuels…;Déchets;ECUREUIL;Ecureuil orange;ecureuil4;45783;0.38;0;0.67
D10;Ne pas acheter de bouteilles en plastique : boire à la gourde;Déchets;ECUREUIL;Ecureuil orange;ecureuil4;45783;0.54243;0;0.21
D08;Utiliser les bacs de tri;Déchets;ECUREUIL;Ecureuil orange;ecureuil4;45783;0.866962;0;0
D02;Tout manger ce qu’il y a dans nos assiettes (cantine/maison);Déchets;ECUREUIL;Ecureuil orange;ecureuil4;45783;2.453511;0;1.390385
D04;Ramasser les papiers et les déchets par terre pour les mettre à la poubelle;Déchets;ECUREUIL;Ecureuil orange;ecureuil4;45783;0.00947;0;0.1
D01;Limiter l'utilisation du papier : Utiliser les feuilles des 2 côtés / faire du brouillon / Utiliser l'ardoise pour chercher / Prendre du papier recyclé…;Déchets;ECUREUIL;Ecureuil orange;ecureuil4;45783;0.009641;0;0.8
C03;Acheter des fruits ou légumes de saison;Courses;ECUREUIL;Ecureuil orange;ecureuil4;45783;6.932;0;0
C06;Faire ses repas, gouter, compotes sois même plutôt que d’acheter des plats préparés;Courses;ECUREUIL;Ecureuil orange;ecureuil1;45786;1.260407;0;0.180058
C03;Acheter des fruits ou légumes de saison;Courses;ECUREUIL;Ecureuil orange;ecureuil1;45786;6.932;0;0
D11;Acheter des produits en vrac. éviter les emballages individuels…;Déchets;ECUREUIL;Ecureuil orange;ecureuil1;45786;0.38;0;0.67
D10;Ne pas acheter de bouteilles en plastique : boire à la gourde;Déchets;ECUREUIL;Ecureuil orange;ecureuil1;45786;0.54243;0;0.21
D08;Utiliser les bacs de tri;Déchets;ECUREUIL;Ecureuil orange;ecureuil1;45786;0.866962;0;0
D06;Prendre soin de ses affaires pour les faire durer plus longtemps (reboucher les feutres… ne pas casser. ne pas lancer…);Déchets;ECUREUIL;Ecureuil orange;ecureuil1;45786;0.017374;0;0.183462
D03;Ne pas jeter de déchets dans la nature (chewing-gums. sacs. canettes. bouteilles…);Déchets;ECUREUIL;Ecureuil orange;ecureuil1;45786;0.424875;0;4.486538
D01;Limiter l'utilisation du papier : Utiliser les feuilles des 2 côtés / faire du brouillon / Utiliser l'ardoise pour chercher / Prendre du papier recyclé…;Déchets;ECUREUIL;Ecureuil orange;ecureuil1;45786;0.009641;0;0.8
B01;Ne pas cueillir de plante dans la nature;Biodiversité;ECUREUIL;Ecureuil orange;ecureuil1;45786;0;0;0
W03;Ne pas faire couler l’eau trop longtemps quand on se lave les mains;Eau;ECUREUIL;Ecureuil orange;ecureuil1;45786;0.004964;12.6;0
W05;Prendre une douche plutôt qu’un bain;Eau;ECUREUIL;Ecureuil orange;ecureuil1;45786;0.140658;357;0
T06;Couper le moteur de la voiture quand elle ne roule pas;Transport;ECUREUIL;Ecureuil orange;ecureuil1;45786;1.518;0;0
E04;Eteindre les écrans (ordinateur. télévision. …) pour diminuer la consommation d’électricité;Electricité;ECUREUIL;Ecureuil orange;ecureuil1;45786;0.15988;0;1
E10;Faire sécher son linge à l'air libre au lieu d'utiliser le sèche linge chaque fois qu'on peut;Electricité;ECUREUIL;Ecureuil orange;ecureuil1;45786;0.413462;0;0
E01;Eteindre la lumière quand on quitte une pièce. quand on n’en a pas besoin;Electricité;ECUREUIL;Ecureuil orange;ecureuil1;45786;0.027408;0;0
C05;Faire soi-même ses produits d’entretien pour éviter les emballages;Courses;ECUREUIL;Ecureuil orange;ecureuil15;45789;0.006;0;0.03
W02;Utiliser une seule dose de savon;Courses;ECUREUIL;Ecureuil orange;ecureuil15;45789;0.05;28;0
D15;Economiser les mouchoirs en papier. l'essuie-tout et le papier toilette;Déchets;ECUREUIL;Ecureuil orange;ecureuil15;45789;0.009591;0;0.8
D09;Faire du compost avec les déchets végétaux ou donner les restes alimentaires aux poules…;Déchets;ECUREUIL;Ecureuil orange;ecureuil15;45789;0.0623;0;1.75
D07;Vendre ou donner les vêtements. les objets. les jouets dont on ne veut plus (trop petits…);Déchets;ECUREUIL;Ecureuil orange;ecureuil15;45789;0.017374;2500;0
D04;Ramasser les papiers et les déchets par terre pour les mettre à la poubelle;Déchets;ECUREUIL;Ecureuil orange;ecureuil15;45789;0.00947;0;0.1
D02;Tout manger ce qu’il y a dans nos assiettes (cantine/maison);Déchets;ECUREUIL;Ecureuil orange;ecureuil15;45789;2.453511;0;1.390385
B04;Faire un jardin potager;Biodiversité;ECUREUIL;Ecureuil orange;ecureuil15;45789;4.48;0;0
B02;Ne pas tuer les araignées. les insectes (les mettre dehors…);Biodiversité;ECUREUIL;Ecureuil orange;ecureuil15;45789;0;0;0
W07;Vider le reste de sa gourde dans les plantes;Eau;ECUREUIL;Ecureuil orange;ecureuil15;45789;0;0.000013;0
W03;Ne pas faire couler l’eau trop longtemps quand on se lave les mains;Eau;ECUREUIL;Ecureuil orange;ecureuil15;45789;0.004964;12.6;0
W05;Prendre une douche plutôt qu’un bain;Eau;ECUREUIL;Ecureuil orange;ecureuil15;45789;0.140658;357;0
T06;Couper le moteur de la voiture quand elle ne roule pas;Transport;ECUREUIL;Ecureuil orange;ecureuil15;45789;1.518;0;0
E06;Préférer les piles rechargeables;Electricité;ECUREUIL;Ecureuil orange;ecureuil15;45789;0.097538;0;0
E04;Eteindre les écrans (ordinateur. télévision. …) pour diminuer la consommation d’électricité;Electricité;ECUREUIL;Ecureuil orange;ecureuil15;45789;0.15988;0;1
E11;Couvrir les casseroles lorsqu’on fait bouillir de l’eau ou pour cuire…;Electricité;ECUREUIL;Ecureuil orange;ecureuil15;45789;0.00293;0;0
E08;Eteindre le chauffage lorsqu’on aère une pièce;Electricité;ECUREUIL;Ecureuil orange;ecureuil15;45789;0.000173;0;0
C05;Faire soi-même ses produits d’entretien pour éviter les emballages;Courses;ECUREUIL;Ecureuil orange;ecureuil1;45786;0.006;0;0.03
W02;Utiliser une seule dose de savon;Courses;ECUREUIL;Ecureuil orange;ecureuil1;45786;0.05;28;0
D15;Economiser les mouchoirs en papier. l'essuie-tout et le papier toilette;Déchets;ECUREUIL;Ecureuil orange;ecureuil1;45786;0.009591;0;0.8
D09;Faire du compost avec les déchets végétaux ou donner les restes alimentaires aux poules…;Déchets;ECUREUIL;Ecureuil orange;ecureuil1;45786;0.0623;0;1.75
D07;Vendre ou donner les vêtements. les objets. les jouets dont on ne veut plus (trop petits…);Déchets;ECUREUIL;Ecureuil orange;ecureuil1;45786;0.017374;2500;0
D04;Ramasser les papiers et les déchets par terre pour les mettre à la poubelle;Déchets;ECUREUIL;Ecureuil orange;ecureuil1;45786;0.00947;0;0.1
D02;Tout manger ce qu’il y a dans nos assiettes (cantine/maison);Déchets;ECUREUIL;Ecureuil orange;ecureuil1;45786;2.453511;0;1.390385
B04;Faire un jardin potager;Biodiversité;ECUREUIL;Ecureuil orange;ecureuil1;45786;4.48;0;0
W04;Tirer la petite chasse d’eau quand on fait pipi;Eau;ECUREUIL;Ecureuil orange;ecureuil1;45786;0.006501;16.5;0
W02;Couper l’eau quand on se brosse les dents : mettre de l’eau dans un verre pour se rincer;Eau;ECUREUIL;Ecureuil orange;ecureuil1;45786;0.05;28;0
W01;Prendre des douches rapides;Eau;ECUREUIL;Ecureuil orange;ecureuil1;45786;0.25;224;0
E05;Préférer les ampoules à basse consommation;Electricité;ECUREUIL;Ecureuil orange;ecureuil1;45786;0.072803;0;0
E02;Ouvrir les volets et ne pas allumer la lumière quand il fait jour dehors. ou éteindre lorsque la lumière extérieure le permet;Electricité;ECUREUIL;Ecureuil orange;ecureuil1;45786;0.027408;0;0
E08;Eteindre le chauffage lorsqu’on aère une pièce;Electricité;ECUREUIL;Ecureuil orange;ecureuil1;45786;0.000173;0;0
C06;Faire ses repas, gouter, compotes sois même plutôt que d’acheter des plats préparés;Courses;ECUREUIL;Ecureuil orange;ecureuil15;45789;1.260407;0;0.180058
C03;Acheter des fruits ou légumes de saison;Courses;ECUREUIL;Ecureuil orange;ecureuil15;45789;6.932;0;0
D11;Acheter des produits en vrac. éviter les emballages individuels…;Déchets;ECUREUIL;Ecureuil orange;ecureuil15;45789;0.38;0;0.67
D10;Ne pas acheter de bouteilles en plastique : boire à la gourde;Déchets;ECUREUIL;Ecureuil orange;ecureuil15;45789;0.54243;0;0.21
D08;Utiliser les bacs de tri;Déchets;ECUREUIL;Ecureuil orange;ecureuil15;45789;0.866962;0;0
D06;Prendre soin de ses affaires pour les faire durer plus longtemps (reboucher les feutres… ne pas casser. ne pas lancer…);Déchets;ECUREUIL;Ecureuil orange;ecureuil15;45789;0.017374;0;0.183462
D03;Ne pas jeter de déchets dans la nature (chewing-gums. sacs. canettes. bouteilles…);Déchets;ECUREUIL;Ecureuil orange;ecureuil15;45789;0.424875;0;4.486538
D01;Limiter l'utilisation du papier : Utiliser les feuilles des 2 côtés / faire du brouillon / Utiliser l'ardoise pour chercher / Prendre du papier recyclé…;Déchets;ECUREUIL;Ecureuil orange;ecureuil15;45789;0.009641;0;0.8
B03;Donner à manger aux oiseaux dans son jardin ou sur son balcon;Biodiversité;ECUREUIL;Ecureuil orange;ecureuil15;45789;0;0;0
B01;Ne pas cueillir de plante dans la nature;Biodiversité;ECUREUIL;Ecureuil orange;ecureuil15;45789;0;0;0
W04;Tirer la petite chasse d’eau quand on fait pipi;Eau;ECUREUIL;Ecureuil orange;ecureuil15;45789;0.006501;16.5;0
W02;Couper l’eau quand on se brosse les dents : mettre de l’eau dans un verre pour se rincer;Eau;ECUREUIL;Ecureuil orange;ecureuil15;45789;0.05;28;0
W01;Prendre des douches rapides;Eau;ECUREUIL;Ecureuil orange;ecureuil15;45789;0.25;224;0
T03;Préférer la marche ou le vélo plutôt que la voiture;Transport;ECUREUIL;Ecureuil orange;ecureuil15;45789;0.506;0;0
T04;Faire du covoiturage;Transport;ECUREUIL;Ecureuil orange;ecureuil15;45789;0.506;0;0
E05;Préférer les ampoules à basse consommation;Electricité;ECUREUIL;Ecureuil orange;ecureuil15;45789;0.072803;0;0
E02;Ouvrir les volets et ne pas allumer la lumière quand il fait jour dehors. ou éteindre lorsque la lumière extérieure le permet;Electricité;ECUREUIL;Ecureuil orange;ecureuil15;45789;0.027408;0;0
E10;Faire sécher son linge à l'air libre au lieu d'utiliser le sèche linge chaque fois qu'on peut;Electricité;ECUREUIL;Ecureuil orange;ecureuil15;45789;0.413462;0;0
E01;Eteindre la lumière quand on quitte une pièce. quand on n’en a pas besoin;Electricité;ECUREUIL;Ecureuil orange;ecureuil15;45789;0.027408;0;0
C06;Faire ses repas, gouter, compotes sois même plutôt que d’acheter des plats préparés;Courses;ECUREUIL;Ecureuil orange;ecureuil2;45789;1.260407;0;0.180058
C03;Acheter des fruits ou légumes de saison;Courses;ECUREUIL;Ecureuil orange;ecureuil2;45789;6.932;0;0
D15;Economiser les mouchoirs en papier. l'essuie-tout et le papier toilette;Déchets;ECUREUIL;Ecureuil orange;ecureuil2;45789;0.009591;0;0.8
D09;Faire du compost avec les déchets végétaux ou donner les restes alimentaires aux poules…;Déchets;ECUREUIL;Ecureuil orange;ecureuil2;45789;0.0623;0;1.75
D07;Vendre ou donner les vêtements. les objets. les jouets dont on ne veut plus (trop petits…);Déchets;ECUREUIL;Ecureuil orange;ecureuil2;45789;0.017374;2500;0
D04;Ramasser les papiers et les déchets par terre pour les mettre à la poubelle;Déchets;ECUREUIL;Ecureuil orange;ecureuil2;45789;0.00947;0;0.1
D02;Tout manger ce qu’il y a dans nos assiettes (cantine/maison);Déchets;ECUREUIL;Ecureuil orange;ecureuil2;45789;2.453511;0;1.390385
B04;Faire un jardin potager;Biodiversité;ECUREUIL;Ecureuil orange;ecureuil2;45789;4.48;0;0
B01;Ne pas cueillir de plante dans la nature;Biodiversité;ECUREUIL;Ecureuil orange;ecureuil2;45789;0;0;0
W04;Tirer la petite chasse d’eau quand on fait pipi;Eau;ECUREUIL;Ecureuil orange;ecureuil2;45789;0.006501;16.5;0
W02;Couper l’eau quand on se brosse les dents : mettre de l’eau dans un verre pour se rincer;Eau;ECUREUIL;Ecureuil orange;ecureuil2;45789;0.05;28;0
W01;Prendre des douches rapides;Eau;ECUREUIL;Ecureuil orange;ecureuil2;45789;0.25;224;0
T06;Couper le moteur de la voiture quand elle ne roule pas;Transport;ECUREUIL;Ecureuil orange;ecureuil2;45789;1.518;0;0
E06;Préférer les piles rechargeables;Electricité;ECUREUIL;Ecureuil orange;ecureuil2;45789;0.097538;0;0
E02;Ouvrir les volets et ne pas allumer la lumière quand il fait jour dehors. ou éteindre lorsque la lumière extérieure le permet;Electricité;ECUREUIL;Ecureuil orange;ecureuil2;45789;0.027408;0;0
E10;Faire sécher son linge à l'air libre au lieu d'utiliser le sèche linge chaque fois qu'on peut;Electricité;ECUREUIL;Ecureuil orange;ecureuil2;45789;0.413462;0;0
E01;Eteindre la lumière quand on quitte une pièce. quand on n’en a pas besoin;Electricité;ECUREUIL;Ecureuil orange;ecureuil2;45789;0.027408;0;0
C03;Acheter des fruits ou légumes de saison;Courses;ECUREUIL;Ecureuil orange;ecureuil10;45789;6.932;0;0
D11;Acheter des produits en vrac. éviter les emballages individuels…;Déchets;ECUREUIL;Ecureuil orange;ecureuil10;45789;0.38;0;0.67
D10;Ne pas acheter de bouteilles en plastique : boire à la gourde;Déchets;ECUREUIL;Ecureuil orange;ecureuil10;45789;0.54243;0;0.21
D08;Utiliser les bacs de tri;Déchets;ECUREUIL;Ecureuil orange;ecureuil10;45789;0.866962;0;0
D06;Prendre soin de ses affaires pour les faire durer plus longtemps (reboucher les feutres… ne pas casser. ne pas lancer…);Déchets;ECUREUIL;Ecureuil orange;ecureuil10;45789;0.017374;0;0.183462
D03;Ne pas jeter de déchets dans la nature (chewing-gums. sacs. canettes. bouteilles…);Déchets;ECUREUIL;Ecureuil orange;ecureuil10;45789;0.424875;0;4.486538
D01;Limiter l'utilisation du papier : Utiliser les feuilles des 2 côtés / faire du brouillon / Utiliser l'ardoise pour chercher / Prendre du papier recyclé…;Déchets;ECUREUIL;Ecureuil orange;ecureuil10;45789;0.009641;0;0.8
B03;Donner à manger aux oiseaux dans son jardin ou sur son balcon;Biodiversité;ECUREUIL;Ecureuil orange;ecureuil10;45789;0;0;0
B01;Ne pas cueillir de plante dans la nature;Biodiversité;ECUREUIL;Ecureuil orange;ecureuil10;45789;0;0;0
W04;Tirer la petite chasse d’eau quand on fait pipi;Eau;ECUREUIL;Ecureuil orange;ecureuil10;45789;0.006501;16.5;0
W02;Couper l’eau quand on se brosse les dents : mettre de l’eau dans un verre pour se rincer;Eau;ECUREUIL;Ecureuil orange;ecureuil10;45789;0.05;28;0
W01;Prendre des douches rapides;Eau;ECUREUIL;Ecureuil orange;ecureuil10;45789;0.25;224;0
T06;Couper le moteur de la voiture quand elle ne roule pas;Transport;ECUREUIL;Ecureuil orange;ecureuil10;45789;1.518;0;0
E05;Préférer les ampoules à basse consommation;Electricité;ECUREUIL;Ecureuil orange;ecureuil10;45789;0.072803;0;0
E02;Ouvrir les volets et ne pas allumer la lumière quand il fait jour dehors. ou éteindre lorsque la lumière extérieure le permet;Electricité;ECUREUIL;Ecureuil orange;ecureuil10;45789;0.027408;0;0
E10;Faire sécher son linge à l'air libre au lieu d'utiliser le sèche linge chaque fois qu'on peut;Electricité;ECUREUIL;Ecureuil orange;ecureuil10;45789;0.413462;0;0
E01;Eteindre la lumière quand on quitte une pièce. quand on n’en a pas besoin;Electricité;ECUREUIL;Ecureuil orange;ecureuil10;45789;0.027408;0;0
C06;Faire ses repas, gouter, compotes sois même plutôt que d’acheter des plats préparés;Courses;ECUREUIL;Ecureuil orange;ecureuil6;45789;1.260407;0;0.180058
W02;Utiliser une seule dose de savon;Courses;ECUREUIL;Ecureuil orange;ecureuil6;45789;0.05;28;0
D10;Ne pas acheter de bouteilles en plastique : boire à la gourde;Déchets;ECUREUIL;Ecureuil orange;ecureuil6;45789;0.54243;0;0.21
D06;Prendre soin de ses affaires pour les faire durer plus longtemps (reboucher les feutres… ne pas casser. ne pas lancer…);Déchets;ECUREUIL;Ecureuil orange;ecureuil6;45789;0.017374;0;0.183462
D03;Ne pas jeter de déchets dans la nature (chewing-gums. sacs. canettes. bouteilles…);Déchets;ECUREUIL;Ecureuil orange;ecureuil6;45789;0.424875;0;4.486538
B02;Ne pas tuer les araignées. les insectes (les mettre dehors…);Biodiversité;ECUREUIL;Ecureuil orange;ecureuil6;45789;0;0;0
W04;Tirer la petite chasse d’eau quand on fait pipi;Eau;ECUREUIL;Ecureuil orange;ecureuil6;45789;0.006501;16.5;0
W02;Couper l’eau quand on se brosse les dents : mettre de l’eau dans un verre pour se rincer;Eau;ECUREUIL;Ecureuil orange;ecureuil6;45789;0.05;28;0
W01;Prendre des douches rapides;Eau;ECUREUIL;Ecureuil orange;ecureuil6;45789;0.25;224;0
E04;Eteindre les écrans (ordinateur. télévision. …) pour diminuer la consommation d’électricité;Electricité;ECUREUIL;Ecureuil orange;ecureuil6;45789;0.15988;0;1
E10;Faire sécher son linge à l'air libre au lieu d'utiliser le sèche linge chaque fois qu'on peut;Electricité;ECUREUIL;Ecureuil orange;ecureuil6;45789;0.413462;0;0
E01;Eteindre la lumière quand on quitte une pièce. quand on n’en a pas besoin;Electricité;ECUREUIL;Ecureuil orange;ecureuil6;45789;0.027408;0;0
C05;Faire soi-même ses produits d’entretien pour éviter les emballages;Courses;ECUREUIL;Ecureuil orange;ecureuil4;45790;0.006;0;0.03
W02;Utiliser une seule dose de savon;Courses;ECUREUIL;Ecureuil orange;ecureuil4;45790;0.05;28;0
D15;Economiser les mouchoirs en papier. l'essuie-tout et le papier toilette;Déchets;ECUREUIL;Ecureuil orange;ecureuil4;45790;0.009591;0;0.8
D09;Faire du compost avec les déchets végétaux ou donner les restes alimentaires aux poules…;Déchets;ECUREUIL;Ecureuil orange;ecureuil4;45790;0.0623;0;1.75
D07;Vendre ou donner les vêtements. les objets. les jouets dont on ne veut plus (trop petits…);Déchets;ECUREUIL;Ecureuil orange;ecureuil4;45790;0.017374;2500;0
D04;Ramasser les papiers et les déchets par terre pour les mettre à la poubelle;Déchets;ECUREUIL;Ecureuil orange;ecureuil4;45790;0.00947;0;0.1
D02;Tout manger ce qu’il y a dans nos assiettes (cantine/maison);Déchets;ECUREUIL;Ecureuil orange;ecureuil4;45790;2.453511;0;1.390385
B04;Faire un jardin potager;Biodiversité;ECUREUIL;Ecureuil orange;ecureuil4;45790;4.48;0;0
B02;Ne pas tuer les araignées. les insectes (les mettre dehors…);Biodiversité;ECUREUIL;Ecureuil orange;ecureuil4;45790;0;0;0
E06;Préférer les piles rechargeables;Electricité;ECUREUIL;Ecureuil orange;ecureuil4;45790;0.097538;0;0
E04;Eteindre les écrans (ordinateur. télévision. …) pour diminuer la consommation d’électricité;Electricité;ECUREUIL;Ecureuil orange;ecureuil4;45790;0.15988;0;1
E11;Couvrir les casseroles lorsqu’on fait bouillir de l’eau ou pour cuire…;Electricité;ECUREUIL;Ecureuil orange;ecureuil4;45790;0.00293;0;0
E08;Eteindre le chauffage lorsqu’on aère une pièce;Electricité;ECUREUIL;Ecureuil orange;ecureuil4;45790;0.000173;0;0
W07;Vider le reste de sa gourde dans les plantes;Eau;ECUREUIL;Ecureuil orange;ecureuil4;45790;0;0.000013;0
W03;Ne pas faire couler l’eau trop longtemps quand on se lave les mains;Eau;ECUREUIL;Ecureuil orange;ecureuil4;45790;0.004964;12.6;0
W05;Prendre une douche plutôt qu’un bain;Eau;ECUREUIL;Ecureuil orange;ecureuil4;45790;0.140658;357;0
T03;Préférer la marche ou le vélo plutôt que la voiture;Transport;ECUREUIL;Ecureuil orange;ecureuil4;45790;0.506;0;0
T04;Faire du covoiturage;Transport;ECUREUIL;Ecureuil orange;ecureuil4;45790;0.506;0;0
W02;Utiliser une seule dose de savon;Courses;ECUREUIL;Ecureuil orange;ecureuil2;45789;0.05;28;0
D10;Ne pas acheter de bouteilles en plastique : boire à la gourde;Déchets;ECUREUIL;Ecureuil orange;ecureuil2;45789;0.54243;0;0.21
D08;Utiliser les bacs de tri;Déchets;ECUREUIL;Ecureuil orange;ecureuil2;45789;0.866962;0;0
D06;Prendre soin de ses affaires pour les faire durer plus longtemps (reboucher les feutres… ne pas casser. ne pas lancer…);Déchets;ECUREUIL;Ecureuil orange;ecureuil2;45789;0.017374;0;0.183462
D03;Ne pas jeter de déchets dans la nature (chewing-gums. sacs. canettes. bouteilles…);Déchets;ECUREUIL;Ecureuil orange;ecureuil2;45789;0.424875;0;4.486538
D01;Limiter l'utilisation du papier : Utiliser les feuilles des 2 côtés / faire du brouillon / Utiliser l'ardoise pour chercher / Prendre du papier recyclé…;Déchets;ECUREUIL;Ecureuil orange;ecureuil2;45789;0.009641;0;0.8
B02;Ne pas tuer les araignées. les insectes (les mettre dehors…);Biodiversité;ECUREUIL;Ecureuil orange;ecureuil2;45789;0;0;0
W07;Vider le reste de sa gourde dans les plantes;Eau;ECUREUIL;Ecureuil orange;ecureuil2;45789;0;0.000013;0
W03;Ne pas faire couler l’eau trop longtemps quand on se lave les mains;Eau;ECUREUIL;Ecureuil orange;ecureuil2;45789;0.004964;12.6;0
W05;Prendre une douche plutôt qu’un bain;Eau;ECUREUIL;Ecureuil orange;ecureuil2;45789;0.140658;357;0
T03;Préférer la marche ou le vélo plutôt que la voiture;Transport;ECUREUIL;Ecureuil orange;ecureuil2;45789;0.506;0;0
T04;Faire du covoiturage;Transport;ECUREUIL;Ecureuil orange;ecureuil2;45789;0.506;0;0
E05;Préférer les ampoules à basse consommation;Electricité;ECUREUIL;Ecureuil orange;ecureuil2;45789;0.072803;0;0
E11;Couvrir les casseroles lorsqu’on fait bouillir de l’eau ou pour cuire…;Electricité;ECUREUIL;Ecureuil orange;ecureuil2;45789;0.00293;0;0
E08;Eteindre le chauffage lorsqu’on aère une pièce;Electricité;ECUREUIL;Ecureuil orange;ecureuil2;45789;0.000173;0;0
C06;Faire ses repas, gouter, compotes sois même plutôt que d’acheter des plats préparés;Courses;ECUREUIL;Ecureuil orange;ecureuil10;45789;1.260407;0;0.180058
W02;Utiliser une seule dose de savon;Courses;ECUREUIL;Ecureuil orange;ecureuil10;45789;0.05;28;0
D15;Economiser les mouchoirs en papier. l'essuie-tout et le papier toilette;Déchets;ECUREUIL;Ecureuil orange;ecureuil10;45789;0.009591;0;0.8
D09;Faire du compost avec les déchets végétaux ou donner les restes alimentaires aux poules…;Déchets;ECUREUIL;Ecureuil orange;ecureuil10;45789;0.0623;0;1.75
D07;Vendre ou donner les vêtements. les objets. les jouets dont on ne veut plus (trop petits…);Déchets;ECUREUIL;Ecureuil orange;ecureuil10;45789;0.017374;2500;0
D04;Ramasser les papiers et les déchets par terre pour les mettre à la poubelle;Déchets;ECUREUIL;Ecureuil orange;ecureuil10;45789;0.00947;0;0.1
D02;Tout manger ce qu’il y a dans nos assiettes (cantine/maison);Déchets;ECUREUIL;Ecureuil orange;ecureuil10;45789;2.453511;0;1.390385
B04;Faire un jardin potager;Biodiversité;ECUREUIL;Ecureuil orange;ecureuil10;45789;4.48;0;0
B02;Ne pas tuer les araignées. les insectes (les mettre dehors…);Biodiversité;ECUREUIL;Ecureuil orange;ecureuil10;45789;0;0;0
W07;Vider le reste de sa gourde dans les plantes;Eau;ECUREUIL;Ecureuil orange;ecureuil10;45789;0;0.000013;0
W03;Ne pas faire couler l’eau trop longtemps quand on se lave les mains;Eau;ECUREUIL;Ecureuil orange;ecureuil10;45789;0.004964;12.6;0
W05;Prendre une douche plutôt qu’un bain;Eau;ECUREUIL;Ecureuil orange;ecureuil10;45789;0.140658;357;0
T03;Préférer la marche ou le vélo plutôt que la voiture;Transport;ECUREUIL;Ecureuil orange;ecureuil10;45789;0.506;0;0
T04;Faire du covoiturage;Transport;ECUREUIL;Ecureuil orange;ecureuil10;45789;0.506;0;0
E04;Eteindre les écrans (ordinateur. télévision. …) pour diminuer la consommation d’électricité;Electricité;ECUREUIL;Ecureuil orange;ecureuil10;45789;0.15988;0;1
E11;Couvrir les casseroles lorsqu’on fait bouillir de l’eau ou pour cuire…;Electricité;ECUREUIL;Ecureuil orange;ecureuil10;45789;0.00293;0;0
E08;Eteindre le chauffage lorsqu’on aère une pièce;Electricité;ECUREUIL;Ecureuil orange;ecureuil10;45789;0.000173;0;0
C03;Acheter des fruits ou légumes de saison;Courses;ECUREUIL;Ecureuil orange;ecureuil6;45789;6.932;0;0
D15;Economiser les mouchoirs en papier. l'essuie-tout et le papier toilette;Déchets;ECUREUIL;Ecureuil orange;ecureuil6;45789;0.009591;0;0.8
D08;Utiliser les bacs de tri;Déchets;ECUREUIL;Ecureuil orange;ecureuil6;45789;0.866962;0;0
D04;Ramasser les papiers et les déchets par terre pour les mettre à la poubelle;Déchets;ECUREUIL;Ecureuil orange;ecureuil6;45789;0.00947;0;0.1
D02;Tout manger ce qu’il y a dans nos assiettes (cantine/maison);Déchets;ECUREUIL;Ecureuil orange;ecureuil6;45789;2.453511;0;1.390385
B01;Ne pas cueillir de plante dans la nature;Biodiversité;ECUREUIL;Ecureuil orange;ecureuil6;45789;0;0;0
W03;Ne pas faire couler l’eau trop longtemps quand on se lave les mains;Eau;ECUREUIL;Ecureuil orange;ecureuil6;45789;0.004964;12.6;0
W05;Prendre une douche plutôt qu’un bain;Eau;ECUREUIL;Ecureuil orange;ecureuil6;45789;0.140658;357;0
T03;Préférer la marche ou le vélo plutôt que la voiture;Transport;ECUREUIL;Ecureuil orange;ecureuil6;45789;0.506;0;0
E02;Ouvrir les volets et ne pas allumer la lumière quand il fait jour dehors. ou éteindre lorsque la lumière extérieure le permet;Electricité;ECUREUIL;Ecureuil orange;ecureuil6;45789;0.027408;0;0
E08;Eteindre le chauffage lorsqu’on aère une pièce;Electricité;ECUREUIL;Ecureuil orange;ecureuil6;45789;0.000173;0;0
C06;Faire ses repas, gouter, compotes sois même plutôt que d’acheter des plats préparés;Courses;ECUREUIL;Ecureuil orange;ecureuil4;45790;1.260407;0;0.180058
C03;Acheter des fruits ou légumes de saison;Courses;ECUREUIL;Ecureuil orange;ecureuil4;45790;6.932;0;0
D11;Acheter des produits en vrac. éviter les emballages individuels…;Déchets;ECUREUIL;Ecureuil orange;ecureuil4;45790;0.38;0;0.67
D10;Ne pas acheter de bouteilles en plastique : boire à la gourde;Déchets;ECUREUIL;Ecureuil orange;ecureuil4;45790;0.54243;0;0.21
D08;Utiliser les bacs de tri;Déchets;ECUREUIL;Ecureuil orange;ecureuil4;45790;0.866962;0;0
D06;Prendre soin de ses affaires pour les faire durer plus longtemps (reboucher les feutres… ne pas casser. ne pas lancer…);Déchets;ECUREUIL;Ecureuil orange;ecureuil4;45790;0.017374;0;0.183462
D03;Ne pas jeter de déchets dans la nature (chewing-gums. sacs. canettes. bouteilles…);Déchets;ECUREUIL;Ecureuil orange;ecureuil4;45790;0.424875;0;4.486538
D01;Limiter l'utilisation du papier : Utiliser les feuilles des 2 côtés / faire du brouillon / Utiliser l'ardoise pour chercher / Prendre du papier recyclé…;Déchets;ECUREUIL;Ecureuil orange;ecureuil4;45790;0.009641;0;0.8
B03;Donner à manger aux oiseaux dans son jardin ou sur son balcon;Biodiversité;ECUREUIL;Ecureuil orange;ecureuil4;45790;0;0;0
B01;Ne pas cueillir de plante dans la nature;Biodiversité;ECUREUIL;Ecureuil orange;ecureuil4;45790;0;0;0
E05;Préférer les ampoules à basse consommation;Electricité;ECUREUIL;Ecureuil orange;ecureuil4;45790;0.072803;0;0
E02;Ouvrir les volets et ne pas allumer la lumière quand il fait jour dehors. ou éteindre lorsque la lumière extérieure le permet;Electricité;ECUREUIL;Ecureuil orange;ecureuil4;45790;0.027408;0;0
E10;Faire sécher son linge à l'air libre au lieu d'utiliser le sèche linge chaque fois qu'on peut;Electricité;ECUREUIL;Ecureuil orange;ecureuil4;45790;0.413462;0;0
E01;Eteindre la lumière quand on quitte une pièce. quand on n’en a pas besoin;Electricité;ECUREUIL;Ecureuil orange;ecureuil4;45790;0.027408;0;0
W04;Tirer la petite chasse d’eau quand on fait pipi;Eau;ECUREUIL;Ecureuil orange;ecureuil4;45790;0.006501;16.5;0
W02;Couper l’eau quand on se brosse les dents : mettre de l’eau dans un verre pour se rincer;Eau;ECUREUIL;Ecureuil orange;ecureuil4;45790;0.05;28;0
W01;Prendre des douches rapides;Eau;ECUREUIL;Ecureuil orange;ecureuil4;45790;0.25;224;0
T06;Couper le moteur de la voiture quand elle ne roule pas;Transport;ECUREUIL;Ecureuil orange;ecureuil4;45790;1.518;0;0
C06;Faire ses repas, gouter, compotes sois même plutôt que d’acheter des plats préparés;Courses;ECUREUIL;Ecureuil orange;ecureuil1;45764;1.260407;0;0.180058
C03;Acheter des fruits ou légumes de saison;Courses;ECUREUIL;Ecureuil orange;ecureuil1;45764;6.932;0;0
D15;Economiser les mouchoirs en papier. l'essuie-tout et le papier toilette;Déchets;ECUREUIL;Ecureuil orange;ecureuil1;45764;0.009591;0;0.8
D09;Faire du compost avec les déchets végétaux ou donner les restes alimentaires aux poules…;Déchets;ECUREUIL;Ecureuil orange;ecureuil1;45764;0.0623;0;1.75
D07;Vendre ou donner les vêtements. les objets. les jouets dont on ne veut plus (trop petits…);Déchets;ECUREUIL;Ecureuil orange;ecureuil1;45764;0.017374;2500;0
D04;Ramasser les papiers et les déchets par terre pour les mettre à la poubelle;Déchets;ECUREUIL;Ecureuil orange;ecureuil1;45764;0.00947;0;0.1
D02;Tout manger ce qu’il y a dans nos assiettes (cantine/maison);Déchets;ECUREUIL;Ecureuil orange;ecureuil1;45764;2.453511;0;1.390385
B04;Faire un jardin potager;Biodiversité;ECUREUIL;Ecureuil orange;ecureuil1;45764;4.48;0;0
B01;Ne pas cueillir de plante dans la nature;Biodiversité;ECUREUIL;Ecureuil orange;ecureuil1;45764;0;0;0
W03;Ne pas faire couler l’eau trop longtemps quand on se lave les mains;Eau;ECUREUIL;Ecureuil orange;ecureuil1;45764;0.004964;12.6;0
W05;Prendre une douche plutôt qu’un bain;Eau;ECUREUIL;Ecureuil orange;ecureuil1;45764;0.140658;357;0
C06;Faire ses repas, gouter, compotes sois même plutôt que d’acheter des plats préparés;Courses;ECUREUIL;Ecureuil orange;ecureuil4;45765;1.260407;0;0.180058
D15;Economiser les mouchoirs en papier. l'essuie-tout et le papier toilette;Déchets;ECUREUIL;Ecureuil orange;ecureuil4;45765;0.009591;0;0.8
D09;Faire du compost avec les déchets végétaux ou donner les restes alimentaires aux poules…;Déchets;ECUREUIL;Ecureuil orange;ecureuil4;45765;0.0623;0;1.75
D07;Vendre ou donner les vêtements. les objets. les jouets dont on ne veut plus (trop petits…);Déchets;ECUREUIL;Ecureuil orange;ecureuil4;45765;0.017374;2500;0
D04;Ramasser les papiers et les déchets par terre pour les mettre à la poubelle;Déchets;ECUREUIL;Ecureuil orange;ecureuil4;45765;0.00947;0;0.1
D02;Tout manger ce qu’il y a dans nos assiettes (cantine/maison);Déchets;ECUREUIL;Ecureuil orange;ecureuil4;45765;2.453511;0;1.390385
B04;Faire un jardin potager;Biodiversité;ECUREUIL;Ecureuil orange;ecureuil4;45765;4.48;0;0
B02;Ne pas tuer les araignées. les insectes (les mettre dehors…);Biodiversité;ECUREUIL;Ecureuil orange;ecureuil4;45765;0;0;0
W07;Vider le reste de sa gourde dans les plantes;Eau;ECUREUIL;Ecureuil orange;ecureuil4;45765;0;0.000013;0
W03;Ne pas faire couler l’eau trop longtemps quand on se lave les mains;Eau;ECUREUIL;Ecureuil orange;ecureuil4;45765;0.004964;12.6;0
W05;Prendre une douche plutôt qu’un bain;Eau;ECUREUIL;Ecureuil orange;ecureuil4;45765;0.140658;357;0
T03;Préférer la marche ou le vélo plutôt que la voiture;Transport;ECUREUIL;Ecureuil orange;ecureuil4;45765;0.506;0;0
T04;Faire du covoiturage;Transport;ECUREUIL;Ecureuil orange;ecureuil4;45765;0.506;0;0
E04;Eteindre les écrans (ordinateur. télévision. …) pour diminuer la consommation d’électricité;Electricité;ECUREUIL;Ecureuil orange;ecureuil4;45765;0.15988;0;1
E11;Couvrir les casseroles lorsqu’on fait bouillir de l’eau ou pour cuire…;Electricité;ECUREUIL;Ecureuil orange;ecureuil4;45765;0.00293;0;0
E08;Eteindre le chauffage lorsqu’on aère une pièce;Electricité;ECUREUIL;Ecureuil orange;ecureuil4;45765;0.000173;0;0
C05;Faire soi-même ses produits d’entretien pour éviter les emballages;Courses;ECUREUIL;Ecureuil orange;ecureuil1;45764;0.006;0;0.03
W02;Utiliser une seule dose de savon;Courses;ECUREUIL;Ecureuil orange;ecureuil1;45764;0.05;28;0
D10;Ne pas acheter de bouteilles en plastique : boire à la gourde;Déchets;ECUREUIL;Ecureuil orange;ecureuil1;45764;0.54243;0;0.21
D08;Utiliser les bacs de tri;Déchets;ECUREUIL;Ecureuil orange;ecureuil1;45764;0.866962;0;0
D06;Prendre soin de ses affaires pour les faire durer plus longtemps (reboucher les feutres… ne pas casser. ne pas lancer…);Déchets;ECUREUIL;Ecureuil orange;ecureuil1;45764;0.017374;0;0.183462
D03;Ne pas jeter de déchets dans la nature (chewing-gums. sacs. canettes. bouteilles…);Déchets;ECUREUIL;Ecureuil orange;ecureuil1;45764;0.424875;0;4.486538
D01;Limiter l'utilisation du papier : Utiliser les feuilles des 2 côtés / faire du brouillon / Utiliser l'ardoise pour chercher / Prendre du papier recyclé…;Déchets;ECUREUIL;Ecureuil orange;ecureuil1;45764;0.009641;0;0.8
B02;Ne pas tuer les araignées. les insectes (les mettre dehors…);Biodiversité;ECUREUIL;Ecureuil orange;ecureuil1;45764;0;0;0
W04;Tirer la petite chasse d’eau quand on fait pipi;Eau;ECUREUIL;Ecureuil orange;ecureuil1;45764;0.006501;16.5;0
W02;Couper l’eau quand on se brosse les dents : mettre de l’eau dans un verre pour se rincer;Eau;ECUREUIL;Ecureuil orange;ecureuil1;45764;0.05;28;0
W01;Prendre des douches rapides;Eau;ECUREUIL;Ecureuil orange;ecureuil1;45764;0.25;224;0
C03;Acheter des fruits ou légumes de saison;Courses;ECUREUIL;Ecureuil orange;ecureuil4;45765;6.932;0;0
W02;Utiliser une seule dose de savon;Courses;ECUREUIL;Ecureuil orange;ecureuil4;45765;0.05;28;0
D10;Ne pas acheter de bouteilles en plastique : boire à la gourde;Déchets;ECUREUIL;Ecureuil orange;ecureuil4;45765;0.54243;0;0.21
D08;Utiliser les bacs de tri;Déchets;ECUREUIL;Ecureuil orange;ecureuil4;45765;0.866962;0;0
D06;Prendre soin de ses affaires pour les faire durer plus longtemps (reboucher les feutres… ne pas casser. ne pas lancer…);Déchets;ECUREUIL;Ecureuil orange;ecureuil4;45765;0.017374;0;0.183462
D03;Ne pas jeter de déchets dans la nature (chewing-gums. sacs. canettes. bouteilles…);Déchets;ECUREUIL;Ecureuil orange;ecureuil4;45765;0.424875;0;4.486538
D01;Limiter l'utilisation du papier : Utiliser les feuilles des 2 côtés / faire du brouillon / Utiliser l'ardoise pour chercher / Prendre du papier recyclé…;Déchets;ECUREUIL;Ecureuil orange;ecureuil4;45765;0.009641;0;0.8
B03;Donner à manger aux oiseaux dans son jardin ou sur son balcon;Biodiversité;ECUREUIL;Ecureuil orange;ecureuil4;45765;0;0;0
B01;Ne pas cueillir de plante dans la nature;Biodiversité;ECUREUIL;Ecureuil orange;ecureuil4;45765;0;0;0
W04;Tirer la petite chasse d’eau quand on fait pipi;Eau;ECUREUIL;Ecureuil orange;ecureuil4;45765;0.006501;16.5;0
W02;Couper l’eau quand on se brosse les dents : mettre de l’eau dans un verre pour se rincer;Eau;ECUREUIL;Ecureuil orange;ecureuil4;45765;0.05;28;0
W01;Prendre des douches rapides;Eau;ECUREUIL;Ecureuil orange;ecureuil4;45765;0.25;224;0
T06;Couper le moteur de la voiture quand elle ne roule pas;Transport;ECUREUIL;Ecureuil orange;ecureuil4;45765;1.518;0;0
E05;Préférer les ampoules à basse consommation;Electricité;ECUREUIL;Ecureuil orange;ecureuil4;45765;0.072803;0;0
E02;Ouvrir les volets et ne pas allumer la lumière quand il fait jour dehors. ou éteindre lorsque la lumière extérieure le permet;Electricité;ECUREUIL;Ecureuil orange;ecureuil4;45765;0.027408;0;0
E10;Faire sécher son linge à l'air libre au lieu d'utiliser le sèche linge chaque fois qu'on peut;Electricité;ECUREUIL;Ecureuil orange;ecureuil4;45765;0.413462;0;0
E01;Eteindre la lumière quand on quitte une pièce. quand on n’en a pas besoin;Electricité;ECUREUIL;Ecureuil orange;ecureuil4;45765;0.027408;0;0
C03;Acheter des fruits ou légumes de saison;Courses;ECUREUIL;Ecureuil orange;ecureuil10;45769;6.932;0;0
D11;Acheter des produits en vrac. éviter les emballages individuels…;Déchets;ECUREUIL;Ecureuil orange;ecureuil10;45769;0.38;0;0.67
D10;Ne pas acheter de bouteilles en plastique : boire à la gourde;Déchets;ECUREUIL;Ecureuil orange;ecureuil10;45769;0.54243;0;0.21
D08;Utiliser les bacs de tri;Déchets;ECUREUIL;Ecureuil orange;ecureuil10;45769;0.866962;0;0
D06;Prendre soin de ses affaires pour les faire durer plus longtemps (reboucher les feutres… ne pas casser. ne pas lancer…);Déchets;ECUREUIL;Ecureuil orange;ecureuil10;45769;0.017374;0;0.183462
D04;Ramasser les papiers et les déchets par terre pour les mettre à la poubelle;Déchets;ECUREUIL;Ecureuil orange;ecureuil10;45769;0.00947;0;0.1
D02;Tout manger ce qu’il y a dans nos assiettes (cantine/maison);Déchets;ECUREUIL;Ecureuil orange;ecureuil10;45769;2.453511;0;1.390385
B04;Faire un jardin potager;Biodiversité;ECUREUIL;Ecureuil orange;ecureuil10;45769;4.48;0;0
B02;Ne pas tuer les araignées. les insectes (les mettre dehors…);Biodiversité;ECUREUIL;Ecureuil orange;ecureuil10;45769;0;0;0
W04;Tirer la petite chasse d’eau quand on fait pipi;Eau;ECUREUIL;Ecureuil orange;ecureuil10;45769;0.006501;16.5;0
W02;Couper l’eau quand on se brosse les dents : mettre de l’eau dans un verre pour se rincer;Eau;ECUREUIL;Ecureuil orange;ecureuil10;45769;0.05;28;0
W01;Prendre des douches rapides;Eau;ECUREUIL;Ecureuil orange;ecureuil10;45769;0.25;224;0
T06;Couper le moteur de la voiture quand elle ne roule pas;Transport;ECUREUIL;Ecureuil orange;ecureuil10;45769;1.518;0;0
E04;Eteindre les écrans (ordinateur. télévision. …) pour diminuer la consommation d’électricité;Electricité;ECUREUIL;Ecureuil orange;ecureuil10;45769;0.15988;0;1
E11;Couvrir les casseroles lorsqu’on fait bouillir de l’eau ou pour cuire…;Electricité;ECUREUIL;Ecureuil orange;ecureuil10;45769;0.00293;0;0
E08;Eteindre le chauffage lorsqu’on aère une pièce;Electricité;ECUREUIL;Ecureuil orange;ecureuil10;45769;0.000173;0;0
C06;Faire ses repas, gouter, compotes sois même plutôt que d’acheter des plats préparés;Courses;ECUREUIL;Ecureuil orange;ecureuil10;45798;1.260407;0;0.180058
C03;Acheter des fruits ou légumes de saison;Courses;ECUREUIL;Ecureuil orange;ecureuil10;45798;6.932;0;0
D11;Acheter des produits en vrac. éviter les emballages individuels…;Déchets;ECUREUIL;Ecureuil orange;ecureuil10;45798;0.38;0;0.67
D10;Ne pas acheter de bouteilles en plastique : boire à la gourde;Déchets;ECUREUIL;Ecureuil orange;ecureuil10;45798;0.54243;0;0.21
D08;Utiliser les bacs de tri;Déchets;ECUREUIL;Ecureuil orange;ecureuil10;45798;0.866962;0;0
D06;Prendre soin de ses affaires pour les faire durer plus longtemps (reboucher les feutres… ne pas casser. ne pas lancer…);Déchets;ECUREUIL;Ecureuil orange;ecureuil10;45798;0.017374;0;0.183462
D03;Ne pas jeter de déchets dans la nature (chewing-gums. sacs. canettes. bouteilles…);Déchets;ECUREUIL;Ecureuil orange;ecureuil10;45798;0.424875;0;4.486538
D01;Limiter l'utilisation du papier : Utiliser les feuilles des 2 côtés / faire du brouillon / Utiliser l'ardoise pour chercher / Prendre du papier recyclé…;Déchets;ECUREUIL;Ecureuil orange;ecureuil10;45798;0.009641;0;0.8
B03;Donner à manger aux oiseaux dans son jardin ou sur son balcon;Biodiversité;ECUREUIL;Ecureuil orange;ecureuil10;45798;0;0;0
B01;Ne pas cueillir de plante dans la nature;Biodiversité;ECUREUIL;Ecureuil orange;ecureuil10;45798;0;0;0
W04;Tirer la petite chasse d’eau quand on fait pipi;Eau;ECUREUIL;Ecureuil orange;ecureuil10;45798;0.006501;16.5;0
W02;Couper l’eau quand on se brosse les dents : mettre de l’eau dans un verre pour se rincer;Eau;ECUREUIL;Ecureuil orange;ecureuil10;45798;0.05;28;0
W01;Prendre des douches rapides;Eau;ECUREUIL;Ecureuil orange;ecureuil10;45798;0.25;224;0
T06;Couper le moteur de la voiture quand elle ne roule pas;Transport;ECUREUIL;Ecureuil orange;ecureuil10;45798;1.518;0;0
E05;Préférer les ampoules à basse consommation;Electricité;ECUREUIL;Ecureuil orange;ecureuil10;45798;0.072803;0;0
E02;Ouvrir les volets et ne pas allumer la lumière quand il fait jour dehors. ou éteindre lorsque la lumière extérieure le permet;Electricité;ECUREUIL;Ecureuil orange;ecureuil10;45798;0.027408;0;0
E10;Faire sécher son linge à l'air libre au lieu d'utiliser le sèche linge chaque fois qu'on peut;Electricité;ECUREUIL;Ecureuil orange;ecureuil10;45798;0.413462;0;0
E01;Eteindre la lumière quand on quitte une pièce. quand on n’en a pas besoin;Electricité;ECUREUIL;Ecureuil orange;ecureuil10;45798;0.027408;0;0
C06;Faire ses repas, gouter, compotes sois même plutôt que d’acheter des plats préparés;Courses;ECUREUIL;Ecureuil orange;ecureuil1;45803;1.260407;0;0.180058
C03;Acheter des fruits ou légumes de saison;Courses;ECUREUIL;Ecureuil orange;ecureuil1;45803;6.932;0;0
D15;Economiser les mouchoirs en papier. l'essuie-tout et le papier toilette;Déchets;ECUREUIL;Ecureuil orange;ecureuil1;45803;0.009591;0;0.8
D09;Faire du compost avec les déchets végétaux ou donner les restes alimentaires aux poules…;Déchets;ECUREUIL;Ecureuil orange;ecureuil1;45803;0.0623;0;1.75
D07;Vendre ou donner les vêtements. les objets. les jouets dont on ne veut plus (trop petits…);Déchets;ECUREUIL;Ecureuil orange;ecureuil1;45803;0.017374;2500;0
D04;Ramasser les papiers et les déchets par terre pour les mettre à la poubelle;Déchets;ECUREUIL;Ecureuil orange;ecureuil1;45803;0.00947;0;0.1
D02;Tout manger ce qu’il y a dans nos assiettes (cantine/maison);Déchets;ECUREUIL;Ecureuil orange;ecureuil1;45803;2.453511;0;1.390385
B04;Faire un jardin potager;Biodiversité;ECUREUIL;Ecureuil orange;ecureuil1;45803;4.48;0;0
B01;Ne pas cueillir de plante dans la nature;Biodiversité;ECUREUIL;Ecureuil orange;ecureuil1;45803;0;0;0
W04;Tirer la petite chasse d’eau quand on fait pipi;Eau;ECUREUIL;Ecureuil orange;ecureuil1;45803;0.006501;16.5;0
W02;Couper l’eau quand on se brosse les dents : mettre de l’eau dans un verre pour se rincer;Eau;ECUREUIL;Ecureuil orange;ecureuil1;45803;0.05;28;0
W01;Prendre des douches rapides;Eau;ECUREUIL;Ecureuil orange;ecureuil1;45803;0.25;224;0
E05;Préférer les ampoules à basse consommation;Electricité;ECUREUIL;Ecureuil orange;ecureuil1;45803;0.072803;0;0
E02;Ouvrir les volets et ne pas allumer la lumière quand il fait jour dehors. ou éteindre lorsque la lumière extérieure le permet;Electricité;ECUREUIL;Ecureuil orange;ecureuil1;45803;0.027408;0;0
E10;Faire sécher son linge à l'air libre au lieu d'utiliser le sèche linge chaque fois qu'on peut;Electricité;ECUREUIL;Ecureuil orange;ecureuil1;45803;0.413462;0;0
E01;Eteindre la lumière quand on quitte une pièce. quand on n’en a pas besoin;Electricité;ECUREUIL;Ecureuil orange;ecureuil1;45803;0.027408;0;0
C03;Acheter des fruits ou légumes de saison;Courses;ECUREUIL;Ecureuil orange;ecureuil2;45803;6.932;0;0
E06;Préférer les piles rechargeables;Electricité;ECUREUIL;Ecureuil orange;ecureuil2;45803;0.097538;0;0
E08;Eteindre le chauffage lorsqu’on aère une pièce;Electricité;ECUREUIL;Ecureuil orange;ecureuil2;45803;0.000173;0;0
E02;Ouvrir les volets et ne pas allumer la lumière quand il fait jour dehors. ou éteindre lorsque la lumière extérieure le permet;Electricité;ECUREUIL;Ecureuil orange;ecureuil2;45803;0.027408;0;0
E01;Eteindre la lumière quand on quitte une pièce. quand on n’en a pas besoin;Electricité;ECUREUIL;Ecureuil orange;ecureuil2;45803;0.027408;0;0
T04;Faire du covoiturage;Transport;ECUREUIL;Ecureuil orange;ecureuil2;45803;0.506;0;0
W07;Vider le reste de sa gourde dans les plantes;Eau;ECUREUIL;Ecureuil orange;ecureuil2;45803;0;0.000013;0
W05;Prendre une douche plutôt qu’un bain;Eau;ECUREUIL;Ecureuil orange;ecureuil2;45803;0.140658;357;0
W02;Couper l’eau quand on se brosse les dents : mettre de l’eau dans un verre pour se rincer;Eau;ECUREUIL;Ecureuil orange;ecureuil2;45803;0.05;28;0
B04;Faire un jardin potager;Biodiversité;ECUREUIL;Ecureuil orange;ecureuil2;45803;4.48;0;0
B01;Ne pas cueillir de plante dans la nature;Biodiversité;ECUREUIL;Ecureuil orange;ecureuil2;45803;0;0;0
D10;Ne pas acheter de bouteilles en plastique : boire à la gourde;Déchets;ECUREUIL;Ecureuil orange;ecureuil2;45803;0.54243;0;0.21
D06;Prendre soin de ses affaires pour les faire durer plus longtemps (reboucher les feutres… ne pas casser. ne pas lancer…);Déchets;ECUREUIL;Ecureuil orange;ecureuil2;45803;0.017374;0;0.183462
D01;Limiter l'utilisation du papier : Utiliser les feuilles des 2 côtés / faire du brouillon / Utiliser l'ardoise pour chercher / Prendre du papier recyclé…;Déchets;ECUREUIL;Ecureuil orange;ecureuil2;45803;0.009641;0;0.8
D09;Faire du compost avec les déchets végétaux ou donner les restes alimentaires aux poules…;Déchets;ECUREUIL;Ecureuil orange;ecureuil2;45803;0.0623;0;1.75
D04;Ramasser les papiers et les déchets par terre pour les mettre à la poubelle;Déchets;ECUREUIL;Ecureuil orange;ecureuil2;45803;0.00947;0;0.1
W02;Utiliser une seule dose de savon;Courses;ECUREUIL;Ecureuil orange;ecureuil6;45803;0.05;28;0
D10;Ne pas acheter de bouteilles en plastique : boire à la gourde;Déchets;ECUREUIL;Ecureuil orange;ecureuil6;45803;0.54243;0;0.21
D06;Prendre soin de ses affaires pour les faire durer plus longtemps (reboucher les feutres… ne pas casser. ne pas lancer…);Déchets;ECUREUIL;Ecureuil orange;ecureuil6;45803;0.017374;0;0.183462
D03;Ne pas jeter de déchets dans la nature (chewing-gums. sacs. canettes. bouteilles…);Déchets;ECUREUIL;Ecureuil orange;ecureuil6;45803;0.424875;0;4.486538
B02;Ne pas tuer les araignées. les insectes (les mettre dehors…);Biodiversité;ECUREUIL;Ecureuil orange;ecureuil6;45803;0;0;0
W04;Tirer la petite chasse d’eau quand on fait pipi;Eau;ECUREUIL;Ecureuil orange;ecureuil6;45803;0.006501;16.5;0
W02;Couper l’eau quand on se brosse les dents : mettre de l’eau dans un verre pour se rincer;Eau;ECUREUIL;Ecureuil orange;ecureuil6;45803;0.05;28;0
W01;Prendre des douches rapides;Eau;ECUREUIL;Ecureuil orange;ecureuil6;45803;0.25;224;0
E04;Eteindre les écrans (ordinateur. télévision. …) pour diminuer la consommation d’électricité;Electricité;ECUREUIL;Ecureuil orange;ecureuil6;45803;0.15988;0;1
E11;Couvrir les casseroles lorsqu’on fait bouillir de l’eau ou pour cuire…;Electricité;ECUREUIL;Ecureuil orange;ecureuil6;45803;0.00293;0;0
E08;Eteindre le chauffage lorsqu’on aère une pièce;Electricité;ECUREUIL;Ecureuil orange;ecureuil6;45803;0.000173;0;0
C05;Faire soi-même ses produits d’entretien pour éviter les emballages;Courses;ECUREUIL;Ecureuil orange;ecureuil1;45803;0.006;0;0.03
W02;Utiliser une seule dose de savon;Courses;ECUREUIL;Ecureuil orange;ecureuil1;45803;0.05;28;0
D10;Ne pas acheter de bouteilles en plastique : boire à la gourde;Déchets;ECUREUIL;Ecureuil orange;ecureuil1;45803;0.54243;0;0.21
D08;Utiliser les bacs de tri;Déchets;ECUREUIL;Ecureuil orange;ecureuil1;45803;0.866962;0;0
D06;Prendre soin de ses affaires pour les faire durer plus longtemps (reboucher les feutres… ne pas casser. ne pas lancer…);Déchets;ECUREUIL;Ecureuil orange;ecureuil1;45803;0.017374;0;0.183462
D03;Ne pas jeter de déchets dans la nature (chewing-gums. sacs. canettes. bouteilles…);Déchets;ECUREUIL;Ecureuil orange;ecureuil1;45803;0.424875;0;4.486538
D01;Limiter l'utilisation du papier : Utiliser les feuilles des 2 côtés / faire du brouillon / Utiliser l'ardoise pour chercher / Prendre du papier recyclé…;Déchets;ECUREUIL;Ecureuil orange;ecureuil1;45803;0.009641;0;0.8
B02;Ne pas tuer les araignées. les insectes (les mettre dehors…);Biodiversité;ECUREUIL;Ecureuil orange;ecureuil1;45803;0;0;0
W07;Vider le reste de sa gourde dans les plantes;Eau;ECUREUIL;Ecureuil orange;ecureuil1;45803;0;0.000013;0
W03;Ne pas faire couler l’eau trop longtemps quand on se lave les mains;Eau;ECUREUIL;Ecureuil orange;ecureuil1;45803;0.004964;12.6;0
W05;Prendre une douche plutôt qu’un bain;Eau;ECUREUIL;Ecureuil orange;ecureuil1;45803;0.140658;357;0
T06;Couper le moteur de la voiture quand elle ne roule pas;Transport;ECUREUIL;Ecureuil orange;ecureuil1;45803;1.518;0;0
E04;Eteindre les écrans (ordinateur. télévision. …) pour diminuer la consommation d’électricité;Electricité;ECUREUIL;Ecureuil orange;ecureuil1;45803;0.15988;0;1
E11;Couvrir les casseroles lorsqu’on fait bouillir de l’eau ou pour cuire…;Electricité;ECUREUIL;Ecureuil orange;ecureuil1;45803;0.00293;0;0
E08;Eteindre le chauffage lorsqu’on aère une pièce;Electricité;ECUREUIL;Ecureuil orange;ecureuil1;45803;0.000173;0;0
C06;Faire ses repas, gouter, compotes sois même plutôt que d’acheter des plats préparés;Courses;ECUREUIL;Ecureuil orange;ecureuil2;45803;1.260407;0;0.180058
W02;Utiliser une seule dose de savon;Courses;ECUREUIL;Ecureuil orange;ecureuil2;45803;0.05;28;0
E11;Couvrir les casseroles lorsqu’on fait bouillir de l’eau ou pour cuire…;Electricité;ECUREUIL;Ecureuil orange;ecureuil2;45803;0.00293;0;0
E05;Préférer les ampoules à basse consommation;Electricité;ECUREUIL;Ecureuil orange;ecureuil2;45803;0.072803;0;0
E10;Faire sécher son linge à l'air libre au lieu d'utiliser le sèche linge chaque fois qu'on peut;Electricité;ECUREUIL;Ecureuil orange;ecureuil2;45803;0.413462;0;0
T03;Préférer la marche ou le vélo plutôt que la voiture;Transport;ECUREUIL;Ecureuil orange;ecureuil2;45803;0.506;0;0
T06;Couper le moteur de la voiture quand elle ne roule pas;Transport;ECUREUIL;Ecureuil orange;ecureuil2;45803;1.518;0;0
W03;Ne pas faire couler l’eau trop longtemps quand on se lave les mains;Eau;ECUREUIL;Ecureuil orange;ecureuil2;45803;0.004964;12.6;0
W04;Tirer la petite chasse d’eau quand on fait pipi;Eau;ECUREUIL;Ecureuil orange;ecureuil2;45803;0.006501;16.5;0
W01;Prendre des douches rapides;Eau;ECUREUIL;Ecureuil orange;ecureuil2;45803;0.25;224;0
B02;Ne pas tuer les araignées. les insectes (les mettre dehors…);Biodiversité;ECUREUIL;Ecureuil orange;ecureuil2;45803;0;0;0
D11;Acheter des produits en vrac. éviter les emballages individuels…;Déchets;ECUREUIL;Ecureuil orange;ecureuil2;45803;0.38;0;0.67
D08;Utiliser les bacs de tri;Déchets;ECUREUIL;Ecureuil orange;ecureuil2;45803;0.866962;0;0
D03;Ne pas jeter de déchets dans la nature (chewing-gums. sacs. canettes. bouteilles…);Déchets;ECUREUIL;Ecureuil orange;ecureuil2;45803;0.424875;0;4.486538
D15;Economiser les mouchoirs en papier. l'essuie-tout et le papier toilette;Déchets;ECUREUIL;Ecureuil orange;ecureuil2;45803;0.009591;0;0.8
D07;Vendre ou donner les vêtements. les objets. les jouets dont on ne veut plus (trop petits…);Déchets;ECUREUIL;Ecureuil orange;ecureuil2;45803;0.017374;2500;0
D02;Tout manger ce qu’il y a dans nos assiettes (cantine/maison);Déchets;ECUREUIL;Ecureuil orange;ecureuil2;45803;2.453511;0;1.390385
D15;Economiser les mouchoirs en papier. l'essuie-tout et le papier toilette;Déchets;ECUREUIL;Ecureuil orange;ecureuil6;45803;0.009591;0;0.8
D08;Utiliser les bacs de tri;Déchets;ECUREUIL;Ecureuil orange;ecureuil6;45803;0.866962;0;0
D04;Ramasser les papiers et les déchets par terre pour les mettre à la poubelle;Déchets;ECUREUIL;Ecureuil orange;ecureuil6;45803;0.00947;0;0.1
D02;Tout manger ce qu’il y a dans nos assiettes (cantine/maison);Déchets;ECUREUIL;Ecureuil orange;ecureuil6;45803;2.453511;0;1.390385
B01;Ne pas cueillir de plante dans la nature;Biodiversité;ECUREUIL;Ecureuil orange;ecureuil6;45803;0;0;0
W03;Ne pas faire couler l’eau trop longtemps quand on se lave les mains;Eau;ECUREUIL;Ecureuil orange;ecureuil6;45803;0.004964;12.6;0
W05;Prendre une douche plutôt qu’un bain;Eau;ECUREUIL;Ecureuil orange;ecureuil6;45803;0.140658;357;0
T03;Préférer la marche ou le vélo plutôt que la voiture;Transport;ECUREUIL;Ecureuil orange;ecureuil6;45803;0.506;0;0
E02;Ouvrir les volets et ne pas allumer la lumière quand il fait jour dehors. ou éteindre lorsque la lumière extérieure le permet;Electricité;ECUREUIL;Ecureuil orange;ecureuil6;45803;0.027408;0;0
E10;Faire sécher son linge à l'air libre au lieu d'utiliser le sèche linge chaque fois qu'on peut;Electricité;ECUREUIL;Ecureuil orange;ecureuil6;45803;0.413462;0;0
E01;Eteindre la lumière quand on quitte une pièce. quand on n’en a pas besoin;Electricité;ECUREUIL;Ecureuil orange;ecureuil6;45803;0.027408;0;0
C03;Acheter des fruits ou légumes de saison;Courses;ECUREUIL;Ecureuil orange;ecureuil8;45812;6.932;0;0
E05;Préférer les ampoules à basse consommation;Electricité;ECUREUIL;Ecureuil orange;ecureuil8;45812;0.072803;0;0
E02;Ouvrir les volets et ne pas allumer la lumière quand il fait jour dehors. ou éteindre lorsque la lumière extérieure le permet;Electricité;ECUREUIL;Ecureuil orange;ecureuil8;45812;0.027408;0;0
E10;Faire sécher son linge à l'air libre au lieu d'utiliser le sèche linge chaque fois qu'on peut;Electricité;ECUREUIL;Ecureuil orange;ecureuil8;45812;0.413462;0;0
E01;Eteindre la lumière quand on quitte une pièce. quand on n’en a pas besoin;Electricité;ECUREUIL;Ecureuil orange;ecureuil8;45812;0.027408;0;0
T06;Couper le moteur de la voiture quand elle ne roule pas;Transport;ECUREUIL;Ecureuil orange;ecureuil8;45812;1.518;0;0
W07;Vider le reste de sa gourde dans les plantes;Eau;ECUREUIL;Ecureuil orange;ecureuil8;45812;0;0.000013;0
W03;Ne pas faire couler l’eau trop longtemps quand on se lave les mains;Eau;ECUREUIL;Ecureuil orange;ecureuil8;45812;0.004964;12.6;0
D10;Ne pas acheter de bouteilles en plastique : boire à la gourde;Déchets;ECUREUIL;Ecureuil orange;ecureuil8;45812;0.54243;0;0.21
D06;Prendre soin de ses affaires pour les faire durer plus longtemps (reboucher les feutres… ne pas casser. ne pas lancer…);Déchets;ECUREUIL;Ecureuil orange;ecureuil8;45812;0.017374;0;0.183462
D03;Ne pas jeter de déchets dans la nature (chewing-gums. sacs. canettes. bouteilles…);Déchets;ECUREUIL;Ecureuil orange;ecureuil8;45812;0.424875;0;4.486538
D01;Limiter l'utilisation du papier : Utiliser les feuilles des 2 côtés / faire du brouillon / Utiliser l'ardoise pour chercher / Prendre du papier recyclé…;Déchets;ECUREUIL;Ecureuil orange;ecureuil8;45812;0.009641;0;0.8
B03;Donner à manger aux oiseaux dans son jardin ou sur son balcon;Biodiversité;ECUREUIL;Ecureuil orange;ecureuil8;45812;0;0;0
C05;Faire soi-même ses produits d’entretien pour éviter les emballages;Courses;ECUREUIL;Ecureuil orange;ecureuil10;45813;0.006;0;0.03
W02;Utiliser une seule dose de savon;Courses;ECUREUIL;Ecureuil orange;ecureuil10;45813;0.05;28;0
D15;Economiser les mouchoirs en papier. l'essuie-tout et le papier toilette;Déchets;ECUREUIL;Ecureuil orange;ecureuil10;45813;0.009591;0;0.8
D09;Faire du compost avec les déchets végétaux ou donner les restes alimentaires aux poules…;Déchets;ECUREUIL;Ecureuil orange;ecureuil10;45813;0.0623;0;1.75
D07;Vendre ou donner les vêtements. les objets. les jouets dont on ne veut plus (trop petits…);Déchets;ECUREUIL;Ecureuil orange;ecureuil10;45813;0.017374;2500;0
D04;Ramasser les papiers et les déchets par terre pour les mettre à la poubelle;Déchets;ECUREUIL;Ecureuil orange;ecureuil10;45813;0.00947;0;0.1
D02;Tout manger ce qu’il y a dans nos assiettes (cantine/maison);Déchets;ECUREUIL;Ecureuil orange;ecureuil10;45813;2.453511;0;1.390385
B04;Faire un jardin potager;Biodiversité;ECUREUIL;Ecureuil orange;ecureuil10;45813;4.48;0;0
B02;Ne pas tuer les araignées. les insectes (les mettre dehors…);Biodiversité;ECUREUIL;Ecureuil orange;ecureuil10;45813;0;0;0
W07;Vider le reste de sa gourde dans les plantes;Eau;ECUREUIL;Ecureuil orange;ecureuil10;45813;0;0.000013;0
W03;Ne pas faire couler l’eau trop longtemps quand on se lave les mains;Eau;ECUREUIL;Ecureuil orange;ecureuil10;45813;0.004964;12.6;0
W05;Prendre une douche plutôt qu’un bain;Eau;ECUREUIL;Ecureuil orange;ecureuil10;45813;0.140658;357;0
T03;Préférer la marche ou le vélo plutôt que la voiture;Transport;ECUREUIL;Ecureuil orange;ecureuil10;45813;0.506;0;0
T04;Faire du covoiturage;Transport;ECUREUIL;Ecureuil orange;ecureuil10;45813;0.506;0;0
E04;Eteindre les écrans (ordinateur. télévision. …) pour diminuer la consommation d’électricité;Electricité;ECUREUIL;Ecureuil orange;ecureuil10;45813;0.15988;0;1
E11;Couvrir les casseroles lorsqu’on fait bouillir de l’eau ou pour cuire…;Electricité;ECUREUIL;Ecureuil orange;ecureuil10;45813;0.00293;0;0
E08;Eteindre le chauffage lorsqu’on aère une pièce;Electricité;ECUREUIL;Ecureuil orange;ecureuil10;45813;0.000173;0;0
C06;Faire ses repas, gouter, compotes sois même plutôt que d’acheter des plats préparés;Courses;ECUREUIL;Ecureuil orange;ecureuil4;45804;1.260407;0;0.180058
C05;Faire soi-même ses produits d’entretien pour éviter les emballages;Courses;ECUREUIL;Ecureuil orange;ecureuil4;45804;0.006;0;0.03
C03;Acheter des fruits ou légumes de saison;Courses;ECUREUIL;Ecureuil orange;ecureuil4;45804;6.932;0;0
W02;Utiliser une seule dose de savon;Courses;ECUREUIL;Ecureuil orange;ecureuil4;45804;0.05;28;0
D11;Acheter des produits en vrac. éviter les emballages individuels…;Déchets;ECUREUIL;Ecureuil orange;ecureuil4;45804;0.38;0;0.67
D15;Economiser les mouchoirs en papier. l'essuie-tout et le papier toilette;Déchets;ECUREUIL;Ecureuil orange;ecureuil4;45804;0.009591;0;0.8
D10;Ne pas acheter de bouteilles en plastique : boire à la gourde;Déchets;ECUREUIL;Ecureuil orange;ecureuil4;45804;0.54243;0;0.21
D09;Faire du compost avec les déchets végétaux ou donner les restes alimentaires aux poules…;Déchets;ECUREUIL;Ecureuil orange;ecureuil4;45804;0.0623;0;1.75
D08;Utiliser les bacs de tri;Déchets;ECUREUIL;Ecureuil orange;ecureuil4;45804;0.866962;0;0
D07;Vendre ou donner les vêtements. les objets. les jouets dont on ne veut plus (trop petits…);Déchets;ECUREUIL;Ecureuil orange;ecureuil4;45804;0.017374;2500;0
D06;Prendre soin de ses affaires pour les faire durer plus longtemps (reboucher les feutres… ne pas casser. ne pas lancer…);Déchets;ECUREUIL;Ecureuil orange;ecureuil4;45804;0.017374;0;0.183462
D04;Ramasser les papiers et les déchets par terre pour les mettre à la poubelle;Déchets;ECUREUIL;Ecureuil orange;ecureuil4;45804;0.00947;0;0.1
D03;Ne pas jeter de déchets dans la nature (chewing-gums. sacs. canettes. bouteilles…);Déchets;ECUREUIL;Ecureuil orange;ecureuil4;45804;0.424875;0;4.486538
D02;Tout manger ce qu’il y a dans nos assiettes (cantine/maison);Déchets;ECUREUIL;Ecureuil orange;ecureuil4;45804;2.453511;0;1.390385
D01;Limiter l'utilisation du papier : Utiliser les feuilles des 2 côtés / faire du brouillon / Utiliser l'ardoise pour chercher / Prendre du papier recyclé…;Déchets;ECUREUIL;Ecureuil orange;ecureuil4;45804;0.009641;0;0.8
B04;Faire un jardin potager;Biodiversité;ECUREUIL;Ecureuil orange;ecureuil4;45804;4.48;0;0
B03;Donner à manger aux oiseaux dans son jardin ou sur son balcon;Biodiversité;ECUREUIL;Ecureuil orange;ecureuil4;45804;0;0;0
B02;Ne pas tuer les araignées. les insectes (les mettre dehors…);Biodiversité;ECUREUIL;Ecureuil orange;ecureuil4;45804;0;0;0
B01;Ne pas cueillir de plante dans la nature;Biodiversité;ECUREUIL;Ecureuil orange;ecureuil4;45804;0;0;0
W07;Vider le reste de sa gourde dans les plantes;Eau;ECUREUIL;Ecureuil orange;ecureuil4;45804;0;0.000013;0
W04;Tirer la petite chasse d’eau quand on fait pipi;Eau;ECUREUIL;Ecureuil orange;ecureuil4;45804;0.006501;16.5;0
W03;Ne pas faire couler l’eau trop longtemps quand on se lave les mains;Eau;ECUREUIL;Ecureuil orange;ecureuil4;45804;0.004964;12.6;0
W02;Couper l’eau quand on se brosse les dents : mettre de l’eau dans un verre pour se rincer;Eau;ECUREUIL;Ecureuil orange;ecureuil4;45804;0.05;28;0
W05;Prendre une douche plutôt qu’un bain;Eau;ECUREUIL;Ecureuil orange;ecureuil4;45804;0.140658;357;0
W01;Prendre des douches rapides;Eau;ECUREUIL;Ecureuil orange;ecureuil4;45804;0.25;224;0
T03;Préférer la marche ou le vélo plutôt que la voiture;Transport;ECUREUIL;Ecureuil orange;ecureuil4;45804;0.506;0;0
T06;Couper le moteur de la voiture quand elle ne roule pas;Transport;ECUREUIL;Ecureuil orange;ecureuil4;45804;1.518;0;0
T04;Faire du covoiturage;Transport;ECUREUIL;Ecureuil orange;ecureuil4;45804;0.506;0;0
E06;Préférer les piles rechargeables;Electricité;ECUREUIL;Ecureuil orange;ecureuil4;45804;0.097538;0;0
E05;Préférer les ampoules à basse consommation;Electricité;ECUREUIL;Ecureuil orange;ecureuil4;45804;0.072803;0;0
E04;Eteindre les écrans (ordinateur. télévision. …) pour diminuer la consommation d’électricité;Electricité;ECUREUIL;Ecureuil orange;ecureuil4;45804;0.15988;0;1
E02;Ouvrir les volets et ne pas allumer la lumière quand il fait jour dehors. ou éteindre lorsque la lumière extérieure le permet;Electricité;ECUREUIL;Ecureuil orange;ecureuil4;45804;0.027408;0;0
E11;Couvrir les casseroles lorsqu’on fait bouillir de l’eau ou pour cuire…;Electricité;ECUREUIL;Ecureuil orange;ecureuil4;45804;0.00293;0;0
E10;Faire sécher son linge à l'air libre au lieu d'utiliser le sèche linge chaque fois qu'on peut;Electricité;ECUREUIL;Ecureuil orange;ecureuil4;45804;0.413462;0;0
E08;Eteindre le chauffage lorsqu’on aère une pièce;Electricité;ECUREUIL;Ecureuil orange;ecureuil4;45804;0.000173;0;0
E01;Eteindre la lumière quand on quitte une pièce. quand on n’en a pas besoin;Electricité;ECUREUIL;Ecureuil orange;ecureuil4;45804;0.027408;0;0
C06;Faire ses repas, gouter, compotes sois même plutôt que d’acheter des plats préparés;Courses;ECUREUIL;Ecureuil orange;ecureuil8;45812;1.260407;0;0.180058
W02;Utiliser une seule dose de savon;Courses;ECUREUIL;Ecureuil orange;ecureuil8;45812;0.05;28;0
E04;Eteindre les écrans (ordinateur. télévision. …) pour diminuer la consommation d’électricité;Electricité;ECUREUIL;Ecureuil orange;ecureuil8;45812;0.15988;0;1
E11;Couvrir les casseroles lorsqu’on fait bouillir de l’eau ou pour cuire…;Electricité;ECUREUIL;Ecureuil orange;ecureuil8;45812;0.00293;0;0
E08;Eteindre le chauffage lorsqu’on aère une pièce;Electricité;ECUREUIL;Ecureuil orange;ecureuil8;45812;0.000173;0;0
T03;Préférer la marche ou le vélo plutôt que la voiture;Transport;ECUREUIL;Ecureuil orange;ecureuil8;45812;0.506;0;0
T04;Faire du covoiturage;Transport;ECUREUIL;Ecureuil orange;ecureuil8;45812;0.506;0;0
W04;Tirer la petite chasse d’eau quand on fait pipi;Eau;ECUREUIL;Ecureuil orange;ecureuil8;45812;0.006501;16.5;0
W02;Couper l’eau quand on se brosse les dents : mettre de l’eau dans un verre pour se rincer;Eau;ECUREUIL;Ecureuil orange;ecureuil8;45812;0.05;28;0
W01;Prendre des douches rapides;Eau;ECUREUIL;Ecureuil orange;ecureuil8;45812;0.25;224;0
W05;Prendre une douche plutôt qu’un bain;Eau;ECUREUIL;Ecureuil orange;ecureuil8;45812;0.140658;357;0
D11;Acheter des produits en vrac. éviter les emballages individuels…;Déchets;ECUREUIL;Ecureuil orange;ecureuil8;45812;0.38;0;0.67
D07;Vendre ou donner les vêtements. les objets. les jouets dont on ne veut plus (trop petits…);Déchets;ECUREUIL;Ecureuil orange;ecureuil8;45812;0.017374;2500;0
D04;Ramasser les papiers et les déchets par terre pour les mettre à la poubelle;Déchets;ECUREUIL;Ecureuil orange;ecureuil8;45812;0.00947;0;0.1
D02;Tout manger ce qu’il y a dans nos assiettes (cantine/maison);Déchets;ECUREUIL;Ecureuil orange;ecureuil8;45812;2.453511;0;1.390385
B02;Ne pas tuer les araignées. les insectes (les mettre dehors…);Biodiversité;ECUREUIL;Ecureuil orange;ecureuil8;45812;0;0;0
C06;Faire ses repas, gouter, compotes sois même plutôt que d’acheter des plats préparés;Courses;ECUREUIL;Ecureuil orange;ecureuil10;45813;1.260407;0;0.180058
C03;Acheter des fruits ou légumes de saison;Courses;ECUREUIL;Ecureuil orange;ecureuil10;45813;6.932;0;0
D11;Acheter des produits en vrac. éviter les emballages individuels…;Déchets;ECUREUIL;Ecureuil orange;ecureuil10;45813;0.38;0;0.67
D10;Ne pas acheter de bouteilles en plastique : boire à la gourde;Déchets;ECUREUIL;Ecureuil orange;ecureuil10;45813;0.54243;0;0.21
D08;Utiliser les bacs de tri;Déchets;ECUREUIL;Ecureuil orange;ecureuil10;45813;0.866962;0;0
D06;Prendre soin de ses affaires pour les faire durer plus longtemps (reboucher les feutres… ne pas casser. ne pas lancer…);Déchets;ECUREUIL;Ecureuil orange;ecureuil10;45813;0.017374;0;0.183462
D03;Ne pas jeter de déchets dans la nature (chewing-gums. sacs. canettes. bouteilles…);Déchets;ECUREUIL;Ecureuil orange;ecureuil10;45813;0.424875;0;4.486538
D01;Limiter l'utilisation du papier : Utiliser les feuilles des 2 côtés / faire du brouillon / Utiliser l'ardoise pour chercher / Prendre du papier recyclé…;Déchets;ECUREUIL;Ecureuil orange;ecureuil10;45813;0.009641;0;0.8
B03;Donner à manger aux oiseaux dans son jardin ou sur son balcon;Biodiversité;ECUREUIL;Ecureuil orange;ecureuil10;45813;0;0;0
B01;Ne pas cueillir de plante dans la nature;Biodiversité;ECUREUIL;Ecureuil orange;ecureuil10;45813;0;0;0
W04;Tirer la petite chasse d’eau quand on fait pipi;Eau;ECUREUIL;Ecureuil orange;ecureuil10;45813;0.006501;16.5;0
W02;Couper l’eau quand on se brosse les dents : mettre de l’eau dans un verre pour se rincer;Eau;ECUREUIL;Ecureuil orange;ecureuil10;45813;0.05;28;0
W01;Prendre des douches rapides;Eau;ECUREUIL;Ecureuil orange;ecureuil10;45813;0.25;224;0
T06;Couper le moteur de la voiture quand elle ne roule pas;Transport;ECUREUIL;Ecureuil orange;ecureuil10;45813;1.518;0;0
E05;Préférer les ampoules à basse consommation;Electricité;ECUREUIL;Ecureuil orange;ecureuil10;45813;0.072803;0;0
E02;Ouvrir les volets et ne pas allumer la lumière quand il fait jour dehors. ou éteindre lorsque la lumière extérieure le permet;Electricité;ECUREUIL;Ecureuil orange;ecureuil10;45813;0.027408;0;0
E10;Faire sécher son linge à l'air libre au lieu d'utiliser le sèche linge chaque fois qu'on peut;Electricité;ECUREUIL;Ecureuil orange;ecureuil10;45813;0.413462;0;0
E01;Eteindre la lumière quand on quitte une pièce. quand on n’en a pas besoin;Electricité;ECUREUIL;Ecureuil orange;ecureuil10;45813;0.027408;0;0
C06;Faire ses repas, gouter, compotes sois même plutôt que d’acheter des plats préparés;Courses;ECUREUIL;Ecureuil orange;ecureuil15;45810;1.260407;0;0.180058
C03;Acheter des fruits ou légumes de saison;Courses;ECUREUIL;Ecureuil orange;ecureuil15;45810;6.932;0;0
D10;Ne pas acheter de bouteilles en plastique : boire à la gourde;Déchets;ECUREUIL;Ecureuil orange;ecureuil15;45810;0.54243;0;0.21
D08;Utiliser les bacs de tri;Déchets;ECUREUIL;Ecureuil orange;ecureuil15;45810;0.866962;0;0
D06;Prendre soin de ses affaires pour les faire durer plus longtemps (reboucher les feutres… ne pas casser. ne pas lancer…);Déchets;ECUREUIL;Ecureuil orange;ecureuil15;45810;0.017374;0;0.183462
D03;Ne pas jeter de déchets dans la nature (chewing-gums. sacs. canettes. bouteilles…);Déchets;ECUREUIL;Ecureuil orange;ecureuil15;45810;0.424875;0;4.486538
D01;Limiter l'utilisation du papier : Utiliser les feuilles des 2 côtés / faire du brouillon / Utiliser l'ardoise pour chercher / Prendre du papier recyclé…;Déchets;ECUREUIL;Ecureuil orange;ecureuil15;45810;0.009641;0;0.8
B03;Donner à manger aux oiseaux dans son jardin ou sur son balcon;Biodiversité;ECUREUIL;Ecureuil orange;ecureuil15;45810;0;0;0
B01;Ne pas cueillir de plante dans la nature;Biodiversité;ECUREUIL;Ecureuil orange;ecureuil15;45810;0;0;0
W04;Tirer la petite chasse d’eau quand on fait pipi;Eau;ECUREUIL;Ecureuil orange;ecureuil15;45810;0.006501;16.5;0
W02;Couper l’eau quand on se brosse les dents : mettre de l’eau dans un verre pour se rincer;Eau;ECUREUIL;Ecureuil orange;ecureuil15;45810;0.05;28;0
W01;Prendre des douches rapides;Eau;ECUREUIL;Ecureuil orange;ecureuil15;45810;0.25;224;0
T06;Couper le moteur de la voiture quand elle ne roule pas;Transport;ECUREUIL;Ecureuil orange;ecureuil15;45810;1.518;0;0
E06;Préférer les piles rechargeables;Electricité;ECUREUIL;Ecureuil orange;ecureuil15;45810;0.097538;0;0
E04;Eteindre les écrans (ordinateur. télévision. …) pour diminuer la consommation d’électricité;Electricité;ECUREUIL;Ecureuil orange;ecureuil15;45810;0.15988;0;1
E11;Couvrir les casseroles lorsqu’on fait bouillir de l’eau ou pour cuire…;Electricité;ECUREUIL;Ecureuil orange;ecureuil15;45810;0.00293;0;0
E08;Eteindre le chauffage lorsqu’on aère une pièce;Electricité;ECUREUIL;Ecureuil orange;ecureuil15;45810;0.000173;0;0
C05;Faire soi-même ses produits d’entretien pour éviter les emballages;Courses;ECUREUIL;Ecureuil orange;ecureuil1;45818;0.006;0;0.03
W02;Utiliser une seule dose de savon;Courses;ECUREUIL;Ecureuil orange;ecureuil1;45818;0.05;28;0
D10;Ne pas acheter de bouteilles en plastique : boire à la gourde;Déchets;ECUREUIL;Ecureuil orange;ecureuil1;45818;0.54243;0;0.21
D08;Utiliser les bacs de tri;Déchets;ECUREUIL;Ecureuil orange;ecureuil1;45818;0.866962;0;0
D04;Ramasser les papiers et les déchets par terre pour les mettre à la poubelle;Déchets;ECUREUIL;Ecureuil orange;ecureuil1;45818;0.00947;0;0.1
D02;Tout manger ce qu’il y a dans nos assiettes (cantine/maison);Déchets;ECUREUIL;Ecureuil orange;ecureuil1;45818;2.453511;0;1.390385
W07;Vider le reste de sa gourde dans les plantes;Eau;ECUREUIL;Ecureuil orange;ecureuil1;45818;0;0.000013;0
W03;Ne pas faire couler l’eau trop longtemps quand on se lave les mains;Eau;ECUREUIL;Ecureuil orange;ecureuil1;45818;0.004964;12.6;0
W05;Prendre une douche plutôt qu’un bain;Eau;ECUREUIL;Ecureuil orange;ecureuil1;45818;0.140658;357;0
E04;Eteindre les écrans (ordinateur. télévision. …) pour diminuer la consommation d’électricité;Electricité;ECUREUIL;Ecureuil orange;ecureuil1;45818;0.15988;0;1
E11;Couvrir les casseroles lorsqu’on fait bouillir de l’eau ou pour cuire…;Electricité;ECUREUIL;Ecureuil orange;ecureuil1;45818;0.00293;0;0
E08;Eteindre le chauffage lorsqu’on aère une pièce;Electricité;ECUREUIL;Ecureuil orange;ecureuil1;45818;0.000173;0;0
C06;Faire ses repas, gouter, compotes sois même plutôt que d’acheter des plats préparés;Courses;ECUREUIL;Ecureuil orange;ecureuil6;45818;1.260407;0;0.180058
W02;Utiliser une seule dose de savon;Courses;ECUREUIL;Ecureuil orange;ecureuil6;45818;0.05;28;0
D10;Ne pas acheter de bouteilles en plastique : boire à la gourde;Déchets;ECUREUIL;Ecureuil orange;ecureuil6;45818;0.54243;0;0.21
D07;Vendre ou donner les vêtements. les objets. les jouets dont on ne veut plus (trop petits…);Déchets;ECUREUIL;Ecureuil orange;ecureuil6;45818;0.017374;2500;0
D04;Ramasser les papiers et les déchets par terre pour les mettre à la poubelle;Déchets;ECUREUIL;Ecureuil orange;ecureuil6;45818;0.00947;0;0.1
D02;Tout manger ce qu’il y a dans nos assiettes (cantine/maison);Déchets;ECUREUIL;Ecureuil orange;ecureuil6;45818;2.453511;0;1.390385
B02;Ne pas tuer les araignées. les insectes (les mettre dehors…);Biodiversité;ECUREUIL;Ecureuil orange;ecureuil6;45818;0;0;0
W04;Tirer la petite chasse d’eau quand on fait pipi;Eau;ECUREUIL;Ecureuil orange;ecureuil6;45818;0.006501;16.5;0
W02;Couper l’eau quand on se brosse les dents : mettre de l’eau dans un verre pour se rincer;Eau;ECUREUIL;Ecureuil orange;ecureuil6;45818;0.05;28;0
W01;Prendre des douches rapides;Eau;ECUREUIL;Ecureuil orange;ecureuil6;45818;0.25;224;0
E05;Préférer les ampoules à basse consommation;Electricité;ECUREUIL;Ecureuil orange;ecureuil6;45818;0.072803;0;0
E02;Ouvrir les volets et ne pas allumer la lumière quand il fait jour dehors. ou éteindre lorsque la lumière extérieure le permet;Electricité;ECUREUIL;Ecureuil orange;ecureuil6;45818;0.027408;0;0
E10;Faire sécher son linge à l'air libre au lieu d'utiliser le sèche linge chaque fois qu'on peut;Electricité;ECUREUIL;Ecureuil orange;ecureuil6;45818;0.413462;0;0
E01;Eteindre la lumière quand on quitte une pièce. quand on n’en a pas besoin;Electricité;ECUREUIL;Ecureuil orange;ecureuil6;45818;0.027408;0;0
C06;Faire ses repas, gouter, compotes sois même plutôt que d’acheter des plats préparés;Courses;ECUREUIL;Ecureuil orange;ecureuil1;45818;1.260407;0;0.180058
C03;Acheter des fruits ou légumes de saison;Courses;ECUREUIL;Ecureuil orange;ecureuil1;45818;6.932;0;0
D15;Economiser les mouchoirs en papier. l'essuie-tout et le papier toilette;Déchets;ECUREUIL;Ecureuil orange;ecureuil1;45818;0.009591;0;0.8
D09;Faire du compost avec les déchets végétaux ou donner les restes alimentaires aux poules…;Déchets;ECUREUIL;Ecureuil orange;ecureuil1;45818;0.0623;0;1.75
D06;Prendre soin de ses affaires pour les faire durer plus longtemps (reboucher les feutres… ne pas casser. ne pas lancer…);Déchets;ECUREUIL;Ecureuil orange;ecureuil1;45818;0.017374;0;0.183462
D03;Ne pas jeter de déchets dans la nature (chewing-gums. sacs. canettes. bouteilles…);Déchets;ECUREUIL;Ecureuil orange;ecureuil1;45818;0.424875;0;4.486538
D01;Limiter l'utilisation du papier : Utiliser les feuilles des 2 côtés / faire du brouillon / Utiliser l'ardoise pour chercher / Prendre du papier recyclé…;Déchets;ECUREUIL;Ecureuil orange;ecureuil1;45818;0.009641;0;0.8
B02;Ne pas tuer les araignées. les insectes (les mettre dehors…);Biodiversité;ECUREUIL;Ecureuil orange;ecureuil1;45818;0;0;0
B01;Ne pas cueillir de plante dans la nature;Biodiversité;ECUREUIL;Ecureuil orange;ecureuil1;45818;0;0;0
W04;Tirer la petite chasse d’eau quand on fait pipi;Eau;ECUREUIL;Ecureuil orange;ecureuil1;45818;0.006501;16.5;0
W02;Couper l’eau quand on se brosse les dents : mettre de l’eau dans un verre pour se rincer;Eau;ECUREUIL;Ecureuil orange;ecureuil1;45818;0.05;28;0
W01;Prendre des douches rapides;Eau;ECUREUIL;Ecureuil orange;ecureuil1;45818;0.25;224;0
T06;Couper le moteur de la voiture quand elle ne roule pas;Transport;ECUREUIL;Ecureuil orange;ecureuil1;45818;1.518;0;0
E05;Préférer les ampoules à basse consommation;Electricité;ECUREUIL;Ecureuil orange;ecureuil1;45818;0.072803;0;0
E02;Ouvrir les volets et ne pas allumer la lumière quand il fait jour dehors. ou éteindre lorsque la lumière extérieure le permet;Electricité;ECUREUIL;Ecureuil orange;ecureuil1;45818;0.027408;0;0
E10;Faire sécher son linge à l'air libre au lieu d'utiliser le sèche linge chaque fois qu'on peut;Electricité;ECUREUIL;Ecureuil orange;ecureuil1;45818;0.413462;0;0
E01;Eteindre la lumière quand on quitte une pièce. quand on n’en a pas besoin;Electricité;ECUREUIL;Ecureuil orange;ecureuil1;45818;0.027408;0;0
C03;Acheter des fruits ou légumes de saison;Courses;ECUREUIL;Ecureuil orange;ecureuil6;45818;6.932;0;0
D15;Economiser les mouchoirs en papier. l'essuie-tout et le papier toilette;Déchets;ECUREUIL;Ecureuil orange;ecureuil6;45818;0.009591;0;0.8
D08;Utiliser les bacs de tri;Déchets;ECUREUIL;Ecureuil orange;ecureuil6;45818;0.866962;0;0
D06;Prendre soin de ses affaires pour les faire durer plus longtemps (reboucher les feutres… ne pas casser. ne pas lancer…);Déchets;ECUREUIL;Ecureuil orange;ecureuil6;45818;0.017374;0;0.183462
D03;Ne pas jeter de déchets dans la nature (chewing-gums. sacs. canettes. bouteilles…);Déchets;ECUREUIL;Ecureuil orange;ecureuil6;45818;0.424875;0;4.486538
B03;Donner à manger aux oiseaux dans son jardin ou sur son balcon;Biodiversité;ECUREUIL;Ecureuil orange;ecureuil6;45818;0;0;0
B01;Ne pas cueillir de plante dans la nature;Biodiversité;ECUREUIL;Ecureuil orange;ecureuil6;45818;0;0;0
W03;Ne pas faire couler l’eau trop longtemps quand on se lave les mains;Eau;ECUREUIL;Ecureuil orange;ecureuil6;45818;0.004964;12.6;0
W05;Prendre une douche plutôt qu’un bain;Eau;ECUREUIL;Ecureuil orange;ecureuil6;45818;0.140658;357;0
T03;Préférer la marche ou le vélo plutôt que la voiture;Transport;ECUREUIL;Ecureuil orange;ecureuil6;45818;0.506;0;0
E04;Eteindre les écrans (ordinateur. télévision. …) pour diminuer la consommation d’électricité;Electricité;ECUREUIL;Ecureuil orange;ecureuil6;45818;0.15988;0;1
E11;Couvrir les casseroles lorsqu’on fait bouillir de l’eau ou pour cuire…;Electricité;ECUREUIL;Ecureuil orange;ecureuil6;45818;0.00293;0;0
E08;Eteindre le chauffage lorsqu’on aère une pièce;Electricité;ECUREUIL;Ecureuil orange;ecureuil6;45818;0.000173;0;0
C05;Faire soi-même ses produits d’entretien pour éviter les emballages;Courses;ECUREUIL;Ecureuil orange;ecureuil1;45807;0.006;0;0.03
W02;Utiliser une seule dose de savon;Courses;ECUREUIL;Ecureuil orange;ecureuil1;45807;0.05;28;0
D10;Ne pas acheter de bouteilles en plastique : boire à la gourde;Déchets;ECUREUIL;Ecureuil orange;ecureuil1;45807;0.54243;0;0.21
D08;Utiliser les bacs de tri;Déchets;ECUREUIL;Ecureuil orange;ecureuil1;45807;0.866962;0;0
D06;Prendre soin de ses affaires pour les faire durer plus longtemps (reboucher les feutres… ne pas casser. ne pas lancer…);Déchets;ECUREUIL;Ecureuil orange;ecureuil1;45807;0.017374;0;0.183462
D03;Ne pas jeter de déchets dans la nature (chewing-gums. sacs. canettes. bouteilles…);Déchets;ECUREUIL;Ecureuil orange;ecureuil1;45807;0.424875;0;4.486538
D01;Limiter l'utilisation du papier : Utiliser les feuilles des 2 côtés / faire du brouillon / Utiliser l'ardoise pour chercher / Prendre du papier recyclé…;Déchets;ECUREUIL;Ecureuil orange;ecureuil1;45807;0.009641;0;0.8
B02;Ne pas tuer les araignées. les insectes (les mettre dehors…);Biodiversité;ECUREUIL;Ecureuil orange;ecureuil1;45807;0;0;0
W04;Tirer la petite chasse d’eau quand on fait pipi;Eau;ECUREUIL;Ecureuil orange;ecureuil1;45807;0.006501;16.5;0
W02;Couper l’eau quand on se brosse les dents : mettre de l’eau dans un verre pour se rincer;Eau;ECUREUIL;Ecureuil orange;ecureuil1;45807;0.05;28;0
W01;Prendre des douches rapides;Eau;ECUREUIL;Ecureuil orange;ecureuil1;45807;0.25;224;0
T04;Faire du covoiturage;Transport;ECUREUIL;Ecureuil orange;ecureuil1;45807;0.506;0;0
E04;Eteindre les écrans (ordinateur. télévision. …) pour diminuer la consommation d’électricité;Electricité;ECUREUIL;Ecureuil orange;ecureuil1;45807;0.15988;0;1
E10;Faire sécher son linge à l'air libre au lieu d'utiliser le sèche linge chaque fois qu'on peut;Electricité;ECUREUIL;Ecureuil orange;ecureuil1;45807;0.413462;0;0
E01;Eteindre la lumière quand on quitte une pièce. quand on n’en a pas besoin;Electricité;ECUREUIL;Ecureuil orange;ecureuil1;45807;0.027408;0;0
C05;Faire soi-même ses produits d’entretien pour éviter les emballages;Courses;ECUREUIL;Ecureuil orange;ecureuil10;45808;0.006;0;0.03
W02;Utiliser une seule dose de savon;Courses;ECUREUIL;Ecureuil orange;ecureuil10;45808;0.05;28;0
D15;Economiser les mouchoirs en papier. l'essuie-tout et le papier toilette;Déchets;ECUREUIL;Ecureuil orange;ecureuil10;45808;0.009591;0;0.8
D09;Faire du compost avec les déchets végétaux ou donner les restes alimentaires aux poules…;Déchets;ECUREUIL;Ecureuil orange;ecureuil10;45808;0.0623;0;1.75
D07;Vendre ou donner les vêtements. les objets. les jouets dont on ne veut plus (trop petits…);Déchets;ECUREUIL;Ecureuil orange;ecureuil10;45808;0.017374;2500;0
D04;Ramasser les papiers et les déchets par terre pour les mettre à la poubelle;Déchets;ECUREUIL;Ecureuil orange;ecureuil10;45808;0.00947;0;0.1
D02;Tout manger ce qu’il y a dans nos assiettes (cantine/maison);Déchets;ECUREUIL;Ecureuil orange;ecureuil10;45808;2.453511;0;1.390385
B04;Faire un jardin potager;Biodiversité;ECUREUIL;Ecureuil orange;ecureuil10;45808;4.48;0;0
B02;Ne pas tuer les araignées. les insectes (les mettre dehors…);Biodiversité;ECUREUIL;Ecureuil orange;ecureuil10;45808;0;0;0
W07;Vider le reste de sa gourde dans les plantes;Eau;ECUREUIL;Ecureuil orange;ecureuil10;45808;0;0.000013;0
W03;Ne pas faire couler l’eau trop longtemps quand on se lave les mains;Eau;ECUREUIL;Ecureuil orange;ecureuil10;45808;0.004964;12.6;0
W05;Prendre une douche plutôt qu’un bain;Eau;ECUREUIL;Ecureuil orange;ecureuil10;45808;0.140658;357;0
T03;Préférer la marche ou le vélo plutôt que la voiture;Transport;ECUREUIL;Ecureuil orange;ecureuil10;45808;0.506;0;0
T04;Faire du covoiturage;Transport;ECUREUIL;Ecureuil orange;ecureuil10;45808;0.506;0;0
E04;Eteindre les écrans (ordinateur. télévision. …) pour diminuer la consommation d’électricité;Electricité;ECUREUIL;Ecureuil orange;ecureuil10;45808;0.15988;0;1
E11;Couvrir les casseroles lorsqu’on fait bouillir de l’eau ou pour cuire…;Electricité;ECUREUIL;Ecureuil orange;ecureuil10;45808;0.00293;0;0
E08;Eteindre le chauffage lorsqu’on aère une pièce;Electricité;ECUREUIL;Ecureuil orange;ecureuil10;45808;0.000173;0;0
T06;Couper le moteur de la voiture quand elle ne roule pas;Transport;ECUREUIL;Ecureuil orange;ecureuil2;45810;1.518;0;0
W07;Vider le reste de sa gourde dans les plantes;Eau;ECUREUIL;Ecureuil orange;ecureuil2;45810;0;0.000013;0
W03;Ne pas faire couler l’eau trop longtemps quand on se lave les mains;Eau;ECUREUIL;Ecureuil orange;ecureuil2;45810;0.004964;12.6;0
W05;Prendre une douche plutôt qu’un bain;Eau;ECUREUIL;Ecureuil orange;ecureuil2;45810;0.140658;357;0
B04;Faire un jardin potager;Biodiversité;ECUREUIL;Ecureuil orange;ecureuil2;45810;4.48;0;0
B01;Ne pas cueillir de plante dans la nature;Biodiversité;ECUREUIL;Ecureuil orange;ecureuil2;45810;0;0;0
D10;Ne pas acheter de bouteilles en plastique : boire à la gourde;Déchets;ECUREUIL;Ecureuil orange;ecureuil2;45810;0.54243;0;0.21
D06;Prendre soin de ses affaires pour les faire durer plus longtemps (reboucher les feutres… ne pas casser. ne pas lancer…);Déchets;ECUREUIL;Ecureuil orange;ecureuil2;45810;0.017374;0;0.183462
D01;Limiter l'utilisation du papier : Utiliser les feuilles des 2 côtés / faire du brouillon / Utiliser l'ardoise pour chercher / Prendre du papier recyclé…;Déchets;ECUREUIL;Ecureuil orange;ecureuil2;45810;0.009641;0;0.8
D09;Faire du compost avec les déchets végétaux ou donner les restes alimentaires aux poules…;Déchets;ECUREUIL;Ecureuil orange;ecureuil2;45810;0.0623;0;1.75
D04;Ramasser les papiers et les déchets par terre pour les mettre à la poubelle;Déchets;ECUREUIL;Ecureuil orange;ecureuil2;45810;0.00947;0;0.1
C03;Acheter des fruits ou légumes de saison;Courses;ECUREUIL;Ecureuil orange;ecureuil2;45810;6.932;0;0
E06;Préférer les piles rechargeables;Electricité;ECUREUIL;Ecureuil orange;ecureuil2;45810;0.097538;0;0
E08;Eteindre le chauffage lorsqu’on aère une pièce;Electricité;ECUREUIL;Ecureuil orange;ecureuil2;45810;0.000173;0;0
E02;Ouvrir les volets et ne pas allumer la lumière quand il fait jour dehors. ou éteindre lorsque la lumière extérieure le permet;Electricité;ECUREUIL;Ecureuil orange;ecureuil2;45810;0.027408;0;0
E01;Eteindre la lumière quand on quitte une pièce. quand on n’en a pas besoin;Electricité;ECUREUIL;Ecureuil orange;ecureuil2;45810;0.027408;0;0
C06;Faire ses repas, gouter, compotes sois même plutôt que d’acheter des plats préparés;Courses;ECUREUIL;Ecureuil orange;ecureuil1;45807;1.260407;0;0.180058
C03;Acheter des fruits ou légumes de saison;Courses;ECUREUIL;Ecureuil orange;ecureuil1;45807;6.932;0;0
D15;Economiser les mouchoirs en papier. l'essuie-tout et le papier toilette;Déchets;ECUREUIL;Ecureuil orange;ecureuil1;45807;0.009591;0;0.8
D09;Faire du compost avec les déchets végétaux ou donner les restes alimentaires aux poules…;Déchets;ECUREUIL;Ecureuil orange;ecureuil1;45807;0.0623;0;1.75
D07;Vendre ou donner les vêtements. les objets. les jouets dont on ne veut plus (trop petits…);Déchets;ECUREUIL;Ecureuil orange;ecureuil1;45807;0.017374;2500;0
D04;Ramasser les papiers et les déchets par terre pour les mettre à la poubelle;Déchets;ECUREUIL;Ecureuil orange;ecureuil1;45807;0.00947;0;0.1
D02;Tout manger ce qu’il y a dans nos assiettes (cantine/maison);Déchets;ECUREUIL;Ecureuil orange;ecureuil1;45807;2.453511;0;1.390385
B04;Faire un jardin potager;Biodiversité;ECUREUIL;Ecureuil orange;ecureuil1;45807;4.48;0;0
B01;Ne pas cueillir de plante dans la nature;Biodiversité;ECUREUIL;Ecureuil orange;ecureuil1;45807;0;0;0
W03;Ne pas faire couler l’eau trop longtemps quand on se lave les mains;Eau;ECUREUIL;Ecureuil orange;ecureuil1;45807;0.004964;12.6;0
W05;Prendre une douche plutôt qu’un bain;Eau;ECUREUIL;Ecureuil orange;ecureuil1;45807;0.140658;357;0
T06;Couper le moteur de la voiture quand elle ne roule pas;Transport;ECUREUIL;Ecureuil orange;ecureuil1;45807;1.518;0;0
E05;Préférer les ampoules à basse consommation;Electricité;ECUREUIL;Ecureuil orange;ecureuil1;45807;0.072803;0;0
E02;Ouvrir les volets et ne pas allumer la lumière quand il fait jour dehors. ou éteindre lorsque la lumière extérieure le permet;Electricité;ECUREUIL;Ecureuil orange;ecureuil1;45807;0.027408;0;0
E08;Eteindre le chauffage lorsqu’on aère une pièce;Electricité;ECUREUIL;Ecureuil orange;ecureuil1;45807;0.000173;0;0
C06;Faire ses repas, gouter, compotes sois même plutôt que d’acheter des plats préparés;Courses;ECUREUIL;Ecureuil orange;ecureuil10;45808;1.260407;0;0.180058
C03;Acheter des fruits ou légumes de saison;Courses;ECUREUIL;Ecureuil orange;ecureuil10;45808;6.932;0;0
D11;Acheter des produits en vrac. éviter les emballages individuels…;Déchets;ECUREUIL;Ecureuil orange;ecureuil10;45808;0.38;0;0.67
D10;Ne pas acheter de bouteilles en plastique : boire à la gourde;Déchets;ECUREUIL;Ecureuil orange;ecureuil10;45808;0.54243;0;0.21
D08;Utiliser les bacs de tri;Déchets;ECUREUIL;Ecureuil orange;ecureuil10;45808;0.866962;0;0
D06;Prendre soin de ses affaires pour les faire durer plus longtemps (reboucher les feutres… ne pas casser. ne pas lancer…);Déchets;ECUREUIL;Ecureuil orange;ecureuil10;45808;0.017374;0;0.183462
D03;Ne pas jeter de déchets dans la nature (chewing-gums. sacs. canettes. bouteilles…);Déchets;ECUREUIL;Ecureuil orange;ecureuil10;45808;0.424875;0;4.486538
D01;Limiter l'utilisation du papier : Utiliser les feuilles des 2 côtés / faire du brouillon / Utiliser l'ardoise pour chercher / Prendre du papier recyclé…;Déchets;ECUREUIL;Ecureuil orange;ecureuil10;45808;0.009641;0;0.8
B03;Donner à manger aux oiseaux dans son jardin ou sur son balcon;Biodiversité;ECUREUIL;Ecureuil orange;ecureuil10;45808;0;0;0
B01;Ne pas cueillir de plante dans la nature;Biodiversité;ECUREUIL;Ecureuil orange;ecureuil10;45808;0;0;0
W04;Tirer la petite chasse d’eau quand on fait pipi;Eau;ECUREUIL;Ecureuil orange;ecureuil10;45808;0.006501;16.5;0
W02;Couper l’eau quand on se brosse les dents : mettre de l’eau dans un verre pour se rincer;Eau;ECUREUIL;Ecureuil orange;ecureuil10;45808;0.05;28;0
W01;Prendre des douches rapides;Eau;ECUREUIL;Ecureuil orange;ecureuil10;45808;0.25;224;0
T06;Couper le moteur de la voiture quand elle ne roule pas;Transport;ECUREUIL;Ecureuil orange;ecureuil10;45808;1.518;0;0
E05;Préférer les ampoules à basse consommation;Electricité;ECUREUIL;Ecureuil orange;ecureuil10;45808;0.072803;0;0
E02;Ouvrir les volets et ne pas allumer la lumière quand il fait jour dehors. ou éteindre lorsque la lumière extérieure le permet;Electricité;ECUREUIL;Ecureuil orange;ecureuil10;45808;0.027408;0;0
E10;Faire sécher son linge à l'air libre au lieu d'utiliser le sèche linge chaque fois qu'on peut;Electricité;ECUREUIL;Ecureuil orange;ecureuil10;45808;0.413462;0;0
E01;Eteindre la lumière quand on quitte une pièce. quand on n’en a pas besoin;Electricité;ECUREUIL;Ecureuil orange;ecureuil10;45808;0.027408;0;0
T04;Faire du covoiturage;Transport;ECUREUIL;Ecureuil orange;ecureuil2;45810;0.506;0;0
T03;Préférer la marche ou le vélo plutôt que la voiture;Transport;ECUREUIL;Ecureuil orange;ecureuil2;45810;0.506;0;0
W04;Tirer la petite chasse d’eau quand on fait pipi;Eau;ECUREUIL;Ecureuil orange;ecureuil2;45810;0.006501;16.5;0
W02;Couper l’eau quand on se brosse les dents : mettre de l’eau dans un verre pour se rincer;Eau;ECUREUIL;Ecureuil orange;ecureuil2;45810;0.05;28;0
W01;Prendre des douches rapides;Eau;ECUREUIL;Ecureuil orange;ecureuil2;45810;0.25;224;0
B02;Ne pas tuer les araignées. les insectes (les mettre dehors…);Biodiversité;ECUREUIL;Ecureuil orange;ecureuil2;45810;0;0;0
D11;Acheter des produits en vrac. éviter les emballages individuels…;Déchets;ECUREUIL;Ecureuil orange;ecureuil2;45810;0.38;0;0.67
D08;Utiliser les bacs de tri;Déchets;ECUREUIL;Ecureuil orange;ecureuil2;45810;0.866962;0;0
D03;Ne pas jeter de déchets dans la nature (chewing-gums. sacs. canettes. bouteilles…);Déchets;ECUREUIL;Ecureuil orange;ecureuil2;45810;0.424875;0;4.486538
D15;Economiser les mouchoirs en papier. l'essuie-tout et le papier toilette;Déchets;ECUREUIL;Ecureuil orange;ecureuil2;45810;0.009591;0;0.8
D07;Vendre ou donner les vêtements. les objets. les jouets dont on ne veut plus (trop petits…);Déchets;ECUREUIL;Ecureuil orange;ecureuil2;45810;0.017374;2500;0
C06;Faire ses repas, gouter, compotes sois même plutôt que d’acheter des plats préparés;Courses;ECUREUIL;Ecureuil orange;ecureuil2;45810;1.260407;0;0.180058
W02;Utiliser une seule dose de savon;Courses;ECUREUIL;Ecureuil orange;ecureuil2;45810;0.05;28;0
E11;Couvrir les casseroles lorsqu’on fait bouillir de l’eau ou pour cuire…;Electricité;ECUREUIL;Ecureuil orange;ecureuil2;45810;0.00293;0;0
E05;Préférer les ampoules à basse consommation;Electricité;ECUREUIL;Ecureuil orange;ecureuil2;45810;0.072803;0;0
E10;Faire sécher son linge à l'air libre au lieu d'utiliser le sèche linge chaque fois qu'on peut;Electricité;ECUREUIL;Ecureuil orange;ecureuil2;45810;0.413462;0;0
C05;Faire soi-même ses produits d’entretien pour éviter les emballages;Courses;ECUREUIL;Ecureuil orange;ecureuil15;45810;0.006;0;0.03
W02;Utiliser une seule dose de savon;Courses;ECUREUIL;Ecureuil orange;ecureuil15;45810;0.05;28;0
D15;Economiser les mouchoirs en papier. l'essuie-tout et le papier toilette;Déchets;ECUREUIL;Ecureuil orange;ecureuil15;45810;0.009591;0;0.8
D09;Faire du compost avec les déchets végétaux ou donner les restes alimentaires aux poules…;Déchets;ECUREUIL;Ecureuil orange;ecureuil15;45810;0.0623;0;1.75
D07;Vendre ou donner les vêtements. les objets. les jouets dont on ne veut plus (trop petits…);Déchets;ECUREUIL;Ecureuil orange;ecureuil15;45810;0.017374;2500;0
D04;Ramasser les papiers et les déchets par terre pour les mettre à la poubelle;Déchets;ECUREUIL;Ecureuil orange;ecureuil15;45810;0.00947;0;0.1
D02;Tout manger ce qu’il y a dans nos assiettes (cantine/maison);Déchets;ECUREUIL;Ecureuil orange;ecureuil15;45810;2.453511;0;1.390385
B04;Faire un jardin potager;Biodiversité;ECUREUIL;Ecureuil orange;ecureuil15;45810;4.48;0;0
B02;Ne pas tuer les araignées. les insectes (les mettre dehors…);Biodiversité;ECUREUIL;Ecureuil orange;ecureuil15;45810;0;0;0
W07;Vider le reste de sa gourde dans les plantes;Eau;ECUREUIL;Ecureuil orange;ecureuil15;45810;0;0.000013;0
W03;Ne pas faire couler l’eau trop longtemps quand on se lave les mains;Eau;ECUREUIL;Ecureuil orange;ecureuil15;45810;0.004964;12.6;0
W05;Prendre une douche plutôt qu’un bain;Eau;ECUREUIL;Ecureuil orange;ecureuil15;45810;0.140658;357;0
T03;Préférer la marche ou le vélo plutôt que la voiture;Transport;ECUREUIL;Ecureuil orange;ecureuil15;45810;0.506;0;0
T04;Faire du covoiturage;Transport;ECUREUIL;Ecureuil orange;ecureuil15;45810;0.506;0;0
E05;Préférer les ampoules à basse consommation;Electricité;ECUREUIL;Ecureuil orange;ecureuil15;45810;0.072803;0;0
E02;Ouvrir les volets et ne pas allumer la lumière quand il fait jour dehors. ou éteindre lorsque la lumière extérieure le permet;Electricité;ECUREUIL;Ecureuil orange;ecureuil15;45810;0.027408;0;0
E10;Faire sécher son linge à l'air libre au lieu d'utiliser le sèche linge chaque fois qu'on peut;Electricité;ECUREUIL;Ecureuil orange;ecureuil15;45810;0.413462;0;0
E01;Eteindre la lumière quand on quitte une pièce. quand on n’en a pas besoin;Electricité;ECUREUIL;Ecureuil orange;ecureuil15;45810;0.027408;0;0
D11;Acheter des produits en vrac. éviter les emballages individuels…;Déchets;ECUREUIL;Ecureuil orange;ecureuil15;45810;0.38;0;0.67
C06;Faire ses repas, gouter, compotes sois même plutôt que d’acheter des plats préparés;Courses;ECUREUIL;Ecureuil orange;ecureuil6;45811;1.260407;0;0.180058
W02;Utiliser une seule dose de savon;Courses;ECUREUIL;Ecureuil orange;ecureuil6;45811;0.05;28;0
D08;Utiliser les bacs de tri;Déchets;ECUREUIL;Ecureuil orange;ecureuil6;45811;0.866962;0;0
D03;Ne pas jeter de déchets dans la nature (chewing-gums. sacs. canettes. bouteilles…);Déchets;ECUREUIL;Ecureuil orange;ecureuil6;45811;0.424875;0;4.486538
B02;Ne pas tuer les araignées. les insectes (les mettre dehors…);Biodiversité;ECUREUIL;Ecureuil orange;ecureuil6;45811;0;0;0
W04;Tirer la petite chasse d’eau quand on fait pipi;Eau;ECUREUIL;Ecureuil orange;ecureuil6;45811;0.006501;16.5;0
W02;Couper l’eau quand on se brosse les dents : mettre de l’eau dans un verre pour se rincer;Eau;ECUREUIL;Ecureuil orange;ecureuil6;45811;0.05;28;0
W01;Prendre des douches rapides;Eau;ECUREUIL;Ecureuil orange;ecureuil6;45811;0.25;224;0
E06;Préférer les piles rechargeables;Electricité;ECUREUIL;Ecureuil orange;ecureuil4;45818;0.097538;0;0
E04;Eteindre les écrans (ordinateur. télévision. …) pour diminuer la consommation d’électricité;Electricité;ECUREUIL;Ecureuil orange;ecureuil4;45818;0.15988;0;1
E11;Couvrir les casseroles lorsqu’on fait bouillir de l’eau ou pour cuire…;Electricité;ECUREUIL;Ecureuil orange;ecureuil4;45818;0.00293;0;0
E08;Eteindre le chauffage lorsqu’on aère une pièce;Electricité;ECUREUIL;Ecureuil orange;ecureuil4;45818;0.000173;0;0
T03;Préférer la marche ou le vélo plutôt que la voiture;Transport;ECUREUIL;Ecureuil orange;ecureuil4;45818;0.506;0;0
T04;Faire du covoiturage;Transport;ECUREUIL;Ecureuil orange;ecureuil4;45818;0.506;0;0
B03;Donner à manger aux oiseaux dans son jardin ou sur son balcon;Biodiversité;ECUREUIL;Ecureuil orange;ecureuil4;45818;0;0;0
B01;Ne pas cueillir de plante dans la nature;Biodiversité;ECUREUIL;Ecureuil orange;ecureuil4;45818;0;0;0
D15;Economiser les mouchoirs en papier. l'essuie-tout et le papier toilette;Déchets;ECUREUIL;Ecureuil orange;ecureuil4;45818;0.009591;0;0.8
D09;Faire du compost avec les déchets végétaux ou donner les restes alimentaires aux poules…;Déchets;ECUREUIL;Ecureuil orange;ecureuil4;45818;0.0623;0;1.75
D07;Vendre ou donner les vêtements. les objets. les jouets dont on ne veut plus (trop petits…);Déchets;ECUREUIL;Ecureuil orange;ecureuil4;45818;0.017374;2500;0
D04;Ramasser les papiers et les déchets par terre pour les mettre à la poubelle;Déchets;ECUREUIL;Ecureuil orange;ecureuil4;45818;0.00947;0;0.1
D02;Tout manger ce qu’il y a dans nos assiettes (cantine/maison);Déchets;ECUREUIL;Ecureuil orange;ecureuil4;45818;2.453511;0;1.390385
C06;Faire ses repas, gouter, compotes sois même plutôt que d’acheter des plats préparés;Courses;ECUREUIL;Ecureuil orange;ecureuil4;45818;1.260407;0;0.180058
C03;Acheter des fruits ou légumes de saison;Courses;ECUREUIL;Ecureuil orange;ecureuil4;45818;6.932;0;0
W07;Vider le reste de sa gourde dans les plantes;Eau;ECUREUIL;Ecureuil orange;ecureuil4;45818;0;0.000013;0
W03;Ne pas faire couler l’eau trop longtemps quand on se lave les mains;Eau;ECUREUIL;Ecureuil orange;ecureuil4;45818;0.004964;12.6;0
W05;Prendre une douche plutôt qu’un bain;Eau;ECUREUIL;Ecureuil orange;ecureuil4;45818;0.140658;357;0
C03;Acheter des fruits ou légumes de saison;Courses;ECUREUIL;Ecureuil orange;ecureuil6;45811;6.932;0;0
D15;Economiser les mouchoirs en papier. l'essuie-tout et le papier toilette;Déchets;ECUREUIL;Ecureuil orange;ecureuil6;45811;0.009591;0;0.8
D04;Ramasser les papiers et les déchets par terre pour les mettre à la poubelle;Déchets;ECUREUIL;Ecureuil orange;ecureuil6;45811;0.00947;0;0.1
D02;Tout manger ce qu’il y a dans nos assiettes (cantine/maison);Déchets;ECUREUIL;Ecureuil orange;ecureuil6;45811;2.453511;0;1.390385
B01;Ne pas cueillir de plante dans la nature;Biodiversité;ECUREUIL;Ecureuil orange;ecureuil6;45811;0;0;0
W03;Ne pas faire couler l’eau trop longtemps quand on se lave les mains;Eau;ECUREUIL;Ecureuil orange;ecureuil6;45811;0.004964;12.6;0
W05;Prendre une douche plutôt qu’un bain;Eau;ECUREUIL;Ecureuil orange;ecureuil6;45811;0.140658;357;0
T03;Préférer la marche ou le vélo plutôt que la voiture;Transport;ECUREUIL;Ecureuil orange;ecureuil6;45811;0.506;0;0
E05;Préférer les ampoules à basse consommation;Electricité;ECUREUIL;Ecureuil orange;ecureuil4;45818;0.072803;0;0
E02;Ouvrir les volets et ne pas allumer la lumière quand il fait jour dehors. ou éteindre lorsque la lumière extérieure le permet;Electricité;ECUREUIL;Ecureuil orange;ecureuil4;45818;0.027408;0;0
E10;Faire sécher son linge à l'air libre au lieu d'utiliser le sèche linge chaque fois qu'on peut;Electricité;ECUREUIL;Ecureuil orange;ecureuil4;45818;0.413462;0;0
E01;Eteindre la lumière quand on quitte une pièce. quand on n’en a pas besoin;Electricité;ECUREUIL;Ecureuil orange;ecureuil4;45818;0.027408;0;0
T06;Couper le moteur de la voiture quand elle ne roule pas;Transport;ECUREUIL;Ecureuil orange;ecureuil4;45818;1.518;0;0
B04;Faire un jardin potager;Biodiversité;ECUREUIL;Ecureuil orange;ecureuil4;45818;4.48;0;0
B02;Ne pas tuer les araignées. les insectes (les mettre dehors…);Biodiversité;ECUREUIL;Ecureuil orange;ecureuil4;45818;0;0;0
D11;Acheter des produits en vrac. éviter les emballages individuels…;Déchets;ECUREUIL;Ecureuil orange;ecureuil4;45818;0.38;0;0.67
D10;Ne pas acheter de bouteilles en plastique : boire à la gourde;Déchets;ECUREUIL;Ecureuil orange;ecureuil4;45818;0.54243;0;0.21
D08;Utiliser les bacs de tri;Déchets;ECUREUIL;Ecureuil orange;ecureuil4;45818;0.866962;0;0
D06;Prendre soin de ses affaires pour les faire durer plus longtemps (reboucher les feutres… ne pas casser. ne pas lancer…);Déchets;ECUREUIL;Ecureuil orange;ecureuil4;45818;0.017374;0;0.183462
D03;Ne pas jeter de déchets dans la nature (chewing-gums. sacs. canettes. bouteilles…);Déchets;ECUREUIL;Ecureuil orange;ecureuil4;45818;0.424875;0;4.486538
D01;Limiter l'utilisation du papier : Utiliser les feuilles des 2 côtés / faire du brouillon / Utiliser l'ardoise pour chercher / Prendre du papier recyclé…;Déchets;ECUREUIL;Ecureuil orange;ecureuil4;45818;0.009641;0;0.8
C05;Faire soi-même ses produits d’entretien pour éviter les emballages;Courses;ECUREUIL;Ecureuil orange;ecureuil4;45818;0.006;0;0.03
W02;Utiliser une seule dose de savon;Courses;ECUREUIL;Ecureuil orange;ecureuil4;45818;0.05;28;0
W04;Tirer la petite chasse d’eau quand on fait pipi;Eau;ECUREUIL;Ecureuil orange;ecureuil4;45818;0.006501;16.5;0
W02;Couper l’eau quand on se brosse les dents : mettre de l’eau dans un verre pour se rincer;Eau;ECUREUIL;Ecureuil orange;ecureuil4;45818;0.05;28;0
W01;Prendre des douches rapides;Eau;ECUREUIL;Ecureuil orange;ecureuil4;45818;0.25;224;0
T03;Préférer la marche ou le vélo plutôt que la voiture;Transport;ECUREUIL;Ecureuil orange;ecureuil2;45824;0.506;0;0
W07;Vider le reste de sa gourde dans les plantes;Eau;ECUREUIL;Ecureuil orange;ecureuil2;45824;0;0.000013;0
W05;Prendre une douche plutôt qu’un bain;Eau;ECUREUIL;Ecureuil orange;ecureuil2;45824;0.140658;357;0
W02;Couper l’eau quand on se brosse les dents : mettre de l’eau dans un verre pour se rincer;Eau;ECUREUIL;Ecureuil orange;ecureuil2;45824;0.05;28;0
B02;Ne pas tuer les araignées. les insectes (les mettre dehors…);Biodiversité;ECUREUIL;Ecureuil orange;ecureuil2;45824;0;0;0
D11;Acheter des produits en vrac. éviter les emballages individuels…;Déchets;ECUREUIL;Ecureuil orange;ecureuil2;45824;0.38;0;0.67
D08;Utiliser les bacs de tri;Déchets;ECUREUIL;Ecureuil orange;ecureuil2;45824;0.866962;0;0
D03;Ne pas jeter de déchets dans la nature (chewing-gums. sacs. canettes. bouteilles…);Déchets;ECUREUIL;Ecureuil orange;ecureuil2;45824;0.424875;0;4.486538
D15;Economiser les mouchoirs en papier. l'essuie-tout et le papier toilette;Déchets;ECUREUIL;Ecureuil orange;ecureuil2;45824;0.009591;0;0.8
D07;Vendre ou donner les vêtements. les objets. les jouets dont on ne veut plus (trop petits…);Déchets;ECUREUIL;Ecureuil orange;ecureuil2;45824;0.017374;2500;0
C06;Faire ses repas, gouter, compotes sois même plutôt que d’acheter des plats préparés;Courses;ECUREUIL;Ecureuil orange;ecureuil2;45824;1.260407;0;0.180058
W02;Utiliser une seule dose de savon;Courses;ECUREUIL;Ecureuil orange;ecureuil2;45824;0.05;28;0
E11;Couvrir les casseroles lorsqu’on fait bouillir de l’eau ou pour cuire…;Electricité;ECUREUIL;Ecureuil orange;ecureuil2;45824;0.00293;0;0
E10;Faire sécher son linge à l'air libre au lieu d'utiliser le sèche linge chaque fois qu'on peut;Electricité;ECUREUIL;Ecureuil orange;ecureuil2;45824;0.413462;0;0
W02;Utiliser une seule dose de savon;Courses;ECUREUIL;Ecureuil orange;ecureuil4;45825;0.05;28;0
C03;Acheter des fruits ou légumes de saison;Courses;ECUREUIL;Ecureuil orange;ecureuil4;45825;6.932;0;0
D09;Faire du compost avec les déchets végétaux ou donner les restes alimentaires aux poules…;Déchets;ECUREUIL;Ecureuil orange;ecureuil4;45825;0.0623;0;1.75
D08;Utiliser les bacs de tri;Déchets;ECUREUIL;Ecureuil orange;ecureuil4;45825;0.866962;0;0
D10;Ne pas acheter de bouteilles en plastique : boire à la gourde;Déchets;ECUREUIL;Ecureuil orange;ecureuil4;45825;0.54243;0;0.21
D04;Ramasser les papiers et les déchets par terre pour les mettre à la poubelle;Déchets;ECUREUIL;Ecureuil orange;ecureuil4;45825;0.00947;0;0.1
D02;Tout manger ce qu’il y a dans nos assiettes (cantine/maison);Déchets;ECUREUIL;Ecureuil orange;ecureuil4;45825;2.453511;0;1.390385
B04;Faire un jardin potager;Biodiversité;ECUREUIL;Ecureuil orange;ecureuil4;45825;4.48;0;0
B03;Donner à manger aux oiseaux dans son jardin ou sur son balcon;Biodiversité;ECUREUIL;Ecureuil orange;ecureuil4;45825;0;0;0
E06;Préférer les piles rechargeables;Electricité;ECUREUIL;Ecureuil orange;ecureuil4;45825;0.097538;0;0
E04;Eteindre les écrans (ordinateur. télévision. …) pour diminuer la consommation d’électricité;Electricité;ECUREUIL;Ecureuil orange;ecureuil4;45825;0.15988;0;1
E11;Couvrir les casseroles lorsqu’on fait bouillir de l’eau ou pour cuire…;Electricité;ECUREUIL;Ecureuil orange;ecureuil4;45825;0.00293;0;0
E08;Eteindre le chauffage lorsqu’on aère une pièce;Electricité;ECUREUIL;Ecureuil orange;ecureuil4;45825;0.000173;0;0
C05;Faire soi-même ses produits d’entretien pour éviter les emballages;Courses;ECUREUIL;Ecureuil orange;ecureuil10;45819;0.006;0;0.03
W02;Utiliser une seule dose de savon;Courses;ECUREUIL;Ecureuil orange;ecureuil10;45819;0.05;28;0
D15;Economiser les mouchoirs en papier. l'essuie-tout et le papier toilette;Déchets;ECUREUIL;Ecureuil orange;ecureuil10;45819;0.009591;0;0.8
D09;Faire du compost avec les déchets végétaux ou donner les restes alimentaires aux poules…;Déchets;ECUREUIL;Ecureuil orange;ecureuil10;45819;0.0623;0;1.75
D07;Vendre ou donner les vêtements. les objets. les jouets dont on ne veut plus (trop petits…);Déchets;ECUREUIL;Ecureuil orange;ecureuil10;45819;0.017374;2500;0
D04;Ramasser les papiers et les déchets par terre pour les mettre à la poubelle;Déchets;ECUREUIL;Ecureuil orange;ecureuil10;45819;0.00947;0;0.1
D02;Tout manger ce qu’il y a dans nos assiettes (cantine/maison);Déchets;ECUREUIL;Ecureuil orange;ecureuil10;45819;2.453511;0;1.390385
B04;Faire un jardin potager;Biodiversité;ECUREUIL;Ecureuil orange;ecureuil10;45819;4.48;0;0
B02;Ne pas tuer les araignées. les insectes (les mettre dehors…);Biodiversité;ECUREUIL;Ecureuil orange;ecureuil10;45819;0;0;0
W07;Vider le reste de sa gourde dans les plantes;Eau;ECUREUIL;Ecureuil orange;ecureuil10;45819;0;0.000013;0
W03;Ne pas faire couler l’eau trop longtemps quand on se lave les mains;Eau;ECUREUIL;Ecureuil orange;ecureuil10;45819;0.004964;12.6;0
W05;Prendre une douche plutôt qu’un bain;Eau;ECUREUIL;Ecureuil orange;ecureuil10;45819;0.140658;357;0
T03;Préférer la marche ou le vélo plutôt que la voiture;Transport;ECUREUIL;Ecureuil orange;ecureuil10;45819;0.506;0;0
T04;Faire du covoiturage;Transport;ECUREUIL;Ecureuil orange;ecureuil10;45819;0.506;0;0
E04;Eteindre les écrans (ordinateur. télévision. …) pour diminuer la consommation d’électricité;Electricité;ECUREUIL;Ecureuil orange;ecureuil10;45819;0.15988;0;1
E11;Couvrir les casseroles lorsqu’on fait bouillir de l’eau ou pour cuire…;Electricité;ECUREUIL;Ecureuil orange;ecureuil10;45819;0.00293;0;0
E08;Eteindre le chauffage lorsqu’on aère une pièce;Electricité;ECUREUIL;Ecureuil orange;ecureuil10;45819;0.000173;0;0
C06;Faire ses repas, gouter, compotes sois même plutôt que d’acheter des plats préparés;Courses;ECUREUIL;Ecureuil orange;ecureuil4;45825;1.260407;0;0.180058
C05;Faire soi-même ses produits d’entretien pour éviter les emballages;Courses;ECUREUIL;Ecureuil orange;ecureuil4;45825;0.006;0;0.03
D11;Acheter des produits en vrac. éviter les emballages individuels…;Déchets;ECUREUIL;Ecureuil orange;ecureuil4;45825;0.38;0;0.67
D15;Economiser les mouchoirs en papier. l'essuie-tout et le papier toilette;Déchets;ECUREUIL;Ecureuil orange;ecureuil4;45825;0.009591;0;0.8
D07;Vendre ou donner les vêtements. les objets. les jouets dont on ne veut plus (trop petits…);Déchets;ECUREUIL;Ecureuil orange;ecureuil4;45825;0.017374;2500;0
D06;Prendre soin de ses affaires pour les faire durer plus longtemps (reboucher les feutres… ne pas casser. ne pas lancer…);Déchets;ECUREUIL;Ecureuil orange;ecureuil4;45825;0.017374;0;0.183462
D03;Ne pas jeter de déchets dans la nature (chewing-gums. sacs. canettes. bouteilles…);Déchets;ECUREUIL;Ecureuil orange;ecureuil4;45825;0.424875;0;4.486538
D01;Limiter l'utilisation du papier : Utiliser les feuilles des 2 côtés / faire du brouillon / Utiliser l'ardoise pour chercher / Prendre du papier recyclé…;Déchets;ECUREUIL;Ecureuil orange;ecureuil4;45825;0.009641;0;0.8
B01;Ne pas cueillir de plante dans la nature;Biodiversité;ECUREUIL;Ecureuil orange;ecureuil4;45825;0;0;0
B02;Ne pas tuer les araignées. les insectes (les mettre dehors…);Biodiversité;ECUREUIL;Ecureuil orange;ecureuil4;45825;0;0;0
E05;Préférer les ampoules à basse consommation;Electricité;ECUREUIL;Ecureuil orange;ecureuil4;45825;0.072803;0;0
E02;Ouvrir les volets et ne pas allumer la lumière quand il fait jour dehors. ou éteindre lorsque la lumière extérieure le permet;Electricité;ECUREUIL;Ecureuil orange;ecureuil4;45825;0.027408;0;0
E10;Faire sécher son linge à l'air libre au lieu d'utiliser le sèche linge chaque fois qu'on peut;Electricité;ECUREUIL;Ecureuil orange;ecureuil4;45825;0.413462;0;0
E01;Eteindre la lumière quand on quitte une pièce. quand on n’en a pas besoin;Electricité;ECUREUIL;Ecureuil orange;ecureuil4;45825;0.027408;0;0
C06;Faire ses repas, gouter, compotes sois même plutôt que d’acheter des plats préparés;Courses;ECUREUIL;Ecureuil orange;ecureuil1;45821;1.260407;0;0.180058
C03;Acheter des fruits ou légumes de saison;Courses;ECUREUIL;Ecureuil orange;ecureuil1;45821;6.932;0;0
D15;Economiser les mouchoirs en papier. l'essuie-tout et le papier toilette;Déchets;ECUREUIL;Ecureuil orange;ecureuil1;45821;0.009591;0;0.8
D09;Faire du compost avec les déchets végétaux ou donner les restes alimentaires aux poules…;Déchets;ECUREUIL;Ecureuil orange;ecureuil1;45821;0.0623;0;1.75
D07;Vendre ou donner les vêtements. les objets. les jouets dont on ne veut plus (trop petits…);Déchets;ECUREUIL;Ecureuil orange;ecureuil1;45821;0.017374;2500;0
D04;Ramasser les papiers et les déchets par terre pour les mettre à la poubelle;Déchets;ECUREUIL;Ecureuil orange;ecureuil1;45821;0.00947;0;0.1
D02;Tout manger ce qu’il y a dans nos assiettes (cantine/maison);Déchets;ECUREUIL;Ecureuil orange;ecureuil1;45821;2.453511;0;1.390385
B04;Faire un jardin potager;Biodiversité;ECUREUIL;Ecureuil orange;ecureuil1;45821;4.48;0;0
B02;Ne pas tuer les araignées. les insectes (les mettre dehors…);Biodiversité;ECUREUIL;Ecureuil orange;ecureuil1;45821;0;0;0
W07;Vider le reste de sa gourde dans les plantes;Eau;ECUREUIL;Ecureuil orange;ecureuil1;45821;0;0.000013;0
W03;Ne pas faire couler l’eau trop longtemps quand on se lave les mains;Eau;ECUREUIL;Ecureuil orange;ecureuil1;45821;0.004964;12.6;0
C06;Faire ses repas, gouter, compotes sois même plutôt que d’acheter des plats préparés;Courses;ECUREUIL;Ecureuil orange;ecureuil10;45819;1.260407;0;0.180058
C03;Acheter des fruits ou légumes de saison;Courses;ECUREUIL;Ecureuil orange;ecureuil10;45819;6.932;0;0
D11;Acheter des produits en vrac. éviter les emballages individuels…;Déchets;ECUREUIL;Ecureuil orange;ecureuil10;45819;0.38;0;0.67
D10;Ne pas acheter de bouteilles en plastique : boire à la gourde;Déchets;ECUREUIL;Ecureuil orange;ecureuil10;45819;0.54243;0;0.21
D08;Utiliser les bacs de tri;Déchets;ECUREUIL;Ecureuil orange;ecureuil10;45819;0.866962;0;0
D06;Prendre soin de ses affaires pour les faire durer plus longtemps (reboucher les feutres… ne pas casser. ne pas lancer…);Déchets;ECUREUIL;Ecureuil orange;ecureuil10;45819;0.017374;0;0.183462
D03;Ne pas jeter de déchets dans la nature (chewing-gums. sacs. canettes. bouteilles…);Déchets;ECUREUIL;Ecureuil orange;ecureuil10;45819;0.424875;0;4.486538
D01;Limiter l'utilisation du papier : Utiliser les feuilles des 2 côtés / faire du brouillon / Utiliser l'ardoise pour chercher / Prendre du papier recyclé…;Déchets;ECUREUIL;Ecureuil orange;ecureuil10;45819;0.009641;0;0.8
B03;Donner à manger aux oiseaux dans son jardin ou sur son balcon;Biodiversité;ECUREUIL;Ecureuil orange;ecureuil10;45819;0;0;0
B01;Ne pas cueillir de plante dans la nature;Biodiversité;ECUREUIL;Ecureuil orange;ecureuil10;45819;0;0;0
W04;Tirer la petite chasse d’eau quand on fait pipi;Eau;ECUREUIL;Ecureuil orange;ecureuil10;45819;0.006501;16.5;0
W02;Couper l’eau quand on se brosse les dents : mettre de l’eau dans un verre pour se rincer;Eau;ECUREUIL;Ecureuil orange;ecureuil10;45819;0.05;28;0
W01;Prendre des douches rapides;Eau;ECUREUIL;Ecureuil orange;ecureuil10;45819;0.25;224;0
T06;Couper le moteur de la voiture quand elle ne roule pas;Transport;ECUREUIL;Ecureuil orange;ecureuil10;45819;1.518;0;0
E05;Préférer les ampoules à basse consommation;Electricité;ECUREUIL;Ecureuil orange;ecureuil10;45819;0.072803;0;0
E02;Ouvrir les volets et ne pas allumer la lumière quand il fait jour dehors. ou éteindre lorsque la lumière extérieure le permet;Electricité;ECUREUIL;Ecureuil orange;ecureuil10;45819;0.027408;0;0
E10;Faire sécher son linge à l'air libre au lieu d'utiliser le sèche linge chaque fois qu'on peut;Electricité;ECUREUIL;Ecureuil orange;ecureuil10;45819;0.413462;0;0
E01;Eteindre la lumière quand on quitte une pièce. quand on n’en a pas besoin;Electricité;ECUREUIL;Ecureuil orange;ecureuil10;45819;0.027408;0;0
C05;Faire soi-même ses produits d’entretien pour éviter les emballages;Courses;ECUREUIL;Ecureuil orange;ecureuil1;45821;0.006;0;0.03
W02;Utiliser une seule dose de savon;Courses;ECUREUIL;Ecureuil orange;ecureuil1;45821;0.05;28;0
D10;Ne pas acheter de bouteilles en plastique : boire à la gourde;Déchets;ECUREUIL;Ecureuil orange;ecureuil1;45821;0.54243;0;0.21
D08;Utiliser les bacs de tri;Déchets;ECUREUIL;Ecureuil orange;ecureuil1;45821;0.866962;0;0
D06;Prendre soin de ses affaires pour les faire durer plus longtemps (reboucher les feutres… ne pas casser. ne pas lancer…);Déchets;ECUREUIL;Ecureuil orange;ecureuil1;45821;0.017374;0;0.183462
D03;Ne pas jeter de déchets dans la nature (chewing-gums. sacs. canettes. bouteilles…);Déchets;ECUREUIL;Ecureuil orange;ecureuil1;45821;0.424875;0;4.486538
D01;Limiter l'utilisation du papier : Utiliser les feuilles des 2 côtés / faire du brouillon / Utiliser l'ardoise pour chercher / Prendre du papier recyclé…;Déchets;ECUREUIL;Ecureuil orange;ecureuil1;45821;0.009641;0;0.8
B03;Donner à manger aux oiseaux dans son jardin ou sur son balcon;Biodiversité;ECUREUIL;Ecureuil orange;ecureuil1;45821;0;0;0
B01;Ne pas cueillir de plante dans la nature;Biodiversité;ECUREUIL;Ecureuil orange;ecureuil1;45821;0;0;0
W04;Tirer la petite chasse d’eau quand on fait pipi;Eau;ECUREUIL;Ecureuil orange;ecureuil1;45821;0.006501;16.5;0
W02;Couper l’eau quand on se brosse les dents : mettre de l’eau dans un verre pour se rincer;Eau;ECUREUIL;Ecureuil orange;ecureuil1;45821;0.05;28;0
W05;Prendre une douche plutôt qu’un bain;Eau;ECUREUIL;Ecureuil orange;ecureuil1;45821;0.140658;357;0
W01;Prendre des douches rapides;Eau;ECUREUIL;Ecureuil orange;ecureuil1;45821;0.25;224;0
T06;Couper le moteur de la voiture quand elle ne roule pas;Transport;ECUREUIL;Ecureuil orange;ecureuil1;45821;1.518;0;0
E05;Préférer les ampoules à basse consommation;Electricité;ECUREUIL;Ecureuil orange;ecureuil1;45821;0.072803;0;0
E04;Eteindre les écrans (ordinateur. télévision. …) pour diminuer la consommation d’électricité;Electricité;ECUREUIL;Ecureuil orange;ecureuil1;45821;0.15988;0;1
E02;Ouvrir les volets et ne pas allumer la lumière quand il fait jour dehors. ou éteindre lorsque la lumière extérieure le permet;Electricité;ECUREUIL;Ecureuil orange;ecureuil1;45821;0.027408;0;0
E11;Couvrir les casseroles lorsqu’on fait bouillir de l’eau ou pour cuire…;Electricité;ECUREUIL;Ecureuil orange;ecureuil1;45821;0.00293;0;0
E10;Faire sécher son linge à l'air libre au lieu d'utiliser le sèche linge chaque fois qu'on peut;Electricité;ECUREUIL;Ecureuil orange;ecureuil1;45821;0.413462;0;0
E08;Eteindre le chauffage lorsqu’on aère une pièce;Electricité;ECUREUIL;Ecureuil orange;ecureuil1;45821;0.000173;0;0
E01;Eteindre la lumière quand on quitte une pièce. quand on n’en a pas besoin;Electricité;ECUREUIL;Ecureuil orange;ecureuil1;45821;0.027408;0;0
T06;Couper le moteur de la voiture quand elle ne roule pas;Transport;ECUREUIL;Ecureuil orange;ecureuil2;45824;1.518;0;0
T04;Faire du covoiturage;Transport;ECUREUIL;Ecureuil orange;ecureuil2;45824;0.506;0;0
W03;Ne pas faire couler l’eau trop longtemps quand on se lave les mains;Eau;ECUREUIL;Ecureuil orange;ecureuil2;45824;0.004964;12.6;0
W04;Tirer la petite chasse d’eau quand on fait pipi;Eau;ECUREUIL;Ecureuil orange;ecureuil2;45824;0.006501;16.5;0
W01;Prendre des douches rapides;Eau;ECUREUIL;Ecureuil orange;ecureuil2;45824;0.25;224;0
B04;Faire un jardin potager;Biodiversité;ECUREUIL;Ecureuil orange;ecureuil2;45824;4.48;0;0
B01;Ne pas cueillir de plante dans la nature;Biodiversité;ECUREUIL;Ecureuil orange;ecureuil2;45824;0;0;0
D10;Ne pas acheter de bouteilles en plastique : boire à la gourde;Déchets;ECUREUIL;Ecureuil orange;ecureuil2;45824;0.54243;0;0.21
D06;Prendre soin de ses affaires pour les faire durer plus longtemps (reboucher les feutres… ne pas casser. ne pas lancer…);Déchets;ECUREUIL;Ecureuil orange;ecureuil2;45824;0.017374;0;0.183462
D01;Limiter l'utilisation du papier : Utiliser les feuilles des 2 côtés / faire du brouillon / Utiliser l'ardoise pour chercher / Prendre du papier recyclé…;Déchets;ECUREUIL;Ecureuil orange;ecureuil2;45824;0.009641;0;0.8
D09;Faire du compost avec les déchets végétaux ou donner les restes alimentaires aux poules…;Déchets;ECUREUIL;Ecureuil orange;ecureuil2;45824;0.0623;0;1.75
D04;Ramasser les papiers et les déchets par terre pour les mettre à la poubelle;Déchets;ECUREUIL;Ecureuil orange;ecureuil2;45824;0.00947;0;0.1
C03;Acheter des fruits ou légumes de saison;Courses;ECUREUIL;Ecureuil orange;ecureuil2;45824;6.932;0;0
E06;Préférer les piles rechargeables;Electricité;ECUREUIL;Ecureuil orange;ecureuil2;45824;0.097538;0;0
E08;Eteindre le chauffage lorsqu’on aère une pièce;Electricité;ECUREUIL;Ecureuil orange;ecureuil2;45824;0.000173;0;0
E05;Préférer les ampoules à basse consommation;Electricité;ECUREUIL;Ecureuil orange;ecureuil2;45824;0.072803;0;0
E02;Ouvrir les volets et ne pas allumer la lumière quand il fait jour dehors. ou éteindre lorsque la lumière extérieure le permet;Electricité;ECUREUIL;Ecureuil orange;ecureuil2;45824;0.027408;0;0
E01;Eteindre la lumière quand on quitte une pièce. quand on n’en a pas besoin;Electricité;ECUREUIL;Ecureuil orange;ecureuil2;45824;0.027408;0;0
W07;Vider le reste de sa gourde dans les plantes;Eau;ECUREUIL;Ecureuil orange;ecureuil4;45825;0;0.000013;0
W04;Tirer la petite chasse d’eau quand on fait pipi;Eau;ECUREUIL;Ecureuil orange;ecureuil4;45825;0.006501;16.5;0
W03;Ne pas faire couler l’eau trop longtemps quand on se lave les mains;Eau;ECUREUIL;Ecureuil orange;ecureuil4;45825;0.004964;12.6;0
W02;Couper l’eau quand on se brosse les dents : mettre de l’eau dans un verre pour se rincer;Eau;ECUREUIL;Ecureuil orange;ecureuil4;45825;0.05;28;0
W05;Prendre une douche plutôt qu’un bain;Eau;ECUREUIL;Ecureuil orange;ecureuil4;45825;0.140658;357;0
W01;Prendre des douches rapides;Eau;ECUREUIL;Ecureuil orange;ecureuil4;45825;0.25;224;0
T03;Préférer la marche ou le vélo plutôt que la voiture;Transport;ECUREUIL;Ecureuil orange;ecureuil4;45825;0.506;0;0
T06;Couper le moteur de la voiture quand elle ne roule pas;Transport;ECUREUIL;Ecureuil orange;ecureuil4;45825;1.518;0;0
T04;Faire du covoiturage;Transport;ECUREUIL;Ecureuil orange;ecureuil4;45825;0.506;0;0
C06;Faire ses repas, gouter, compotes sois même plutôt que d’acheter des plats préparés;Courses;ECUREUIL;Ecureuil orange;ecureuil10;45826;1.260407;0;0.180058
C03;Acheter des fruits ou légumes de saison;Courses;ECUREUIL;Ecureuil orange;ecureuil10;45826;6.932;0;0
D11;Acheter des produits en vrac. éviter les emballages individuels…;Déchets;ECUREUIL;Ecureuil orange;ecureuil10;45826;0.38;0;0.67
D10;Ne pas acheter de bouteilles en plastique : boire à la gourde;Déchets;ECUREUIL;Ecureuil orange;ecureuil10;45826;0.54243;0;0.21
D08;Utiliser les bacs de tri;Déchets;ECUREUIL;Ecureuil orange;ecureuil10;45826;0.866962;0;0
D06;Prendre soin de ses affaires pour les faire durer plus longtemps (reboucher les feutres… ne pas casser. ne pas lancer…);Déchets;ECUREUIL;Ecureuil orange;ecureuil10;45826;0.017374;0;0.183462
D03;Ne pas jeter de déchets dans la nature (chewing-gums. sacs. canettes. bouteilles…);Déchets;ECUREUIL;Ecureuil orange;ecureuil10;45826;0.424875;0;4.486538
D01;Limiter l'utilisation du papier : Utiliser les feuilles des 2 côtés / faire du brouillon / Utiliser l'ardoise pour chercher / Prendre du papier recyclé…;Déchets;ECUREUIL;Ecureuil orange;ecureuil10;45826;0.009641;0;0.8
B03;Donner à manger aux oiseaux dans son jardin ou sur son balcon;Biodiversité;ECUREUIL;Ecureuil orange;ecureuil10;45826;0;0;0
B01;Ne pas cueillir de plante dans la nature;Biodiversité;ECUREUIL;Ecureuil orange;ecureuil10;45826;0;0;0
W04;Tirer la petite chasse d’eau quand on fait pipi;Eau;ECUREUIL;Ecureuil orange;ecureuil10;45826;0.006501;16.5;0
W02;Couper l’eau quand on se brosse les dents : mettre de l’eau dans un verre pour se rincer;Eau;ECUREUIL;Ecureuil orange;ecureuil10;45826;0.05;28;0
W01;Prendre des douches rapides;Eau;ECUREUIL;Ecureuil orange;ecureuil10;45826;0.25;224;0
T06;Couper le moteur de la voiture quand elle ne roule pas;Transport;ECUREUIL;Ecureuil orange;ecureuil10;45826;1.518;0;0
E05;Préférer les ampoules à basse consommation;Electricité;ECUREUIL;Ecureuil orange;ecureuil10;45826;0.072803;0;0
E02;Ouvrir les volets et ne pas allumer la lumière quand il fait jour dehors. ou éteindre lorsque la lumière extérieure le permet;Electricité;ECUREUIL;Ecureuil orange;ecureuil10;45826;0.027408;0;0
E10;Faire sécher son linge à l'air libre au lieu d'utiliser le sèche linge chaque fois qu'on peut;Electricité;ECUREUIL;Ecureuil orange;ecureuil10;45826;0.413462;0;0
E01;Eteindre la lumière quand on quitte une pièce. quand on n’en a pas besoin;Electricité;ECUREUIL;Ecureuil orange;ecureuil10;45826;0.027408;0;0
T04;Faire du covoiturage;Transport;ECUREUIL;Ecureuil orange;ecureuil2;45831;0.506;0;0
W07;Vider le reste de sa gourde dans les plantes;Eau;ECUREUIL;Ecureuil orange;ecureuil2;45831;0;0.000013;0
W05;Prendre une douche plutôt qu’un bain;Eau;ECUREUIL;Ecureuil orange;ecureuil2;45831;0.140658;357;0
W02;Couper l’eau quand on se brosse les dents : mettre de l’eau dans un verre pour se rincer;Eau;ECUREUIL;Ecureuil orange;ecureuil2;45831;0.05;28;0
B04;Faire un jardin potager;Biodiversité;ECUREUIL;Ecureuil orange;ecureuil2;45831;4.48;0;0
B01;Ne pas cueillir de plante dans la nature;Biodiversité;ECUREUIL;Ecureuil orange;ecureuil2;45831;0;0;0
D10;Ne pas acheter de bouteilles en plastique : boire à la gourde;Déchets;ECUREUIL;Ecureuil orange;ecureuil2;45831;0.54243;0;0.21
D06;Prendre soin de ses affaires pour les faire durer plus longtemps (reboucher les feutres… ne pas casser. ne pas lancer…);Déchets;ECUREUIL;Ecureuil orange;ecureuil2;45831;0.017374;0;0.183462
D01;Limiter l'utilisation du papier : Utiliser les feuilles des 2 côtés / faire du brouillon / Utiliser l'ardoise pour chercher / Prendre du papier recyclé…;Déchets;ECUREUIL;Ecureuil orange;ecureuil2;45831;0.009641;0;0.8
D09;Faire du compost avec les déchets végétaux ou donner les restes alimentaires aux poules…;Déchets;ECUREUIL;Ecureuil orange;ecureuil2;45831;0.0623;0;1.75
D04;Ramasser les papiers et les déchets par terre pour les mettre à la poubelle;Déchets;ECUREUIL;Ecureuil orange;ecureuil2;45831;0.00947;0;0.1
C06;Faire ses repas, gouter, compotes sois même plutôt que d’acheter des plats préparés;Courses;ECUREUIL;Ecureuil orange;ecureuil2;45831;1.260407;0;0.180058
W02;Utiliser une seule dose de savon;Courses;ECUREUIL;Ecureuil orange;ecureuil2;45831;0.05;28;0
E11;Couvrir les casseroles lorsqu’on fait bouillir de l’eau ou pour cuire…;Electricité;ECUREUIL;Ecureuil orange;ecureuil2;45831;0.00293;0;0
E05;Préférer les ampoules à basse consommation;Electricité;ECUREUIL;Ecureuil orange;ecureuil2;45831;0.072803;0;0
E10;Faire sécher son linge à l'air libre au lieu d'utiliser le sèche linge chaque fois qu'on peut;Electricité;ECUREUIL;Ecureuil orange;ecureuil2;45831;0.413462;0;0
C06;Faire ses repas, gouter, compotes sois même plutôt que d’acheter des plats préparés;Courses;ECUREUIL;Ecureuil orange;ecureuil1;45831;1.260407;0;0.180058
C03;Acheter des fruits ou légumes de saison;Courses;ECUREUIL;Ecureuil orange;ecureuil1;45831;6.932;0;0
D15;Economiser les mouchoirs en papier. l'essuie-tout et le papier toilette;Déchets;ECUREUIL;Ecureuil orange;ecureuil1;45831;0.009591;0;0.8
D09;Faire du compost avec les déchets végétaux ou donner les restes alimentaires aux poules…;Déchets;ECUREUIL;Ecureuil orange;ecureuil1;45831;0.0623;0;1.75
D07;Vendre ou donner les vêtements. les objets. les jouets dont on ne veut plus (trop petits…);Déchets;ECUREUIL;Ecureuil orange;ecureuil1;45831;0.017374;2500;0
D04;Ramasser les papiers et les déchets par terre pour les mettre à la poubelle;Déchets;ECUREUIL;Ecureuil orange;ecureuil1;45831;0.00947;0;0.1
D02;Tout manger ce qu’il y a dans nos assiettes (cantine/maison);Déchets;ECUREUIL;Ecureuil orange;ecureuil1;45831;2.453511;0;1.390385
B04;Faire un jardin potager;Biodiversité;ECUREUIL;Ecureuil orange;ecureuil1;45831;4.48;0;0
B02;Ne pas tuer les araignées. les insectes (les mettre dehors…);Biodiversité;ECUREUIL;Ecureuil orange;ecureuil1;45831;0;0;0
C05;Faire soi-même ses produits d’entretien pour éviter les emballages;Courses;ECUREUIL;Ecureuil orange;ecureuil10;45826;0.006;0;0.03
W02;Utiliser une seule dose de savon;Courses;ECUREUIL;Ecureuil orange;ecureuil10;45826;0.05;28;0
D15;Economiser les mouchoirs en papier. l'essuie-tout et le papier toilette;Déchets;ECUREUIL;Ecureuil orange;ecureuil10;45826;0.009591;0;0.8
D09;Faire du compost avec les déchets végétaux ou donner les restes alimentaires aux poules…;Déchets;ECUREUIL;Ecureuil orange;ecureuil10;45826;0.0623;0;1.75
D07;Vendre ou donner les vêtements. les objets. les jouets dont on ne veut plus (trop petits…);Déchets;ECUREUIL;Ecureuil orange;ecureuil10;45826;0.017374;2500;0
D04;Ramasser les papiers et les déchets par terre pour les mettre à la poubelle;Déchets;ECUREUIL;Ecureuil orange;ecureuil10;45826;0.00947;0;0.1
D02;Tout manger ce qu’il y a dans nos assiettes (cantine/maison);Déchets;ECUREUIL;Ecureuil orange;ecureuil10;45826;2.453511;0;1.390385
B04;Faire un jardin potager;Biodiversité;ECUREUIL;Ecureuil orange;ecureuil10;45826;4.48;0;0
B02;Ne pas tuer les araignées. les insectes (les mettre dehors…);Biodiversité;ECUREUIL;Ecureuil orange;ecureuil10;45826;0;0;0
W07;Vider le reste de sa gourde dans les plantes;Eau;ECUREUIL;Ecureuil orange;ecureuil10;45826;0;0.000013;0
W03;Ne pas faire couler l’eau trop longtemps quand on se lave les mains;Eau;ECUREUIL;Ecureuil orange;ecureuil10;45826;0.004964;12.6;0
W05;Prendre une douche plutôt qu’un bain;Eau;ECUREUIL;Ecureuil orange;ecureuil10;45826;0.140658;357;0
T03;Préférer la marche ou le vélo plutôt que la voiture;Transport;ECUREUIL;Ecureuil orange;ecureuil10;45826;0.506;0;0
T04;Faire du covoiturage;Transport;ECUREUIL;Ecureuil orange;ecureuil10;45826;0.506;0;0
E04;Eteindre les écrans (ordinateur. télévision. …) pour diminuer la consommation d’électricité;Electricité;ECUREUIL;Ecureuil orange;ecureuil10;45826;0.15988;0;1
E11;Couvrir les casseroles lorsqu’on fait bouillir de l’eau ou pour cuire…;Electricité;ECUREUIL;Ecureuil orange;ecureuil10;45826;0.00293;0;0
E08;Eteindre le chauffage lorsqu’on aère une pièce;Electricité;ECUREUIL;Ecureuil orange;ecureuil10;45826;0.000173;0;0
T03;Préférer la marche ou le vélo plutôt que la voiture;Transport;ECUREUIL;Ecureuil orange;ecureuil2;45831;0.506;0;0
T06;Couper le moteur de la voiture quand elle ne roule pas;Transport;ECUREUIL;Ecureuil orange;ecureuil2;45831;1.518;0;0
W03;Ne pas faire couler l’eau trop longtemps quand on se lave les mains;Eau;ECUREUIL;Ecureuil orange;ecureuil2;45831;0.004964;12.6;0
W04;Tirer la petite chasse d’eau quand on fait pipi;Eau;ECUREUIL;Ecureuil orange;ecureuil2;45831;0.006501;16.5;0
W01;Prendre des douches rapides;Eau;ECUREUIL;Ecureuil orange;ecureuil2;45831;0.25;224;0
B02;Ne pas tuer les araignées. les insectes (les mettre dehors…);Biodiversité;ECUREUIL;Ecureuil orange;ecureuil2;45831;0;0;0
D11;Acheter des produits en vrac. éviter les emballages individuels…;Déchets;ECUREUIL;Ecureuil orange;ecureuil2;45831;0.38;0;0.67
D08;Utiliser les bacs de tri;Déchets;ECUREUIL;Ecureuil orange;ecureuil2;45831;0.866962;0;0
D03;Ne pas jeter de déchets dans la nature (chewing-gums. sacs. canettes. bouteilles…);Déchets;ECUREUIL;Ecureuil orange;ecureuil2;45831;0.424875;0;4.486538
D15;Economiser les mouchoirs en papier. l'essuie-tout et le papier toilette;Déchets;ECUREUIL;Ecureuil orange;ecureuil2;45831;0.009591;0;0.8
D07;Vendre ou donner les vêtements. les objets. les jouets dont on ne veut plus (trop petits…);Déchets;ECUREUIL;Ecureuil orange;ecureuil2;45831;0.017374;2500;0
D02;Tout manger ce qu’il y a dans nos assiettes (cantine/maison);Déchets;ECUREUIL;Ecureuil orange;ecureuil2;45831;2.453511;0;1.390385
C03;Acheter des fruits ou légumes de saison;Courses;ECUREUIL;Ecureuil orange;ecureuil2;45831;6.932;0;0
E06;Préférer les piles rechargeables;Electricité;ECUREUIL;Ecureuil orange;ecureuil2;45831;0.097538;0;0
E08;Eteindre le chauffage lorsqu’on aère une pièce;Electricité;ECUREUIL;Ecureuil orange;ecureuil2;45831;0.000173;0;0
E02;Ouvrir les volets et ne pas allumer la lumière quand il fait jour dehors. ou éteindre lorsque la lumière extérieure le permet;Electricité;ECUREUIL;Ecureuil orange;ecureuil2;45831;0.027408;0;0
E01;Eteindre la lumière quand on quitte une pièce. quand on n’en a pas besoin;Electricité;ECUREUIL;Ecureuil orange;ecureuil2;45831;0.027408;0;0
C05;Faire soi-même ses produits d’entretien pour éviter les emballages;Courses;ECUREUIL;Ecureuil orange;ecureuil1;45831;0.006;0;0.03
W02;Utiliser une seule dose de savon;Courses;ECUREUIL;Ecureuil orange;ecureuil1;45831;0.05;28;0
D10;Ne pas acheter de bouteilles en plastique : boire à la gourde;Déchets;ECUREUIL;Ecureuil orange;ecureuil1;45831;0.54243;0;0.21
D08;Utiliser les bacs de tri;Déchets;ECUREUIL;Ecureuil orange;ecureuil1;45831;0.866962;0;0
D06;Prendre soin de ses affaires pour les faire durer plus longtemps (reboucher les feutres… ne pas casser. ne pas lancer…);Déchets;ECUREUIL;Ecureuil orange;ecureuil1;45831;0.017374;0;0.183462
D03;Ne pas jeter de déchets dans la nature (chewing-gums. sacs. canettes. bouteilles…);Déchets;ECUREUIL;Ecureuil orange;ecureuil1;45831;0.424875;0;4.486538
D01;Limiter l'utilisation du papier : Utiliser les feuilles des 2 côtés / faire du brouillon / Utiliser l'ardoise pour chercher / Prendre du papier recyclé…;Déchets;ECUREUIL;Ecureuil orange;ecureuil1;45831;0.009641;0;0.8
B03;Donner à manger aux oiseaux dans son jardin ou sur son balcon;Biodiversité;ECUREUIL;Ecureuil orange;ecureuil1;45831;0;0;0
B01;Ne pas cueillir de plante dans la nature;Biodiversité;ECUREUIL;Ecureuil orange;ecureuil1;45831;0;0;0
W04;Tirer la petite chasse d’eau quand on fait pipi;Eau;ECUREUIL;Ecureuil orange;ecureuil1;45831;0.006501;16.5;0
W07;Vider le reste de sa gourde dans les plantes;Eau;ECUREUIL;Ecureuil orange;ecureuil1;45831;0;0.000013;0
W03;Ne pas faire couler l’eau trop longtemps quand on se lave les mains;Eau;ECUREUIL;Ecureuil orange;ecureuil1;45831;0.004964;12.6;0
W05;Prendre une douche plutôt qu’un bain;Eau;ECUREUIL;Ecureuil orange;ecureuil1;45831;0.140658;357;0
T06;Couper le moteur de la voiture quand elle ne roule pas;Transport;ECUREUIL;Ecureuil orange;ecureuil1;45831;1.518;0;0
E04;Eteindre les écrans (ordinateur. télévision. …) pour diminuer la consommation d’électricité;Electricité;ECUREUIL;Ecureuil orange;ecureuil1;45831;0.15988;0;1
E10;Faire sécher son linge à l'air libre au lieu d'utiliser le sèche linge chaque fois qu'on peut;Electricité;ECUREUIL;Ecureuil orange;ecureuil1;45831;0.413462;0;0
E01;Eteindre la lumière quand on quitte une pièce. quand on n’en a pas besoin;Electricité;ECUREUIL;Ecureuil orange;ecureuil1;45831;0.027408;0;0
C03;Acheter des fruits ou légumes de saison;Courses;ECUREUIL;Ecureuil orange;ecureuil6;45832;6.932;0;0
D15;Economiser les mouchoirs en papier. l'essuie-tout et le papier toilette;Déchets;ECUREUIL;Ecureuil orange;ecureuil6;45832;0.009591;0;0.8
D09;Faire du compost avec les déchets végétaux ou donner les restes alimentaires aux poules…;Déchets;ECUREUIL;Ecureuil orange;ecureuil6;45832;0.0623;0;1.75
D07;Vendre ou donner les vêtements. les objets. les jouets dont on ne veut plus (trop petits…);Déchets;ECUREUIL;Ecureuil orange;ecureuil6;45832;0.017374;2500;0
D04;Ramasser les papiers et les déchets par terre pour les mettre à la poubelle;Déchets;ECUREUIL;Ecureuil orange;ecureuil6;45832;0.00947;0;0.1
D02;Tout manger ce qu’il y a dans nos assiettes (cantine/maison);Déchets;ECUREUIL;Ecureuil orange;ecureuil6;45832;2.453511;0;1.390385
B03;Donner à manger aux oiseaux dans son jardin ou sur son balcon;Biodiversité;ECUREUIL;Ecureuil orange;ecureuil6;45832;0;0;0
B01;Ne pas cueillir de plante dans la nature;Biodiversité;ECUREUIL;Ecureuil orange;ecureuil6;45832;0;0;0
W03;Ne pas faire couler l’eau trop longtemps quand on se lave les mains;Eau;ECUREUIL;Ecureuil orange;ecureuil6;45832;0.004964;12.6;0
W05;Prendre une douche plutôt qu’un bain;Eau;ECUREUIL;Ecureuil orange;ecureuil6;45832;0.140658;357;0
T03;Préférer la marche ou le vélo plutôt que la voiture;Transport;ECUREUIL;Ecureuil orange;ecureuil6;45832;0.506;0;0
E04;Eteindre les écrans (ordinateur. télévision. …) pour diminuer la consommation d’électricité;Electricité;ECUREUIL;Ecureuil orange;ecureuil6;45832;0.15988;0;1
E11;Couvrir les casseroles lorsqu’on fait bouillir de l’eau ou pour cuire…;Electricité;ECUREUIL;Ecureuil orange;ecureuil6;45832;0.00293;0;0
E08;Eteindre le chauffage lorsqu’on aère une pièce;Electricité;ECUREUIL;Ecureuil orange;ecureuil6;45832;0.000173;0;0
C06;Faire ses repas, gouter, compotes sois même plutôt que d’acheter des plats préparés;Courses;ECUREUIL;Ecureuil orange;ecureuil10;45834;1.260407;0;0.180058
C03;Acheter des fruits ou légumes de saison;Courses;ECUREUIL;Ecureuil orange;ecureuil10;45834;6.932;0;0
D11;Acheter des produits en vrac. éviter les emballages individuels…;Déchets;ECUREUIL;Ecureuil orange;ecureuil10;45834;0.38;0;0.67
D10;Ne pas acheter de bouteilles en plastique : boire à la gourde;Déchets;ECUREUIL;Ecureuil orange;ecureuil10;45834;0.54243;0;0.21
D08;Utiliser les bacs de tri;Déchets;ECUREUIL;Ecureuil orange;ecureuil10;45834;0.866962;0;0
D06;Prendre soin de ses affaires pour les faire durer plus longtemps (reboucher les feutres… ne pas casser. ne pas lancer…);Déchets;ECUREUIL;Ecureuil orange;ecureuil10;45834;0.017374;0;0.183462
D03;Ne pas jeter de déchets dans la nature (chewing-gums. sacs. canettes. bouteilles…);Déchets;ECUREUIL;Ecureuil orange;ecureuil10;45834;0.424875;0;4.486538
D01;Limiter l'utilisation du papier : Utiliser les feuilles des 2 côtés / faire du brouillon / Utiliser l'ardoise pour chercher / Prendre du papier recyclé…;Déchets;ECUREUIL;Ecureuil orange;ecureuil10;45834;0.009641;0;0.8
B03;Donner à manger aux oiseaux dans son jardin ou sur son balcon;Biodiversité;ECUREUIL;Ecureuil orange;ecureuil10;45834;0;0;0
B01;Ne pas cueillir de plante dans la nature;Biodiversité;ECUREUIL;Ecureuil orange;ecureuil10;45834;0;0;0
W04;Tirer la petite chasse d’eau quand on fait pipi;Eau;ECUREUIL;Ecureuil orange;ecureuil10;45834;0.006501;16.5;0
W02;Couper l’eau quand on se brosse les dents : mettre de l’eau dans un verre pour se rincer;Eau;ECUREUIL;Ecureuil orange;ecureuil10;45834;0.05;28;0
W01;Prendre des douches rapides;Eau;ECUREUIL;Ecureuil orange;ecureuil10;45834;0.25;224;0
T06;Couper le moteur de la voiture quand elle ne roule pas;Transport;ECUREUIL;Ecureuil orange;ecureuil10;45834;1.518;0;0
E05;Préférer les ampoules à basse consommation;Electricité;ECUREUIL;Ecureuil orange;ecureuil10;45834;0.072803;0;0
E02;Ouvrir les volets et ne pas allumer la lumière quand il fait jour dehors. ou éteindre lorsque la lumière extérieure le permet;Electricité;ECUREUIL;Ecureuil orange;ecureuil10;45834;0.027408;0;0
E10;Faire sécher son linge à l'air libre au lieu d'utiliser le sèche linge chaque fois qu'on peut;Electricité;ECUREUIL;Ecureuil orange;ecureuil10;45834;0.413462;0;0
E01;Eteindre la lumière quand on quitte une pièce. quand on n’en a pas besoin;Electricité;ECUREUIL;Ecureuil orange;ecureuil10;45834;0.027408;0;0
C06;Faire ses repas, gouter, compotes sois même plutôt que d’acheter des plats préparés;Courses;ECUREUIL;Ecureuil orange;ecureuil8;45834;1.260407;0;0.180058
D15;Economiser les mouchoirs en papier. l'essuie-tout et le papier toilette;Déchets;ECUREUIL;Ecureuil orange;ecureuil8;45834;0.009591;0;0.8
D08;Utiliser les bacs de tri;Déchets;ECUREUIL;Ecureuil orange;ecureuil8;45834;0.866962;0;0
D06;Prendre soin de ses affaires pour les faire durer plus longtemps (reboucher les feutres… ne pas casser. ne pas lancer…);Déchets;ECUREUIL;Ecureuil orange;ecureuil8;45834;0.017374;0;0.183462
D03;Ne pas jeter de déchets dans la nature (chewing-gums. sacs. canettes. bouteilles…);Déchets;ECUREUIL;Ecureuil orange;ecureuil8;45834;0.424875;0;4.486538
D01;Limiter l'utilisation du papier : Utiliser les feuilles des 2 côtés / faire du brouillon / Utiliser l'ardoise pour chercher / Prendre du papier recyclé…;Déchets;ECUREUIL;Ecureuil orange;ecureuil8;45834;0.009641;0;0.8
B03;Donner à manger aux oiseaux dans son jardin ou sur son balcon;Biodiversité;ECUREUIL;Ecureuil orange;ecureuil8;45834;0;0;0
W07;Vider le reste de sa gourde dans les plantes;Eau;ECUREUIL;Ecureuil orange;ecureuil8;45834;0;0.000013;0
W03;Ne pas faire couler l’eau trop longtemps quand on se lave les mains;Eau;ECUREUIL;Ecureuil orange;ecureuil8;45834;0.004964;12.6;0
W05;Prendre une douche plutôt qu’un bain;Eau;ECUREUIL;Ecureuil orange;ecureuil8;45834;0.140658;357;0
W02;Couper l’eau quand on se brosse les dents : mettre de l’eau dans un verre pour se rincer;Eau;ECUREUIL;Ecureuil orange;ecureuil1;45831;0.05;28;0
W01;Prendre des douches rapides;Eau;ECUREUIL;Ecureuil orange;ecureuil1;45831;0.25;224;0
E05;Préférer les ampoules à basse consommation;Electricité;ECUREUIL;Ecureuil orange;ecureuil1;45831;0.072803;0;0
E02;Ouvrir les volets et ne pas allumer la lumière quand il fait jour dehors. ou éteindre lorsque la lumière extérieure le permet;Electricité;ECUREUIL;Ecureuil orange;ecureuil1;45831;0.027408;0;0
E08;Eteindre le chauffage lorsqu’on aère une pièce;Electricité;ECUREUIL;Ecureuil orange;ecureuil1;45831;0.000173;0;0
C06;Faire ses repas, gouter, compotes sois même plutôt que d’acheter des plats préparés;Courses;ECUREUIL;Ecureuil orange;ecureuil6;45832;1.260407;0;0.180058
W02;Utiliser une seule dose de savon;Courses;ECUREUIL;Ecureuil orange;ecureuil6;45832;0.05;28;0
D10;Ne pas acheter de bouteilles en plastique : boire à la gourde;Déchets;ECUREUIL;Ecureuil orange;ecureuil6;45832;0.54243;0;0.21
D08;Utiliser les bacs de tri;Déchets;ECUREUIL;Ecureuil orange;ecureuil6;45832;0.866962;0;0
D06;Prendre soin de ses affaires pour les faire durer plus longtemps (reboucher les feutres… ne pas casser. ne pas lancer…);Déchets;ECUREUIL;Ecureuil orange;ecureuil6;45832;0.017374;0;0.183462
D03;Ne pas jeter de déchets dans la nature (chewing-gums. sacs. canettes. bouteilles…);Déchets;ECUREUIL;Ecureuil orange;ecureuil6;45832;0.424875;0;4.486538
D01;Limiter l'utilisation du papier : Utiliser les feuilles des 2 côtés / faire du brouillon / Utiliser l'ardoise pour chercher / Prendre du papier recyclé…;Déchets;ECUREUIL;Ecureuil orange;ecureuil6;45832;0.009641;0;0.8
B02;Ne pas tuer les araignées. les insectes (les mettre dehors…);Biodiversité;ECUREUIL;Ecureuil orange;ecureuil6;45832;0;0;0
W04;Tirer la petite chasse d’eau quand on fait pipi;Eau;ECUREUIL;Ecureuil orange;ecureuil6;45832;0.006501;16.5;0
W02;Couper l’eau quand on se brosse les dents : mettre de l’eau dans un verre pour se rincer;Eau;ECUREUIL;Ecureuil orange;ecureuil6;45832;0.05;28;0
W01;Prendre des douches rapides;Eau;ECUREUIL;Ecureuil orange;ecureuil6;45832;0.25;224;0
E05;Préférer les ampoules à basse consommation;Electricité;ECUREUIL;Ecureuil orange;ecureuil6;45832;0.072803;0;0
E02;Ouvrir les volets et ne pas allumer la lumière quand il fait jour dehors. ou éteindre lorsque la lumière extérieure le permet;Electricité;ECUREUIL;Ecureuil orange;ecureuil6;45832;0.027408;0;0
E10;Faire sécher son linge à l'air libre au lieu d'utiliser le sèche linge chaque fois qu'on peut;Electricité;ECUREUIL;Ecureuil orange;ecureuil6;45832;0.413462;0;0
E01;Eteindre la lumière quand on quitte une pièce. quand on n’en a pas besoin;Electricité;ECUREUIL;Ecureuil orange;ecureuil6;45832;0.027408;0;0
C05;Faire soi-même ses produits d’entretien pour éviter les emballages;Courses;ECUREUIL;Ecureuil orange;ecureuil10;45834;0.006;0;0.03
W02;Utiliser une seule dose de savon;Courses;ECUREUIL;Ecureuil orange;ecureuil10;45834;0.05;28;0
D15;Economiser les mouchoirs en papier. l'essuie-tout et le papier toilette;Déchets;ECUREUIL;Ecureuil orange;ecureuil10;45834;0.009591;0;0.8
D09;Faire du compost avec les déchets végétaux ou donner les restes alimentaires aux poules…;Déchets;ECUREUIL;Ecureuil orange;ecureuil10;45834;0.0623;0;1.75
D07;Vendre ou donner les vêtements. les objets. les jouets dont on ne veut plus (trop petits…);Déchets;ECUREUIL;Ecureuil orange;ecureuil10;45834;0.017374;2500;0
D04;Ramasser les papiers et les déchets par terre pour les mettre à la poubelle;Déchets;ECUREUIL;Ecureuil orange;ecureuil10;45834;0.00947;0;0.1
D02;Tout manger ce qu’il y a dans nos assiettes (cantine/maison);Déchets;ECUREUIL;Ecureuil orange;ecureuil10;45834;2.453511;0;1.390385
B04;Faire un jardin potager;Biodiversité;ECUREUIL;Ecureuil orange;ecureuil10;45834;4.48;0;0
B02;Ne pas tuer les araignées. les insectes (les mettre dehors…);Biodiversité;ECUREUIL;Ecureuil orange;ecureuil10;45834;0;0;0
W07;Vider le reste de sa gourde dans les plantes;Eau;ECUREUIL;Ecureuil orange;ecureuil10;45834;0;0.000013;0
W03;Ne pas faire couler l’eau trop longtemps quand on se lave les mains;Eau;ECUREUIL;Ecureuil orange;ecureuil10;45834;0.004964;12.6;0
W05;Prendre une douche plutôt qu’un bain;Eau;ECUREUIL;Ecureuil orange;ecureuil10;45834;0.140658;357;0
T03;Préférer la marche ou le vélo plutôt que la voiture;Transport;ECUREUIL;Ecureuil orange;ecureuil10;45834;0.506;0;0
T04;Faire du covoiturage;Transport;ECUREUIL;Ecureuil orange;ecureuil10;45834;0.506;0;0
E04;Eteindre les écrans (ordinateur. télévision. …) pour diminuer la consommation d’électricité;Electricité;ECUREUIL;Ecureuil orange;ecureuil10;45834;0.15988;0;1
E11;Couvrir les casseroles lorsqu’on fait bouillir de l’eau ou pour cuire…;Electricité;ECUREUIL;Ecureuil orange;ecureuil10;45834;0.00293;0;0
E08;Eteindre le chauffage lorsqu’on aère une pièce;Electricité;ECUREUIL;Ecureuil orange;ecureuil10;45834;0.000173;0;0
D11;Acheter des produits en vrac. éviter les emballages individuels…;Déchets;ECUREUIL;Ecureuil orange;ecureuil8;45834;0.38;0;0.67
W02;Utiliser une seule dose de savon;Courses;ECUREUIL;Ecureuil orange;ecureuil8;45834;0.05;28;0
D10;Ne pas acheter de bouteilles en plastique : boire à la gourde;Déchets;ECUREUIL;Ecureuil orange;ecureuil8;45834;0.54243;0;0.21
D07;Vendre ou donner les vêtements. les objets. les jouets dont on ne veut plus (trop petits…);Déchets;ECUREUIL;Ecureuil orange;ecureuil8;45834;0.017374;2500;0
D04;Ramasser les papiers et les déchets par terre pour les mettre à la poubelle;Déchets;ECUREUIL;Ecureuil orange;ecureuil8;45834;0.00947;0;0.1
D02;Tout manger ce qu’il y a dans nos assiettes (cantine/maison);Déchets;ECUREUIL;Ecureuil orange;ecureuil8;45834;2.453511;0;1.390385
B04;Faire un jardin potager;Biodiversité;ECUREUIL;Ecureuil orange;ecureuil8;45834;4.48;0;0
B01;Ne pas cueillir de plante dans la nature;Biodiversité;ECUREUIL;Ecureuil orange;ecureuil8;45834;0;0;0
W04;Tirer la petite chasse d’eau quand on fait pipi;Eau;ECUREUIL;Ecureuil orange;ecureuil8;45834;0.006501;16.5;0
W02;Couper l’eau quand on se brosse les dents : mettre de l’eau dans un verre pour se rincer;Eau;ECUREUIL;Ecureuil orange;ecureuil8;45834;0.05;28;0
W01;Prendre des douches rapides;Eau;ECUREUIL;Ecureuil orange;ecureuil8;45834;0.25;224;0
C06;Faire ses repas, gouter, compotes sois même plutôt que d’acheter des plats préparés;Courses;ECUREUIL;Ecureuil orange;ecureuil1;45838;1.260407;0;0.180058
C03;Acheter des fruits ou légumes de saison;Courses;ECUREUIL;Ecureuil orange;ecureuil1;45838;6.932;0;0
D15;Economiser les mouchoirs en papier. l'essuie-tout et le papier toilette;Déchets;ECUREUIL;Ecureuil orange;ecureuil1;45838;0.009591;0;0.8
D09;Faire du compost avec les déchets végétaux ou donner les restes alimentaires aux poules…;Déchets;ECUREUIL;Ecureuil orange;ecureuil1;45838;0.0623;0;1.75
D07;Vendre ou donner les vêtements. les objets. les jouets dont on ne veut plus (trop petits…);Déchets;ECUREUIL;Ecureuil orange;ecureuil1;45838;0.017374;2500;0
D04;Ramasser les papiers et les déchets par terre pour les mettre à la poubelle;Déchets;ECUREUIL;Ecureuil orange;ecureuil1;45838;0.00947;0;0.1
D02;Tout manger ce qu’il y a dans nos assiettes (cantine/maison);Déchets;ECUREUIL;Ecureuil orange;ecureuil1;45838;2.453511;0;1.390385
B04;Faire un jardin potager;Biodiversité;ECUREUIL;Ecureuil orange;ecureuil1;45838;4.48;0;0
B02;Ne pas tuer les araignées. les insectes (les mettre dehors…);Biodiversité;ECUREUIL;Ecureuil orange;ecureuil1;45838;0;0;0
W07;Vider le reste de sa gourde dans les plantes;Eau;ECUREUIL;Ecureuil orange;ecureuil1;45838;0;0.000013;0
W03;Ne pas faire couler l’eau trop longtemps quand on se lave les mains;Eau;ECUREUIL;Ecureuil orange;ecureuil1;45838;0.004964;12.6;0
W01;Prendre des douches rapides;Eau;ECUREUIL;Ecureuil orange;ecureuil1;45838;0.25;224;0
T06;Couper le moteur de la voiture quand elle ne roule pas;Transport;ECUREUIL;Ecureuil orange;ecureuil1;45838;1.518;0;0
E04;Eteindre les écrans (ordinateur. télévision. …) pour diminuer la consommation d’électricité;Electricité;ECUREUIL;Ecureuil orange;ecureuil1;45838;0.15988;0;1
E11;Couvrir les casseroles lorsqu’on fait bouillir de l’eau ou pour cuire…;Electricité;ECUREUIL;Ecureuil orange;ecureuil1;45838;0.00293;0;0
E01;Eteindre la lumière quand on quitte une pièce. quand on n’en a pas besoin;Electricité;ECUREUIL;Ecureuil orange;ecureuil1;45838;0.027408;0;0
C06;Faire ses repas, gouter, compotes sois même plutôt que d’acheter des plats préparés;Courses;ECUREUIL;Ecureuil orange;ecureuil2;45838;1.260407;0;0.180058
W02;Utiliser une seule dose de savon;Courses;ECUREUIL;Ecureuil orange;ecureuil2;45838;0.05;28;0
E11;Couvrir les casseroles lorsqu’on fait bouillir de l’eau ou pour cuire…;Electricité;ECUREUIL;Ecureuil orange;ecureuil2;45838;0.00293;0;0
E05;Préférer les ampoules à basse consommation;Electricité;ECUREUIL;Ecureuil orange;ecureuil2;45838;0.072803;0;0
E10;Faire sécher son linge à l'air libre au lieu d'utiliser le sèche linge chaque fois qu'on peut;Electricité;ECUREUIL;Ecureuil orange;ecureuil2;45838;0.413462;0;0
T06;Couper le moteur de la voiture quand elle ne roule pas;Transport;ECUREUIL;Ecureuil orange;ecureuil2;45838;1.518;0;0
T04;Faire du covoiturage;Transport;ECUREUIL;Ecureuil orange;ecureuil2;45838;0.506;0;0
W03;Ne pas faire couler l’eau trop longtemps quand on se lave les mains;Eau;ECUREUIL;Ecureuil orange;ecureuil2;45838;0.004964;12.6;0
W04;Tirer la petite chasse d’eau quand on fait pipi;Eau;ECUREUIL;Ecureuil orange;ecureuil2;45838;0.006501;16.5;0
W01;Prendre des douches rapides;Eau;ECUREUIL;Ecureuil orange;ecureuil2;45838;0.25;224;0
B02;Ne pas tuer les araignées. les insectes (les mettre dehors…);Biodiversité;ECUREUIL;Ecureuil orange;ecureuil2;45838;0;0;0
D11;Acheter des produits en vrac. éviter les emballages individuels…;Déchets;ECUREUIL;Ecureuil orange;ecureuil2;45838;0.38;0;0.67
D08;Utiliser les bacs de tri;Déchets;ECUREUIL;Ecureuil orange;ecureuil2;45838;0.866962;0;0
D03;Ne pas jeter de déchets dans la nature (chewing-gums. sacs. canettes. bouteilles…);Déchets;ECUREUIL;Ecureuil orange;ecureuil2;45838;0.424875;0;4.486538
D15;Economiser les mouchoirs en papier. l'essuie-tout et le papier toilette;Déchets;ECUREUIL;Ecureuil orange;ecureuil2;45838;0.009591;0;0.8
D07;Vendre ou donner les vêtements. les objets. les jouets dont on ne veut plus (trop petits…);Déchets;ECUREUIL;Ecureuil orange;ecureuil2;45838;0.017374;2500;0
D02;Tout manger ce qu’il y a dans nos assiettes (cantine/maison);Déchets;ECUREUIL;Ecureuil orange;ecureuil2;45838;2.453511;0;1.390385
C03;Acheter des fruits ou légumes de saison;Courses;ECUREUIL;Ecureuil orange;ecureuil6;45839;6.932;0;0
D15;Economiser les mouchoirs en papier. l'essuie-tout et le papier toilette;Déchets;ECUREUIL;Ecureuil orange;ecureuil6;45839;0.009591;0;0.8
D09;Faire du compost avec les déchets végétaux ou donner les restes alimentaires aux poules…;Déchets;ECUREUIL;Ecureuil orange;ecureuil6;45839;0.0623;0;1.75
D06;Prendre soin de ses affaires pour les faire durer plus longtemps (reboucher les feutres… ne pas casser. ne pas lancer…);Déchets;ECUREUIL;Ecureuil orange;ecureuil6;45839;0.017374;0;0.183462
D03;Ne pas jeter de déchets dans la nature (chewing-gums. sacs. canettes. bouteilles…);Déchets;ECUREUIL;Ecureuil orange;ecureuil6;45839;0.424875;0;4.486538
D01;Limiter l'utilisation du papier : Utiliser les feuilles des 2 côtés / faire du brouillon / Utiliser l'ardoise pour chercher / Prendre du papier recyclé…;Déchets;ECUREUIL;Ecureuil orange;ecureuil6;45839;0.009641;0;0.8
B01;Ne pas cueillir de plante dans la nature;Biodiversité;ECUREUIL;Ecureuil orange;ecureuil6;45839;0;0;0
W04;Tirer la petite chasse d’eau quand on fait pipi;Eau;ECUREUIL;Ecureuil orange;ecureuil6;45839;0.006501;16.5;0
W02;Couper l’eau quand on se brosse les dents : mettre de l’eau dans un verre pour se rincer;Eau;ECUREUIL;Ecureuil orange;ecureuil6;45839;0.05;28;0
W01;Prendre des douches rapides;Eau;ECUREUIL;Ecureuil orange;ecureuil6;45839;0.25;224;0
E04;Eteindre les écrans (ordinateur. télévision. …) pour diminuer la consommation d’électricité;Electricité;ECUREUIL;Ecureuil orange;ecureuil6;45839;0.15988;0;1
E11;Couvrir les casseroles lorsqu’on fait bouillir de l’eau ou pour cuire…;Electricité;ECUREUIL;Ecureuil orange;ecureuil6;45839;0.00293;0;0
E08;Eteindre le chauffage lorsqu’on aère une pièce;Electricité;ECUREUIL;Ecureuil orange;ecureuil6;45839;0.000173;0;0
C05;Faire soi-même ses produits d’entretien pour éviter les emballages;Courses;ECUREUIL;Ecureuil orange;ecureuil1;45838;0.006;0;0.03
W02;Utiliser une seule dose de savon;Courses;ECUREUIL;Ecureuil orange;ecureuil1;45838;0.05;28;0
D10;Ne pas acheter de bouteilles en plastique : boire à la gourde;Déchets;ECUREUIL;Ecureuil orange;ecureuil1;45838;0.54243;0;0.21
D08;Utiliser les bacs de tri;Déchets;ECUREUIL;Ecureuil orange;ecureuil1;45838;0.866962;0;0
D06;Prendre soin de ses affaires pour les faire durer plus longtemps (reboucher les feutres… ne pas casser. ne pas lancer…);Déchets;ECUREUIL;Ecureuil orange;ecureuil1;45838;0.017374;0;0.183462
D03;Ne pas jeter de déchets dans la nature (chewing-gums. sacs. canettes. bouteilles…);Déchets;ECUREUIL;Ecureuil orange;ecureuil1;45838;0.424875;0;4.486538
D01;Limiter l'utilisation du papier : Utiliser les feuilles des 2 côtés / faire du brouillon / Utiliser l'ardoise pour chercher / Prendre du papier recyclé…;Déchets;ECUREUIL;Ecureuil orange;ecureuil1;45838;0.009641;0;0.8
B03;Donner à manger aux oiseaux dans son jardin ou sur son balcon;Biodiversité;ECUREUIL;Ecureuil orange;ecureuil1;45838;0;0;0
B01;Ne pas cueillir de plante dans la nature;Biodiversité;ECUREUIL;Ecureuil orange;ecureuil1;45838;0;0;0
W04;Tirer la petite chasse d’eau quand on fait pipi;Eau;ECUREUIL;Ecureuil orange;ecureuil1;45838;0.006501;16.5;0
W02;Couper l’eau quand on se brosse les dents : mettre de l’eau dans un verre pour se rincer;Eau;ECUREUIL;Ecureuil orange;ecureuil1;45838;0.05;28;0
W05;Prendre une douche plutôt qu’un bain;Eau;ECUREUIL;Ecureuil orange;ecureuil1;45838;0.140658;357;0
E05;Préférer les ampoules à basse consommation;Electricité;ECUREUIL;Ecureuil orange;ecureuil1;45838;0.072803;0;0
E02;Ouvrir les volets et ne pas allumer la lumière quand il fait jour dehors. ou éteindre lorsque la lumière extérieure le permet;Electricité;ECUREUIL;Ecureuil orange;ecureuil1;45838;0.027408;0;0
E10;Faire sécher son linge à l'air libre au lieu d'utiliser le sèche linge chaque fois qu'on peut;Electricité;ECUREUIL;Ecureuil orange;ecureuil1;45838;0.413462;0;0
E08;Eteindre le chauffage lorsqu’on aère une pièce;Electricité;ECUREUIL;Ecureuil orange;ecureuil1;45838;0.000173;0;0
C03;Acheter des fruits ou légumes de saison;Courses;ECUREUIL;Ecureuil orange;ecureuil2;45838;6.932;0;0
E06;Préférer les piles rechargeables;Electricité;ECUREUIL;Ecureuil orange;ecureuil2;45838;0.097538;0;0
E08;Eteindre le chauffage lorsqu’on aère une pièce;Electricité;ECUREUIL;Ecureuil orange;ecureuil2;45838;0.000173;0;0
E02;Ouvrir les volets et ne pas allumer la lumière quand il fait jour dehors. ou éteindre lorsque la lumière extérieure le permet;Electricité;ECUREUIL;Ecureuil orange;ecureuil2;45838;0.027408;0;0
E01;Eteindre la lumière quand on quitte une pièce. quand on n’en a pas besoin;Electricité;ECUREUIL;Ecureuil orange;ecureuil2;45838;0.027408;0;0
T03;Préférer la marche ou le vélo plutôt que la voiture;Transport;ECUREUIL;Ecureuil orange;ecureuil2;45838;0.506;0;0
W07;Vider le reste de sa gourde dans les plantes;Eau;ECUREUIL;Ecureuil orange;ecureuil2;45838;0;0.000013;0
W05;Prendre une douche plutôt qu’un bain;Eau;ECUREUIL;Ecureuil orange;ecureuil2;45838;0.140658;357;0
W02;Couper l’eau quand on se brosse les dents : mettre de l’eau dans un verre pour se rincer;Eau;ECUREUIL;Ecureuil orange;ecureuil2;45838;0.05;28;0
B04;Faire un jardin potager;Biodiversité;ECUREUIL;Ecureuil orange;ecureuil2;45838;4.48;0;0
B01;Ne pas cueillir de plante dans la nature;Biodiversité;ECUREUIL;Ecureuil orange;ecureuil2;45838;0;0;0
D10;Ne pas acheter de bouteilles en plastique : boire à la gourde;Déchets;ECUREUIL;Ecureuil orange;ecureuil2;45838;0.54243;0;0.21
D06;Prendre soin de ses affaires pour les faire durer plus longtemps (reboucher les feutres… ne pas casser. ne pas lancer…);Déchets;ECUREUIL;Ecureuil orange;ecureuil2;45838;0.017374;0;0.183462
D01;Limiter l'utilisation du papier : Utiliser les feuilles des 2 côtés / faire du brouillon / Utiliser l'ardoise pour chercher / Prendre du papier recyclé…;Déchets;ECUREUIL;Ecureuil orange;ecureuil2;45838;0.009641;0;0.8
D09;Faire du compost avec les déchets végétaux ou donner les restes alimentaires aux poules…;Déchets;ECUREUIL;Ecureuil orange;ecureuil2;45838;0.0623;0;1.75
D04;Ramasser les papiers et les déchets par terre pour les mettre à la poubelle;Déchets;ECUREUIL;Ecureuil orange;ecureuil2;45838;0.00947;0;0.1
C06;Faire ses repas, gouter, compotes sois même plutôt que d’acheter des plats préparés;Courses;ECUREUIL;Ecureuil orange;ecureuil6;45839;1.260407;0;0.180058
W02;Utiliser une seule dose de savon;Courses;ECUREUIL;Ecureuil orange;ecureuil6;45839;0.05;28;0
D10;Ne pas acheter de bouteilles en plastique : boire à la gourde;Déchets;ECUREUIL;Ecureuil orange;ecureuil6;45839;0.54243;0;0.21
D08;Utiliser les bacs de tri;Déchets;ECUREUIL;Ecureuil orange;ecureuil6;45839;0.866962;0;0
D04;Ramasser les papiers et les déchets par terre pour les mettre à la poubelle;Déchets;ECUREUIL;Ecureuil orange;ecureuil6;45839;0.00947;0;0.1
D02;Tout manger ce qu’il y a dans nos assiettes (cantine/maison);Déchets;ECUREUIL;Ecureuil orange;ecureuil6;45839;2.453511;0;1.390385
B03;Donner à manger aux oiseaux dans son jardin ou sur son balcon;Biodiversité;ECUREUIL;Ecureuil orange;ecureuil6;45839;0;0;0
B02;Ne pas tuer les araignées. les insectes (les mettre dehors…);Biodiversité;ECUREUIL;Ecureuil orange;ecureuil6;45839;0;0;0
W03;Ne pas faire couler l’eau trop longtemps quand on se lave les mains;Eau;ECUREUIL;Ecureuil orange;ecureuil6;45839;0.004964;12.6;0
W05;Prendre une douche plutôt qu’un bain;Eau;ECUREUIL;Ecureuil orange;ecureuil6;45839;0.140658;357;0
T03;Préférer la marche ou le vélo plutôt que la voiture;Transport;ECUREUIL;Ecureuil orange;ecureuil6;45839;0.506;0;0
E02;Ouvrir les volets et ne pas allumer la lumière quand il fait jour dehors. ou éteindre lorsque la lumière extérieure le permet;Electricité;ECUREUIL;Ecureuil orange;ecureuil6;45839;0.027408;0;0
E10;Faire sécher son linge à l'air libre au lieu d'utiliser le sèche linge chaque fois qu'on peut;Electricité;ECUREUIL;Ecureuil orange;ecureuil6;45839;0.413462;0;0
E01;Eteindre la lumière quand on quitte une pièce. quand on n’en a pas besoin;Electricité;ECUREUIL;Ecureuil orange;ecureuil6;45839;0.027408;0;0
C06;Faire ses repas, gouter, compotes sois même plutôt que d’acheter des plats préparés;Courses;FURET;Furet gris;furet2;45751;1.260407;0;0.180058
C05;Faire soi-même ses produits d’entretien pour éviter les emballages;Courses;FURET;Furet gris;furet2;45751;0.006;0;0.03
C03;Acheter des fruits ou légumes de saison;Courses;FURET;Furet gris;furet2;45751;6.932;0;0
W02;Utiliser une seule dose de savon;Courses;FURET;Furet gris;furet2;45751;0.05;28;0
D10;Ne pas acheter de bouteilles en plastique : boire à la gourde;Déchets;FURET;Furet gris;furet2;45751;0.54243;0;0.21
T06;Couper le moteur de la voiture quand elle ne roule pas;Transport;FURET;Furet gris;furet2;45751;1.518;0;0
W05;Prendre une douche plutôt qu’un bain;Eau;FURET;Furet gris;furet2;45751;0.140658;357;0
B04;Faire un jardin potager;Biodiversité;FURET;Furet gris;furet2;45751;4.48;0;0
B01;Ne pas cueillir de plante dans la nature;Biodiversité;FURET;Furet gris;furet2;45751;0;0;0
E10;Faire sécher son linge à l'air libre au lieu d'utiliser le sèche linge chaque fois qu'on peut;Electricité;FURET;Furet gris;furet2;45751;0.413462;0;0
E01;Eteindre la lumière quand on quitte une pièce. quand on n’en a pas besoin;Electricité;FURET;Furet gris;furet2;45751;0.027408;0;0
W02;Utiliser une seule dose de savon;Courses;FURET;Furet gris;furet3;45752;0.05;28;0
C06;Faire ses repas, gouter, compotes sois même plutôt que d’acheter des plats préparés;Courses;FURET;Furet gris;furet1;45753;1.260407;0;0.180058
C03;Acheter des fruits ou légumes de saison;Courses;FURET;Furet gris;furet1;45753;6.932;0;0
W02;Utiliser une seule dose de savon;Courses;FURET;Furet gris;furet1;45753;0.05;28;0
D10;Ne pas acheter de bouteilles en plastique : boire à la gourde;Déchets;FURET;Furet gris;furet1;45753;0.54243;0;0.21
D09;Faire du compost avec les déchets végétaux ou donner les restes alimentaires aux poules…;Déchets;FURET;Furet gris;furet1;45753;0.0623;0;1.75
D08;Utiliser les bacs de tri;Déchets;FURET;Furet gris;furet1;45753;0.866962;0;0
D07;Vendre ou donner les vêtements. les objets. les jouets dont on ne veut plus (trop petits…);Déchets;FURET;Furet gris;furet1;45753;0.017374;2500;0
D06;Prendre soin de ses affaires pour les faire durer plus longtemps (reboucher les feutres… ne pas casser. ne pas lancer…);Déchets;FURET;Furet gris;furet1;45753;0.017374;0;0.183462
D04;Ramasser les papiers et les déchets par terre pour les mettre à la poubelle;Déchets;FURET;Furet gris;furet1;45753;0.00947;0;0.1
D03;Ne pas jeter de déchets dans la nature (chewing-gums. sacs. canettes. bouteilles…);Déchets;FURET;Furet gris;furet1;45753;0.424875;0;4.486538
D02;Tout manger ce qu’il y a dans nos assiettes (cantine/maison);Déchets;FURET;Furet gris;furet1;45753;2.453511;0;1.390385
D01;Limiter l'utilisation du papier : Utiliser les feuilles des 2 côtés / faire du brouillon / Utiliser l'ardoise pour chercher / Prendre du papier recyclé…;Déchets;FURET;Furet gris;furet1;45753;0.009641;0;0.8
B02;Ne pas tuer les araignées. les insectes (les mettre dehors…);Biodiversité;FURET;Furet gris;furet1;45753;0;0;0
B01;Ne pas cueillir de plante dans la nature;Biodiversité;FURET;Furet gris;furet1;45753;0;0;0
W07;Vider le reste de sa gourde dans les plantes;Eau;FURET;Furet gris;furet1;45753;0;0.000013;0
W04;Tirer la petite chasse d’eau quand on fait pipi;Eau;FURET;Furet gris;furet1;45753;0.006501;16.5;0
W02;Couper l’eau quand on se brosse les dents : mettre de l’eau dans un verre pour se rincer;Eau;FURET;Furet gris;furet1;45753;0.05;28;0
W05;Prendre une douche plutôt qu’un bain;Eau;FURET;Furet gris;furet1;45753;0.140658;357;0
W01;Prendre des douches rapides;Eau;FURET;Furet gris;furet1;45753;0.25;224;0
T03;Préférer la marche ou le vélo plutôt que la voiture;Transport;FURET;Furet gris;furet1;45753;0.506;0;0
E04;Eteindre les écrans (ordinateur. télévision. …) pour diminuer la consommation d’électricité;Electricité;FURET;Furet gris;furet1;45753;0.15988;0;1
E02;Ouvrir les volets et ne pas allumer la lumière quand il fait jour dehors. ou éteindre lorsque la lumière extérieure le permet;Electricité;FURET;Furet gris;furet1;45753;0.027408;0;0
E11;Couvrir les casseroles lorsqu’on fait bouillir de l’eau ou pour cuire…;Electricité;FURET;Furet gris;furet1;45753;0.00293;0;0
E08;Eteindre le chauffage lorsqu’on aère une pièce;Electricité;FURET;Furet gris;furet1;45753;0.000173;0;0
E01;Eteindre la lumière quand on quitte une pièce. quand on n’en a pas besoin;Electricité;FURET;Furet gris;furet1;45753;0.027408;0;0
W02;Utiliser une seule dose de savon;Courses;FURET;Furet gris;furet1;45792;0.05;28;0
D15;Economiser les mouchoirs en papier. l'essuie-tout et le papier toilette;Déchets;FURET;Furet gris;furet1;45792;0.009591;0;0.8
D09;Faire du compost avec les déchets végétaux ou donner les restes alimentaires aux poules…;Déchets;FURET;Furet gris;furet1;45792;0.0623;0;1.75
D07;Vendre ou donner les vêtements. les objets. les jouets dont on ne veut plus (trop petits…);Déchets;FURET;Furet gris;furet1;45792;0.017374;2500;0
D04;Ramasser les papiers et les déchets par terre pour les mettre à la poubelle;Déchets;FURET;Furet gris;furet1;45792;0.00947;0;0.1
D02;Tout manger ce qu’il y a dans nos assiettes (cantine/maison);Déchets;FURET;Furet gris;furet1;45792;2.453511;0;1.390385
B02;Ne pas tuer les araignées. les insectes (les mettre dehors…);Biodiversité;FURET;Furet gris;furet1;45792;0;0;0
W07;Vider le reste de sa gourde dans les plantes;Eau;FURET;Furet gris;furet1;45792;0;0.000013;0
W03;Ne pas faire couler l’eau trop longtemps quand on se lave les mains;Eau;FURET;Furet gris;furet1;45792;0.004964;12.6;0
W05;Prendre une douche plutôt qu’un bain;Eau;FURET;Furet gris;furet1;45792;0.140658;357;0
T03;Préférer la marche ou le vélo plutôt que la voiture;Transport;FURET;Furet gris;furet1;45792;0.506;0;0
E02;Ouvrir les volets et ne pas allumer la lumière quand il fait jour dehors. ou éteindre lorsque la lumière extérieure le permet;Electricité;FURET;Furet gris;furet1;45792;0.027408;0;0
E10;Faire sécher son linge à l'air libre au lieu d'utiliser le sèche linge chaque fois qu'on peut;Electricité;FURET;Furet gris;furet1;45792;0.413462;0;0
C03;Acheter des fruits ou légumes de saison;Courses;FURET;Furet gris;furet7;45763;6.932;0;0
D10;Ne pas acheter de bouteilles en plastique : boire à la gourde;Déchets;FURET;Furet gris;furet7;45763;0.54243;0;0.21
D08;Utiliser les bacs de tri;Déchets;FURET;Furet gris;furet7;45763;0.866962;0;0
D03;Ne pas jeter de déchets dans la nature (chewing-gums. sacs. canettes. bouteilles…);Déchets;FURET;Furet gris;furet7;45763;0.424875;0;4.486538
W04;Tirer la petite chasse d’eau quand on fait pipi;Eau;FURET;Furet gris;furet7;45763;0.006501;16.5;0
E06;Préférer les piles rechargeables;Electricité;FURET;Furet gris;furet7;45763;0.097538;0;0
E04;Eteindre les écrans (ordinateur. télévision. …) pour diminuer la consommation d’électricité;Electricité;FURET;Furet gris;furet7;45763;0.15988;0;1
E01;Eteindre la lumière quand on quitte une pièce. quand on n’en a pas besoin;Electricité;FURET;Furet gris;furet1;45792;0.027408;0;0
C06;Faire ses repas, gouter, compotes sois même plutôt que d’acheter des plats préparés;Courses;FURET;Furet gris;furet5;45754;1.260407;0;0.180058
C03;Acheter des fruits ou légumes de saison;Courses;FURET;Furet gris;furet5;45754;6.932;0;0
W02;Utiliser une seule dose de savon;Courses;FURET;Furet gris;furet5;45754;0.05;28;0
D15;Economiser les mouchoirs en papier. l'essuie-tout et le papier toilette;Déchets;FURET;Furet gris;furet5;45754;0.009591;0;0.8
D10;Ne pas acheter de bouteilles en plastique : boire à la gourde;Déchets;FURET;Furet gris;furet5;45754;0.54243;0;0.21
D09;Faire du compost avec les déchets végétaux ou donner les restes alimentaires aux poules…;Déchets;FURET;Furet gris;furet5;45754;0.0623;0;1.75
D08;Utiliser les bacs de tri;Déchets;FURET;Furet gris;furet5;45754;0.866962;0;0
D07;Vendre ou donner les vêtements. les objets. les jouets dont on ne veut plus (trop petits…);Déchets;FURET;Furet gris;furet5;45754;0.017374;2500;0
D06;Prendre soin de ses affaires pour les faire durer plus longtemps (reboucher les feutres… ne pas casser. ne pas lancer…);Déchets;FURET;Furet gris;furet5;45754;0.017374;0;0.183462
D04;Ramasser les papiers et les déchets par terre pour les mettre à la poubelle;Déchets;FURET;Furet gris;furet5;45754;0.00947;0;0.1
D03;Ne pas jeter de déchets dans la nature (chewing-gums. sacs. canettes. bouteilles…);Déchets;FURET;Furet gris;furet5;45754;0.424875;0;4.486538
D02;Tout manger ce qu’il y a dans nos assiettes (cantine/maison);Déchets;FURET;Furet gris;furet5;45754;2.453511;0;1.390385
D01;Limiter l'utilisation du papier : Utiliser les feuilles des 2 côtés / faire du brouillon / Utiliser l'ardoise pour chercher / Prendre du papier recyclé…;Déchets;FURET;Furet gris;furet5;45754;0.009641;0;0.8
B04;Faire un jardin potager;Biodiversité;FURET;Furet gris;furet5;45754;4.48;0;0
B03;Donner à manger aux oiseaux dans son jardin ou sur son balcon;Biodiversité;FURET;Furet gris;furet5;45754;0;0;0
B02;Ne pas tuer les araignées. les insectes (les mettre dehors…);Biodiversité;FURET;Furet gris;furet5;45754;0;0;0
B01;Ne pas cueillir de plante dans la nature;Biodiversité;FURET;Furet gris;furet5;45754;0;0;0
W07;Vider le reste de sa gourde dans les plantes;Eau;FURET;Furet gris;furet5;45754;0;0.000013;0
W04;Tirer la petite chasse d’eau quand on fait pipi;Eau;FURET;Furet gris;furet5;45754;0.006501;16.5;0
W03;Ne pas faire couler l’eau trop longtemps quand on se lave les mains;Eau;FURET;Furet gris;furet5;45754;0.004964;12.6;0
W02;Couper l’eau quand on se brosse les dents : mettre de l’eau dans un verre pour se rincer;Eau;FURET;Furet gris;furet5;45754;0.05;28;0
W05;Prendre une douche plutôt qu’un bain;Eau;FURET;Furet gris;furet5;45754;0.140658;357;0
W01;Prendre des douches rapides;Eau;FURET;Furet gris;furet5;45754;0.25;224;0
T03;Préférer la marche ou le vélo plutôt que la voiture;Transport;FURET;Furet gris;furet5;45754;0.506;0;0
T06;Couper le moteur de la voiture quand elle ne roule pas;Transport;FURET;Furet gris;furet5;45754;1.518;0;0
T04;Faire du covoiturage;Transport;FURET;Furet gris;furet5;45754;0.506;0;0
E06;Préférer les piles rechargeables;Electricité;FURET;Furet gris;furet5;45754;0.097538;0;0
E04;Eteindre les écrans (ordinateur. télévision. …) pour diminuer la consommation d’électricité;Electricité;FURET;Furet gris;furet5;45754;0.15988;0;1
E02;Ouvrir les volets et ne pas allumer la lumière quand il fait jour dehors. ou éteindre lorsque la lumière extérieure le permet;Electricité;FURET;Furet gris;furet5;45754;0.027408;0;0
E11;Couvrir les casseroles lorsqu’on fait bouillir de l’eau ou pour cuire…;Electricité;FURET;Furet gris;furet5;45754;0.00293;0;0
E10;Faire sécher son linge à l'air libre au lieu d'utiliser le sèche linge chaque fois qu'on peut;Electricité;FURET;Furet gris;furet5;45754;0.413462;0;0
E08;Eteindre le chauffage lorsqu’on aère une pièce;Electricité;FURET;Furet gris;furet5;45754;0.000173;0;0
E01;Eteindre la lumière quand on quitte une pièce. quand on n’en a pas besoin;Electricité;FURET;Furet gris;furet5;45754;0.027408;0;0
C06;Faire ses repas, gouter, compotes sois même plutôt que d’acheter des plats préparés;Courses;FURET;Furet gris;furet1;45792;1.260407;0;0.180058
D11;Acheter des produits en vrac. éviter les emballages individuels…;Déchets;FURET;Furet gris;furet1;45792;0.38;0;0.67
D10;Ne pas acheter de bouteilles en plastique : boire à la gourde;Déchets;FURET;Furet gris;furet1;45792;0.54243;0;0.21
D08;Utiliser les bacs de tri;Déchets;FURET;Furet gris;furet1;45792;0.866962;0;0
D06;Prendre soin de ses affaires pour les faire durer plus longtemps (reboucher les feutres… ne pas casser. ne pas lancer…);Déchets;FURET;Furet gris;furet1;45792;0.017374;0;0.183462
D03;Ne pas jeter de déchets dans la nature (chewing-gums. sacs. canettes. bouteilles…);Déchets;FURET;Furet gris;furet1;45792;0.424875;0;4.486538
D01;Limiter l'utilisation du papier : Utiliser les feuilles des 2 côtés / faire du brouillon / Utiliser l'ardoise pour chercher / Prendre du papier recyclé…;Déchets;FURET;Furet gris;furet1;45792;0.009641;0;0.8
B01;Ne pas cueillir de plante dans la nature;Biodiversité;FURET;Furet gris;furet1;45792;0;0;0
W04;Tirer la petite chasse d’eau quand on fait pipi;Eau;FURET;Furet gris;furet1;45792;0.006501;16.5;0
W02;Couper l’eau quand on se brosse les dents : mettre de l’eau dans un verre pour se rincer;Eau;FURET;Furet gris;furet1;45792;0.05;28;0
W01;Prendre des douches rapides;Eau;FURET;Furet gris;furet1;45792;0.25;224;0
E04;Eteindre les écrans (ordinateur. télévision. …) pour diminuer la consommation d’électricité;Electricité;FURET;Furet gris;furet1;45792;0.15988;0;1
E11;Couvrir les casseroles lorsqu’on fait bouillir de l’eau ou pour cuire…;Electricité;FURET;Furet gris;furet1;45792;0.00293;0;0
E08;Eteindre le chauffage lorsqu’on aère une pièce;Electricité;FURET;Furet gris;furet1;45792;0.000173;0;0
C06;Faire ses repas, gouter, compotes sois même plutôt que d’acheter des plats préparés;Courses;FURET;Furet gris;furet1;45756;1.260407;0;0.180058
D11;Acheter des produits en vrac. éviter les emballages individuels…;Déchets;FURET;Furet gris;furet1;45756;0.38;0;0.67
W07;Vider le reste de sa gourde dans les plantes;Eau;FURET;Furet gris;furet1;45756;0;0.000013;0
W03;Ne pas faire couler l’eau trop longtemps quand on se lave les mains;Eau;FURET;Furet gris;furet1;45756;0.004964;12.6;0
W02;Couper l’eau quand on se brosse les dents : mettre de l’eau dans un verre pour se rincer;Eau;FURET;Furet gris;furet1;45756;0.05;28;0
W05;Prendre une douche plutôt qu’un bain;Eau;FURET;Furet gris;furet1;45756;0.140658;357;0
W01;Prendre des douches rapides;Eau;FURET;Furet gris;furet1;45756;0.25;224;0
W04;Tirer la petite chasse d’eau quand on fait pipi;Eau;FURET;Furet gris;furet1;45756;0.006501;16.5;0
B02;Ne pas tuer les araignées. les insectes (les mettre dehors…);Biodiversité;FURET;Furet gris;furet1;45756;0;0;0
B01;Ne pas cueillir de plante dans la nature;Biodiversité;FURET;Furet gris;furet1;45756;0;0;0
D10;Ne pas acheter de bouteilles en plastique : boire à la gourde;Déchets;FURET;Furet gris;furet1;45756;0.54243;0;0.21
D08;Utiliser les bacs de tri;Déchets;FURET;Furet gris;furet1;45756;0.866962;0;0
D06;Prendre soin de ses affaires pour les faire durer plus longtemps (reboucher les feutres… ne pas casser. ne pas lancer…);Déchets;FURET;Furet gris;furet1;45756;0.017374;0;0.183462
D03;Ne pas jeter de déchets dans la nature (chewing-gums. sacs. canettes. bouteilles…);Déchets;FURET;Furet gris;furet1;45756;0.424875;0;4.486538
D02;Tout manger ce qu’il y a dans nos assiettes (cantine/maison);Déchets;FURET;Furet gris;furet1;45756;2.453511;0;1.390385
T03;Préférer la marche ou le vélo plutôt que la voiture;Transport;FURET;Furet gris;furet1;45756;0.506;0;0
E04;Eteindre les écrans (ordinateur. télévision. …) pour diminuer la consommation d’électricité;Electricité;FURET;Furet gris;furet1;45756;0.15988;0;1
E02;Ouvrir les volets et ne pas allumer la lumière quand il fait jour dehors. ou éteindre lorsque la lumière extérieure le permet;Electricité;FURET;Furet gris;furet1;45756;0.027408;0;0
E11;Couvrir les casseroles lorsqu’on fait bouillir de l’eau ou pour cuire…;Electricité;FURET;Furet gris;furet1;45756;0.00293;0;0
E10;Faire sécher son linge à l'air libre au lieu d'utiliser le sèche linge chaque fois qu'on peut;Electricité;FURET;Furet gris;furet1;45756;0.413462;0;0
E08;Eteindre le chauffage lorsqu’on aère une pièce;Electricité;FURET;Furet gris;furet1;45756;0.000173;0;0
E01;Eteindre la lumière quand on quitte une pièce. quand on n’en a pas besoin;Electricité;FURET;Furet gris;furet1;45756;0.027408;0;0
C03;Acheter des fruits ou légumes de saison;Courses;FURET;Furet gris;furet1;45756;6.932;0;0
W02;Utiliser une seule dose de savon;Courses;FURET;Furet gris;furet1;45756;0.05;28;0
C05;Faire soi-même ses produits d’entretien pour éviter les emballages;Courses;FURET;Furet gris;furet1;45756;0.006;0;0.03
C03;Acheter des fruits ou légumes de saison;Courses;FURET;Furet gris;furet6;45761;6.932;0;0
D11;Acheter des produits en vrac. éviter les emballages individuels…;Déchets;FURET;Furet gris;furet6;45761;0.38;0;0.67
D07;Vendre ou donner les vêtements. les objets. les jouets dont on ne veut plus (trop petits…);Déchets;FURET;Furet gris;furet6;45761;0.017374;2500;0
B01;Ne pas cueillir de plante dans la nature;Biodiversité;FURET;Furet gris;furet6;45761;0;0;0
W03;Ne pas faire couler l’eau trop longtemps quand on se lave les mains;Eau;FURET;Furet gris;furet6;45761;0.004964;12.6;0
W05;Prendre une douche plutôt qu’un bain;Eau;FURET;Furet gris;furet6;45761;0.140658;357;0
T03;Préférer la marche ou le vélo plutôt que la voiture;Transport;FURET;Furet gris;furet6;45761;0.506;0;0
E04;Eteindre les écrans (ordinateur. télévision. …) pour diminuer la consommation d’électricité;Electricité;FURET;Furet gris;furet6;45761;0.15988;0;1
E10;Faire sécher son linge à l'air libre au lieu d'utiliser le sèche linge chaque fois qu'on peut;Electricité;FURET;Furet gris;furet6;45761;0.413462;0;0
E01;Eteindre la lumière quand on quitte une pièce. quand on n’en a pas besoin;Electricité;FURET;Furet gris;furet6;45761;0.027408;0;0
B04;Faire un jardin potager;Biodiversité;FURET;Furet gris;furet3;45761;4.48;0;0
W03;Ne pas faire couler l’eau trop longtemps quand on se lave les mains;Eau;FURET;Furet gris;furet3;45761;0.004964;12.6;0
D15;Economiser les mouchoirs en papier. l'essuie-tout et le papier toilette;Déchets;FURET;Furet gris;furet2;45761;0.009591;0;0.8
D09;Faire du compost avec les déchets végétaux ou donner les restes alimentaires aux poules…;Déchets;FURET;Furet gris;furet2;45761;0.0623;0;1.75
D07;Vendre ou donner les vêtements. les objets. les jouets dont on ne veut plus (trop petits…);Déchets;FURET;Furet gris;furet2;45761;0.017374;2500;0
D03;Ne pas jeter de déchets dans la nature (chewing-gums. sacs. canettes. bouteilles…);Déchets;FURET;Furet gris;furet2;45761;0.424875;0;4.486538
D01;Limiter l'utilisation du papier : Utiliser les feuilles des 2 côtés / faire du brouillon / Utiliser l'ardoise pour chercher / Prendre du papier recyclé…;Déchets;FURET;Furet gris;furet2;45761;0.009641;0;0.8
B01;Ne pas cueillir de plante dans la nature;Biodiversité;FURET;Furet gris;furet2;45761;0;0;0
W05;Prendre une douche plutôt qu’un bain;Eau;FURET;Furet gris;furet2;45761;0.140658;357;0
T06;Couper le moteur de la voiture quand elle ne roule pas;Transport;FURET;Furet gris;furet2;45761;1.518;0;0
E04;Eteindre les écrans (ordinateur. télévision. …) pour diminuer la consommation d’électricité;Electricité;FURET;Furet gris;furet2;45761;0.15988;0;1
E02;Ouvrir les volets et ne pas allumer la lumière quand il fait jour dehors. ou éteindre lorsque la lumière extérieure le permet;Electricité;FURET;Furet gris;furet2;45761;0.027408;0;0
E01;Eteindre la lumière quand on quitte une pièce. quand on n’en a pas besoin;Electricité;FURET;Furet gris;furet2;45761;0.027408;0;0
C03;Acheter des fruits ou légumes de saison;Courses;FURET;Furet gris;furet5;45795;6.932;0;0
D15;Economiser les mouchoirs en papier. l'essuie-tout et le papier toilette;Déchets;FURET;Furet gris;furet5;45795;0.009591;0;0.8
C06;Faire ses repas, gouter, compotes sois même plutôt que d’acheter des plats préparés;Courses;FURET;Furet gris;furet6;45761;1.260407;0;0.180058
W02;Utiliser une seule dose de savon;Courses;FURET;Furet gris;furet6;45761;0.05;28;0
D08;Utiliser les bacs de tri;Déchets;FURET;Furet gris;furet6;45761;0.866962;0;0
B02;Ne pas tuer les araignées. les insectes (les mettre dehors…);Biodiversité;FURET;Furet gris;furet6;45761;0;0;0
W04;Tirer la petite chasse d’eau quand on fait pipi;Eau;FURET;Furet gris;furet6;45761;0.006501;16.5;0
W02;Couper l’eau quand on se brosse les dents : mettre de l’eau dans un verre pour se rincer;Eau;FURET;Furet gris;furet6;45761;0.05;28;0
W01;Prendre des douches rapides;Eau;FURET;Furet gris;furet6;45761;0.25;224;0
T06;Couper le moteur de la voiture quand elle ne roule pas;Transport;FURET;Furet gris;furet6;45761;1.518;0;0
E05;Préférer les ampoules à basse consommation;Electricité;FURET;Furet gris;furet6;45761;0.072803;0;0
E02;Ouvrir les volets et ne pas allumer la lumière quand il fait jour dehors. ou éteindre lorsque la lumière extérieure le permet;Electricité;FURET;Furet gris;furet6;45761;0.027408;0;0
E08;Eteindre le chauffage lorsqu’on aère une pièce;Electricité;FURET;Furet gris;furet6;45761;0.000173;0;0
C06;Faire ses repas, gouter, compotes sois même plutôt que d’acheter des plats préparés;Courses;FURET;Furet gris;furet3;45761;1.260407;0;0.180058
W01;Prendre des douches rapides;Eau;FURET;Furet gris;furet3;45761;0.25;224;0
W07;Vider le reste de sa gourde dans les plantes;Eau;FURET;Furet gris;furet3;45761;0;0.000013;0
C03;Acheter des fruits ou légumes de saison;Courses;FURET;Furet gris;furet2;45761;6.932;0;0
D10;Ne pas acheter de bouteilles en plastique : boire à la gourde;Déchets;FURET;Furet gris;furet2;45761;0.54243;0;0.21
D08;Utiliser les bacs de tri;Déchets;FURET;Furet gris;furet2;45761;0.866962;0;0
D06;Prendre soin de ses affaires pour les faire durer plus longtemps (reboucher les feutres… ne pas casser. ne pas lancer…);Déchets;FURET;Furet gris;furet2;45761;0.017374;0;0.183462
D04;Ramasser les papiers et les déchets par terre pour les mettre à la poubelle;Déchets;FURET;Furet gris;furet2;45761;0.00947;0;0.1
B04;Faire un jardin potager;Biodiversité;FURET;Furet gris;furet2;45761;4.48;0;0
W02;Couper l’eau quand on se brosse les dents : mettre de l’eau dans un verre pour se rincer;Eau;FURET;Furet gris;furet2;45761;0.05;28;0
W01;Prendre des douches rapides;Eau;FURET;Furet gris;furet2;45761;0.25;224;0
E05;Préférer les ampoules à basse consommation;Electricité;FURET;Furet gris;furet2;45761;0.072803;0;0
E11;Couvrir les casseroles lorsqu’on fait bouillir de l’eau ou pour cuire…;Electricité;FURET;Furet gris;furet2;45761;0.00293;0;0
E10;Faire sécher son linge à l'air libre au lieu d'utiliser le sèche linge chaque fois qu'on peut;Electricité;FURET;Furet gris;furet2;45761;0.413462;0;0
E08;Eteindre le chauffage lorsqu’on aère une pièce;Electricité;FURET;Furet gris;furet2;45761;0.000173;0;0
C06;Faire ses repas, gouter, compotes sois même plutôt que d’acheter des plats préparés;Courses;FURET;Furet gris;furet11;45761;1.260407;0;0.180058
W02;Utiliser une seule dose de savon;Courses;FURET;Furet gris;furet11;45761;0.05;28;0
D10;Ne pas acheter de bouteilles en plastique : boire à la gourde;Déchets;FURET;Furet gris;furet11;45761;0.54243;0;0.21
D08;Utiliser les bacs de tri;Déchets;FURET;Furet gris;furet11;45761;0.866962;0;0
D06;Prendre soin de ses affaires pour les faire durer plus longtemps (reboucher les feutres… ne pas casser. ne pas lancer…);Déchets;FURET;Furet gris;furet11;45761;0.017374;0;0.183462
D03;Ne pas jeter de déchets dans la nature (chewing-gums. sacs. canettes. bouteilles…);Déchets;FURET;Furet gris;furet11;45761;0.424875;0;4.486538
D01;Limiter l'utilisation du papier : Utiliser les feuilles des 2 côtés / faire du brouillon / Utiliser l'ardoise pour chercher / Prendre du papier recyclé…;Déchets;FURET;Furet gris;furet11;45761;0.009641;0;0.8
W07;Vider le reste de sa gourde dans les plantes;Eau;FURET;Furet gris;furet11;45761;0;0.000013;0
W05;Prendre une douche plutôt qu’un bain;Eau;FURET;Furet gris;furet11;45761;0.140658;357;0
T06;Couper le moteur de la voiture quand elle ne roule pas;Transport;FURET;Furet gris;furet11;45761;1.518;0;0
E06;Préférer les piles rechargeables;Electricité;FURET;Furet gris;furet11;45761;0.097538;0;0
E04;Eteindre les écrans (ordinateur. télévision. …) pour diminuer la consommation d’électricité;Electricité;FURET;Furet gris;furet11;45761;0.15988;0;1
E11;Couvrir les casseroles lorsqu’on fait bouillir de l’eau ou pour cuire…;Electricité;FURET;Furet gris;furet11;45761;0.00293;0;0
E08;Eteindre le chauffage lorsqu’on aère une pièce;Electricité;FURET;Furet gris;furet11;45761;0.000173;0;0
C06;Faire ses repas, gouter, compotes sois même plutôt que d’acheter des plats préparés;Courses;FURET;Furet gris;furet5;45795;1.260407;0;0.180058
W02;Utiliser une seule dose de savon;Courses;FURET;Furet gris;furet5;45795;0.05;28;0
D10;Ne pas acheter de bouteilles en plastique : boire à la gourde;Déchets;FURET;Furet gris;furet5;45795;0.54243;0;0.21
D09;Faire du compost avec les déchets végétaux ou donner les restes alimentaires aux poules…;Déchets;FURET;Furet gris;furet5;45795;0.0623;0;1.75
D04;Ramasser les papiers et les déchets par terre pour les mettre à la poubelle;Déchets;FURET;Furet gris;furet5;45795;0.00947;0;0.1
D03;Ne pas jeter de déchets dans la nature (chewing-gums. sacs. canettes. bouteilles…);Déchets;FURET;Furet gris;furet5;45795;0.424875;0;4.486538
D01;Limiter l'utilisation du papier : Utiliser les feuilles des 2 côtés / faire du brouillon / Utiliser l'ardoise pour chercher / Prendre du papier recyclé…;Déchets;FURET;Furet gris;furet5;45795;0.009641;0;0.8
C03;Acheter des fruits ou légumes de saison;Courses;FURET;Furet gris;furet11;45761;6.932;0;0
D15;Economiser les mouchoirs en papier. l'essuie-tout et le papier toilette;Déchets;FURET;Furet gris;furet11;45761;0.009591;0;0.8
D09;Faire du compost avec les déchets végétaux ou donner les restes alimentaires aux poules…;Déchets;FURET;Furet gris;furet11;45761;0.0623;0;1.75
D07;Vendre ou donner les vêtements. les objets. les jouets dont on ne veut plus (trop petits…);Déchets;FURET;Furet gris;furet11;45761;0.017374;2500;0
D04;Ramasser les papiers et les déchets par terre pour les mettre à la poubelle;Déchets;FURET;Furet gris;furet11;45761;0.00947;0;0.1
D02;Tout manger ce qu’il y a dans nos assiettes (cantine/maison);Déchets;FURET;Furet gris;furet11;45761;2.453511;0;1.390385
B04;Faire un jardin potager;Biodiversité;FURET;Furet gris;furet11;45761;4.48;0;0
W04;Tirer la petite chasse d’eau quand on fait pipi;Eau;FURET;Furet gris;furet11;45761;0.006501;16.5;0
W01;Prendre des douches rapides;Eau;FURET;Furet gris;furet11;45761;0.25;224;0
T04;Faire du covoiturage;Transport;FURET;Furet gris;furet11;45761;0.506;0;0
E05;Préférer les ampoules à basse consommation;Electricité;FURET;Furet gris;furet11;45761;0.072803;0;0
E02;Ouvrir les volets et ne pas allumer la lumière quand il fait jour dehors. ou éteindre lorsque la lumière extérieure le permet;Electricité;FURET;Furet gris;furet11;45761;0.027408;0;0
E10;Faire sécher son linge à l'air libre au lieu d'utiliser le sèche linge chaque fois qu'on peut;Electricité;FURET;Furet gris;furet11;45761;0.413462;0;0
E01;Eteindre la lumière quand on quitte une pièce. quand on n’en a pas besoin;Electricité;FURET;Furet gris;furet11;45761;0.027408;0;0
D08;Utiliser les bacs de tri;Déchets;FURET;Furet gris;furet5;45795;0.866962;0;0
D06;Prendre soin de ses affaires pour les faire durer plus longtemps (reboucher les feutres… ne pas casser. ne pas lancer…);Déchets;FURET;Furet gris;furet5;45795;0.017374;0;0.183462
W02;Couper l’eau quand on se brosse les dents : mettre de l’eau dans un verre pour se rincer;Eau;FURET;Furet gris;furet7;45763;0.05;28;0
D15;Economiser les mouchoirs en papier. l'essuie-tout et le papier toilette;Déchets;FURET;Furet gris;furet7;45763;0.009591;0;0.8
D09;Faire du compost avec les déchets végétaux ou donner les restes alimentaires aux poules…;Déchets;FURET;Furet gris;furet7;45763;0.0623;0;1.75
D07;Vendre ou donner les vêtements. les objets. les jouets dont on ne veut plus (trop petits…);Déchets;FURET;Furet gris;furet7;45763;0.017374;2500;0
B02;Ne pas tuer les araignées. les insectes (les mettre dehors…);Biodiversité;FURET;Furet gris;furet7;45763;0;0;0
T06;Couper le moteur de la voiture quand elle ne roule pas;Transport;FURET;Furet gris;furet7;45763;1.518;0;0
E05;Préférer les ampoules à basse consommation;Electricité;FURET;Furet gris;furet7;45763;0.072803;0;0
E02;Ouvrir les volets et ne pas allumer la lumière quand il fait jour dehors. ou éteindre lorsque la lumière extérieure le permet;Electricité;FURET;Furet gris;furet7;45763;0.027408;0;0
C03;Acheter des fruits ou légumes de saison;Courses;FURET;Furet gris;furet9;45801;6.932;0;0
D15;Economiser les mouchoirs en papier. l'essuie-tout et le papier toilette;Déchets;FURET;Furet gris;furet9;45801;0.009591;0;0.8
B04;Faire un jardin potager;Biodiversité;FURET;Furet gris;furet5;45796;4.48;0;0
W07;Vider le reste de sa gourde dans les plantes;Eau;FURET;Furet gris;furet5;45796;0;0.000013;0
W03;Ne pas faire couler l’eau trop longtemps quand on se lave les mains;Eau;FURET;Furet gris;furet5;45796;0.004964;12.6;0
W05;Prendre une douche plutôt qu’un bain;Eau;FURET;Furet gris;furet5;45796;0.140658;357;0
T03;Préférer la marche ou le vélo plutôt que la voiture;Transport;FURET;Furet gris;furet5;45796;0.506;0;0
T04;Faire du covoiturage;Transport;FURET;Furet gris;furet5;45796;0.506;0;0
E02;Ouvrir les volets et ne pas allumer la lumière quand il fait jour dehors. ou éteindre lorsque la lumière extérieure le permet;Electricité;FURET;Furet gris;furet5;45796;0.027408;0;0
E10;Faire sécher son linge à l'air libre au lieu d'utiliser le sèche linge chaque fois qu'on peut;Electricité;FURET;Furet gris;furet5;45796;0.413462;0;0
C06;Faire ses repas, gouter, compotes sois même plutôt que d’acheter des plats préparés;Courses;FURET;Furet gris;furet9;45773;1.260407;0;0.180058
W02;Utiliser une seule dose de savon;Courses;FURET;Furet gris;furet9;45773;0.05;28;0
D08;Utiliser les bacs de tri;Déchets;FURET;Furet gris;furet9;45773;0.866962;0;0
D04;Ramasser les papiers et les déchets par terre pour les mettre à la poubelle;Déchets;FURET;Furet gris;furet9;45773;0.00947;0;0.1
W04;Tirer la petite chasse d’eau quand on fait pipi;Eau;FURET;Furet gris;furet9;45773;0.006501;16.5;0
W02;Couper l’eau quand on se brosse les dents : mettre de l’eau dans un verre pour se rincer;Eau;FURET;Furet gris;furet9;45773;0.05;28;0
W05;Prendre une douche plutôt qu’un bain;Eau;FURET;Furet gris;furet9;45773;0.140658;357;0
E05;Préférer les ampoules à basse consommation;Electricité;FURET;Furet gris;furet9;45773;0.072803;0;0
E02;Ouvrir les volets et ne pas allumer la lumière quand il fait jour dehors. ou éteindre lorsque la lumière extérieure le permet;Electricité;FURET;Furet gris;furet9;45773;0.027408;0;0
E08;Eteindre le chauffage lorsqu’on aère une pièce;Electricité;FURET;Furet gris;furet9;45773;0.000173;0;0
C03;Acheter des fruits ou légumes de saison;Courses;FURET;Furet gris;furet9;45773;6.932;0;0
D10;Ne pas acheter de bouteilles en plastique : boire à la gourde;Déchets;FURET;Furet gris;furet9;45773;0.54243;0;0.21
D07;Vendre ou donner les vêtements. les objets. les jouets dont on ne veut plus (trop petits…);Déchets;FURET;Furet gris;furet9;45773;0.017374;2500;0
B02;Ne pas tuer les araignées. les insectes (les mettre dehors…);Biodiversité;FURET;Furet gris;furet9;45773;0;0;0
W03;Ne pas faire couler l’eau trop longtemps quand on se lave les mains;Eau;FURET;Furet gris;furet9;45773;0.004964;12.6;0
W01;Prendre des douches rapides;Eau;FURET;Furet gris;furet9;45773;0.25;224;0
T06;Couper le moteur de la voiture quand elle ne roule pas;Transport;FURET;Furet gris;furet9;45773;1.518;0;0
E04;Eteindre les écrans (ordinateur. télévision. …) pour diminuer la consommation d’électricité;Electricité;FURET;Furet gris;furet9;45773;0.15988;0;1
E11;Couvrir les casseroles lorsqu’on fait bouillir de l’eau ou pour cuire…;Electricité;FURET;Furet gris;furet9;45773;0.00293;0;0
E01;Eteindre la lumière quand on quitte une pièce. quand on n’en a pas besoin;Electricité;FURET;Furet gris;furet9;45773;0.027408;0;0
B02;Ne pas tuer les araignées. les insectes (les mettre dehors…);Biodiversité;FURET;Furet gris;furet5;45796;0;0;0
W04;Tirer la petite chasse d’eau quand on fait pipi;Eau;FURET;Furet gris;furet5;45796;0.006501;16.5;0
W02;Couper l’eau quand on se brosse les dents : mettre de l’eau dans un verre pour se rincer;Eau;FURET;Furet gris;furet5;45796;0.05;28;0
W01;Prendre des douches rapides;Eau;FURET;Furet gris;furet5;45796;0.25;224;0
T06;Couper le moteur de la voiture quand elle ne roule pas;Transport;FURET;Furet gris;furet5;45796;1.518;0;0
E05;Préférer les ampoules à basse consommation;Electricité;FURET;Furet gris;furet5;45796;0.072803;0;0
E04;Eteindre les écrans (ordinateur. télévision. …) pour diminuer la consommation d’électricité;Electricité;FURET;Furet gris;furet5;45796;0.15988;0;1
E11;Couvrir les casseroles lorsqu’on fait bouillir de l’eau ou pour cuire…;Electricité;FURET;Furet gris;furet5;45796;0.00293;0;0
E08;Eteindre le chauffage lorsqu’on aère une pièce;Electricité;FURET;Furet gris;furet5;45796;0.000173;0;0
W02;Utiliser une seule dose de savon;Courses;FURET;Furet gris;furet5;45783;0.05;28;0
D09;Faire du compost avec les déchets végétaux ou donner les restes alimentaires aux poules…;Déchets;FURET;Furet gris;furet5;45783;0.0623;0;1.75
D07;Vendre ou donner les vêtements. les objets. les jouets dont on ne veut plus (trop petits…);Déchets;FURET;Furet gris;furet5;45783;0.017374;2500;0
D03;Ne pas jeter de déchets dans la nature (chewing-gums. sacs. canettes. bouteilles…);Déchets;FURET;Furet gris;furet5;45783;0.424875;0;4.486538
D01;Limiter l'utilisation du papier : Utiliser les feuilles des 2 côtés / faire du brouillon / Utiliser l'ardoise pour chercher / Prendre du papier recyclé…;Déchets;FURET;Furet gris;furet5;45783;0.009641;0;0.8
B03;Donner à manger aux oiseaux dans son jardin ou sur son balcon;Biodiversité;FURET;Furet gris;furet5;45783;0;0;0
B01;Ne pas cueillir de plante dans la nature;Biodiversité;FURET;Furet gris;furet5;45783;0;0;0
W04;Tirer la petite chasse d’eau quand on fait pipi;Eau;FURET;Furet gris;furet5;45783;0.006501;16.5;0
W02;Couper l’eau quand on se brosse les dents : mettre de l’eau dans un verre pour se rincer;Eau;FURET;Furet gris;furet5;45783;0.05;28;0
W01;Prendre des douches rapides;Eau;FURET;Furet gris;furet5;45783;0.25;224;0
T06;Couper le moteur de la voiture quand elle ne roule pas;Transport;FURET;Furet gris;furet5;45783;1.518;0;0
E06;Préférer les piles rechargeables;Electricité;FURET;Furet gris;furet5;45783;0.097538;0;0
E04;Eteindre les écrans (ordinateur. télévision. …) pour diminuer la consommation d’électricité;Electricité;FURET;Furet gris;furet5;45783;0.15988;0;1
E11;Couvrir les casseroles lorsqu’on fait bouillir de l’eau ou pour cuire…;Electricité;FURET;Furet gris;furet5;45783;0.00293;0;0
E08;Eteindre le chauffage lorsqu’on aère une pièce;Electricité;FURET;Furet gris;furet5;45783;0.000173;0;0
C03;Acheter des fruits ou légumes de saison;Courses;FURET;Furet gris;furet2;45783;6.932;0;0
D10;Ne pas acheter de bouteilles en plastique : boire à la gourde;Déchets;FURET;Furet gris;furet2;45783;0.54243;0;0.21
D08;Utiliser les bacs de tri;Déchets;FURET;Furet gris;furet2;45783;0.866962;0;0
D06;Prendre soin de ses affaires pour les faire durer plus longtemps (reboucher les feutres… ne pas casser. ne pas lancer…);Déchets;FURET;Furet gris;furet2;45783;0.017374;0;0.183462
D03;Ne pas jeter de déchets dans la nature (chewing-gums. sacs. canettes. bouteilles…);Déchets;FURET;Furet gris;furet2;45783;0.424875;0;4.486538
D01;Limiter l'utilisation du papier : Utiliser les feuilles des 2 côtés / faire du brouillon / Utiliser l'ardoise pour chercher / Prendre du papier recyclé…;Déchets;FURET;Furet gris;furet2;45783;0.009641;0;0.8
B02;Ne pas tuer les araignées. les insectes (les mettre dehors…);Biodiversité;FURET;Furet gris;furet2;45783;0;0;0
W07;Vider le reste de sa gourde dans les plantes;Eau;FURET;Furet gris;furet2;45783;0;0.000013;0
W02;Couper l’eau quand on se brosse les dents : mettre de l’eau dans un verre pour se rincer;Eau;FURET;Furet gris;furet2;45783;0.05;28;0
W01;Prendre des douches rapides;Eau;FURET;Furet gris;furet2;45783;0.25;224;0
E05;Préférer les ampoules à basse consommation;Electricité;FURET;Furet gris;furet2;45783;0.072803;0;0
E10;Faire sécher son linge à l'air libre au lieu d'utiliser le sèche linge chaque fois qu'on peut;Electricité;FURET;Furet gris;furet2;45783;0.413462;0;0
E01;Eteindre la lumière quand on quitte une pièce. quand on n’en a pas besoin;Electricité;FURET;Furet gris;furet2;45783;0.027408;0;0
C03;Acheter des fruits ou légumes de saison;Courses;FURET;Furet gris;furet5;45783;6.932;0;0
D15;Economiser les mouchoirs en papier. l'essuie-tout et le papier toilette;Déchets;FURET;Furet gris;furet5;45783;0.009591;0;0.8
D08;Utiliser les bacs de tri;Déchets;FURET;Furet gris;furet5;45783;0.866962;0;0
D06;Prendre soin de ses affaires pour les faire durer plus longtemps (reboucher les feutres… ne pas casser. ne pas lancer…);Déchets;FURET;Furet gris;furet5;45783;0.017374;0;0.183462
D02;Tout manger ce qu’il y a dans nos assiettes (cantine/maison);Déchets;FURET;Furet gris;furet5;45783;2.453511;0;1.390385
B04;Faire un jardin potager;Biodiversité;FURET;Furet gris;furet5;45783;4.48;0;0
B02;Ne pas tuer les araignées. les insectes (les mettre dehors…);Biodiversité;FURET;Furet gris;furet5;45783;0;0;0
W07;Vider le reste de sa gourde dans les plantes;Eau;FURET;Furet gris;furet5;45783;0;0.000013;0
W03;Ne pas faire couler l’eau trop longtemps quand on se lave les mains;Eau;FURET;Furet gris;furet5;45783;0.004964;12.6;0
W05;Prendre une douche plutôt qu’un bain;Eau;FURET;Furet gris;furet5;45783;0.140658;357;0
T03;Préférer la marche ou le vélo plutôt que la voiture;Transport;FURET;Furet gris;furet5;45783;0.506;0;0
T04;Faire du covoiturage;Transport;FURET;Furet gris;furet5;45783;0.506;0;0
E05;Préférer les ampoules à basse consommation;Electricité;FURET;Furet gris;furet5;45783;0.072803;0;0
E02;Ouvrir les volets et ne pas allumer la lumière quand il fait jour dehors. ou éteindre lorsque la lumière extérieure le permet;Electricité;FURET;Furet gris;furet5;45783;0.027408;0;0
E10;Faire sécher son linge à l'air libre au lieu d'utiliser le sèche linge chaque fois qu'on peut;Electricité;FURET;Furet gris;furet5;45783;0.413462;0;0
E01;Eteindre la lumière quand on quitte une pièce. quand on n’en a pas besoin;Electricité;FURET;Furet gris;furet5;45783;0.027408;0;0
W02;Utiliser une seule dose de savon;Courses;FURET;Furet gris;furet2;45783;0.05;28;0
D09;Faire du compost avec les déchets végétaux ou donner les restes alimentaires aux poules…;Déchets;FURET;Furet gris;furet2;45783;0.0623;0;1.75
D07;Vendre ou donner les vêtements. les objets. les jouets dont on ne veut plus (trop petits…);Déchets;FURET;Furet gris;furet2;45783;0.017374;2500;0
D04;Ramasser les papiers et les déchets par terre pour les mettre à la poubelle;Déchets;FURET;Furet gris;furet2;45783;0.00947;0;0.1
D02;Tout manger ce qu’il y a dans nos assiettes (cantine/maison);Déchets;FURET;Furet gris;furet2;45783;2.453511;0;1.390385
B04;Faire un jardin potager;Biodiversité;FURET;Furet gris;furet2;45783;4.48;0;0
B01;Ne pas cueillir de plante dans la nature;Biodiversité;FURET;Furet gris;furet2;45783;0;0;0
W04;Tirer la petite chasse d’eau quand on fait pipi;Eau;FURET;Furet gris;furet2;45783;0.006501;16.5;0
W05;Prendre une douche plutôt qu’un bain;Eau;FURET;Furet gris;furet2;45783;0.140658;357;0
T06;Couper le moteur de la voiture quand elle ne roule pas;Transport;FURET;Furet gris;furet2;45783;1.518;0;0
E04;Eteindre les écrans (ordinateur. télévision. …) pour diminuer la consommation d’électricité;Electricité;FURET;Furet gris;furet2;45783;0.15988;0;1
E08;Eteindre le chauffage lorsqu’on aère une pièce;Electricité;FURET;Furet gris;furet2;45783;0.000173;0;0
D10;Ne pas acheter de bouteilles en plastique : boire à la gourde;Déchets;FURET;Furet gris;furet9;45788;0.54243;0;0.21
D07;Vendre ou donner les vêtements. les objets. les jouets dont on ne veut plus (trop petits…);Déchets;FURET;Furet gris;furet9;45788;0.017374;2500;0
D03;Ne pas jeter de déchets dans la nature (chewing-gums. sacs. canettes. bouteilles…);Déchets;FURET;Furet gris;furet9;45788;0.424875;0;4.486538
T06;Couper le moteur de la voiture quand elle ne roule pas;Transport;FURET;Furet gris;furet9;45788;1.518;0;0
W04;Tirer la petite chasse d’eau quand on fait pipi;Eau;FURET;Furet gris;furet9;45788;0.006501;16.5;0
W02;Couper l’eau quand on se brosse les dents : mettre de l’eau dans un verre pour se rincer;Eau;FURET;Furet gris;furet9;45788;0.05;28;0
W01;Prendre des douches rapides;Eau;FURET;Furet gris;furet9;45788;0.25;224;0
E05;Préférer les ampoules à basse consommation;Electricité;FURET;Furet gris;furet9;45788;0.072803;0;0
E02;Ouvrir les volets et ne pas allumer la lumière quand il fait jour dehors. ou éteindre lorsque la lumière extérieure le permet;Electricité;FURET;Furet gris;furet9;45788;0.027408;0;0
E08;Eteindre le chauffage lorsqu’on aère une pièce;Electricité;FURET;Furet gris;furet9;45788;0.000173;0;0
C05;Faire soi-même ses produits d’entretien pour éviter les emballages;Courses;FURET;Furet gris;furet1;45789;0.006;0;0.03
W02;Utiliser une seule dose de savon;Courses;FURET;Furet gris;furet1;45789;0.05;28;0
D10;Ne pas acheter de bouteilles en plastique : boire à la gourde;Déchets;FURET;Furet gris;furet1;45789;0.54243;0;0.21
D08;Utiliser les bacs de tri;Déchets;FURET;Furet gris;furet1;45789;0.866962;0;0
D06;Prendre soin de ses affaires pour les faire durer plus longtemps (reboucher les feutres… ne pas casser. ne pas lancer…);Déchets;FURET;Furet gris;furet1;45789;0.017374;0;0.183462
D03;Ne pas jeter de déchets dans la nature (chewing-gums. sacs. canettes. bouteilles…);Déchets;FURET;Furet gris;furet1;45789;0.424875;0;4.486538
D01;Limiter l'utilisation du papier : Utiliser les feuilles des 2 côtés / faire du brouillon / Utiliser l'ardoise pour chercher / Prendre du papier recyclé…;Déchets;FURET;Furet gris;furet1;45789;0.009641;0;0.8
B01;Ne pas cueillir de plante dans la nature;Biodiversité;FURET;Furet gris;furet1;45789;0;0;0
W04;Tirer la petite chasse d’eau quand on fait pipi;Eau;FURET;Furet gris;furet1;45789;0.006501;16.5;0
W02;Couper l’eau quand on se brosse les dents : mettre de l’eau dans un verre pour se rincer;Eau;FURET;Furet gris;furet1;45789;0.05;28;0
W01;Prendre des douches rapides;Eau;FURET;Furet gris;furet1;45789;0.25;224;0
B04;Faire un jardin potager;Biodiversité;FURET;Furet gris;furet9;45788;4.48;0;0
D08;Utiliser les bacs de tri;Déchets;FURET;Furet gris;furet9;45788;0.866962;0;0
D04;Ramasser les papiers et les déchets par terre pour les mettre à la poubelle;Déchets;FURET;Furet gris;furet9;45788;0.00947;0;0.1
D01;Limiter l'utilisation du papier : Utiliser les feuilles des 2 côtés / faire du brouillon / Utiliser l'ardoise pour chercher / Prendre du papier recyclé…;Déchets;FURET;Furet gris;furet9;45788;0.009641;0;0.8
W07;Vider le reste de sa gourde dans les plantes;Eau;FURET;Furet gris;furet9;45788;0;0.000013;0
W03;Ne pas faire couler l’eau trop longtemps quand on se lave les mains;Eau;FURET;Furet gris;furet9;45788;0.004964;12.6;0
W05;Prendre une douche plutôt qu’un bain;Eau;FURET;Furet gris;furet9;45788;0.140658;357;0
W02;Utiliser une seule dose de savon;Courses;FURET;Furet gris;furet9;45788;0.05;28;0
E04;Eteindre les écrans (ordinateur. télévision. …) pour diminuer la consommation d’électricité;Electricité;FURET;Furet gris;furet9;45788;0.15988;0;1
E11;Couvrir les casseroles lorsqu’on fait bouillir de l’eau ou pour cuire…;Electricité;FURET;Furet gris;furet9;45788;0.00293;0;0
E01;Eteindre la lumière quand on quitte une pièce. quand on n’en a pas besoin;Electricité;FURET;Furet gris;furet9;45788;0.027408;0;0
C06;Faire ses repas, gouter, compotes sois même plutôt que d’acheter des plats préparés;Courses;FURET;Furet gris;furet1;45789;1.260407;0;0.180058
C03;Acheter des fruits ou légumes de saison;Courses;FURET;Furet gris;furet1;45789;6.932;0;0
D11;Acheter des produits en vrac. éviter les emballages individuels…;Déchets;FURET;Furet gris;furet1;45789;0.38;0;0.67
D09;Faire du compost avec les déchets végétaux ou donner les restes alimentaires aux poules…;Déchets;FURET;Furet gris;furet1;45789;0.0623;0;1.75
D07;Vendre ou donner les vêtements. les objets. les jouets dont on ne veut plus (trop petits…);Déchets;FURET;Furet gris;furet1;45789;0.017374;2500;0
D04;Ramasser les papiers et les déchets par terre pour les mettre à la poubelle;Déchets;FURET;Furet gris;furet1;45789;0.00947;0;0.1
D02;Tout manger ce qu’il y a dans nos assiettes (cantine/maison);Déchets;FURET;Furet gris;furet1;45789;2.453511;0;1.390385
B02;Ne pas tuer les araignées. les insectes (les mettre dehors…);Biodiversité;FURET;Furet gris;furet1;45789;0;0;0
W07;Vider le reste de sa gourde dans les plantes;Eau;FURET;Furet gris;furet1;45789;0;0.000013;0
W03;Ne pas faire couler l’eau trop longtemps quand on se lave les mains;Eau;FURET;Furet gris;furet1;45789;0.004964;12.6;0
W05;Prendre une douche plutôt qu’un bain;Eau;FURET;Furet gris;furet1;45789;0.140658;357;0
T03;Préférer la marche ou le vélo plutôt que la voiture;Transport;FURET;Furet gris;furet1;45789;0.506;0;0
E04;Eteindre les écrans (ordinateur. télévision. …) pour diminuer la consommation d’électricité;Electricité;FURET;Furet gris;furet1;45789;0.15988;0;1
E02;Ouvrir les volets et ne pas allumer la lumière quand il fait jour dehors. ou éteindre lorsque la lumière extérieure le permet;Electricité;FURET;Furet gris;furet1;45789;0.027408;0;0
E11;Couvrir les casseroles lorsqu’on fait bouillir de l’eau ou pour cuire…;Electricité;FURET;Furet gris;furet1;45789;0.00293;0;0
E10;Faire sécher son linge à l'air libre au lieu d'utiliser le sèche linge chaque fois qu'on peut;Electricité;FURET;Furet gris;furet1;45789;0.413462;0;0
E08;Eteindre le chauffage lorsqu’on aère une pièce;Electricité;FURET;Furet gris;furet1;45789;0.000173;0;0
E01;Eteindre la lumière quand on quitte une pièce. quand on n’en a pas besoin;Electricité;FURET;Furet gris;furet1;45789;0.027408;0;0
C03;Acheter des fruits ou légumes de saison;Courses;FURET;Furet gris;furet5;45789;6.932;0;0
D15;Economiser les mouchoirs en papier. l'essuie-tout et le papier toilette;Déchets;FURET;Furet gris;furet5;45789;0.009591;0;0.8
D09;Faire du compost avec les déchets végétaux ou donner les restes alimentaires aux poules…;Déchets;FURET;Furet gris;furet5;45789;0.0623;0;1.75
D07;Vendre ou donner les vêtements. les objets. les jouets dont on ne veut plus (trop petits…);Déchets;FURET;Furet gris;furet5;45789;0.017374;2500;0
D04;Ramasser les papiers et les déchets par terre pour les mettre à la poubelle;Déchets;FURET;Furet gris;furet5;45789;0.00947;0;0.1
D02;Tout manger ce qu’il y a dans nos assiettes (cantine/maison);Déchets;FURET;Furet gris;furet5;45789;2.453511;0;1.390385
B04;Faire un jardin potager;Biodiversité;FURET;Furet gris;furet5;45789;4.48;0;0
W04;Tirer la petite chasse d’eau quand on fait pipi;Eau;FURET;Furet gris;furet5;45789;0.006501;16.5;0
W02;Couper l’eau quand on se brosse les dents : mettre de l’eau dans un verre pour se rincer;Eau;FURET;Furet gris;furet5;45789;0.05;28;0
W01;Prendre des douches rapides;Eau;FURET;Furet gris;furet5;45789;0.25;224;0
E04;Eteindre les écrans (ordinateur. télévision. …) pour diminuer la consommation d’électricité;Electricité;FURET;Furet gris;furet5;45789;0.15988;0;1
E11;Couvrir les casseroles lorsqu’on fait bouillir de l’eau ou pour cuire…;Electricité;FURET;Furet gris;furet5;45789;0.00293;0;0
E08;Eteindre le chauffage lorsqu’on aère une pièce;Electricité;FURET;Furet gris;furet5;45789;0.000173;0;0
C06;Faire ses repas, gouter, compotes sois même plutôt que d’acheter des plats préparés;Courses;FURET;Furet gris;furet5;45789;1.260407;0;0.180058
W02;Utiliser une seule dose de savon;Courses;FURET;Furet gris;furet5;45789;0.05;28;0
D10;Ne pas acheter de bouteilles en plastique : boire à la gourde;Déchets;FURET;Furet gris;furet5;45789;0.54243;0;0.21
D08;Utiliser les bacs de tri;Déchets;FURET;Furet gris;furet5;45789;0.866962;0;0
D06;Prendre soin de ses affaires pour les faire durer plus longtemps (reboucher les feutres… ne pas casser. ne pas lancer…);Déchets;FURET;Furet gris;furet5;45789;0.017374;0;0.183462
D03;Ne pas jeter de déchets dans la nature (chewing-gums. sacs. canettes. bouteilles…);Déchets;FURET;Furet gris;furet5;45789;0.424875;0;4.486538
D01;Limiter l'utilisation du papier : Utiliser les feuilles des 2 côtés / faire du brouillon / Utiliser l'ardoise pour chercher / Prendre du papier recyclé…;Déchets;FURET;Furet gris;furet5;45789;0.009641;0;0.8
B02;Ne pas tuer les araignées. les insectes (les mettre dehors…);Biodiversité;FURET;Furet gris;furet5;45789;0;0;0
B01;Ne pas cueillir de plante dans la nature;Biodiversité;FURET;Furet gris;furet5;45789;0;0;0
T03;Préférer la marche ou le vélo plutôt que la voiture;Transport;FURET;Furet gris;furet5;45789;0.506;0;0
T06;Couper le moteur de la voiture quand elle ne roule pas;Transport;FURET;Furet gris;furet5;45789;1.518;0;0
T04;Faire du covoiturage;Transport;FURET;Furet gris;furet5;45789;0.506;0;0
W07;Vider le reste de sa gourde dans les plantes;Eau;FURET;Furet gris;furet5;45789;0;0.000013;0
W03;Ne pas faire couler l’eau trop longtemps quand on se lave les mains;Eau;FURET;Furet gris;furet5;45789;0.004964;12.6;0
W05;Prendre une douche plutôt qu’un bain;Eau;FURET;Furet gris;furet5;45789;0.140658;357;0
E05;Préférer les ampoules à basse consommation;Electricité;FURET;Furet gris;furet5;45789;0.072803;0;0
E02;Ouvrir les volets et ne pas allumer la lumière quand il fait jour dehors. ou éteindre lorsque la lumière extérieure le permet;Electricité;FURET;Furet gris;furet5;45789;0.027408;0;0
E10;Faire sécher son linge à l'air libre au lieu d'utiliser le sèche linge chaque fois qu'on peut;Electricité;FURET;Furet gris;furet5;45789;0.413462;0;0
E01;Eteindre la lumière quand on quitte une pièce. quand on n’en a pas besoin;Electricité;FURET;Furet gris;furet5;45789;0.027408;0;0
W02;Utiliser une seule dose de savon;Courses;FURET;Furet gris;furet9;45801;0.05;28;0
D10;Ne pas acheter de bouteilles en plastique : boire à la gourde;Déchets;FURET;Furet gris;furet9;45801;0.54243;0;0.21
D08;Utiliser les bacs de tri;Déchets;FURET;Furet gris;furet9;45801;0.866962;0;0
D07;Vendre ou donner les vêtements. les objets. les jouets dont on ne veut plus (trop petits…);Déchets;FURET;Furet gris;furet9;45801;0.017374;2500;0
D06;Prendre soin de ses affaires pour les faire durer plus longtemps (reboucher les feutres… ne pas casser. ne pas lancer…);Déchets;FURET;Furet gris;furet9;45801;0.017374;0;0.183462
D04;Ramasser les papiers et les déchets par terre pour les mettre à la poubelle;Déchets;FURET;Furet gris;furet9;45801;0.00947;0;0.1
D03;Ne pas jeter de déchets dans la nature (chewing-gums. sacs. canettes. bouteilles…);Déchets;FURET;Furet gris;furet9;45801;0.424875;0;4.486538
D02;Tout manger ce qu’il y a dans nos assiettes (cantine/maison);Déchets;FURET;Furet gris;furet9;45801;2.453511;0;1.390385
D01;Limiter l'utilisation du papier : Utiliser les feuilles des 2 côtés / faire du brouillon / Utiliser l'ardoise pour chercher / Prendre du papier recyclé…;Déchets;FURET;Furet gris;furet9;45801;0.009641;0;0.8
B02;Ne pas tuer les araignées. les insectes (les mettre dehors…);Biodiversité;FURET;Furet gris;furet9;45801;0;0;0
B01;Ne pas cueillir de plante dans la nature;Biodiversité;FURET;Furet gris;furet9;45801;0;0;0
W07;Vider le reste de sa gourde dans les plantes;Eau;FURET;Furet gris;furet9;45801;0;0.000013;0
W04;Tirer la petite chasse d’eau quand on fait pipi;Eau;FURET;Furet gris;furet9;45801;0.006501;16.5;0
W03;Ne pas faire couler l’eau trop longtemps quand on se lave les mains;Eau;FURET;Furet gris;furet9;45801;0.004964;12.6;0
W02;Couper l’eau quand on se brosse les dents : mettre de l’eau dans un verre pour se rincer;Eau;FURET;Furet gris;furet9;45801;0.05;28;0
W05;Prendre une douche plutôt qu’un bain;Eau;FURET;Furet gris;furet9;45801;0.140658;357;0
W01;Prendre des douches rapides;Eau;FURET;Furet gris;furet9;45801;0.25;224;0
T06;Couper le moteur de la voiture quand elle ne roule pas;Transport;FURET;Furet gris;furet9;45801;1.518;0;0
E05;Préférer les ampoules à basse consommation;Electricité;FURET;Furet gris;furet9;45801;0.072803;0;0
E04;Eteindre les écrans (ordinateur. télévision. …) pour diminuer la consommation d’électricité;Electricité;FURET;Furet gris;furet9;45801;0.15988;0;1
E02;Ouvrir les volets et ne pas allumer la lumière quand il fait jour dehors. ou éteindre lorsque la lumière extérieure le permet;Electricité;FURET;Furet gris;furet9;45801;0.027408;0;0
E11;Couvrir les casseroles lorsqu’on fait bouillir de l’eau ou pour cuire…;Electricité;FURET;Furet gris;furet9;45801;0.00293;0;0
E08;Eteindre le chauffage lorsqu’on aère une pièce;Electricité;FURET;Furet gris;furet9;45801;0.000173;0;0
E01;Eteindre la lumière quand on quitte une pièce. quand on n’en a pas besoin;Electricité;FURET;Furet gris;furet9;45801;0.027408;0;0
C06;Faire ses repas, gouter, compotes sois même plutôt que d’acheter des plats préparés;Courses;FURET;Furet gris;furet5;45803;1.260407;0;0.180058
W02;Utiliser une seule dose de savon;Courses;FURET;Furet gris;furet5;45803;0.05;28;0
D09;Faire du compost avec les déchets végétaux ou donner les restes alimentaires aux poules…;Déchets;FURET;Furet gris;furet5;45803;0.0623;0;1.75
D07;Vendre ou donner les vêtements. les objets. les jouets dont on ne veut plus (trop petits…);Déchets;FURET;Furet gris;furet5;45803;0.017374;2500;0
D03;Ne pas jeter de déchets dans la nature (chewing-gums. sacs. canettes. bouteilles…);Déchets;FURET;Furet gris;furet5;45803;0.424875;0;4.486538
D01;Limiter l'utilisation du papier : Utiliser les feuilles des 2 côtés / faire du brouillon / Utiliser l'ardoise pour chercher / Prendre du papier recyclé…;Déchets;FURET;Furet gris;furet5;45803;0.009641;0;0.8
W07;Vider le reste de sa gourde dans les plantes;Eau;FURET;Furet gris;furet5;45803;0;0.000013;0
W03;Ne pas faire couler l’eau trop longtemps quand on se lave les mains;Eau;FURET;Furet gris;furet5;45803;0.004964;12.6;0
W05;Prendre une douche plutôt qu’un bain;Eau;FURET;Furet gris;furet5;45803;0.140658;357;0
T03;Préférer la marche ou le vélo plutôt que la voiture;Transport;FURET;Furet gris;furet5;45803;0.506;0;0
T04;Faire du covoiturage;Transport;FURET;Furet gris;furet5;45803;0.506;0;0
E05;Préférer les ampoules à basse consommation;Electricité;FURET;Furet gris;furet5;45803;0.072803;0;0
E02;Ouvrir les volets et ne pas allumer la lumière quand il fait jour dehors. ou éteindre lorsque la lumière extérieure le permet;Electricité;FURET;Furet gris;furet5;45803;0.027408;0;0
E10;Faire sécher son linge à l'air libre au lieu d'utiliser le sèche linge chaque fois qu'on peut;Electricité;FURET;Furet gris;furet5;45803;0.413462;0;0
E01;Eteindre la lumière quand on quitte une pièce. quand on n’en a pas besoin;Electricité;FURET;Furet gris;furet5;45803;0.027408;0;0
C03;Acheter des fruits ou légumes de saison;Courses;FURET;Furet gris;furet5;45803;6.932;0;0
D15;Economiser les mouchoirs en papier. l'essuie-tout et le papier toilette;Déchets;FURET;Furet gris;furet5;45803;0.009591;0;0.8
D10;Ne pas acheter de bouteilles en plastique : boire à la gourde;Déchets;FURET;Furet gris;furet5;45803;0.54243;0;0.21
D08;Utiliser les bacs de tri;Déchets;FURET;Furet gris;furet5;45803;0.866962;0;0
D06;Prendre soin de ses affaires pour les faire durer plus longtemps (reboucher les feutres… ne pas casser. ne pas lancer…);Déchets;FURET;Furet gris;furet5;45803;0.017374;0;0.183462
D02;Tout manger ce qu’il y a dans nos assiettes (cantine/maison);Déchets;FURET;Furet gris;furet5;45803;2.453511;0;1.390385
B04;Faire un jardin potager;Biodiversité;FURET;Furet gris;furet5;45803;4.48;0;0
W04;Tirer la petite chasse d’eau quand on fait pipi;Eau;FURET;Furet gris;furet5;45803;0.006501;16.5;0
W02;Couper l’eau quand on se brosse les dents : mettre de l’eau dans un verre pour se rincer;Eau;FURET;Furet gris;furet5;45803;0.05;28;0
W01;Prendre des douches rapides;Eau;FURET;Furet gris;furet5;45803;0.25;224;0
T06;Couper le moteur de la voiture quand elle ne roule pas;Transport;FURET;Furet gris;furet5;45803;1.518;0;0
E06;Préférer les piles rechargeables;Electricité;FURET;Furet gris;furet5;45803;0.097538;0;0
E04;Eteindre les écrans (ordinateur. télévision. …) pour diminuer la consommation d’électricité;Electricité;FURET;Furet gris;furet5;45803;0.15988;0;1
E11;Couvrir les casseroles lorsqu’on fait bouillir de l’eau ou pour cuire…;Electricité;FURET;Furet gris;furet5;45803;0.00293;0;0
E08;Eteindre le chauffage lorsqu’on aère une pièce;Electricité;FURET;Furet gris;furet5;45803;0.000173;0;0
C06;Faire ses repas, gouter, compotes sois même plutôt que d’acheter des plats préparés;Courses;FURET;Furet gris;furet6;45804;1.260407;0;0.180058
W02;Utiliser une seule dose de savon;Courses;FURET;Furet gris;furet6;45804;0.05;28;0
B01;Ne pas cueillir de plante dans la nature;Biodiversité;FURET;Furet gris;furet6;45804;0;0;0
W04;Tirer la petite chasse d’eau quand on fait pipi;Eau;FURET;Furet gris;furet6;45804;0.006501;16.5;0
W02;Couper l’eau quand on se brosse les dents : mettre de l’eau dans un verre pour se rincer;Eau;FURET;Furet gris;furet6;45804;0.05;28;0
W01;Prendre des douches rapides;Eau;FURET;Furet gris;furet6;45804;0.25;224;0
E05;Préférer les ampoules à basse consommation;Electricité;FURET;Furet gris;furet6;45804;0.072803;0;0
E02;Ouvrir les volets et ne pas allumer la lumière quand il fait jour dehors. ou éteindre lorsque la lumière extérieure le permet;Electricité;FURET;Furet gris;furet6;45804;0.027408;0;0
E10;Faire sécher son linge à l'air libre au lieu d'utiliser le sèche linge chaque fois qu'on peut;Electricité;FURET;Furet gris;furet6;45804;0.413462;0;0
W02;Utiliser une seule dose de savon;Courses;FURET;Furet gris;furet9;45815;0.05;28;0
D08;Utiliser les bacs de tri;Déchets;FURET;Furet gris;furet9;45815;0.866962;0;0
D06;Prendre soin de ses affaires pour les faire durer plus longtemps (reboucher les feutres… ne pas casser. ne pas lancer…);Déchets;FURET;Furet gris;furet9;45815;0.017374;0;0.183462
B01;Ne pas cueillir de plante dans la nature;Biodiversité;FURET;Furet gris;furet9;45815;0;0;0
W04;Tirer la petite chasse d’eau quand on fait pipi;Eau;FURET;Furet gris;furet9;45815;0.006501;16.5;0
W02;Couper l’eau quand on se brosse les dents : mettre de l’eau dans un verre pour se rincer;Eau;FURET;Furet gris;furet9;45815;0.05;28;0
W01;Prendre des douches rapides;Eau;FURET;Furet gris;furet9;45815;0.25;224;0
E05;Préférer les ampoules à basse consommation;Electricité;FURET;Furet gris;furet9;45815;0.072803;0;0
E02;Ouvrir les volets et ne pas allumer la lumière quand il fait jour dehors. ou éteindre lorsque la lumière extérieure le permet;Electricité;FURET;Furet gris;furet9;45815;0.027408;0;0
E08;Eteindre le chauffage lorsqu’on aère une pièce;Electricité;FURET;Furet gris;furet9;45815;0.000173;0;0
C03;Acheter des fruits ou légumes de saison;Courses;FURET;Furet gris;furet6;45804;6.932;0;0
D15;Economiser les mouchoirs en papier. l'essuie-tout et le papier toilette;Déchets;FURET;Furet gris;furet6;45804;0.009591;0;0.8
B02;Ne pas tuer les araignées. les insectes (les mettre dehors…);Biodiversité;FURET;Furet gris;furet6;45804;0;0;0
W03;Ne pas faire couler l’eau trop longtemps quand on se lave les mains;Eau;FURET;Furet gris;furet6;45804;0.004964;12.6;0
W05;Prendre une douche plutôt qu’un bain;Eau;FURET;Furet gris;furet6;45804;0.140658;357;0
T03;Préférer la marche ou le vélo plutôt que la voiture;Transport;FURET;Furet gris;furet6;45804;0.506;0;0
E04;Eteindre les écrans (ordinateur. télévision. …) pour diminuer la consommation d’électricité;Electricité;FURET;Furet gris;furet6;45804;0.15988;0;1
E11;Couvrir les casseroles lorsqu’on fait bouillir de l’eau ou pour cuire…;Electricité;FURET;Furet gris;furet6;45804;0.00293;0;0
E01;Eteindre la lumière quand on quitte une pièce. quand on n’en a pas besoin;Electricité;FURET;Furet gris;furet6;45804;0.027408;0;0
C03;Acheter des fruits ou légumes de saison;Courses;FURET;Furet gris;furet9;45815;6.932;0;0
D10;Ne pas acheter de bouteilles en plastique : boire à la gourde;Déchets;FURET;Furet gris;furet9;45815;0.54243;0;0.21
D07;Vendre ou donner les vêtements. les objets. les jouets dont on ne veut plus (trop petits…);Déchets;FURET;Furet gris;furet9;45815;0.017374;2500;0
D04;Ramasser les papiers et les déchets par terre pour les mettre à la poubelle;Déchets;FURET;Furet gris;furet9;45815;0.00947;0;0.1
W07;Vider le reste de sa gourde dans les plantes;Eau;FURET;Furet gris;furet9;45815;0;0.000013;0
W03;Ne pas faire couler l’eau trop longtemps quand on se lave les mains;Eau;FURET;Furet gris;furet9;45815;0.004964;12.6;0
W05;Prendre une douche plutôt qu’un bain;Eau;FURET;Furet gris;furet9;45815;0.140658;357;0
T06;Couper le moteur de la voiture quand elle ne roule pas;Transport;FURET;Furet gris;furet9;45815;1.518;0;0
E04;Eteindre les écrans (ordinateur. télévision. …) pour diminuer la consommation d’électricité;Electricité;FURET;Furet gris;furet9;45815;0.15988;0;1
E11;Couvrir les casseroles lorsqu’on fait bouillir de l’eau ou pour cuire…;Electricité;FURET;Furet gris;furet9;45815;0.00293;0;0
E01;Eteindre la lumière quand on quitte une pièce. quand on n’en a pas besoin;Electricité;FURET;Furet gris;furet9;45815;0.027408;0;0
C06;Faire ses repas, gouter, compotes sois même plutôt que d’acheter des plats préparés;Courses;FURET;Furet gris;furet5;45817;1.260407;0;0.180058
W02;Utiliser une seule dose de savon;Courses;FURET;Furet gris;furet5;45817;0.05;28;0
D15;Economiser les mouchoirs en papier. l'essuie-tout et le papier toilette;Déchets;FURET;Furet gris;furet5;45817;0.009591;0;0.8
D09;Faire du compost avec les déchets végétaux ou donner les restes alimentaires aux poules…;Déchets;FURET;Furet gris;furet5;45817;0.0623;0;1.75
D07;Vendre ou donner les vêtements. les objets. les jouets dont on ne veut plus (trop petits…);Déchets;FURET;Furet gris;furet5;45817;0.017374;2500;0
D03;Ne pas jeter de déchets dans la nature (chewing-gums. sacs. canettes. bouteilles…);Déchets;FURET;Furet gris;furet5;45817;0.424875;0;4.486538
D01;Limiter l'utilisation du papier : Utiliser les feuilles des 2 côtés / faire du brouillon / Utiliser l'ardoise pour chercher / Prendre du papier recyclé…;Déchets;FURET;Furet gris;furet5;45817;0.009641;0;0.8
B04;Faire un jardin potager;Biodiversité;FURET;Furet gris;furet5;45817;4.48;0;0
B02;Ne pas tuer les araignées. les insectes (les mettre dehors…);Biodiversité;FURET;Furet gris;furet5;45817;0;0;0
W07;Vider le reste de sa gourde dans les plantes;Eau;FURET;Furet gris;furet5;45817;0;0.000013;0
W03;Ne pas faire couler l’eau trop longtemps quand on se lave les mains;Eau;FURET;Furet gris;furet5;45817;0.004964;12.6;0
W05;Prendre une douche plutôt qu’un bain;Eau;FURET;Furet gris;furet5;45817;0.140658;357;0
D08;Utiliser les bacs de tri;Déchets;FURET;Furet gris;furet3;45805;0.866962;0;0
D06;Prendre soin de ses affaires pour les faire durer plus longtemps (reboucher les feutres… ne pas casser. ne pas lancer…);Déchets;FURET;Furet gris;furet3;45805;0.017374;0;0.183462
C03;Acheter des fruits ou légumes de saison;Courses;FURET;Furet gris;furet5;45817;6.932;0;0
D11;Acheter des produits en vrac. éviter les emballages individuels…;Déchets;FURET;Furet gris;furet5;45817;0.38;0;0.67
D10;Ne pas acheter de bouteilles en plastique : boire à la gourde;Déchets;FURET;Furet gris;furet5;45817;0.54243;0;0.21
D08;Utiliser les bacs de tri;Déchets;FURET;Furet gris;furet5;45817;0.866962;0;0
D06;Prendre soin de ses affaires pour les faire durer plus longtemps (reboucher les feutres… ne pas casser. ne pas lancer…);Déchets;FURET;Furet gris;furet5;45817;0.017374;0;0.183462
D04;Ramasser les papiers et les déchets par terre pour les mettre à la poubelle;Déchets;FURET;Furet gris;furet5;45817;0.00947;0;0.1
D02;Tout manger ce qu’il y a dans nos assiettes (cantine/maison);Déchets;FURET;Furet gris;furet5;45817;2.453511;0;1.390385
B03;Donner à manger aux oiseaux dans son jardin ou sur son balcon;Biodiversité;FURET;Furet gris;furet5;45817;0;0;0
B01;Ne pas cueillir de plante dans la nature;Biodiversité;FURET;Furet gris;furet5;45817;0;0;0
W04;Tirer la petite chasse d’eau quand on fait pipi;Eau;FURET;Furet gris;furet5;45817;0.006501;16.5;0
W02;Couper l’eau quand on se brosse les dents : mettre de l’eau dans un verre pour se rincer;Eau;FURET;Furet gris;furet5;45817;0.05;28;0
W01;Prendre des douches rapides;Eau;FURET;Furet gris;furet5;45817;0.25;224;0
T03;Préférer la marche ou le vélo plutôt que la voiture;Transport;FURET;Furet gris;furet5;45817;0.506;0;0
T04;Faire du covoiturage;Transport;FURET;Furet gris;furet5;45817;0.506;0;0
E05;Préférer les ampoules à basse consommation;Electricité;FURET;Furet gris;furet5;45817;0.072803;0;0
E02;Ouvrir les volets et ne pas allumer la lumière quand il fait jour dehors. ou éteindre lorsque la lumière extérieure le permet;Electricité;FURET;Furet gris;furet5;45817;0.027408;0;0
E10;Faire sécher son linge à l'air libre au lieu d'utiliser le sèche linge chaque fois qu'on peut;Electricité;FURET;Furet gris;furet5;45817;0.413462;0;0
E01;Eteindre la lumière quand on quitte une pièce. quand on n’en a pas besoin;Electricité;FURET;Furet gris;furet5;45817;0.027408;0;0
T04;Faire du covoiturage;Transport;FURET;Furet gris;furet5;45810;0.506;0;0
E04;Eteindre les écrans (ordinateur. télévision. …) pour diminuer la consommation d’électricité;Electricité;FURET;Furet gris;furet5;45810;0.15988;0;1
E11;Couvrir les casseroles lorsqu’on fait bouillir de l’eau ou pour cuire…;Electricité;FURET;Furet gris;furet5;45810;0.00293;0;0
E08;Eteindre le chauffage lorsqu’on aère une pièce;Electricité;FURET;Furet gris;furet5;45810;0.000173;0;0
T06;Couper le moteur de la voiture quand elle ne roule pas;Transport;FURET;Furet gris;furet5;45817;1.518;0;0
E06;Préférer les piles rechargeables;Electricité;FURET;Furet gris;furet5;45817;0.097538;0;0
E04;Eteindre les écrans (ordinateur. télévision. …) pour diminuer la consommation d’électricité;Electricité;FURET;Furet gris;furet5;45817;0.15988;0;1
E11;Couvrir les casseroles lorsqu’on fait bouillir de l’eau ou pour cuire…;Electricité;FURET;Furet gris;furet5;45817;0.00293;0;0
E08;Eteindre le chauffage lorsqu’on aère une pièce;Electricité;FURET;Furet gris;furet5;45817;0.000173;0;0
E05;Préférer les ampoules à basse consommation;Electricité;FURET;Furet gris;furet5;45810;0.072803;0;0
E02;Ouvrir les volets et ne pas allumer la lumière quand il fait jour dehors. ou éteindre lorsque la lumière extérieure le permet;Electricité;FURET;Furet gris;furet5;45810;0.027408;0;0
W04;Tirer la petite chasse d’eau quand on fait pipi;Eau;FURET;Furet gris;furet3;45805;0.006501;16.5;0
W03;Ne pas faire couler l’eau trop longtemps quand on se lave les mains;Eau;FURET;Furet gris;furet3;45805;0.004964;12.6;0
W05;Prendre une douche plutôt qu’un bain;Eau;FURET;Furet gris;furet3;45805;0.140658;357;0
W01;Prendre des douches rapides;Eau;FURET;Furet gris;furet3;45805;0.25;224;0
E05;Préférer les ampoules à basse consommation;Electricité;FURET;Furet gris;furet3;45805;0.072803;0;0
E02;Ouvrir les volets et ne pas allumer la lumière quand il fait jour dehors. ou éteindre lorsque la lumière extérieure le permet;Electricité;FURET;Furet gris;furet3;45805;0.027408;0;0
E04;Eteindre les écrans (ordinateur. télévision. …) pour diminuer la consommation d’électricité;Electricité;FURET;Furet gris;furet3;45805;0.15988;0;1
E11;Couvrir les casseroles lorsqu’on fait bouillir de l’eau ou pour cuire…;Electricité;FURET;Furet gris;furet3;45805;0.00293;0;0
E10;Faire sécher son linge à l'air libre au lieu d'utiliser le sèche linge chaque fois qu'on peut;Electricité;FURET;Furet gris;furet3;45805;0.413462;0;0
E08;Eteindre le chauffage lorsqu’on aère une pièce;Electricité;FURET;Furet gris;furet3;45805;0.000173;0;0
E01;Eteindre la lumière quand on quitte une pièce. quand on n’en a pas besoin;Electricité;FURET;Furet gris;furet3;45805;0.027408;0;0
C06;Faire ses repas, gouter, compotes sois même plutôt que d’acheter des plats préparés;Courses;FURET;Furet gris;furet3;45805;1.260407;0;0.180058
C03;Acheter des fruits ou légumes de saison;Courses;FURET;Furet gris;furet3;45805;6.932;0;0
W02;Utiliser une seule dose de savon;Courses;FURET;Furet gris;furet3;45805;0.05;28;0
D10;Ne pas acheter de bouteilles en plastique : boire à la gourde;Déchets;FURET;Furet gris;furet3;45805;0.54243;0;0.21
D03;Ne pas jeter de déchets dans la nature (chewing-gums. sacs. canettes. bouteilles…);Déchets;FURET;Furet gris;furet3;45805;0.424875;0;4.486538
D01;Limiter l'utilisation du papier : Utiliser les feuilles des 2 côtés / faire du brouillon / Utiliser l'ardoise pour chercher / Prendre du papier recyclé…;Déchets;FURET;Furet gris;furet3;45805;0.009641;0;0.8
B03;Donner à manger aux oiseaux dans son jardin ou sur son balcon;Biodiversité;FURET;Furet gris;furet3;45805;0;0;0
T06;Couper le moteur de la voiture quand elle ne roule pas;Transport;FURET;Furet gris;furet3;45805;1.518;0;0
C03;Acheter des fruits ou légumes de saison;Courses;FURET;Furet gris;furet5;45810;6.932;0;0
D11;Acheter des produits en vrac. éviter les emballages individuels…;Déchets;FURET;Furet gris;furet5;45810;0.38;0;0.67
D10;Ne pas acheter de bouteilles en plastique : boire à la gourde;Déchets;FURET;Furet gris;furet5;45810;0.54243;0;0.21
D08;Utiliser les bacs de tri;Déchets;FURET;Furet gris;furet5;45810;0.866962;0;0
D06;Prendre soin de ses affaires pour les faire durer plus longtemps (reboucher les feutres… ne pas casser. ne pas lancer…);Déchets;FURET;Furet gris;furet5;45810;0.017374;0;0.183462
D02;Tout manger ce qu’il y a dans nos assiettes (cantine/maison);Déchets;FURET;Furet gris;furet5;45810;2.453511;0;1.390385
B03;Donner à manger aux oiseaux dans son jardin ou sur son balcon;Biodiversité;FURET;Furet gris;furet5;45810;0;0;0
W07;Vider le reste de sa gourde dans les plantes;Eau;FURET;Furet gris;furet5;45810;0;0.000013;0
W03;Ne pas faire couler l’eau trop longtemps quand on se lave les mains;Eau;FURET;Furet gris;furet5;45810;0.004964;12.6;0
D07;Vendre ou donner les vêtements. les objets. les jouets dont on ne veut plus (trop petits…);Déchets;FURET;Furet gris;furet3;45805;0.017374;2500;0
D04;Ramasser les papiers et les déchets par terre pour les mettre à la poubelle;Déchets;FURET;Furet gris;furet3;45805;0.00947;0;0.1
D02;Tout manger ce qu’il y a dans nos assiettes (cantine/maison);Déchets;FURET;Furet gris;furet3;45805;2.453511;0;1.390385
B04;Faire un jardin potager;Biodiversité;FURET;Furet gris;furet3;45805;4.48;0;0
W02;Couper l’eau quand on se brosse les dents : mettre de l’eau dans un verre pour se rincer;Eau;FURET;Furet gris;furet3;45805;0.05;28;0
B01;Ne pas cueillir de plante dans la nature;Biodiversité;FURET;Furet gris;furet3;45805;0;0;0
C06;Faire ses repas, gouter, compotes sois même plutôt que d’acheter des plats préparés;Courses;FURET;Furet gris;furet5;45810;1.260407;0;0.180058
W02;Utiliser une seule dose de savon;Courses;FURET;Furet gris;furet5;45810;0.05;28;0
D15;Economiser les mouchoirs en papier. l'essuie-tout et le papier toilette;Déchets;FURET;Furet gris;furet5;45810;0.009591;0;0.8
D09;Faire du compost avec les déchets végétaux ou donner les restes alimentaires aux poules…;Déchets;FURET;Furet gris;furet5;45810;0.0623;0;1.75
D07;Vendre ou donner les vêtements. les objets. les jouets dont on ne veut plus (trop petits…);Déchets;FURET;Furet gris;furet5;45810;0.017374;2500;0
D03;Ne pas jeter de déchets dans la nature (chewing-gums. sacs. canettes. bouteilles…);Déchets;FURET;Furet gris;furet5;45810;0.424875;0;4.486538
B04;Faire un jardin potager;Biodiversité;FURET;Furet gris;furet5;45810;4.48;0;0
B01;Ne pas cueillir de plante dans la nature;Biodiversité;FURET;Furet gris;furet5;45810;0;0;0
W04;Tirer la petite chasse d’eau quand on fait pipi;Eau;FURET;Furet gris;furet5;45810;0.006501;16.5;0
W02;Couper l’eau quand on se brosse les dents : mettre de l’eau dans un verre pour se rincer;Eau;FURET;Furet gris;furet5;45810;0.05;28;0
W05;Prendre une douche plutôt qu’un bain;Eau;FURET;Furet gris;furet5;45810;0.140658;357;0
W01;Prendre des douches rapides;Eau;FURET;Furet gris;furet5;45810;0.25;224;0
T03;Préférer la marche ou le vélo plutôt que la voiture;Transport;FURET;Furet gris;furet5;45810;0.506;0;0
T06;Couper le moteur de la voiture quand elle ne roule pas;Transport;FURET;Furet gris;furet5;45810;1.518;0;0
E10;Faire sécher son linge à l'air libre au lieu d'utiliser le sèche linge chaque fois qu'on peut;Electricité;FURET;Furet gris;furet5;45810;0.413462;0;0
E01;Eteindre la lumière quand on quitte une pièce. quand on n’en a pas besoin;Electricité;FURET;Furet gris;furet5;45810;0.027408;0;0
C06;Faire ses repas, gouter, compotes sois même plutôt que d’acheter des plats préparés;Courses;FURET;Furet gris;furet6;45811;1.260407;0;0.180058
C03;Acheter des fruits ou légumes de saison;Courses;FURET;Furet gris;furet6;45811;6.932;0;0
W02;Utiliser une seule dose de savon;Courses;FURET;Furet gris;furet6;45811;0.05;28;0
D15;Economiser les mouchoirs en papier. l'essuie-tout et le papier toilette;Déchets;FURET;Furet gris;furet6;45811;0.009591;0;0.8
D08;Utiliser les bacs de tri;Déchets;FURET;Furet gris;furet6;45811;0.866962;0;0
D07;Vendre ou donner les vêtements. les objets. les jouets dont on ne veut plus (trop petits…);Déchets;FURET;Furet gris;furet6;45811;0.017374;2500;0
D06;Prendre soin de ses affaires pour les faire durer plus longtemps (reboucher les feutres… ne pas casser. ne pas lancer…);Déchets;FURET;Furet gris;furet6;45811;0.017374;0;0.183462
D03;Ne pas jeter de déchets dans la nature (chewing-gums. sacs. canettes. bouteilles…);Déchets;FURET;Furet gris;furet6;45811;0.424875;0;4.486538
D02;Tout manger ce qu’il y a dans nos assiettes (cantine/maison);Déchets;FURET;Furet gris;furet6;45811;2.453511;0;1.390385
D01;Limiter l'utilisation du papier : Utiliser les feuilles des 2 côtés / faire du brouillon / Utiliser l'ardoise pour chercher / Prendre du papier recyclé…;Déchets;FURET;Furet gris;furet6;45811;0.009641;0;0.8
B02;Ne pas tuer les araignées. les insectes (les mettre dehors…);Biodiversité;FURET;Furet gris;furet6;45811;0;0;0
B01;Ne pas cueillir de plante dans la nature;Biodiversité;FURET;Furet gris;furet6;45811;0;0;0
W04;Tirer la petite chasse d’eau quand on fait pipi;Eau;FURET;Furet gris;furet6;45811;0.006501;16.5;0
W03;Ne pas faire couler l’eau trop longtemps quand on se lave les mains;Eau;FURET;Furet gris;furet6;45811;0.004964;12.6;0
W02;Couper l’eau quand on se brosse les dents : mettre de l’eau dans un verre pour se rincer;Eau;FURET;Furet gris;furet6;45811;0.05;28;0
W05;Prendre une douche plutôt qu’un bain;Eau;FURET;Furet gris;furet6;45811;0.140658;357;0
W01;Prendre des douches rapides;Eau;FURET;Furet gris;furet6;45811;0.25;224;0
T03;Préférer la marche ou le vélo plutôt que la voiture;Transport;FURET;Furet gris;furet6;45811;0.506;0;0
T06;Couper le moteur de la voiture quand elle ne roule pas;Transport;FURET;Furet gris;furet6;45811;1.518;0;0
E05;Préférer les ampoules à basse consommation;Electricité;FURET;Furet gris;furet6;45811;0.072803;0;0
E04;Eteindre les écrans (ordinateur. télévision. …) pour diminuer la consommation d’électricité;Electricité;FURET;Furet gris;furet6;45811;0.15988;0;1
E02;Ouvrir les volets et ne pas allumer la lumière quand il fait jour dehors. ou éteindre lorsque la lumière extérieure le permet;Electricité;FURET;Furet gris;furet6;45811;0.027408;0;0
E11;Couvrir les casseroles lorsqu’on fait bouillir de l’eau ou pour cuire…;Electricité;FURET;Furet gris;furet6;45811;0.00293;0;0
E10;Faire sécher son linge à l'air libre au lieu d'utiliser le sèche linge chaque fois qu'on peut;Electricité;FURET;Furet gris;furet6;45811;0.413462;0;0
E01;Eteindre la lumière quand on quitte une pièce. quand on n’en a pas besoin;Electricité;FURET;Furet gris;furet6;45811;0.027408;0;0
C03;Acheter des fruits ou légumes de saison;Courses;FURET;Furet gris;furet2;45818;6.932;0;0
D15;Economiser les mouchoirs en papier. l'essuie-tout et le papier toilette;Déchets;FURET;Furet gris;furet2;45818;0.009591;0;0.8
D08;Utiliser les bacs de tri;Déchets;FURET;Furet gris;furet2;45818;0.866962;0;0
D06;Prendre soin de ses affaires pour les faire durer plus longtemps (reboucher les feutres… ne pas casser. ne pas lancer…);Déchets;FURET;Furet gris;furet2;45818;0.017374;0;0.183462
D03;Ne pas jeter de déchets dans la nature (chewing-gums. sacs. canettes. bouteilles…);Déchets;FURET;Furet gris;furet2;45818;0.424875;0;4.486538
B02;Ne pas tuer les araignées. les insectes (les mettre dehors…);Biodiversité;FURET;Furet gris;furet2;45818;0;0;0
W07;Vider le reste de sa gourde dans les plantes;Eau;FURET;Furet gris;furet2;45818;0;0.000013;0
W03;Ne pas faire couler l’eau trop longtemps quand on se lave les mains;Eau;FURET;Furet gris;furet2;45818;0.004964;12.6;0
W05;Prendre une douche plutôt qu’un bain;Eau;FURET;Furet gris;furet2;45818;0.140658;357;0
E04;Eteindre les écrans (ordinateur. télévision. …) pour diminuer la consommation d’électricité;Electricité;FURET;Furet gris;furet2;45818;0.15988;0;1
C03;Acheter des fruits ou légumes de saison;Courses;FURET;Furet gris;furet1;45818;6.932;0;0
D11;Acheter des produits en vrac. éviter les emballages individuels…;Déchets;FURET;Furet gris;furet1;45818;0.38;0;0.67
D10;Ne pas acheter de bouteilles en plastique : boire à la gourde;Déchets;FURET;Furet gris;furet1;45818;0.54243;0;0.21
D07;Vendre ou donner les vêtements. les objets. les jouets dont on ne veut plus (trop petits…);Déchets;FURET;Furet gris;furet1;45818;0.017374;2500;0
D04;Ramasser les papiers et les déchets par terre pour les mettre à la poubelle;Déchets;FURET;Furet gris;furet1;45818;0.00947;0;0.1
D02;Tout manger ce qu’il y a dans nos assiettes (cantine/maison);Déchets;FURET;Furet gris;furet1;45818;2.453511;0;1.390385
B01;Ne pas cueillir de plante dans la nature;Biodiversité;FURET;Furet gris;furet1;45818;0;0;0
W04;Tirer la petite chasse d’eau quand on fait pipi;Eau;FURET;Furet gris;furet1;45818;0.006501;16.5;0
W02;Couper l’eau quand on se brosse les dents : mettre de l’eau dans un verre pour se rincer;Eau;FURET;Furet gris;furet1;45818;0.05;28;0
W01;Prendre des douches rapides;Eau;FURET;Furet gris;furet1;45818;0.25;224;0
T04;Faire du covoiturage;Transport;FURET;Furet gris;furet1;45818;0.506;0;0
E02;Ouvrir les volets et ne pas allumer la lumière quand il fait jour dehors. ou éteindre lorsque la lumière extérieure le permet;Electricité;FURET;Furet gris;furet1;45818;0.027408;0;0
E08;Eteindre le chauffage lorsqu’on aère une pièce;Electricité;FURET;Furet gris;furet1;45818;0.000173;0;0
C06;Faire ses repas, gouter, compotes sois même plutôt que d’acheter des plats préparés;Courses;FURET;Furet gris;furet6;45818;1.260407;0;0.180058
W02;Utiliser une seule dose de savon;Courses;FURET;Furet gris;furet6;45818;0.05;28;0
D15;Economiser les mouchoirs en papier. l'essuie-tout et le papier toilette;Déchets;FURET;Furet gris;furet6;45818;0.009591;0;0.8
D07;Vendre ou donner les vêtements. les objets. les jouets dont on ne veut plus (trop petits…);Déchets;FURET;Furet gris;furet6;45818;0.017374;2500;0
D03;Ne pas jeter de déchets dans la nature (chewing-gums. sacs. canettes. bouteilles…);Déchets;FURET;Furet gris;furet6;45818;0.424875;0;4.486538
D01;Limiter l'utilisation du papier : Utiliser les feuilles des 2 côtés / faire du brouillon / Utiliser l'ardoise pour chercher / Prendre du papier recyclé…;Déchets;FURET;Furet gris;furet6;45818;0.009641;0;0.8
B01;Ne pas cueillir de plante dans la nature;Biodiversité;FURET;Furet gris;furet6;45818;0;0;0
W03;Ne pas faire couler l’eau trop longtemps quand on se lave les mains;Eau;FURET;Furet gris;furet6;45818;0.004964;12.6;0
W05;Prendre une douche plutôt qu’un bain;Eau;FURET;Furet gris;furet6;45818;0.140658;357;0
T03;Préférer la marche ou le vélo plutôt que la voiture;Transport;FURET;Furet gris;furet6;45818;0.506;0;0
E05;Préférer les ampoules à basse consommation;Electricité;FURET;Furet gris;furet6;45818;0.072803;0;0
E02;Ouvrir les volets et ne pas allumer la lumière quand il fait jour dehors. ou éteindre lorsque la lumière extérieure le permet;Electricité;FURET;Furet gris;furet6;45818;0.027408;0;0
E10;Faire sécher son linge à l'air libre au lieu d'utiliser le sèche linge chaque fois qu'on peut;Electricité;FURET;Furet gris;furet6;45818;0.413462;0;0
W02;Utiliser une seule dose de savon;Courses;FURET;Furet gris;furet2;45818;0.05;28;0
D10;Ne pas acheter de bouteilles en plastique : boire à la gourde;Déchets;FURET;Furet gris;furet2;45818;0.54243;0;0.21
D07;Vendre ou donner les vêtements. les objets. les jouets dont on ne veut plus (trop petits…);Déchets;FURET;Furet gris;furet2;45818;0.017374;2500;0
D09;Faire du compost avec les déchets végétaux ou donner les restes alimentaires aux poules…;Déchets;FURET;Furet gris;furet2;45818;0.0623;0;1.75
B04;Faire un jardin potager;Biodiversité;FURET;Furet gris;furet2;45818;4.48;0;0
B01;Ne pas cueillir de plante dans la nature;Biodiversité;FURET;Furet gris;furet2;45818;0;0;0
W04;Tirer la petite chasse d’eau quand on fait pipi;Eau;FURET;Furet gris;furet2;45818;0.006501;16.5;0
W02;Couper l’eau quand on se brosse les dents : mettre de l’eau dans un verre pour se rincer;Eau;FURET;Furet gris;furet2;45818;0.05;28;0
T06;Couper le moteur de la voiture quand elle ne roule pas;Transport;FURET;Furet gris;furet2;45818;1.518;0;0
C06;Faire ses repas, gouter, compotes sois même plutôt que d’acheter des plats préparés;Courses;FURET;Furet gris;furet1;45818;1.260407;0;0.180058
W02;Utiliser une seule dose de savon;Courses;FURET;Furet gris;furet1;45818;0.05;28;0
D15;Economiser les mouchoirs en papier. l'essuie-tout et le papier toilette;Déchets;FURET;Furet gris;furet1;45818;0.009591;0;0.8
D08;Utiliser les bacs de tri;Déchets;FURET;Furet gris;furet1;45818;0.866962;0;0
D06;Prendre soin de ses affaires pour les faire durer plus longtemps (reboucher les feutres… ne pas casser. ne pas lancer…);Déchets;FURET;Furet gris;furet1;45818;0.017374;0;0.183462
D03;Ne pas jeter de déchets dans la nature (chewing-gums. sacs. canettes. bouteilles…);Déchets;FURET;Furet gris;furet1;45818;0.424875;0;4.486538
D01;Limiter l'utilisation du papier : Utiliser les feuilles des 2 côtés / faire du brouillon / Utiliser l'ardoise pour chercher / Prendre du papier recyclé…;Déchets;FURET;Furet gris;furet1;45818;0.009641;0;0.8
W07;Vider le reste de sa gourde dans les plantes;Eau;FURET;Furet gris;furet1;45818;0;0.000013;0
W03;Ne pas faire couler l’eau trop longtemps quand on se lave les mains;Eau;FURET;Furet gris;furet1;45818;0.004964;12.6;0
W05;Prendre une douche plutôt qu’un bain;Eau;FURET;Furet gris;furet1;45818;0.140658;357;0
T03;Préférer la marche ou le vélo plutôt que la voiture;Transport;FURET;Furet gris;furet1;45818;0.506;0;0
E04;Eteindre les écrans (ordinateur. télévision. …) pour diminuer la consommation d’électricité;Electricité;FURET;Furet gris;furet1;45818;0.15988;0;1
E10;Faire sécher son linge à l'air libre au lieu d'utiliser le sèche linge chaque fois qu'on peut;Electricité;FURET;Furet gris;furet1;45818;0.413462;0;0
E01;Eteindre la lumière quand on quitte une pièce. quand on n’en a pas besoin;Electricité;FURET;Furet gris;furet1;45818;0.027408;0;0
C03;Acheter des fruits ou légumes de saison;Courses;FURET;Furet gris;furet6;45818;6.932;0;0
D11;Acheter des produits en vrac. éviter les emballages individuels…;Déchets;FURET;Furet gris;furet6;45818;0.38;0;0.67
D08;Utiliser les bacs de tri;Déchets;FURET;Furet gris;furet6;45818;0.866962;0;0
D06;Prendre soin de ses affaires pour les faire durer plus longtemps (reboucher les feutres… ne pas casser. ne pas lancer…);Déchets;FURET;Furet gris;furet6;45818;0.017374;0;0.183462
D04;Ramasser les papiers et les déchets par terre pour les mettre à la poubelle;Déchets;FURET;Furet gris;furet6;45818;0.00947;0;0.1
D02;Tout manger ce qu’il y a dans nos assiettes (cantine/maison);Déchets;FURET;Furet gris;furet6;45818;2.453511;0;1.390385
B02;Ne pas tuer les araignées. les insectes (les mettre dehors…);Biodiversité;FURET;Furet gris;furet6;45818;0;0;0
W04;Tirer la petite chasse d’eau quand on fait pipi;Eau;FURET;Furet gris;furet6;45818;0.006501;16.5;0
W02;Couper l’eau quand on se brosse les dents : mettre de l’eau dans un verre pour se rincer;Eau;FURET;Furet gris;furet6;45818;0.05;28;0
W01;Prendre des douches rapides;Eau;FURET;Furet gris;furet6;45818;0.25;224;0
T06;Couper le moteur de la voiture quand elle ne roule pas;Transport;FURET;Furet gris;furet6;45818;1.518;0;0
E04;Eteindre les écrans (ordinateur. télévision. …) pour diminuer la consommation d’électricité;Electricité;FURET;Furet gris;furet6;45818;0.15988;0;1
E11;Couvrir les casseroles lorsqu’on fait bouillir de l’eau ou pour cuire…;Electricité;FURET;Furet gris;furet6;45818;0.00293;0;0
E01;Eteindre la lumière quand on quitte une pièce. quand on n’en a pas besoin;Electricité;FURET;Furet gris;furet6;45818;0.027408;0;0
C06;Faire ses repas, gouter, compotes sois même plutôt que d’acheter des plats préparés;Courses;FURET;Furet gris;furet5;45824;1.260407;0;0.180058
W02;Utiliser une seule dose de savon;Courses;FURET;Furet gris;furet5;45824;0.05;28;0
D15;Economiser les mouchoirs en papier. l'essuie-tout et le papier toilette;Déchets;FURET;Furet gris;furet5;45824;0.009591;0;0.8
D09;Faire du compost avec les déchets végétaux ou donner les restes alimentaires aux poules…;Déchets;FURET;Furet gris;furet5;45824;0.0623;0;1.75
D06;Prendre soin de ses affaires pour les faire durer plus longtemps (reboucher les feutres… ne pas casser. ne pas lancer…);Déchets;FURET;Furet gris;furet5;45824;0.017374;0;0.183462
D02;Tout manger ce qu’il y a dans nos assiettes (cantine/maison);Déchets;FURET;Furet gris;furet5;45824;2.453511;0;1.390385
B04;Faire un jardin potager;Biodiversité;FURET;Furet gris;furet5;45824;4.48;0;0
B01;Ne pas cueillir de plante dans la nature;Biodiversité;FURET;Furet gris;furet5;45824;0;0;0
W04;Tirer la petite chasse d’eau quand on fait pipi;Eau;FURET;Furet gris;furet5;45824;0.006501;16.5;0
W02;Couper l’eau quand on se brosse les dents : mettre de l’eau dans un verre pour se rincer;Eau;FURET;Furet gris;furet5;45824;0.05;28;0
W01;Prendre des douches rapides;Eau;FURET;Furet gris;furet5;45824;0.25;224;0
T06;Couper le moteur de la voiture quand elle ne roule pas;Transport;FURET;Furet gris;furet5;45824;1.518;0;0
E05;Préférer les ampoules à basse consommation;Electricité;FURET;Furet gris;furet5;45824;0.072803;0;0
E04;Eteindre les écrans (ordinateur. télévision. …) pour diminuer la consommation d’électricité;Electricité;FURET;Furet gris;furet5;45824;0.15988;0;1
E11;Couvrir les casseroles lorsqu’on fait bouillir de l’eau ou pour cuire…;Electricité;FURET;Furet gris;furet5;45824;0.00293;0;0
E08;Eteindre le chauffage lorsqu’on aère une pièce;Electricité;FURET;Furet gris;furet5;45824;0.000173;0;0
C03;Acheter des fruits ou légumes de saison;Courses;FURET;Furet gris;furet5;45824;6.932;0;0
D10;Ne pas acheter de bouteilles en plastique : boire à la gourde;Déchets;FURET;Furet gris;furet5;45824;0.54243;0;0.21
D08;Utiliser les bacs de tri;Déchets;FURET;Furet gris;furet5;45824;0.866962;0;0
D07;Vendre ou donner les vêtements. les objets. les jouets dont on ne veut plus (trop petits…);Déchets;FURET;Furet gris;furet5;45824;0.017374;2500;0
D04;Ramasser les papiers et les déchets par terre pour les mettre à la poubelle;Déchets;FURET;Furet gris;furet5;45824;0.00947;0;0.1
D03;Ne pas jeter de déchets dans la nature (chewing-gums. sacs. canettes. bouteilles…);Déchets;FURET;Furet gris;furet5;45824;0.424875;0;4.486538
D01;Limiter l'utilisation du papier : Utiliser les feuilles des 2 côtés / faire du brouillon / Utiliser l'ardoise pour chercher / Prendre du papier recyclé…;Déchets;FURET;Furet gris;furet5;45824;0.009641;0;0.8
B02;Ne pas tuer les araignées. les insectes (les mettre dehors…);Biodiversité;FURET;Furet gris;furet5;45824;0;0;0
W07;Vider le reste de sa gourde dans les plantes;Eau;FURET;Furet gris;furet5;45824;0;0.000013;0
W03;Ne pas faire couler l’eau trop longtemps quand on se lave les mains;Eau;FURET;Furet gris;furet5;45824;0.004964;12.6;0
W05;Prendre une douche plutôt qu’un bain;Eau;FURET;Furet gris;furet5;45824;0.140658;357;0
T03;Préférer la marche ou le vélo plutôt que la voiture;Transport;FURET;Furet gris;furet5;45824;0.506;0;0
T04;Faire du covoiturage;Transport;FURET;Furet gris;furet5;45824;0.506;0;0
E06;Préférer les piles rechargeables;Electricité;FURET;Furet gris;furet5;45824;0.097538;0;0
E02;Ouvrir les volets et ne pas allumer la lumière quand il fait jour dehors. ou éteindre lorsque la lumière extérieure le permet;Electricité;FURET;Furet gris;furet5;45824;0.027408;0;0
E10;Faire sécher son linge à l'air libre au lieu d'utiliser le sèche linge chaque fois qu'on peut;Electricité;FURET;Furet gris;furet5;45824;0.413462;0;0
E01;Eteindre la lumière quand on quitte une pièce. quand on n’en a pas besoin;Electricité;FURET;Furet gris;furet5;45824;0.027408;0;0
D15;Economiser les mouchoirs en papier. l'essuie-tout et le papier toilette;Déchets;FURET;Furet gris;furet3;45833;0.009591;0;0.8
D08;Utiliser les bacs de tri;Déchets;FURET;Furet gris;furet3;45833;0.866962;0;0
D06;Prendre soin de ses affaires pour les faire durer plus longtemps (reboucher les feutres… ne pas casser. ne pas lancer…);Déchets;FURET;Furet gris;furet3;45833;0.017374;0;0.183462
D04;Ramasser les papiers et les déchets par terre pour les mettre à la poubelle;Déchets;FURET;Furet gris;furet3;45833;0.00947;0;0.1
D03;Ne pas jeter de déchets dans la nature (chewing-gums. sacs. canettes. bouteilles…);Déchets;FURET;Furet gris;furet3;45833;0.424875;0;4.486538
B04;Faire un jardin potager;Biodiversité;FURET;Furet gris;furet3;45833;4.48;0;0
B02;Ne pas tuer les araignées. les insectes (les mettre dehors…);Biodiversité;FURET;Furet gris;furet3;45833;0;0;0
B01;Ne pas cueillir de plante dans la nature;Biodiversité;FURET;Furet gris;furet3;45833;0;0;0
W02;Couper l’eau quand on se brosse les dents : mettre de l’eau dans un verre pour se rincer;Eau;FURET;Furet gris;furet3;45833;0.05;28;0
W05;Prendre une douche plutôt qu’un bain;Eau;FURET;Furet gris;furet3;45833;0.140658;357;0
C03;Acheter des fruits ou légumes de saison;Courses;FURET;Furet gris;furet3;45833;6.932;0;0
E04;Eteindre les écrans (ordinateur. télévision. …) pour diminuer la consommation d’électricité;Electricité;FURET;Furet gris;furet3;45833;0.15988;0;1
B03;Donner à manger aux oiseaux dans son jardin ou sur son balcon;Biodiversité;FURET;Furet gris;furet3;45833;0;0;0
D11;Acheter des produits en vrac. éviter les emballages individuels…;Déchets;FURET;Furet gris;furet3;45833;0.38;0;0.67
C06;Faire ses repas, gouter, compotes sois même plutôt que d’acheter des plats préparés;Courses;FURET;Furet gris;furet3;45833;1.260407;0;0.180058
D10;Ne pas acheter de bouteilles en plastique : boire à la gourde;Déchets;FURET;Furet gris;furet3;45833;0.54243;0;0.21
D02;Tout manger ce qu’il y a dans nos assiettes (cantine/maison);Déchets;FURET;Furet gris;furet3;45833;2.453511;0;1.390385
D01;Limiter l'utilisation du papier : Utiliser les feuilles des 2 côtés / faire du brouillon / Utiliser l'ardoise pour chercher / Prendre du papier recyclé…;Déchets;FURET;Furet gris;furet3;45833;0.009641;0;0.8
W04;Tirer la petite chasse d’eau quand on fait pipi;Eau;FURET;Furet gris;furet3;45833;0.006501;16.5;0
W03;Ne pas faire couler l’eau trop longtemps quand on se lave les mains;Eau;FURET;Furet gris;furet3;45833;0.004964;12.6;0
W02;Utiliser une seule dose de savon;Courses;FURET;Furet gris;furet3;45833;0.05;28;0
D09;Faire du compost avec les déchets végétaux ou donner les restes alimentaires aux poules…;Déchets;FURET;Furet gris;furet3;45833;0.0623;0;1.75
W07;Vider le reste de sa gourde dans les plantes;Eau;FURET;Furet gris;furet3;45833;0;0.000013;0
E05;Préférer les ampoules à basse consommation;Electricité;FURET;Furet gris;furet3;45833;0.072803;0;0
C06;Faire ses repas, gouter, compotes sois même plutôt que d’acheter des plats préparés;Courses;FURET;Furet gris;furet6;45839;1.260407;0;0.180058
W02;Utiliser une seule dose de savon;Courses;FURET;Furet gris;furet6;45839;0.05;28;0
D15;Economiser les mouchoirs en papier. l'essuie-tout et le papier toilette;Déchets;FURET;Furet gris;furet6;45839;0.009591;0;0.8
B01;Ne pas cueillir de plante dans la nature;Biodiversité;FURET;Furet gris;furet6;45839;0;0;0
W04;Tirer la petite chasse d’eau quand on fait pipi;Eau;FURET;Furet gris;furet6;45839;0.006501;16.5;0
W03;Ne pas faire couler l’eau trop longtemps quand on se lave les mains;Eau;FURET;Furet gris;furet6;45839;0.004964;12.6;0
W05;Prendre une douche plutôt qu’un bain;Eau;FURET;Furet gris;furet6;45839;0.140658;357;0
T03;Préférer la marche ou le vélo plutôt que la voiture;Transport;FURET;Furet gris;furet6;45839;0.506;0;0
E06;Préférer les piles rechargeables;Electricité;FURET;Furet gris;furet6;45839;0.097538;0;0
E04;Eteindre les écrans (ordinateur. télévision. …) pour diminuer la consommation d’électricité;Electricité;FURET;Furet gris;furet6;45839;0.15988;0;1
E11;Couvrir les casseroles lorsqu’on fait bouillir de l’eau ou pour cuire…;Electricité;FURET;Furet gris;furet6;45839;0.00293;0;0
C03;Acheter des fruits ou légumes de saison;Courses;FURET;Furet gris;furet6;45839;6.932;0;0
D11;Acheter des produits en vrac. éviter les emballages individuels…;Déchets;FURET;Furet gris;furet6;45839;0.38;0;0.67
B02;Ne pas tuer les araignées. les insectes (les mettre dehors…);Biodiversité;FURET;Furet gris;furet6;45839;0;0;0
W07;Vider le reste de sa gourde dans les plantes;Eau;FURET;Furet gris;furet6;45839;0;0.000013;0
W02;Couper l’eau quand on se brosse les dents : mettre de l’eau dans un verre pour se rincer;Eau;FURET;Furet gris;furet6;45839;0.05;28;0
W01;Prendre des douches rapides;Eau;FURET;Furet gris;furet6;45839;0.25;224;0
T06;Couper le moteur de la voiture quand elle ne roule pas;Transport;FURET;Furet gris;furet6;45839;1.518;0;0
E05;Préférer les ampoules à basse consommation;Electricité;FURET;Furet gris;furet6;45839;0.072803;0;0
E02;Ouvrir les volets et ne pas allumer la lumière quand il fait jour dehors. ou éteindre lorsque la lumière extérieure le permet;Electricité;FURET;Furet gris;furet6;45839;0.027408;0;0
E10;Faire sécher son linge à l'air libre au lieu d'utiliser le sèche linge chaque fois qu'on peut;Electricité;FURET;Furet gris;furet6;45839;0.413462;0;0
C03;Acheter des fruits ou légumes de saison;Courses;OURS;Ours blanc;ours4;45752;6.932;0;0
W02;Utiliser une seule dose de savon;Courses;OURS;Ours blanc;ours4;45752;0.05;28;0
W04;Tirer la petite chasse d’eau quand on fait pipi;Eau;OURS;Ours blanc;ours4;45752;0.006501;16.5;0
W03;Ne pas faire couler l’eau trop longtemps quand on se lave les mains;Eau;OURS;Ours blanc;ours4;45752;0.004964;12.6;0
T03;Préférer la marche ou le vélo plutôt que la voiture;Transport;OURS;Ours blanc;ours2;45752;0.506;0;0
T04;Faire du covoiturage;Transport;OURS;Ours blanc;ours2;45752;0.506;0;0
T06;Couper le moteur de la voiture quand elle ne roule pas;Transport;OURS;Ours blanc;ours2;45752;1.518;0;0
C03;Acheter des fruits ou légumes de saison;Courses;OURS;Ours blanc;ours2;45752;6.932;0;0
W02;Utiliser une seule dose de savon;Courses;OURS;Ours blanc;ours2;45752;0.05;28;0
W07;Vider le reste de sa gourde dans les plantes;Eau;OURS;Ours blanc;ours2;45752;0;0.000013;0
W04;Tirer la petite chasse d’eau quand on fait pipi;Eau;OURS;Ours blanc;ours2;45752;0.006501;16.5;0
W03;Ne pas faire couler l’eau trop longtemps quand on se lave les mains;Eau;OURS;Ours blanc;ours2;45752;0.004964;12.6;0
W02;Couper l’eau quand on se brosse les dents : mettre de l’eau dans un verre pour se rincer;Eau;OURS;Ours blanc;ours2;45752;0.05;28;0
W05;Prendre une douche plutôt qu’un bain;Eau;OURS;Ours blanc;ours2;45752;0.140658;357;0
W01;Prendre des douches rapides;Eau;OURS;Ours blanc;ours2;45752;0.25;224;0
D15;Economiser les mouchoirs en papier. l'essuie-tout et le papier toilette;Déchets;OURS;Ours blanc;ours2;45752;0.009591;0;0.8
D10;Ne pas acheter de bouteilles en plastique : boire à la gourde;Déchets;OURS;Ours blanc;ours2;45752;0.54243;0;0.21
D08;Utiliser les bacs de tri;Déchets;OURS;Ours blanc;ours2;45752;0.866962;0;0
D07;Vendre ou donner les vêtements. les objets. les jouets dont on ne veut plus (trop petits…);Déchets;OURS;Ours blanc;ours2;45752;0.017374;2500;0
D06;Prendre soin de ses affaires pour les faire durer plus longtemps (reboucher les feutres… ne pas casser. ne pas lancer…);Déchets;OURS;Ours blanc;ours2;45752;0.017374;0;0.183462
D04;Ramasser les papiers et les déchets par terre pour les mettre à la poubelle;Déchets;OURS;Ours blanc;ours2;45752;0.00947;0;0.1
D03;Ne pas jeter de déchets dans la nature (chewing-gums. sacs. canettes. bouteilles…);Déchets;OURS;Ours blanc;ours2;45752;0.424875;0;4.486538
D02;Tout manger ce qu’il y a dans nos assiettes (cantine/maison);Déchets;OURS;Ours blanc;ours2;45752;2.453511;0;1.390385
D01;Limiter l'utilisation du papier : Utiliser les feuilles des 2 côtés / faire du brouillon / Utiliser l'ardoise pour chercher / Prendre du papier recyclé…;Déchets;OURS;Ours blanc;ours2;45752;0.009641;0;0.8
D11;Acheter des produits en vrac. éviter les emballages individuels…;Déchets;OURS;Ours blanc;ours2;45752;0.38;0;0.67
D09;Faire du compost avec les déchets végétaux ou donner les restes alimentaires aux poules…;Déchets;OURS;Ours blanc;ours2;45752;0.0623;0;1.75
B02;Ne pas tuer les araignées. les insectes (les mettre dehors…);Biodiversité;OURS;Ours blanc;ours2;45752;0;0;0
B01;Ne pas cueillir de plante dans la nature;Biodiversité;OURS;Ours blanc;ours2;45752;0;0;0
E05;Préférer les ampoules à basse consommation;Electricité;OURS;Ours blanc;ours2;45752;0.072803;0;0
E06;Préférer les piles rechargeables;Electricité;OURS;Ours blanc;ours2;45752;0.097538;0;0
E04;Eteindre les écrans (ordinateur. télévision. …) pour diminuer la consommation d’électricité;Electricité;OURS;Ours blanc;ours2;45752;0.15988;0;1
E02;Ouvrir les volets et ne pas allumer la lumière quand il fait jour dehors. ou éteindre lorsque la lumière extérieure le permet;Electricité;OURS;Ours blanc;ours2;45752;0.027408;0;0
E11;Couvrir les casseroles lorsqu’on fait bouillir de l’eau ou pour cuire…;Electricité;OURS;Ours blanc;ours2;45752;0.00293;0;0
E10;Faire sécher son linge à l'air libre au lieu d'utiliser le sèche linge chaque fois qu'on peut;Electricité;OURS;Ours blanc;ours2;45752;0.413462;0;0
E08;Eteindre le chauffage lorsqu’on aère une pièce;Electricité;OURS;Ours blanc;ours2;45752;0.000173;0;0
E01;Eteindre la lumière quand on quitte une pièce. quand on n’en a pas besoin;Electricité;OURS;Ours blanc;ours2;45752;0.027408;0;0
D15;Economiser les mouchoirs en papier. l'essuie-tout et le papier toilette;Déchets;OURS;Ours blanc;ours4;45752;0.009591;0;0.8
D08;Utiliser les bacs de tri;Déchets;OURS;Ours blanc;ours4;45752;0.866962;0;0
D04;Ramasser les papiers et les déchets par terre pour les mettre à la poubelle;Déchets;OURS;Ours blanc;ours4;45752;0.00947;0;0.1
D03;Ne pas jeter de déchets dans la nature (chewing-gums. sacs. canettes. bouteilles…);Déchets;OURS;Ours blanc;ours4;45752;0.424875;0;4.486538
D02;Tout manger ce qu’il y a dans nos assiettes (cantine/maison);Déchets;OURS;Ours blanc;ours4;45752;2.453511;0;1.390385
B01;Ne pas cueillir de plante dans la nature;Biodiversité;OURS;Ours blanc;ours4;45752;0;0;0
W07;Vider le reste de sa gourde dans les plantes;Eau;OURS;Ours blanc;ours4;45752;0;0.000013;0
W02;Couper l’eau quand on se brosse les dents : mettre de l’eau dans un verre pour se rincer;Eau;OURS;Ours blanc;ours4;45752;0.05;28;0
W01;Prendre des douches rapides;Eau;OURS;Ours blanc;ours4;45752;0.25;224;0
D08;Utiliser les bacs de tri;Déchets;OURS;Ours blanc;ours6;45753;0.866962;0;0
D07;Vendre ou donner les vêtements. les objets. les jouets dont on ne veut plus (trop petits…);Déchets;OURS;Ours blanc;ours6;45753;0.017374;2500;0
D04;Ramasser les papiers et les déchets par terre pour les mettre à la poubelle;Déchets;OURS;Ours blanc;ours6;45753;0.00947;0;0.1
D03;Ne pas jeter de déchets dans la nature (chewing-gums. sacs. canettes. bouteilles…);Déchets;OURS;Ours blanc;ours6;45753;0.424875;0;4.486538
D01;Limiter l'utilisation du papier : Utiliser les feuilles des 2 côtés / faire du brouillon / Utiliser l'ardoise pour chercher / Prendre du papier recyclé…;Déchets;OURS;Ours blanc;ours6;45753;0.009641;0;0.8
W03;Ne pas faire couler l’eau trop longtemps quand on se lave les mains;Eau;OURS;Ours blanc;ours6;45753;0.004964;12.6;0
W02;Couper l’eau quand on se brosse les dents : mettre de l’eau dans un verre pour se rincer;Eau;OURS;Ours blanc;ours6;45753;0.05;28;0
W05;Prendre une douche plutôt qu’un bain;Eau;OURS;Ours blanc;ours6;45753;0.140658;357;0
W01;Prendre des douches rapides;Eau;OURS;Ours blanc;ours6;45753;0.25;224;0
T06;Couper le moteur de la voiture quand elle ne roule pas;Transport;OURS;Ours blanc;ours6;45753;1.518;0;0
E05;Préférer les ampoules à basse consommation;Electricité;OURS;Ours blanc;ours6;45753;0.072803;0;0
E04;Eteindre les écrans (ordinateur. télévision. …) pour diminuer la consommation d’électricité;Electricité;OURS;Ours blanc;ours6;45753;0.15988;0;1
E02;Ouvrir les volets et ne pas allumer la lumière quand il fait jour dehors. ou éteindre lorsque la lumière extérieure le permet;Electricité;OURS;Ours blanc;ours6;45753;0.027408;0;0
E08;Eteindre le chauffage lorsqu’on aère une pièce;Electricité;OURS;Ours blanc;ours6;45753;0.000173;0;0
E01;Eteindre la lumière quand on quitte une pièce. quand on n’en a pas besoin;Electricité;OURS;Ours blanc;ours6;45753;0.027408;0;0
B02;Ne pas tuer les araignées. les insectes (les mettre dehors…);Biodiversité;OURS;Ours blanc;ours6;45753;0;0;0
W02;Couper l’eau quand on se brosse les dents : mettre de l’eau dans un verre pour se rincer;Eau;OURS;Ours blanc;ours12;45760;0.05;28;0
W01;Prendre des douches rapides;Eau;OURS;Ours blanc;ours12;45760;0.25;224;0
T03;Préférer la marche ou le vélo plutôt que la voiture;Transport;OURS;Ours blanc;ours12;45760;0.506;0;0
E05;Préférer les ampoules à basse consommation;Electricité;OURS;Ours blanc;ours12;45760;0.072803;0;0
E02;Ouvrir les volets et ne pas allumer la lumière quand il fait jour dehors. ou éteindre lorsque la lumière extérieure le permet;Electricité;OURS;Ours blanc;ours12;45760;0.027408;0;0
E10;Faire sécher son linge à l'air libre au lieu d'utiliser le sèche linge chaque fois qu'on peut;Electricité;OURS;Ours blanc;ours12;45760;0.413462;0;0
E01;Eteindre la lumière quand on quitte une pièce. quand on n’en a pas besoin;Electricité;OURS;Ours blanc;ours12;45760;0.027408;0;0
T04;Faire du covoiturage;Transport;OURS;Ours blanc;ours12;45760;0.506;0;0
W04;Tirer la petite chasse d’eau quand on fait pipi;Eau;OURS;Ours blanc;ours13;45762;0.006501;16.5;0
E06;Préférer les piles rechargeables;Electricité;OURS;Ours blanc;ours13;45779;0.097538;0;0
E04;Eteindre les écrans (ordinateur. télévision. …) pour diminuer la consommation d’électricité;Electricité;OURS;Ours blanc;ours13;45779;0.15988;0;1
E11;Couvrir les casseroles lorsqu’on fait bouillir de l’eau ou pour cuire…;Electricité;OURS;Ours blanc;ours13;45779;0.00293;0;0
E08;Eteindre le chauffage lorsqu’on aère une pièce;Electricité;OURS;Ours blanc;ours13;45779;0.000173;0;0
D11;Acheter des produits en vrac. éviter les emballages individuels…;Déchets;OURS;Ours blanc;ours2;45779;0.38;0;0.67
C06;Faire ses repas, gouter, compotes sois même plutôt que d’acheter des plats préparés;Courses;OURS;Ours blanc;ours6;45791;1.260407;0;0.180058
W02;Utiliser une seule dose de savon;Courses;OURS;Ours blanc;ours6;45791;0.05;28;0
D10;Ne pas acheter de bouteilles en plastique : boire à la gourde;Déchets;OURS;Ours blanc;ours6;45791;0.54243;0;0.21
D07;Vendre ou donner les vêtements. les objets. les jouets dont on ne veut plus (trop petits…);Déchets;OURS;Ours blanc;ours6;45791;0.017374;2500;0
D04;Ramasser les papiers et les déchets par terre pour les mettre à la poubelle;Déchets;OURS;Ours blanc;ours6;45791;0.00947;0;0.1
D02;Tout manger ce qu’il y a dans nos assiettes (cantine/maison);Déchets;OURS;Ours blanc;ours6;45791;2.453511;0;1.390385
B01;Ne pas cueillir de plante dans la nature;Biodiversité;OURS;Ours blanc;ours6;45791;0;0;0
D10;Ne pas acheter de bouteilles en plastique : boire à la gourde;Déchets;OURS;Ours blanc;ours2;45779;0.54243;0;0.21
W04;Tirer la petite chasse d’eau quand on fait pipi;Eau;OURS;Ours blanc;ours6;45791;0.006501;16.5;0
W02;Couper l’eau quand on se brosse les dents : mettre de l’eau dans un verre pour se rincer;Eau;OURS;Ours blanc;ours6;45791;0.05;28;0
D08;Utiliser les bacs de tri;Déchets;OURS;Ours blanc;ours2;45779;0.866962;0;0
W01;Prendre des douches rapides;Eau;OURS;Ours blanc;ours6;45791;0.25;224;0
D06;Prendre soin de ses affaires pour les faire durer plus longtemps (reboucher les feutres… ne pas casser. ne pas lancer…);Déchets;OURS;Ours blanc;ours2;45779;0.017374;0;0.183462
D03;Ne pas jeter de déchets dans la nature (chewing-gums. sacs. canettes. bouteilles…);Déchets;OURS;Ours blanc;ours2;45779;0.424875;0;4.486538
T06;Couper le moteur de la voiture quand elle ne roule pas;Transport;OURS;Ours blanc;ours6;45791;1.518;0;0
E04;Eteindre les écrans (ordinateur. télévision. …) pour diminuer la consommation d’électricité;Electricité;OURS;Ours blanc;ours6;45791;0.15988;0;1
E08;Eteindre le chauffage lorsqu’on aère une pièce;Electricité;OURS;Ours blanc;ours6;45791;0.000173;0;0
D01;Limiter l'utilisation du papier : Utiliser les feuilles des 2 côtés / faire du brouillon / Utiliser l'ardoise pour chercher / Prendre du papier recyclé…;Déchets;OURS;Ours blanc;ours2;45779;0.009641;0;0.8
C05;Faire soi-même ses produits d’entretien pour éviter les emballages;Courses;OURS;Ours blanc;ours2;45779;0.006;0;0.03
W02;Utiliser une seule dose de savon;Courses;OURS;Ours blanc;ours2;45779;0.05;28;0
B03;Donner à manger aux oiseaux dans son jardin ou sur son balcon;Biodiversité;OURS;Ours blanc;ours2;45779;0;0;0
B01;Ne pas cueillir de plante dans la nature;Biodiversité;OURS;Ours blanc;ours2;45779;0;0;0
T03;Préférer la marche ou le vélo plutôt que la voiture;Transport;OURS;Ours blanc;ours2;45779;0.506;0;0
E06;Préférer les piles rechargeables;Electricité;OURS;Ours blanc;ours2;45779;0.097538;0;0
E04;Eteindre les écrans (ordinateur. télévision. …) pour diminuer la consommation d’électricité;Electricité;OURS;Ours blanc;ours2;45779;0.15988;0;1
D15;Economiser les mouchoirs en papier. l'essuie-tout et le papier toilette;Déchets;OURS;Ours blanc;ours2;45763;0.009591;0;0.8
D10;Ne pas acheter de bouteilles en plastique : boire à la gourde;Déchets;OURS;Ours blanc;ours2;45763;0.54243;0;0.21
D08;Utiliser les bacs de tri;Déchets;OURS;Ours blanc;ours2;45763;0.866962;0;0
D06;Prendre soin de ses affaires pour les faire durer plus longtemps (reboucher les feutres… ne pas casser. ne pas lancer…);Déchets;OURS;Ours blanc;ours2;45763;0.017374;0;0.183462
D03;Ne pas jeter de déchets dans la nature (chewing-gums. sacs. canettes. bouteilles…);Déchets;OURS;Ours blanc;ours2;45763;0.424875;0;4.486538
D01;Limiter l'utilisation du papier : Utiliser les feuilles des 2 côtés / faire du brouillon / Utiliser l'ardoise pour chercher / Prendre du papier recyclé…;Déchets;OURS;Ours blanc;ours2;45763;0.009641;0;0.8
C05;Faire soi-même ses produits d’entretien pour éviter les emballages;Courses;OURS;Ours blanc;ours2;45763;0.006;0;0.03
W02;Utiliser une seule dose de savon;Courses;OURS;Ours blanc;ours2;45763;0.05;28;0
B03;Donner à manger aux oiseaux dans son jardin ou sur son balcon;Biodiversité;OURS;Ours blanc;ours2;45763;0;0;0
B01;Ne pas cueillir de plante dans la nature;Biodiversité;OURS;Ours blanc;ours2;45763;0;0;0
W04;Tirer la petite chasse d’eau quand on fait pipi;Eau;OURS;Ours blanc;ours2;45763;0.006501;16.5;0
W02;Couper l’eau quand on se brosse les dents : mettre de l’eau dans un verre pour se rincer;Eau;OURS;Ours blanc;ours2;45763;0.05;28;0
W01;Prendre des douches rapides;Eau;OURS;Ours blanc;ours2;45763;0.25;224;0
W07;Vider le reste de sa gourde dans les plantes;Eau;OURS;Ours blanc;ours13;45812;0;0.000013;0
T06;Couper le moteur de la voiture quand elle ne roule pas;Transport;OURS;Ours blanc;ours2;45763;1.518;0;0
E06;Préférer les piles rechargeables;Electricité;OURS;Ours blanc;ours2;45763;0.097538;0;0
E04;Eteindre les écrans (ordinateur. télévision. …) pour diminuer la consommation d’électricité;Electricité;OURS;Ours blanc;ours2;45763;0.15988;0;1
E11;Couvrir les casseroles lorsqu’on fait bouillir de l’eau ou pour cuire…;Electricité;OURS;Ours blanc;ours2;45763;0.00293;0;0
E08;Eteindre le chauffage lorsqu’on aère une pièce;Electricité;OURS;Ours blanc;ours2;45763;0.000173;0;0
C05;Faire soi-même ses produits d’entretien pour éviter les emballages;Courses;OURS;Ours blanc;ours2;45792;0.006;0;0.03
W02;Utiliser une seule dose de savon;Courses;OURS;Ours blanc;ours2;45792;0.05;28;0
D15;Economiser les mouchoirs en papier. l'essuie-tout et le papier toilette;Déchets;OURS;Ours blanc;ours2;45792;0.009591;0;0.8
D09;Faire du compost avec les déchets végétaux ou donner les restes alimentaires aux poules…;Déchets;OURS;Ours blanc;ours2;45792;0.0623;0;1.75
D07;Vendre ou donner les vêtements. les objets. les jouets dont on ne veut plus (trop petits…);Déchets;OURS;Ours blanc;ours2;45792;0.017374;2500;0
D04;Ramasser les papiers et les déchets par terre pour les mettre à la poubelle;Déchets;OURS;Ours blanc;ours2;45792;0.00947;0;0.1
D02;Tout manger ce qu’il y a dans nos assiettes (cantine/maison);Déchets;OURS;Ours blanc;ours2;45792;2.453511;0;1.390385
B04;Faire un jardin potager;Biodiversité;OURS;Ours blanc;ours2;45792;4.48;0;0
B02;Ne pas tuer les araignées. les insectes (les mettre dehors…);Biodiversité;OURS;Ours blanc;ours2;45792;0;0;0
W03;Ne pas faire couler l’eau trop longtemps quand on se lave les mains;Eau;OURS;Ours blanc;ours13;45812;0.004964;12.6;0
W05;Prendre une douche plutôt qu’un bain;Eau;OURS;Ours blanc;ours13;45812;0.140658;357;0
T03;Préférer la marche ou le vélo plutôt que la voiture;Transport;OURS;Ours blanc;ours2;45792;0.506;0;0
T04;Faire du covoiturage;Transport;OURS;Ours blanc;ours2;45792;0.506;0;0
E05;Préférer les ampoules à basse consommation;Electricité;OURS;Ours blanc;ours2;45792;0.072803;0;0
E02;Ouvrir les volets et ne pas allumer la lumière quand il fait jour dehors. ou éteindre lorsque la lumière extérieure le permet;Electricité;OURS;Ours blanc;ours2;45792;0.027408;0;0
E10;Faire sécher son linge à l'air libre au lieu d'utiliser le sèche linge chaque fois qu'on peut;Electricité;OURS;Ours blanc;ours2;45792;0.413462;0;0
E01;Eteindre la lumière quand on quitte une pièce. quand on n’en a pas besoin;Electricité;OURS;Ours blanc;ours2;45792;0.027408;0;0
C05;Faire soi-même ses produits d’entretien pour éviter les emballages;Courses;OURS;Ours blanc;ours13;45793;0.006;0;0.03
W02;Utiliser une seule dose de savon;Courses;OURS;Ours blanc;ours13;45793;0.05;28;0
D15;Economiser les mouchoirs en papier. l'essuie-tout et le papier toilette;Déchets;OURS;Ours blanc;ours13;45793;0.009591;0;0.8
D09;Faire du compost avec les déchets végétaux ou donner les restes alimentaires aux poules…;Déchets;OURS;Ours blanc;ours13;45793;0.0623;0;1.75
D08;Utiliser les bacs de tri;Déchets;OURS;Ours blanc;ours13;45793;0.866962;0;0
D03;Ne pas jeter de déchets dans la nature (chewing-gums. sacs. canettes. bouteilles…);Déchets;OURS;Ours blanc;ours13;45793;0.424875;0;4.486538
D02;Tout manger ce qu’il y a dans nos assiettes (cantine/maison);Déchets;OURS;Ours blanc;ours13;45793;2.453511;0;1.390385
B04;Faire un jardin potager;Biodiversité;OURS;Ours blanc;ours13;45793;4.48;0;0
B02;Ne pas tuer les araignées. les insectes (les mettre dehors…);Biodiversité;OURS;Ours blanc;ours13;45793;0;0;0
W07;Vider le reste de sa gourde dans les plantes;Eau;OURS;Ours blanc;ours13;45793;0;0.000013;0
W03;Ne pas faire couler l’eau trop longtemps quand on se lave les mains;Eau;OURS;Ours blanc;ours13;45793;0.004964;12.6;0
W05;Prendre une douche plutôt qu’un bain;Eau;OURS;Ours blanc;ours13;45793;0.140658;357;0
T03;Préférer la marche ou le vélo plutôt que la voiture;Transport;OURS;Ours blanc;ours13;45793;0.506;0;0
T04;Faire du covoiturage;Transport;OURS;Ours blanc;ours13;45793;0.506;0;0
E05;Préférer les ampoules à basse consommation;Electricité;OURS;Ours blanc;ours13;45793;0.072803;0;0
D06;Prendre soin de ses affaires pour les faire durer plus longtemps (reboucher les feutres… ne pas casser. ne pas lancer…);Déchets;OURS;Ours blanc;ours6;45753;0.017374;0;0.183462
B04;Faire un jardin potager;Biodiversité;OURS;Ours blanc;ours2;45754;4.48;0;0
B03;Donner à manger aux oiseaux dans son jardin ou sur son balcon;Biodiversité;OURS;Ours blanc;ours2;45754;0;0;0
C06;Faire ses repas, gouter, compotes sois même plutôt que d’acheter des plats préparés;Courses;OURS;Ours blanc;ours2;45754;1.260407;0;0.180058
C05;Faire soi-même ses produits d’entretien pour éviter les emballages;Courses;OURS;Ours blanc;ours2;45754;0.006;0;0.03
W05;Prendre une douche plutôt qu’un bain;Eau;OURS;Ours blanc;ours12;45760;0.140658;357;0
E05;Préférer les ampoules à basse consommation;Electricité;OURS;Ours blanc;ours13;45779;0.072803;0;0
E06;Préférer les piles rechargeables;Electricité;OURS;Ours blanc;ours12;45760;0.097538;0;0
E04;Eteindre les écrans (ordinateur. télévision. …) pour diminuer la consommation d’électricité;Electricité;OURS;Ours blanc;ours12;45760;0.15988;0;1
E11;Couvrir les casseroles lorsqu’on fait bouillir de l’eau ou pour cuire…;Electricité;OURS;Ours blanc;ours12;45760;0.00293;0;0
E08;Eteindre le chauffage lorsqu’on aère une pièce;Electricité;OURS;Ours blanc;ours12;45760;0.000173;0;0
B03;Donner à manger aux oiseaux dans son jardin ou sur son balcon;Biodiversité;OURS;Ours blanc;ours12;45760;0;0;0
T06;Couper le moteur de la voiture quand elle ne roule pas;Transport;OURS;Ours blanc;ours12;45760;1.518;0;0
C05;Faire soi-même ses produits d’entretien pour éviter les emballages;Courses;OURS;Ours blanc;ours12;45760;0.006;0;0.03
E02;Ouvrir les volets et ne pas allumer la lumière quand il fait jour dehors. ou éteindre lorsque la lumière extérieure le permet;Electricité;OURS;Ours blanc;ours13;45779;0.027408;0;0
E10;Faire sécher son linge à l'air libre au lieu d'utiliser le sèche linge chaque fois qu'on peut;Electricité;OURS;Ours blanc;ours13;45779;0.413462;0;0
E01;Eteindre la lumière quand on quitte une pièce. quand on n’en a pas besoin;Electricité;OURS;Ours blanc;ours13;45779;0.027408;0;0
D15;Economiser les mouchoirs en papier. l'essuie-tout et le papier toilette;Déchets;OURS;Ours blanc;ours2;45779;0.009591;0;0.8
D09;Faire du compost avec les déchets végétaux ou donner les restes alimentaires aux poules…;Déchets;OURS;Ours blanc;ours2;45779;0.0623;0;1.75
C03;Acheter des fruits ou légumes de saison;Courses;OURS;Ours blanc;ours6;45791;6.932;0;0
D11;Acheter des produits en vrac. éviter les emballages individuels…;Déchets;OURS;Ours blanc;ours6;45791;0.38;0;0.67
D08;Utiliser les bacs de tri;Déchets;OURS;Ours blanc;ours6;45791;0.866962;0;0
D06;Prendre soin de ses affaires pour les faire durer plus longtemps (reboucher les feutres… ne pas casser. ne pas lancer…);Déchets;OURS;Ours blanc;ours6;45791;0.017374;0;0.183462
D03;Ne pas jeter de déchets dans la nature (chewing-gums. sacs. canettes. bouteilles…);Déchets;OURS;Ours blanc;ours6;45791;0.424875;0;4.486538
D01;Limiter l'utilisation du papier : Utiliser les feuilles des 2 côtés / faire du brouillon / Utiliser l'ardoise pour chercher / Prendre du papier recyclé…;Déchets;OURS;Ours blanc;ours6;45791;0.009641;0;0.8
W07;Vider le reste de sa gourde dans les plantes;Eau;OURS;Ours blanc;ours6;45791;0;0.000013;0
W03;Ne pas faire couler l’eau trop longtemps quand on se lave les mains;Eau;OURS;Ours blanc;ours6;45791;0.004964;12.6;0
W05;Prendre une douche plutôt qu’un bain;Eau;OURS;Ours blanc;ours6;45791;0.140658;357;0
T03;Préférer la marche ou le vélo plutôt que la voiture;Transport;OURS;Ours blanc;ours6;45791;0.506;0;0
E05;Préférer les ampoules à basse consommation;Electricité;OURS;Ours blanc;ours6;45791;0.072803;0;0
E02;Ouvrir les volets et ne pas allumer la lumière quand il fait jour dehors. ou éteindre lorsque la lumière extérieure le permet;Electricité;OURS;Ours blanc;ours6;45791;0.027408;0;0
E01;Eteindre la lumière quand on quitte une pièce. quand on n’en a pas besoin;Electricité;OURS;Ours blanc;ours6;45791;0.027408;0;0
D07;Vendre ou donner les vêtements. les objets. les jouets dont on ne veut plus (trop petits…);Déchets;OURS;Ours blanc;ours2;45779;0.017374;2500;0
D04;Ramasser les papiers et les déchets par terre pour les mettre à la poubelle;Déchets;OURS;Ours blanc;ours2;45779;0.00947;0;0.1
D02;Tout manger ce qu’il y a dans nos assiettes (cantine/maison);Déchets;OURS;Ours blanc;ours2;45779;2.453511;0;1.390385
C06;Faire ses repas, gouter, compotes sois même plutôt que d’acheter des plats préparés;Courses;OURS;Ours blanc;ours2;45779;1.260407;0;0.180058
C06;Faire ses repas, gouter, compotes sois même plutôt que d’acheter des plats préparés;Courses;OURS;Ours blanc;ours2;45792;1.260407;0;0.180058
C03;Acheter des fruits ou légumes de saison;Courses;OURS;Ours blanc;ours2;45792;6.932;0;0
D11;Acheter des produits en vrac. éviter les emballages individuels…;Déchets;OURS;Ours blanc;ours2;45792;0.38;0;0.67
D10;Ne pas acheter de bouteilles en plastique : boire à la gourde;Déchets;OURS;Ours blanc;ours2;45792;0.54243;0;0.21
D08;Utiliser les bacs de tri;Déchets;OURS;Ours blanc;ours2;45792;0.866962;0;0
D06;Prendre soin de ses affaires pour les faire durer plus longtemps (reboucher les feutres… ne pas casser. ne pas lancer…);Déchets;OURS;Ours blanc;ours2;45792;0.017374;0;0.183462
D03;Ne pas jeter de déchets dans la nature (chewing-gums. sacs. canettes. bouteilles…);Déchets;OURS;Ours blanc;ours2;45792;0.424875;0;4.486538
D01;Limiter l'utilisation du papier : Utiliser les feuilles des 2 côtés / faire du brouillon / Utiliser l'ardoise pour chercher / Prendre du papier recyclé…;Déchets;OURS;Ours blanc;ours2;45792;0.009641;0;0.8
B03;Donner à manger aux oiseaux dans son jardin ou sur son balcon;Biodiversité;OURS;Ours blanc;ours2;45792;0;0;0
B01;Ne pas cueillir de plante dans la nature;Biodiversité;OURS;Ours blanc;ours2;45792;0;0;0
W04;Tirer la petite chasse d’eau quand on fait pipi;Eau;OURS;Ours blanc;ours13;45812;0.006501;16.5;0
W02;Couper l’eau quand on se brosse les dents : mettre de l’eau dans un verre pour se rincer;Eau;OURS;Ours blanc;ours13;45812;0.05;28;0
W01;Prendre des douches rapides;Eau;OURS;Ours blanc;ours13;45812;0.25;224;0
T06;Couper le moteur de la voiture quand elle ne roule pas;Transport;OURS;Ours blanc;ours2;45792;1.518;0;0
E06;Préférer les piles rechargeables;Electricité;OURS;Ours blanc;ours2;45792;0.097538;0;0
E04;Eteindre les écrans (ordinateur. télévision. …) pour diminuer la consommation d’électricité;Electricité;OURS;Ours blanc;ours2;45792;0.15988;0;1
E11;Couvrir les casseroles lorsqu’on fait bouillir de l’eau ou pour cuire…;Electricité;OURS;Ours blanc;ours2;45792;0.00293;0;0
E08;Eteindre le chauffage lorsqu’on aère une pièce;Electricité;OURS;Ours blanc;ours2;45792;0.000173;0;0
C06;Faire ses repas, gouter, compotes sois même plutôt que d’acheter des plats préparés;Courses;OURS;Ours blanc;ours13;45793;1.260407;0;0.180058
C03;Acheter des fruits ou légumes de saison;Courses;OURS;Ours blanc;ours13;45793;6.932;0;0
D11;Acheter des produits en vrac. éviter les emballages individuels…;Déchets;OURS;Ours blanc;ours13;45793;0.38;0;0.67
D10;Ne pas acheter de bouteilles en plastique : boire à la gourde;Déchets;OURS;Ours blanc;ours13;45793;0.54243;0;0.21
C03;Acheter des fruits ou légumes de saison;Courses;OURS;Ours blanc;ours2;45779;6.932;0;0
B04;Faire un jardin potager;Biodiversité;OURS;Ours blanc;ours2;45779;4.48;0;0
B02;Ne pas tuer les araignées. les insectes (les mettre dehors…);Biodiversité;OURS;Ours blanc;ours2;45779;0;0;0
D07;Vendre ou donner les vêtements. les objets. les jouets dont on ne veut plus (trop petits…);Déchets;OURS;Ours blanc;ours13;45793;0.017374;2500;0
D06;Prendre soin de ses affaires pour les faire durer plus longtemps (reboucher les feutres… ne pas casser. ne pas lancer…);Déchets;OURS;Ours blanc;ours13;45793;0.017374;0;0.183462
D04;Ramasser les papiers et les déchets par terre pour les mettre à la poubelle;Déchets;OURS;Ours blanc;ours13;45793;0.00947;0;0.1
D01;Limiter l'utilisation du papier : Utiliser les feuilles des 2 côtés / faire du brouillon / Utiliser l'ardoise pour chercher / Prendre du papier recyclé…;Déchets;OURS;Ours blanc;ours13;45793;0.009641;0;0.8
B03;Donner à manger aux oiseaux dans son jardin ou sur son balcon;Biodiversité;OURS;Ours blanc;ours13;45793;0;0;0
B01;Ne pas cueillir de plante dans la nature;Biodiversité;OURS;Ours blanc;ours13;45793;0;0;0
W04;Tirer la petite chasse d’eau quand on fait pipi;Eau;OURS;Ours blanc;ours13;45793;0.006501;16.5;0
T06;Couper le moteur de la voiture quand elle ne roule pas;Transport;OURS;Ours blanc;ours2;45779;1.518;0;0
T04;Faire du covoiturage;Transport;OURS;Ours blanc;ours2;45779;0.506;0;0
E05;Préférer les ampoules à basse consommation;Electricité;OURS;Ours blanc;ours2;45779;0.072803;0;0
E02;Ouvrir les volets et ne pas allumer la lumière quand il fait jour dehors. ou éteindre lorsque la lumière extérieure le permet;Electricité;OURS;Ours blanc;ours2;45779;0.027408;0;0
C06;Faire ses repas, gouter, compotes sois même plutôt que d’acheter des plats préparés;Courses;OURS;Ours blanc;ours1;45764;1.260407;0;0.180058
D10;Ne pas acheter de bouteilles en plastique : boire à la gourde;Déchets;OURS;Ours blanc;ours1;45764;0.54243;0;0.21
D08;Utiliser les bacs de tri;Déchets;OURS;Ours blanc;ours1;45764;0.866962;0;0
D04;Ramasser les papiers et les déchets par terre pour les mettre à la poubelle;Déchets;OURS;Ours blanc;ours1;45764;0.00947;0;0.1
D02;Tout manger ce qu’il y a dans nos assiettes (cantine/maison);Déchets;OURS;Ours blanc;ours1;45764;2.453511;0;1.390385
B04;Faire un jardin potager;Biodiversité;OURS;Ours blanc;ours1;45764;4.48;0;0
B02;Ne pas tuer les araignées. les insectes (les mettre dehors…);Biodiversité;OURS;Ours blanc;ours1;45764;0;0;0
W04;Tirer la petite chasse d’eau quand on fait pipi;Eau;OURS;Ours blanc;ours1;45764;0.006501;16.5;0
W03;Ne pas faire couler l’eau trop longtemps quand on se lave les mains;Eau;OURS;Ours blanc;ours1;45764;0.004964;12.6;0
W05;Prendre une douche plutôt qu’un bain;Eau;OURS;Ours blanc;ours1;45764;0.140658;357;0
E05;Préférer les ampoules à basse consommation;Electricité;OURS;Ours blanc;ours1;45764;0.072803;0;0
E04;Eteindre les écrans (ordinateur. télévision. …) pour diminuer la consommation d’électricité;Electricité;OURS;Ours blanc;ours1;45764;0.15988;0;1
E11;Couvrir les casseroles lorsqu’on fait bouillir de l’eau ou pour cuire…;Electricité;OURS;Ours blanc;ours1;45764;0.00293;0;0
E08;Eteindre le chauffage lorsqu’on aère une pièce;Electricité;OURS;Ours blanc;ours1;45764;0.000173;0;0
W02;Couper l’eau quand on se brosse les dents : mettre de l’eau dans un verre pour se rincer;Eau;OURS;Ours blanc;ours13;45793;0.05;28;0
W01;Prendre des douches rapides;Eau;OURS;Ours blanc;ours13;45793;0.25;224;0
T06;Couper le moteur de la voiture quand elle ne roule pas;Transport;OURS;Ours blanc;ours13;45793;1.518;0;0
E06;Préférer les piles rechargeables;Electricité;OURS;Ours blanc;ours13;45793;0.097538;0;0
E04;Eteindre les écrans (ordinateur. télévision. …) pour diminuer la consommation d’électricité;Electricité;OURS;Ours blanc;ours13;45793;0.15988;0;1
E11;Couvrir les casseroles lorsqu’on fait bouillir de l’eau ou pour cuire…;Electricité;OURS;Ours blanc;ours13;45793;0.00293;0;0
D15;Economiser les mouchoirs en papier. l'essuie-tout et le papier toilette;Déchets;OURS;Ours blanc;ours2;45756;0.009591;0;0.8
D10;Ne pas acheter de bouteilles en plastique : boire à la gourde;Déchets;OURS;Ours blanc;ours2;45756;0.54243;0;0.21
D08;Utiliser les bacs de tri;Déchets;OURS;Ours blanc;ours2;45756;0.866962;0;0
D07;Vendre ou donner les vêtements. les objets. les jouets dont on ne veut plus (trop petits…);Déchets;OURS;Ours blanc;ours2;45756;0.017374;2500;0
D06;Prendre soin de ses affaires pour les faire durer plus longtemps (reboucher les feutres… ne pas casser. ne pas lancer…);Déchets;OURS;Ours blanc;ours2;45756;0.017374;0;0.183462
D04;Ramasser les papiers et les déchets par terre pour les mettre à la poubelle;Déchets;OURS;Ours blanc;ours2;45756;0.00947;0;0.1
D03;Ne pas jeter de déchets dans la nature (chewing-gums. sacs. canettes. bouteilles…);Déchets;OURS;Ours blanc;ours2;45756;0.424875;0;4.486538
D02;Tout manger ce qu’il y a dans nos assiettes (cantine/maison);Déchets;OURS;Ours blanc;ours2;45756;2.453511;0;1.390385
D01;Limiter l'utilisation du papier : Utiliser les feuilles des 2 côtés / faire du brouillon / Utiliser l'ardoise pour chercher / Prendre du papier recyclé…;Déchets;OURS;Ours blanc;ours2;45756;0.009641;0;0.8
D09;Faire du compost avec les déchets végétaux ou donner les restes alimentaires aux poules…;Déchets;OURS;Ours blanc;ours2;45756;0.0623;0;1.75
D11;Acheter des produits en vrac. éviter les emballages individuels…;Déchets;OURS;Ours blanc;ours2;45756;0.38;0;0.67
T03;Préférer la marche ou le vélo plutôt que la voiture;Transport;OURS;Ours blanc;ours2;45756;0.506;0;0
T06;Couper le moteur de la voiture quand elle ne roule pas;Transport;OURS;Ours blanc;ours2;45756;1.518;0;0
T04;Faire du covoiturage;Transport;OURS;Ours blanc;ours2;45756;0.506;0;0
W07;Vider le reste de sa gourde dans les plantes;Eau;OURS;Ours blanc;ours2;45756;0;0.000013;0
W04;Tirer la petite chasse d’eau quand on fait pipi;Eau;OURS;Ours blanc;ours2;45756;0.006501;16.5;0
W03;Ne pas faire couler l’eau trop longtemps quand on se lave les mains;Eau;OURS;Ours blanc;ours2;45756;0.004964;12.6;0
W02;Couper l’eau quand on se brosse les dents : mettre de l’eau dans un verre pour se rincer;Eau;OURS;Ours blanc;ours2;45756;0.05;28;0
W05;Prendre une douche plutôt qu’un bain;Eau;OURS;Ours blanc;ours2;45756;0.140658;357;0
W01;Prendre des douches rapides;Eau;OURS;Ours blanc;ours2;45756;0.25;224;0
B04;Faire un jardin potager;Biodiversité;OURS;Ours blanc;ours2;45756;4.48;0;0
B03;Donner à manger aux oiseaux dans son jardin ou sur son balcon;Biodiversité;OURS;Ours blanc;ours2;45756;0;0;0
B01;Ne pas cueillir de plante dans la nature;Biodiversité;OURS;Ours blanc;ours2;45756;0;0;0
B02;Ne pas tuer les araignées. les insectes (les mettre dehors…);Biodiversité;OURS;Ours blanc;ours2;45756;0;0;0
E06;Préférer les piles rechargeables;Electricité;OURS;Ours blanc;ours2;45756;0.097538;0;0
E04;Eteindre les écrans (ordinateur. télévision. …) pour diminuer la consommation d’électricité;Electricité;OURS;Ours blanc;ours2;45756;0.15988;0;1
E05;Préférer les ampoules à basse consommation;Electricité;OURS;Ours blanc;ours2;45756;0.072803;0;0
E02;Ouvrir les volets et ne pas allumer la lumière quand il fait jour dehors. ou éteindre lorsque la lumière extérieure le permet;Electricité;OURS;Ours blanc;ours2;45756;0.027408;0;0
E11;Couvrir les casseroles lorsqu’on fait bouillir de l’eau ou pour cuire…;Electricité;OURS;Ours blanc;ours2;45756;0.00293;0;0
E10;Faire sécher son linge à l'air libre au lieu d'utiliser le sèche linge chaque fois qu'on peut;Electricité;OURS;Ours blanc;ours2;45756;0.413462;0;0
E08;Eteindre le chauffage lorsqu’on aère une pièce;Electricité;OURS;Ours blanc;ours2;45756;0.000173;0;0
E01;Eteindre la lumière quand on quitte une pièce. quand on n’en a pas besoin;Electricité;OURS;Ours blanc;ours2;45756;0.027408;0;0
C06;Faire ses repas, gouter, compotes sois même plutôt que d’acheter des plats préparés;Courses;OURS;Ours blanc;ours2;45756;1.260407;0;0.180058
C05;Faire soi-même ses produits d’entretien pour éviter les emballages;Courses;OURS;Ours blanc;ours2;45756;0.006;0;0.03
C03;Acheter des fruits ou légumes de saison;Courses;OURS;Ours blanc;ours2;45756;6.932;0;0
W02;Utiliser une seule dose de savon;Courses;OURS;Ours blanc;ours2;45756;0.05;28;0
W02;Utiliser une seule dose de savon;Courses;OURS;Ours blanc;ours4;45756;0.05;28;0
D09;Faire du compost avec les déchets végétaux ou donner les restes alimentaires aux poules…;Déchets;OURS;Ours blanc;ours12;45760;0.0623;0;1.75
D08;Utiliser les bacs de tri;Déchets;OURS;Ours blanc;ours4;45756;0.866962;0;0
D03;Ne pas jeter de déchets dans la nature (chewing-gums. sacs. canettes. bouteilles…);Déchets;OURS;Ours blanc;ours4;45756;0.424875;0;4.486538
B03;Donner à manger aux oiseaux dans son jardin ou sur son balcon;Biodiversité;OURS;Ours blanc;ours4;45756;0;0;0
E11;Couvrir les casseroles lorsqu’on fait bouillir de l’eau ou pour cuire…;Electricité;OURS;Ours blanc;ours2;45779;0.00293;0;0
E02;Ouvrir les volets et ne pas allumer la lumière quand il fait jour dehors. ou éteindre lorsque la lumière extérieure le permet;Electricité;OURS;Ours blanc;ours13;45793;0.027408;0;0
B02;Ne pas tuer les araignées. les insectes (les mettre dehors…);Biodiversité;OURS;Ours blanc;ours1;45761;0;0;0
B04;Faire un jardin potager;Biodiversité;OURS;Ours blanc;ours13;45761;4.48;0;0
W07;Vider le reste de sa gourde dans les plantes;Eau;OURS;Ours blanc;ours13;45761;0;0.000013;0
W02;Couper l’eau quand on se brosse les dents : mettre de l’eau dans un verre pour se rincer;Eau;OURS;Ours blanc;ours13;45761;0.05;28;0
W01;Prendre des douches rapides;Eau;OURS;Ours blanc;ours13;45761;0.25;224;0
E05;Préférer les ampoules à basse consommation;Electricité;OURS;Ours blanc;ours13;45761;0.072803;0;0
E10;Faire sécher son linge à l'air libre au lieu d'utiliser le sèche linge chaque fois qu'on peut;Electricité;OURS;Ours blanc;ours13;45761;0.413462;0;0
E06;Préférer les piles rechargeables;Electricité;OURS;Ours blanc;ours13;45761;0.097538;0;0
C06;Faire ses repas, gouter, compotes sois même plutôt que d’acheter des plats préparés;Courses;OURS;Ours blanc;ours13;45761;1.260407;0;0.180058
W02;Utiliser une seule dose de savon;Courses;OURS;Ours blanc;ours13;45761;0.05;28;0
D07;Vendre ou donner les vêtements. les objets. les jouets dont on ne veut plus (trop petits…);Déchets;OURS;Ours blanc;ours13;45761;0.017374;2500;0
D03;Ne pas jeter de déchets dans la nature (chewing-gums. sacs. canettes. bouteilles…);Déchets;OURS;Ours blanc;ours13;45761;0.424875;0;4.486538
B03;Donner à manger aux oiseaux dans son jardin ou sur son balcon;Biodiversité;OURS;Ours blanc;ours13;45761;0;0;0
D11;Acheter des produits en vrac. éviter les emballages individuels…;Déchets;OURS;Ours blanc;ours13;45761;0.38;0;0.67
W05;Prendre une douche plutôt qu’un bain;Eau;OURS;Ours blanc;ours2;45793;0.140658;357;0
W03;Ne pas faire couler l’eau trop longtemps quand on se lave les mains;Eau;OURS;Ours blanc;ours2;45793;0.004964;12.6;0
W07;Vider le reste de sa gourde dans les plantes;Eau;OURS;Ours blanc;ours2;45793;0;0.000013;0
C06;Faire ses repas, gouter, compotes sois même plutôt que d’acheter des plats préparés;Courses;OURS;Ours blanc;ours4;45756;1.260407;0;0.180058
D15;Economiser les mouchoirs en papier. l'essuie-tout et le papier toilette;Déchets;OURS;Ours blanc;ours4;45756;0.009591;0;0.8
D06;Prendre soin de ses affaires pour les faire durer plus longtemps (reboucher les feutres… ne pas casser. ne pas lancer…);Déchets;OURS;Ours blanc;ours4;45756;0.017374;0;0.183462
D02;Tout manger ce qu’il y a dans nos assiettes (cantine/maison);Déchets;OURS;Ours blanc;ours4;45756;2.453511;0;1.390385
B02;Ne pas tuer les araignées. les insectes (les mettre dehors…);Biodiversité;OURS;Ours blanc;ours4;45756;0;0;0
B01;Ne pas cueillir de plante dans la nature;Biodiversité;OURS;Ours blanc;ours4;45756;0;0;0
W04;Tirer la petite chasse d’eau quand on fait pipi;Eau;OURS;Ours blanc;ours4;45756;0.006501;16.5;0
W03;Ne pas faire couler l’eau trop longtemps quand on se lave les mains;Eau;OURS;Ours blanc;ours4;45756;0.004964;12.6;0
W02;Couper l’eau quand on se brosse les dents : mettre de l’eau dans un verre pour se rincer;Eau;OURS;Ours blanc;ours4;45756;0.05;28;0
W05;Prendre une douche plutôt qu’un bain;Eau;OURS;Ours blanc;ours4;45756;0.140658;357;0
W01;Prendre des douches rapides;Eau;OURS;Ours blanc;ours4;45756;0.25;224;0
T06;Couper le moteur de la voiture quand elle ne roule pas;Transport;OURS;Ours blanc;ours4;45756;1.518;0;0
E05;Préférer les ampoules à basse consommation;Electricité;OURS;Ours blanc;ours4;45756;0.072803;0;0
E02;Ouvrir les volets et ne pas allumer la lumière quand il fait jour dehors. ou éteindre lorsque la lumière extérieure le permet;Electricité;OURS;Ours blanc;ours4;45756;0.027408;0;0
E11;Couvrir les casseroles lorsqu’on fait bouillir de l’eau ou pour cuire…;Electricité;OURS;Ours blanc;ours4;45756;0.00293;0;0
E10;Faire sécher son linge à l'air libre au lieu d'utiliser le sèche linge chaque fois qu'on peut;Electricité;OURS;Ours blanc;ours4;45756;0.413462;0;0
E08;Eteindre le chauffage lorsqu’on aère une pièce;Electricité;OURS;Ours blanc;ours4;45756;0.000173;0;0
E01;Eteindre la lumière quand on quitte une pièce. quand on n’en a pas besoin;Electricité;OURS;Ours blanc;ours4;45756;0.027408;0;0
B02;Ne pas tuer les araignées. les insectes (les mettre dehors…);Biodiversité;OURS;Ours blanc;ours13;45761;0;0;0
W03;Ne pas faire couler l’eau trop longtemps quand on se lave les mains;Eau;OURS;Ours blanc;ours13;45761;0.004964;12.6;0
W05;Prendre une douche plutôt qu’un bain;Eau;OURS;Ours blanc;ours13;45761;0.140658;357;0
T03;Préférer la marche ou le vélo plutôt que la voiture;Transport;OURS;Ours blanc;ours13;45761;0.506;0;0
E02;Ouvrir les volets et ne pas allumer la lumière quand il fait jour dehors. ou éteindre lorsque la lumière extérieure le permet;Electricité;OURS;Ours blanc;ours13;45761;0.027408;0;0
E08;Eteindre le chauffage lorsqu’on aère une pièce;Electricité;OURS;Ours blanc;ours13;45761;0.000173;0;0
E04;Eteindre les écrans (ordinateur. télévision. …) pour diminuer la consommation d’électricité;Electricité;OURS;Ours blanc;ours13;45761;0.15988;0;1
C03;Acheter des fruits ou légumes de saison;Courses;OURS;Ours blanc;ours13;45761;6.932;0;0
D08;Utiliser les bacs de tri;Déchets;OURS;Ours blanc;ours13;45761;0.866962;0;0
D06;Prendre soin de ses affaires pour les faire durer plus longtemps (reboucher les feutres… ne pas casser. ne pas lancer…);Déchets;OURS;Ours blanc;ours13;45761;0.017374;0;0.183462
D02;Tout manger ce qu’il y a dans nos assiettes (cantine/maison);Déchets;OURS;Ours blanc;ours13;45761;2.453511;0;1.390385
B01;Ne pas cueillir de plante dans la nature;Biodiversité;OURS;Ours blanc;ours13;45761;0;0;0
D15;Economiser les mouchoirs en papier. l'essuie-tout et le papier toilette;Déchets;OURS;Ours blanc;ours13;45761;0.009591;0;0.8
E08;Eteindre le chauffage lorsqu’on aère une pièce;Electricité;OURS;Ours blanc;ours2;45779;0.000173;0;0
E01;Eteindre la lumière quand on quitte une pièce. quand on n’en a pas besoin;Electricité;OURS;Ours blanc;ours2;45779;0.027408;0;0
W04;Tirer la petite chasse d’eau quand on fait pipi;Eau;OURS;Ours blanc;ours2;45779;0.006501;16.5;0
W02;Couper l’eau quand on se brosse les dents : mettre de l’eau dans un verre pour se rincer;Eau;OURS;Ours blanc;ours2;45779;0.05;28;0
W01;Prendre des douches rapides;Eau;OURS;Ours blanc;ours2;45779;0.25;224;0
W02;Couper l’eau quand on se brosse les dents : mettre de l’eau dans un verre pour se rincer;Eau;OURS;Ours blanc;ours2;45793;0.05;28;0
W01;Prendre des douches rapides;Eau;OURS;Ours blanc;ours2;45793;0.25;224;0
W04;Tirer la petite chasse d’eau quand on fait pipi;Eau;OURS;Ours blanc;ours2;45793;0.006501;16.5;0
C06;Faire ses repas, gouter, compotes sois même plutôt que d’acheter des plats préparés;Courses;OURS;Ours blanc;ours11;45767;1.260407;0;0.180058
W02;Utiliser une seule dose de savon;Courses;OURS;Ours blanc;ours11;45767;0.05;28;0
E05;Préférer les ampoules à basse consommation;Electricité;OURS;Ours blanc;ours11;45767;0.072803;0;0
E11;Couvrir les casseroles lorsqu’on fait bouillir de l’eau ou pour cuire…;Electricité;OURS;Ours blanc;ours11;45767;0.00293;0;0
D15;Economiser les mouchoirs en papier. l'essuie-tout et le papier toilette;Déchets;OURS;Ours blanc;ours11;45767;0.009591;0;0.8
D07;Vendre ou donner les vêtements. les objets. les jouets dont on ne veut plus (trop petits…);Déchets;OURS;Ours blanc;ours11;45767;0.017374;2500;0
E10;Faire sécher son linge à l'air libre au lieu d'utiliser le sèche linge chaque fois qu'on peut;Electricité;OURS;Ours blanc;ours2;45779;0.413462;0;0
C06;Faire ses repas, gouter, compotes sois même plutôt que d’acheter des plats préparés;Courses;OURS;Ours blanc;ours11;45759;1.260407;0;0.180058
C03;Acheter des fruits ou légumes de saison;Courses;OURS;Ours blanc;ours11;45759;6.932;0;0
D15;Economiser les mouchoirs en papier. l'essuie-tout et le papier toilette;Déchets;OURS;Ours blanc;ours11;45759;0.009591;0;0.8
D10;Ne pas acheter de bouteilles en plastique : boire à la gourde;Déchets;OURS;Ours blanc;ours11;45759;0.54243;0;0.21
D08;Utiliser les bacs de tri;Déchets;OURS;Ours blanc;ours11;45759;0.866962;0;0
D07;Vendre ou donner les vêtements. les objets. les jouets dont on ne veut plus (trop petits…);Déchets;OURS;Ours blanc;ours11;45759;0.017374;2500;0
D04;Ramasser les papiers et les déchets par terre pour les mettre à la poubelle;Déchets;OURS;Ours blanc;ours11;45759;0.00947;0;0.1
D03;Ne pas jeter de déchets dans la nature (chewing-gums. sacs. canettes. bouteilles…);Déchets;OURS;Ours blanc;ours11;45759;0.424875;0;4.486538
D02;Tout manger ce qu’il y a dans nos assiettes (cantine/maison);Déchets;OURS;Ours blanc;ours11;45759;2.453511;0;1.390385
B04;Faire un jardin potager;Biodiversité;OURS;Ours blanc;ours11;45759;4.48;0;0
B02;Ne pas tuer les araignées. les insectes (les mettre dehors…);Biodiversité;OURS;Ours blanc;ours11;45759;0;0;0
W04;Tirer la petite chasse d’eau quand on fait pipi;Eau;OURS;Ours blanc;ours11;45759;0.006501;16.5;0
W02;Couper l’eau quand on se brosse les dents : mettre de l’eau dans un verre pour se rincer;Eau;OURS;Ours blanc;ours11;45759;0.05;28;0
W05;Prendre une douche plutôt qu’un bain;Eau;OURS;Ours blanc;ours11;45759;0.140658;357;0
W01;Prendre des douches rapides;Eau;OURS;Ours blanc;ours11;45759;0.25;224;0
T03;Préférer la marche ou le vélo plutôt que la voiture;Transport;OURS;Ours blanc;ours11;45759;0.506;0;0
T06;Couper le moteur de la voiture quand elle ne roule pas;Transport;OURS;Ours blanc;ours11;45759;1.518;0;0
T04;Faire du covoiturage;Transport;OURS;Ours blanc;ours11;45759;0.506;0;0
E06;Préférer les piles rechargeables;Electricité;OURS;Ours blanc;ours11;45759;0.097538;0;0
E05;Préférer les ampoules à basse consommation;Electricité;OURS;Ours blanc;ours11;45759;0.072803;0;0
E04;Eteindre les écrans (ordinateur. télévision. …) pour diminuer la consommation d’électricité;Electricité;OURS;Ours blanc;ours11;45759;0.15988;0;1
E02;Ouvrir les volets et ne pas allumer la lumière quand il fait jour dehors. ou éteindre lorsque la lumière extérieure le permet;Electricité;OURS;Ours blanc;ours11;45759;0.027408;0;0
E11;Couvrir les casseroles lorsqu’on fait bouillir de l’eau ou pour cuire…;Electricité;OURS;Ours blanc;ours11;45759;0.00293;0;0
E10;Faire sécher son linge à l'air libre au lieu d'utiliser le sèche linge chaque fois qu'on peut;Electricité;OURS;Ours blanc;ours11;45759;0.413462;0;0
E08;Eteindre le chauffage lorsqu’on aère une pièce;Electricité;OURS;Ours blanc;ours11;45759;0.000173;0;0
C03;Acheter des fruits ou légumes de saison;Courses;OURS;Ours blanc;ours6;45760;6.932;0;0
D10;Ne pas acheter de bouteilles en plastique : boire à la gourde;Déchets;OURS;Ours blanc;ours6;45760;0.54243;0;0.21
D07;Vendre ou donner les vêtements. les objets. les jouets dont on ne veut plus (trop petits…);Déchets;OURS;Ours blanc;ours6;45760;0.017374;2500;0
D03;Ne pas jeter de déchets dans la nature (chewing-gums. sacs. canettes. bouteilles…);Déchets;OURS;Ours blanc;ours6;45760;0.424875;0;4.486538
D01;Limiter l'utilisation du papier : Utiliser les feuilles des 2 côtés / faire du brouillon / Utiliser l'ardoise pour chercher / Prendre du papier recyclé…;Déchets;OURS;Ours blanc;ours6;45760;0.009641;0;0.8
B01;Ne pas cueillir de plante dans la nature;Biodiversité;OURS;Ours blanc;ours6;45760;0;0;0
W04;Tirer la petite chasse d’eau quand on fait pipi;Eau;OURS;Ours blanc;ours6;45760;0.006501;16.5;0
W02;Couper l’eau quand on se brosse les dents : mettre de l’eau dans un verre pour se rincer;Eau;OURS;Ours blanc;ours6;45760;0.05;28;0
E06;Préférer les piles rechargeables;Electricité;OURS;Ours blanc;ours6;45760;0.097538;0;0
E04;Eteindre les écrans (ordinateur. télévision. …) pour diminuer la consommation d’électricité;Electricité;OURS;Ours blanc;ours6;45760;0.15988;0;1
E08;Eteindre le chauffage lorsqu’on aère une pièce;Electricité;OURS;Ours blanc;ours6;45760;0.000173;0;0
W07;Vider le reste de sa gourde dans les plantes;Eau;OURS;Ours blanc;ours2;45779;0;0.000013;0
W03;Ne pas faire couler l’eau trop longtemps quand on se lave les mains;Eau;OURS;Ours blanc;ours2;45779;0.004964;12.6;0
D04;Ramasser les papiers et les déchets par terre pour les mettre à la poubelle;Déchets;OURS;Ours blanc;ours13;45762;0.00947;0;0.1
E11;Couvrir les casseroles lorsqu’on fait bouillir de l’eau ou pour cuire…;Electricité;OURS;Ours blanc;ours13;45762;0.00293;0;0
W05;Prendre une douche plutôt qu’un bain;Eau;OURS;Ours blanc;ours2;45779;0.140658;357;0
C06;Faire ses repas, gouter, compotes sois même plutôt que d’acheter des plats préparés;Courses;OURS;Ours blanc;ours6;45760;1.260407;0;0.180058
W02;Utiliser une seule dose de savon;Courses;OURS;Ours blanc;ours6;45760;0.05;28;0
D08;Utiliser les bacs de tri;Déchets;OURS;Ours blanc;ours6;45760;0.866962;0;0
D04;Ramasser les papiers et les déchets par terre pour les mettre à la poubelle;Déchets;OURS;Ours blanc;ours6;45760;0.00947;0;0.1
D02;Tout manger ce qu’il y a dans nos assiettes (cantine/maison);Déchets;OURS;Ours blanc;ours6;45760;2.453511;0;1.390385
B02;Ne pas tuer les araignées. les insectes (les mettre dehors…);Biodiversité;OURS;Ours blanc;ours6;45760;0;0;0
W07;Vider le reste de sa gourde dans les plantes;Eau;OURS;Ours blanc;ours6;45760;0;0.000013;0
W03;Ne pas faire couler l’eau trop longtemps quand on se lave les mains;Eau;OURS;Ours blanc;ours6;45760;0.004964;12.6;0
T06;Couper le moteur de la voiture quand elle ne roule pas;Transport;OURS;Ours blanc;ours6;45760;1.518;0;0
E05;Préférer les ampoules à basse consommation;Electricité;OURS;Ours blanc;ours6;45760;0.072803;0;0
E02;Ouvrir les volets et ne pas allumer la lumière quand il fait jour dehors. ou éteindre lorsque la lumière extérieure le permet;Electricité;OURS;Ours blanc;ours6;45760;0.027408;0;0
E01;Eteindre la lumière quand on quitte une pièce. quand on n’en a pas besoin;Electricité;OURS;Ours blanc;ours6;45760;0.027408;0;0
T03;Préférer la marche ou le vélo plutôt que la voiture;Transport;OURS;Ours blanc;ours1;45760;0.506;0;0
W03;Ne pas faire couler l’eau trop longtemps quand on se lave les mains;Eau;OURS;Ours blanc;ours1;45760;0.004964;12.6;0
W05;Prendre une douche plutôt qu’un bain;Eau;OURS;Ours blanc;ours1;45760;0.140658;357;0
C03;Acheter des fruits ou légumes de saison;Courses;OURS;Ours blanc;ours1;45760;6.932;0;0
W02;Utiliser une seule dose de savon;Courses;OURS;Ours blanc;ours1;45760;0.05;28;0
D10;Ne pas acheter de bouteilles en plastique : boire à la gourde;Déchets;OURS;Ours blanc;ours1;45760;0.54243;0;0.21
D09;Faire du compost avec les déchets végétaux ou donner les restes alimentaires aux poules…;Déchets;OURS;Ours blanc;ours1;45760;0.0623;0;1.75
D08;Utiliser les bacs de tri;Déchets;OURS;Ours blanc;ours1;45760;0.866962;0;0
D06;Prendre soin de ses affaires pour les faire durer plus longtemps (reboucher les feutres… ne pas casser. ne pas lancer…);Déchets;OURS;Ours blanc;ours1;45760;0.017374;0;0.183462
D03;Ne pas jeter de déchets dans la nature (chewing-gums. sacs. canettes. bouteilles…);Déchets;OURS;Ours blanc;ours1;45760;0.424875;0;4.486538
D02;Tout manger ce qu’il y a dans nos assiettes (cantine/maison);Déchets;OURS;Ours blanc;ours1;45760;2.453511;0;1.390385
D01;Limiter l'utilisation du papier : Utiliser les feuilles des 2 côtés / faire du brouillon / Utiliser l'ardoise pour chercher / Prendre du papier recyclé…;Déchets;OURS;Ours blanc;ours1;45760;0.009641;0;0.8
B04;Faire un jardin potager;Biodiversité;OURS;Ours blanc;ours1;45760;4.48;0;0
B03;Donner à manger aux oiseaux dans son jardin ou sur son balcon;Biodiversité;OURS;Ours blanc;ours1;45760;0;0;0
W02;Couper l’eau quand on se brosse les dents : mettre de l’eau dans un verre pour se rincer;Eau;OURS;Ours blanc;ours1;45760;0.05;28;0
E05;Préférer les ampoules à basse consommation;Electricité;OURS;Ours blanc;ours1;45760;0.072803;0;0
E04;Eteindre les écrans (ordinateur. télévision. …) pour diminuer la consommation d’électricité;Electricité;OURS;Ours blanc;ours1;45760;0.15988;0;1
E02;Ouvrir les volets et ne pas allumer la lumière quand il fait jour dehors. ou éteindre lorsque la lumière extérieure le permet;Electricité;OURS;Ours blanc;ours1;45760;0.027408;0;0
E11;Couvrir les casseroles lorsqu’on fait bouillir de l’eau ou pour cuire…;Electricité;OURS;Ours blanc;ours1;45760;0.00293;0;0
E10;Faire sécher son linge à l'air libre au lieu d'utiliser le sèche linge chaque fois qu'on peut;Electricité;OURS;Ours blanc;ours1;45760;0.413462;0;0
E08;Eteindre le chauffage lorsqu’on aère une pièce;Electricité;OURS;Ours blanc;ours1;45760;0.000173;0;0
E01;Eteindre la lumière quand on quitte une pièce. quand on n’en a pas besoin;Electricité;OURS;Ours blanc;ours1;45760;0.027408;0;0
C06;Faire ses repas, gouter, compotes sois même plutôt que d’acheter des plats préparés;Courses;OURS;Ours blanc;ours12;45760;1.260407;0;0.180058
C03;Acheter des fruits ou légumes de saison;Courses;OURS;Ours blanc;ours12;45760;6.932;0;0
W02;Utiliser une seule dose de savon;Courses;OURS;Ours blanc;ours12;45760;0.05;28;0
D11;Acheter des produits en vrac. éviter les emballages individuels…;Déchets;OURS;Ours blanc;ours12;45760;0.38;0;0.67
D15;Economiser les mouchoirs en papier. l'essuie-tout et le papier toilette;Déchets;OURS;Ours blanc;ours12;45760;0.009591;0;0.8
D10;Ne pas acheter de bouteilles en plastique : boire à la gourde;Déchets;OURS;Ours blanc;ours12;45760;0.54243;0;0.21
D08;Utiliser les bacs de tri;Déchets;OURS;Ours blanc;ours12;45760;0.866962;0;0
D07;Vendre ou donner les vêtements. les objets. les jouets dont on ne veut plus (trop petits…);Déchets;OURS;Ours blanc;ours12;45760;0.017374;2500;0
D06;Prendre soin de ses affaires pour les faire durer plus longtemps (reboucher les feutres… ne pas casser. ne pas lancer…);Déchets;OURS;Ours blanc;ours12;45760;0.017374;0;0.183462
D02;Tout manger ce qu’il y a dans nos assiettes (cantine/maison);Déchets;OURS;Ours blanc;ours12;45760;2.453511;0;1.390385
B04;Faire un jardin potager;Biodiversité;OURS;Ours blanc;ours12;45760;4.48;0;0
B01;Ne pas cueillir de plante dans la nature;Biodiversité;OURS;Ours blanc;ours12;45760;0;0;0
W04;Tirer la petite chasse d’eau quand on fait pipi;Eau;OURS;Ours blanc;ours12;45760;0.006501;16.5;0
D04;Ramasser les papiers et les déchets par terre pour les mettre à la poubelle;Déchets;OURS;Ours blanc;ours11;45767;0.00947;0;0.1
D02;Tout manger ce qu’il y a dans nos assiettes (cantine/maison);Déchets;OURS;Ours blanc;ours11;45767;2.453511;0;1.390385
D10;Ne pas acheter de bouteilles en plastique : boire à la gourde;Déchets;OURS;Ours blanc;ours13;45762;0.54243;0;0.21
D01;Limiter l'utilisation du papier : Utiliser les feuilles des 2 côtés / faire du brouillon / Utiliser l'ardoise pour chercher / Prendre du papier recyclé…;Déchets;OURS;Ours blanc;ours13;45762;0.009641;0;0.8
B03;Donner à manger aux oiseaux dans son jardin ou sur son balcon;Biodiversité;OURS;Ours blanc;ours11;45767;0;0;0
W04;Tirer la petite chasse d’eau quand on fait pipi;Eau;OURS;Ours blanc;ours11;45767;0.006501;16.5;0
W02;Couper l’eau quand on se brosse les dents : mettre de l’eau dans un verre pour se rincer;Eau;OURS;Ours blanc;ours11;45767;0.05;28;0
W01;Prendre des douches rapides;Eau;OURS;Ours blanc;ours11;45767;0.25;224;0
T06;Couper le moteur de la voiture quand elle ne roule pas;Transport;OURS;Ours blanc;ours11;45767;1.518;0;0
E05;Préférer les ampoules à basse consommation;Electricité;OURS;Ours blanc;ours13;45768;0.072803;0;0
E02;Ouvrir les volets et ne pas allumer la lumière quand il fait jour dehors. ou éteindre lorsque la lumière extérieure le permet;Electricité;OURS;Ours blanc;ours13;45768;0.027408;0;0
W04;Tirer la petite chasse d’eau quand on fait pipi;Eau;OURS;Ours blanc;ours13;45768;0.006501;16.5;0
W01;Prendre des douches rapides;Eau;OURS;Ours blanc;ours13;45768;0.25;224;0
D04;Ramasser les papiers et les déchets par terre pour les mettre à la poubelle;Déchets;OURS;Ours blanc;ours12;45760;0.00947;0;0.1
D03;Ne pas jeter de déchets dans la nature (chewing-gums. sacs. canettes. bouteilles…);Déchets;OURS;Ours blanc;ours12;45760;0.424875;0;4.486538
D01;Limiter l'utilisation du papier : Utiliser les feuilles des 2 côtés / faire du brouillon / Utiliser l'ardoise pour chercher / Prendre du papier recyclé…;Déchets;OURS;Ours blanc;ours12;45760;0.009641;0;0.8
B02;Ne pas tuer les araignées. les insectes (les mettre dehors…);Biodiversité;OURS;Ours blanc;ours12;45760;0;0;0
W07;Vider le reste de sa gourde dans les plantes;Eau;OURS;Ours blanc;ours12;45760;0;0.000013;0
W03;Ne pas faire couler l’eau trop longtemps quand on se lave les mains;Eau;OURS;Ours blanc;ours12;45760;0.004964;12.6;0
E01;Eteindre la lumière quand on quitte une pièce. quand on n’en a pas besoin;Electricité;OURS;Ours blanc;ours13;45762;0.027408;0;0
T06;Couper le moteur de la voiture quand elle ne roule pas;Transport;OURS;Ours blanc;ours13;45762;1.518;0;0
T03;Préférer la marche ou le vélo plutôt que la voiture;Transport;OURS;Ours blanc;ours13;45812;0.506;0;0
E06;Préférer les piles rechargeables;Electricité;OURS;Ours blanc;ours2;45770;0.097538;0;0
E04;Eteindre les écrans (ordinateur. télévision. …) pour diminuer la consommation d’électricité;Electricité;OURS;Ours blanc;ours2;45770;0.15988;0;1
E11;Couvrir les casseroles lorsqu’on fait bouillir de l’eau ou pour cuire…;Electricité;OURS;Ours blanc;ours2;45770;0.00293;0;0
E08;Eteindre le chauffage lorsqu’on aère une pièce;Electricité;OURS;Ours blanc;ours2;45770;0.000173;0;0
W07;Vider le reste de sa gourde dans les plantes;Eau;OURS;Ours blanc;ours2;45770;0;0.000013;0
W03;Ne pas faire couler l’eau trop longtemps quand on se lave les mains;Eau;OURS;Ours blanc;ours2;45770;0.004964;12.6;0
W05;Prendre une douche plutôt qu’un bain;Eau;OURS;Ours blanc;ours2;45770;0.140658;357;0
D11;Acheter des produits en vrac. éviter les emballages individuels…;Déchets;OURS;Ours blanc;ours2;45763;0.38;0;0.67
D09;Faire du compost avec les déchets végétaux ou donner les restes alimentaires aux poules…;Déchets;OURS;Ours blanc;ours2;45763;0.0623;0;1.75
D07;Vendre ou donner les vêtements. les objets. les jouets dont on ne veut plus (trop petits…);Déchets;OURS;Ours blanc;ours2;45763;0.017374;2500;0
D04;Ramasser les papiers et les déchets par terre pour les mettre à la poubelle;Déchets;OURS;Ours blanc;ours2;45763;0.00947;0;0.1
T04;Faire du covoiturage;Transport;OURS;Ours blanc;ours13;45812;0.506;0;0
D02;Tout manger ce qu’il y a dans nos assiettes (cantine/maison);Déchets;OURS;Ours blanc;ours2;45763;2.453511;0;1.390385
E05;Préférer les ampoules à basse consommation;Electricité;OURS;Ours blanc;ours13;45812;0.072803;0;0
T04;Faire du covoiturage;Transport;OURS;Ours blanc;ours2;45798;0.506;0;0
C06;Faire ses repas, gouter, compotes sois même plutôt que d’acheter des plats préparés;Courses;OURS;Ours blanc;ours2;45763;1.260407;0;0.180058
E04;Eteindre les écrans (ordinateur. télévision. …) pour diminuer la consommation d’électricité;Electricité;OURS;Ours blanc;ours2;45798;0.15988;0;1
C03;Acheter des fruits ou légumes de saison;Courses;OURS;Ours blanc;ours2;45763;6.932;0;0
B04;Faire un jardin potager;Biodiversité;OURS;Ours blanc;ours2;45763;4.48;0;0
B02;Ne pas tuer les araignées. les insectes (les mettre dehors…);Biodiversité;OURS;Ours blanc;ours2;45763;0;0;0
W07;Vider le reste de sa gourde dans les plantes;Eau;OURS;Ours blanc;ours2;45763;0;0.000013;0
W03;Ne pas faire couler l’eau trop longtemps quand on se lave les mains;Eau;OURS;Ours blanc;ours2;45763;0.004964;12.6;0
W05;Prendre une douche plutôt qu’un bain;Eau;OURS;Ours blanc;ours2;45763;0.140658;357;0
T03;Préférer la marche ou le vélo plutôt que la voiture;Transport;OURS;Ours blanc;ours2;45763;0.506;0;0
T04;Faire du covoiturage;Transport;OURS;Ours blanc;ours2;45763;0.506;0;0
E05;Préférer les ampoules à basse consommation;Electricité;OURS;Ours blanc;ours2;45763;0.072803;0;0
E02;Ouvrir les volets et ne pas allumer la lumière quand il fait jour dehors. ou éteindre lorsque la lumière extérieure le permet;Electricité;OURS;Ours blanc;ours2;45763;0.027408;0;0
E10;Faire sécher son linge à l'air libre au lieu d'utiliser le sèche linge chaque fois qu'on peut;Electricité;OURS;Ours blanc;ours2;45763;0.413462;0;0
E01;Eteindre la lumière quand on quitte une pièce. quand on n’en a pas besoin;Electricité;OURS;Ours blanc;ours2;45763;0.027408;0;0
C03;Acheter des fruits ou légumes de saison;Courses;OURS;Ours blanc;ours8;45800;6.932;0;0
D10;Ne pas acheter de bouteilles en plastique : boire à la gourde;Déchets;OURS;Ours blanc;ours8;45800;0.54243;0;0.21
D08;Utiliser les bacs de tri;Déchets;OURS;Ours blanc;ours8;45800;0.866962;0;0
D04;Ramasser les papiers et les déchets par terre pour les mettre à la poubelle;Déchets;OURS;Ours blanc;ours8;45800;0.00947;0;0.1
D02;Tout manger ce qu’il y a dans nos assiettes (cantine/maison);Déchets;OURS;Ours blanc;ours8;45800;2.453511;0;1.390385
B02;Ne pas tuer les araignées. les insectes (les mettre dehors…);Biodiversité;OURS;Ours blanc;ours8;45800;0;0;0
C03;Acheter des fruits ou légumes de saison;Courses;OURS;Ours blanc;ours1;45771;6.932;0;0
W07;Vider le reste de sa gourde dans les plantes;Eau;OURS;Ours blanc;ours8;45800;0;0.000013;0
W03;Ne pas faire couler l’eau trop longtemps quand on se lave les mains;Eau;OURS;Ours blanc;ours8;45800;0.004964;12.6;0
W05;Prendre une douche plutôt qu’un bain;Eau;OURS;Ours blanc;ours8;45800;0.140658;357;0
E04;Eteindre les écrans (ordinateur. télévision. …) pour diminuer la consommation d’électricité;Electricité;OURS;Ours blanc;ours8;45800;0.15988;0;1
E10;Faire sécher son linge à l'air libre au lieu d'utiliser le sèche linge chaque fois qu'on peut;Electricité;OURS;Ours blanc;ours8;45800;0.413462;0;0
E01;Eteindre la lumière quand on quitte une pièce. quand on n’en a pas besoin;Electricité;OURS;Ours blanc;ours8;45800;0.027408;0;0
D10;Ne pas acheter de bouteilles en plastique : boire à la gourde;Déchets;OURS;Ours blanc;ours1;45771;0.54243;0;0.21
C03;Acheter des fruits ou légumes de saison;Courses;OURS;Ours blanc;ours6;45801;6.932;0;0
D11;Acheter des produits en vrac. éviter les emballages individuels…;Déchets;OURS;Ours blanc;ours6;45801;0.38;0;0.67
D08;Utiliser les bacs de tri;Déchets;OURS;Ours blanc;ours1;45771;0.866962;0;0
D04;Ramasser les papiers et les déchets par terre pour les mettre à la poubelle;Déchets;OURS;Ours blanc;ours1;45771;0.00947;0;0.1
D02;Tout manger ce qu’il y a dans nos assiettes (cantine/maison);Déchets;OURS;Ours blanc;ours1;45771;2.453511;0;1.390385
B04;Faire un jardin potager;Biodiversité;OURS;Ours blanc;ours1;45771;4.48;0;0
B02;Ne pas tuer les araignées. les insectes (les mettre dehors…);Biodiversité;OURS;Ours blanc;ours1;45771;0;0;0
W04;Tirer la petite chasse d’eau quand on fait pipi;Eau;OURS;Ours blanc;ours1;45771;0.006501;16.5;0
W02;Couper l’eau quand on se brosse les dents : mettre de l’eau dans un verre pour se rincer;Eau;OURS;Ours blanc;ours1;45771;0.05;28;0
D08;Utiliser les bacs de tri;Déchets;OURS;Ours blanc;ours6;45801;0.866962;0;0
D06;Prendre soin de ses affaires pour les faire durer plus longtemps (reboucher les feutres… ne pas casser. ne pas lancer…);Déchets;OURS;Ours blanc;ours6;45801;0.017374;0;0.183462
D03;Ne pas jeter de déchets dans la nature (chewing-gums. sacs. canettes. bouteilles…);Déchets;OURS;Ours blanc;ours6;45801;0.424875;0;4.486538
D01;Limiter l'utilisation du papier : Utiliser les feuilles des 2 côtés / faire du brouillon / Utiliser l'ardoise pour chercher / Prendre du papier recyclé…;Déchets;OURS;Ours blanc;ours6;45801;0.009641;0;0.8
B01;Ne pas cueillir de plante dans la nature;Biodiversité;OURS;Ours blanc;ours6;45801;0;0;0
W03;Ne pas faire couler l’eau trop longtemps quand on se lave les mains;Eau;OURS;Ours blanc;ours6;45801;0.004964;12.6;0
W05;Prendre une douche plutôt qu’un bain;Eau;OURS;Ours blanc;ours6;45801;0.140658;357;0
T03;Préférer la marche ou le vélo plutôt que la voiture;Transport;OURS;Ours blanc;ours1;45771;0.506;0;0
E04;Eteindre les écrans (ordinateur. télévision. …) pour diminuer la consommation d’électricité;Electricité;OURS;Ours blanc;ours1;45771;0.15988;0;1
E11;Couvrir les casseroles lorsqu’on fait bouillir de l’eau ou pour cuire…;Electricité;OURS;Ours blanc;ours1;45771;0.00293;0;0
E08;Eteindre le chauffage lorsqu’on aère une pièce;Electricité;OURS;Ours blanc;ours1;45771;0.000173;0;0
E05;Préférer les ampoules à basse consommation;Electricité;OURS;Ours blanc;ours2;45770;0.072803;0;0
E02;Ouvrir les volets et ne pas allumer la lumière quand il fait jour dehors. ou éteindre lorsque la lumière extérieure le permet;Electricité;OURS;Ours blanc;ours2;45770;0.027408;0;0
E10;Faire sécher son linge à l'air libre au lieu d'utiliser le sèche linge chaque fois qu'on peut;Electricité;OURS;Ours blanc;ours2;45770;0.413462;0;0
E01;Eteindre la lumière quand on quitte une pièce. quand on n’en a pas besoin;Electricité;OURS;Ours blanc;ours2;45770;0.027408;0;0
W04;Tirer la petite chasse d’eau quand on fait pipi;Eau;OURS;Ours blanc;ours2;45770;0.006501;16.5;0
W02;Couper l’eau quand on se brosse les dents : mettre de l’eau dans un verre pour se rincer;Eau;OURS;Ours blanc;ours2;45770;0.05;28;0
W01;Prendre des douches rapides;Eau;OURS;Ours blanc;ours2;45770;0.25;224;0
C06;Faire ses repas, gouter, compotes sois même plutôt que d’acheter des plats préparés;Courses;OURS;Ours blanc;ours1;45771;1.260407;0;0.180058
W02;Utiliser une seule dose de savon;Courses;OURS;Ours blanc;ours1;45771;0.05;28;0
D09;Faire du compost avec les déchets végétaux ou donner les restes alimentaires aux poules…;Déchets;OURS;Ours blanc;ours1;45771;0.0623;0;1.75
D06;Prendre soin de ses affaires pour les faire durer plus longtemps (reboucher les feutres… ne pas casser. ne pas lancer…);Déchets;OURS;Ours blanc;ours1;45771;0.017374;0;0.183462
D03;Ne pas jeter de déchets dans la nature (chewing-gums. sacs. canettes. bouteilles…);Déchets;OURS;Ours blanc;ours1;45771;0.424875;0;4.486538
D01;Limiter l'utilisation du papier : Utiliser les feuilles des 2 côtés / faire du brouillon / Utiliser l'ardoise pour chercher / Prendre du papier recyclé…;Déchets;OURS;Ours blanc;ours1;45771;0.009641;0;0.8
B03;Donner à manger aux oiseaux dans son jardin ou sur son balcon;Biodiversité;OURS;Ours blanc;ours1;45771;0;0;0
B01;Ne pas cueillir de plante dans la nature;Biodiversité;OURS;Ours blanc;ours1;45771;0;0;0
W03;Ne pas faire couler l’eau trop longtemps quand on se lave les mains;Eau;OURS;Ours blanc;ours1;45771;0.004964;12.6;0
W05;Prendre une douche plutôt qu’un bain;Eau;OURS;Ours blanc;ours1;45771;0.140658;357;0
E05;Préférer les ampoules à basse consommation;Electricité;OURS;Ours blanc;ours1;45771;0.072803;0;0
E02;Ouvrir les volets et ne pas allumer la lumière quand il fait jour dehors. ou éteindre lorsque la lumière extérieure le permet;Electricité;OURS;Ours blanc;ours1;45771;0.027408;0;0
E10;Faire sécher son linge à l'air libre au lieu d'utiliser le sèche linge chaque fois qu'on peut;Electricité;OURS;Ours blanc;ours1;45771;0.413462;0;0
E01;Eteindre la lumière quand on quitte une pièce. quand on n’en a pas besoin;Electricité;OURS;Ours blanc;ours1;45771;0.027408;0;0
B04;Faire un jardin potager;Biodiversité;OURS;Ours blanc;ours2;45770;4.48;0;0
B02;Ne pas tuer les araignées. les insectes (les mettre dehors…);Biodiversité;OURS;Ours blanc;ours2;45770;0;0;0
C06;Faire ses repas, gouter, compotes sois même plutôt que d’acheter des plats préparés;Courses;OURS;Ours blanc;ours8;45796;1.260407;0;0.180058
W02;Utiliser une seule dose de savon;Courses;OURS;Ours blanc;ours8;45796;0.05;28;0
D10;Ne pas acheter de bouteilles en plastique : boire à la gourde;Déchets;OURS;Ours blanc;ours8;45796;0.54243;0;0.21
D07;Vendre ou donner les vêtements. les objets. les jouets dont on ne veut plus (trop petits…);Déchets;OURS;Ours blanc;ours8;45796;0.017374;2500;0
D04;Ramasser les papiers et les déchets par terre pour les mettre à la poubelle;Déchets;OURS;Ours blanc;ours8;45796;0.00947;0;0.1
D01;Limiter l'utilisation du papier : Utiliser les feuilles des 2 côtés / faire du brouillon / Utiliser l'ardoise pour chercher / Prendre du papier recyclé…;Déchets;OURS;Ours blanc;ours8;45796;0.009641;0;0.8
B01;Ne pas cueillir de plante dans la nature;Biodiversité;OURS;Ours blanc;ours8;45796;0;0;0
W04;Tirer la petite chasse d’eau quand on fait pipi;Eau;OURS;Ours blanc;ours8;45796;0.006501;16.5;0
W05;Prendre une douche plutôt qu’un bain;Eau;OURS;Ours blanc;ours8;45796;0.140658;357;0
T06;Couper le moteur de la voiture quand elle ne roule pas;Transport;OURS;Ours blanc;ours8;45796;1.518;0;0
E04;Eteindre les écrans (ordinateur. télévision. …) pour diminuer la consommation d’électricité;Electricité;OURS;Ours blanc;ours8;45796;0.15988;0;1
E10;Faire sécher son linge à l'air libre au lieu d'utiliser le sèche linge chaque fois qu'on peut;Electricité;OURS;Ours blanc;ours8;45796;0.413462;0;0
E01;Eteindre la lumière quand on quitte une pièce. quand on n’en a pas besoin;Electricité;OURS;Ours blanc;ours8;45796;0.027408;0;0
C05;Faire soi-même ses produits d’entretien pour éviter les emballages;Courses;OURS;Ours blanc;ours13;45798;0.006;0;0.03
W02;Utiliser une seule dose de savon;Courses;OURS;Ours blanc;ours13;45798;0.05;28;0
D15;Economiser les mouchoirs en papier. l'essuie-tout et le papier toilette;Déchets;OURS;Ours blanc;ours13;45798;0.009591;0;0.8
D09;Faire du compost avec les déchets végétaux ou donner les restes alimentaires aux poules…;Déchets;OURS;Ours blanc;ours13;45798;0.0623;0;1.75
D07;Vendre ou donner les vêtements. les objets. les jouets dont on ne veut plus (trop petits…);Déchets;OURS;Ours blanc;ours13;45798;0.017374;2500;0
D04;Ramasser les papiers et les déchets par terre pour les mettre à la poubelle;Déchets;OURS;Ours blanc;ours13;45798;0.00947;0;0.1
D02;Tout manger ce qu’il y a dans nos assiettes (cantine/maison);Déchets;OURS;Ours blanc;ours13;45798;2.453511;0;1.390385
W07;Vider le reste de sa gourde dans les plantes;Eau;OURS;Ours blanc;ours13;45798;0;0.000013;0
W02;Couper l’eau quand on se brosse les dents : mettre de l’eau dans un verre pour se rincer;Eau;OURS;Ours blanc;ours13;45798;0.05;28;0
W05;Prendre une douche plutôt qu’un bain;Eau;OURS;Ours blanc;ours13;45798;0.140658;357;0
B04;Faire un jardin potager;Biodiversité;OURS;Ours blanc;ours13;45798;4.48;0;0
C03;Acheter des fruits ou légumes de saison;Courses;OURS;Ours blanc;ours8;45796;6.932;0;0
D15;Economiser les mouchoirs en papier. l'essuie-tout et le papier toilette;Déchets;OURS;Ours blanc;ours8;45796;0.009591;0;0.8
D08;Utiliser les bacs de tri;Déchets;OURS;Ours blanc;ours8;45796;0.866962;0;0
D06;Prendre soin de ses affaires pour les faire durer plus longtemps (reboucher les feutres… ne pas casser. ne pas lancer…);Déchets;OURS;Ours blanc;ours8;45796;0.017374;0;0.183462
D03;Ne pas jeter de déchets dans la nature (chewing-gums. sacs. canettes. bouteilles…);Déchets;OURS;Ours blanc;ours8;45796;0.424875;0;4.486538
B02;Ne pas tuer les araignées. les insectes (les mettre dehors…);Biodiversité;OURS;Ours blanc;ours8;45796;0;0;0
W07;Vider le reste de sa gourde dans les plantes;Eau;OURS;Ours blanc;ours8;45796;0;0.000013;0
B03;Donner à manger aux oiseaux dans son jardin ou sur son balcon;Biodiversité;OURS;Ours blanc;ours13;45779;0;0;0
B01;Ne pas cueillir de plante dans la nature;Biodiversité;OURS;Ours blanc;ours13;45779;0;0;0
W04;Tirer la petite chasse d’eau quand on fait pipi;Eau;OURS;Ours blanc;ours13;45779;0.006501;16.5;0
W02;Couper l’eau quand on se brosse les dents : mettre de l’eau dans un verre pour se rincer;Eau;OURS;Ours blanc;ours13;45779;0.05;28;0
W05;Prendre une douche plutôt qu’un bain;Eau;OURS;Ours blanc;ours13;45779;0.140658;357;0
T06;Couper le moteur de la voiture quand elle ne roule pas;Transport;OURS;Ours blanc;ours13;45779;1.518;0;0
W02;Couper l’eau quand on se brosse les dents : mettre de l’eau dans un verre pour se rincer;Eau;OURS;Ours blanc;ours8;45796;0.05;28;0
W01;Prendre des douches rapides;Eau;OURS;Ours blanc;ours8;45796;0.25;224;0
E05;Préférer les ampoules à basse consommation;Electricité;OURS;Ours blanc;ours8;45796;0.072803;0;0
C06;Faire ses repas, gouter, compotes sois même plutôt que d’acheter des plats préparés;Courses;OURS;Ours blanc;ours2;45770;1.260407;0;0.180058
C03;Acheter des fruits ou légumes de saison;Courses;OURS;Ours blanc;ours2;45770;6.932;0;0
D11;Acheter des produits en vrac. éviter les emballages individuels…;Déchets;OURS;Ours blanc;ours2;45770;0.38;0;0.67
D10;Ne pas acheter de bouteilles en plastique : boire à la gourde;Déchets;OURS;Ours blanc;ours2;45770;0.54243;0;0.21
D08;Utiliser les bacs de tri;Déchets;OURS;Ours blanc;ours2;45770;0.866962;0;0
D06;Prendre soin de ses affaires pour les faire durer plus longtemps (reboucher les feutres… ne pas casser. ne pas lancer…);Déchets;OURS;Ours blanc;ours2;45770;0.017374;0;0.183462
D03;Ne pas jeter de déchets dans la nature (chewing-gums. sacs. canettes. bouteilles…);Déchets;OURS;Ours blanc;ours2;45770;0.424875;0;4.486538
D01;Limiter l'utilisation du papier : Utiliser les feuilles des 2 côtés / faire du brouillon / Utiliser l'ardoise pour chercher / Prendre du papier recyclé…;Déchets;OURS;Ours blanc;ours2;45770;0.009641;0;0.8
T03;Préférer la marche ou le vélo plutôt que la voiture;Transport;OURS;Ours blanc;ours2;45770;0.506;0;0
B03;Donner à manger aux oiseaux dans son jardin ou sur son balcon;Biodiversité;OURS;Ours blanc;ours2;45770;0;0;0
B01;Ne pas cueillir de plante dans la nature;Biodiversité;OURS;Ours blanc;ours2;45770;0;0;0
C05;Faire soi-même ses produits d’entretien pour éviter les emballages;Courses;OURS;Ours blanc;ours2;45770;0.006;0;0.03
W02;Utiliser une seule dose de savon;Courses;OURS;Ours blanc;ours2;45770;0.05;28;0
D15;Economiser les mouchoirs en papier. l'essuie-tout et le papier toilette;Déchets;OURS;Ours blanc;ours2;45770;0.009591;0;0.8
D09;Faire du compost avec les déchets végétaux ou donner les restes alimentaires aux poules…;Déchets;OURS;Ours blanc;ours2;45770;0.0623;0;1.75
D07;Vendre ou donner les vêtements. les objets. les jouets dont on ne veut plus (trop petits…);Déchets;OURS;Ours blanc;ours2;45770;0.017374;2500;0
D04;Ramasser les papiers et les déchets par terre pour les mettre à la poubelle;Déchets;OURS;Ours blanc;ours2;45770;0.00947;0;0.1
D02;Tout manger ce qu’il y a dans nos assiettes (cantine/maison);Déchets;OURS;Ours blanc;ours2;45770;2.453511;0;1.390385
T06;Couper le moteur de la voiture quand elle ne roule pas;Transport;OURS;Ours blanc;ours2;45770;1.518;0;0
T04;Faire du covoiturage;Transport;OURS;Ours blanc;ours2;45770;0.506;0;0
C06;Faire ses repas, gouter, compotes sois même plutôt que d’acheter des plats préparés;Courses;OURS;Ours blanc;ours11;45773;1.260407;0;0.180058
C03;Acheter des fruits ou légumes de saison;Courses;OURS;Ours blanc;ours11;45773;6.932;0;0
D15;Economiser les mouchoirs en papier. l'essuie-tout et le papier toilette;Déchets;OURS;Ours blanc;ours11;45773;0.009591;0;0.8
D09;Faire du compost avec les déchets végétaux ou donner les restes alimentaires aux poules…;Déchets;OURS;Ours blanc;ours11;45773;0.0623;0;1.75
D07;Vendre ou donner les vêtements. les objets. les jouets dont on ne veut plus (trop petits…);Déchets;OURS;Ours blanc;ours11;45773;0.017374;2500;0
D04;Ramasser les papiers et les déchets par terre pour les mettre à la poubelle;Déchets;OURS;Ours blanc;ours11;45773;0.00947;0;0.1
D02;Tout manger ce qu’il y a dans nos assiettes (cantine/maison);Déchets;OURS;Ours blanc;ours11;45773;2.453511;0;1.390385
B03;Donner à manger aux oiseaux dans son jardin ou sur son balcon;Biodiversité;OURS;Ours blanc;ours11;45773;0;0;0
W03;Ne pas faire couler l’eau trop longtemps quand on se lave les mains;Eau;OURS;Ours blanc;ours11;45773;0.004964;12.6;0
W05;Prendre une douche plutôt qu’un bain;Eau;OURS;Ours blanc;ours11;45773;0.140658;357;0
T03;Préférer la marche ou le vélo plutôt que la voiture;Transport;OURS;Ours blanc;ours11;45773;0.506;0;0
T04;Faire du covoiturage;Transport;OURS;Ours blanc;ours11;45773;0.506;0;0
E05;Préférer les ampoules à basse consommation;Electricité;OURS;Ours blanc;ours11;45773;0.072803;0;0
E11;Couvrir les casseroles lorsqu’on fait bouillir de l’eau ou pour cuire…;Electricité;OURS;Ours blanc;ours11;45773;0.00293;0;0
E10;Faire sécher son linge à l'air libre au lieu d'utiliser le sèche linge chaque fois qu'on peut;Electricité;OURS;Ours blanc;ours11;45773;0.413462;0;0
E01;Eteindre la lumière quand on quitte une pièce. quand on n’en a pas besoin;Electricité;OURS;Ours blanc;ours11;45773;0.027408;0;0
C06;Faire ses repas, gouter, compotes sois même plutôt que d’acheter des plats préparés;Courses;OURS;Ours blanc;ours6;45774;1.260407;0;0.180058
W02;Utiliser une seule dose de savon;Courses;OURS;Ours blanc;ours6;45774;0.05;28;0
D10;Ne pas acheter de bouteilles en plastique : boire à la gourde;Déchets;OURS;Ours blanc;ours6;45774;0.54243;0;0.21
D07;Vendre ou donner les vêtements. les objets. les jouets dont on ne veut plus (trop petits…);Déchets;OURS;Ours blanc;ours6;45774;0.017374;2500;0
D04;Ramasser les papiers et les déchets par terre pour les mettre à la poubelle;Déchets;OURS;Ours blanc;ours6;45774;0.00947;0;0.1
D01;Limiter l'utilisation du papier : Utiliser les feuilles des 2 côtés / faire du brouillon / Utiliser l'ardoise pour chercher / Prendre du papier recyclé…;Déchets;OURS;Ours blanc;ours6;45774;0.009641;0;0.8
W04;Tirer la petite chasse d’eau quand on fait pipi;Eau;OURS;Ours blanc;ours6;45774;0.006501;16.5;0
W02;Couper l’eau quand on se brosse les dents : mettre de l’eau dans un verre pour se rincer;Eau;OURS;Ours blanc;ours6;45774;0.05;28;0
W01;Prendre des douches rapides;Eau;OURS;Ours blanc;ours6;45774;0.25;224;0
T06;Couper le moteur de la voiture quand elle ne roule pas;Transport;OURS;Ours blanc;ours6;45774;1.518;0;0
E04;Eteindre les écrans (ordinateur. télévision. …) pour diminuer la consommation d’électricité;Electricité;OURS;Ours blanc;ours6;45774;0.15988;0;1
E08;Eteindre le chauffage lorsqu’on aère une pièce;Electricité;OURS;Ours blanc;ours6;45774;0.000173;0;0
C06;Faire ses repas, gouter, compotes sois même plutôt que d’acheter des plats préparés;Courses;OURS;Ours blanc;ours13;45774;1.260407;0;0.180058
W02;Utiliser une seule dose de savon;Courses;OURS;Ours blanc;ours13;45774;0.05;28;0
W04;Tirer la petite chasse d’eau quand on fait pipi;Eau;OURS;Ours blanc;ours13;45774;0.006501;16.5;0
W05;Prendre une douche plutôt qu’un bain;Eau;OURS;Ours blanc;ours13;45774;0.140658;357;0
E06;Préférer les piles rechargeables;Electricité;OURS;Ours blanc;ours13;45774;0.097538;0;0
E04;Eteindre les écrans (ordinateur. télévision. …) pour diminuer la consommation d’électricité;Electricité;OURS;Ours blanc;ours13;45774;0.15988;0;1
E11;Couvrir les casseroles lorsqu’on fait bouillir de l’eau ou pour cuire…;Electricité;OURS;Ours blanc;ours13;45774;0.00293;0;0
E08;Eteindre le chauffage lorsqu’on aère une pièce;Electricité;OURS;Ours blanc;ours13;45774;0.000173;0;0
T03;Préférer la marche ou le vélo plutôt que la voiture;Transport;OURS;Ours blanc;ours13;45774;0.506;0;0
T04;Faire du covoiturage;Transport;OURS;Ours blanc;ours13;45774;0.506;0;0
E02;Ouvrir les volets et ne pas allumer la lumière quand il fait jour dehors. ou éteindre lorsque la lumière extérieure le permet;Electricité;OURS;Ours blanc;ours8;45796;0.027408;0;0
E08;Eteindre le chauffage lorsqu’on aère une pièce;Electricité;OURS;Ours blanc;ours8;45796;0.000173;0;0
B04;Faire un jardin potager;Biodiversité;OURS;Ours blanc;ours13;45779;4.48;0;0
B02;Ne pas tuer les araignées. les insectes (les mettre dehors…);Biodiversité;OURS;Ours blanc;ours13;45779;0;0;0
W07;Vider le reste de sa gourde dans les plantes;Eau;OURS;Ours blanc;ours13;45779;0;0.000013;0
W03;Ne pas faire couler l’eau trop longtemps quand on se lave les mains;Eau;OURS;Ours blanc;ours13;45779;0.004964;12.6;0
W01;Prendre des douches rapides;Eau;OURS;Ours blanc;ours13;45779;0.25;224;0
T03;Préférer la marche ou le vélo plutôt que la voiture;Transport;OURS;Ours blanc;ours13;45779;0.506;0;0
T04;Faire du covoiturage;Transport;OURS;Ours blanc;ours13;45779;0.506;0;0
C05;Faire soi-même ses produits d’entretien pour éviter les emballages;Courses;OURS;Ours blanc;ours11;45773;0.006;0;0.03
W02;Utiliser une seule dose de savon;Courses;OURS;Ours blanc;ours11;45773;0.05;28;0
D10;Ne pas acheter de bouteilles en plastique : boire à la gourde;Déchets;OURS;Ours blanc;ours11;45773;0.54243;0;0.21
D08;Utiliser les bacs de tri;Déchets;OURS;Ours blanc;ours11;45773;0.866962;0;0
D06;Prendre soin de ses affaires pour les faire durer plus longtemps (reboucher les feutres… ne pas casser. ne pas lancer…);Déchets;OURS;Ours blanc;ours11;45773;0.017374;0;0.183462
D03;Ne pas jeter de déchets dans la nature (chewing-gums. sacs. canettes. bouteilles…);Déchets;OURS;Ours blanc;ours11;45773;0.424875;0;4.486538
D01;Limiter l'utilisation du papier : Utiliser les feuilles des 2 côtés / faire du brouillon / Utiliser l'ardoise pour chercher / Prendre du papier recyclé…;Déchets;OURS;Ours blanc;ours11;45773;0.009641;0;0.8
B01;Ne pas cueillir de plante dans la nature;Biodiversité;OURS;Ours blanc;ours11;45773;0;0;0
W02;Couper l’eau quand on se brosse les dents : mettre de l’eau dans un verre pour se rincer;Eau;OURS;Ours blanc;ours11;45773;0.05;28;0
W01;Prendre des douches rapides;Eau;OURS;Ours blanc;ours11;45773;0.25;224;0
T06;Couper le moteur de la voiture quand elle ne roule pas;Transport;OURS;Ours blanc;ours11;45773;1.518;0;0
E06;Préférer les piles rechargeables;Electricité;OURS;Ours blanc;ours11;45773;0.097538;0;0
E04;Eteindre les écrans (ordinateur. télévision. …) pour diminuer la consommation d’électricité;Electricité;OURS;Ours blanc;ours11;45773;0.15988;0;1
E02;Ouvrir les volets et ne pas allumer la lumière quand il fait jour dehors. ou éteindre lorsque la lumière extérieure le permet;Electricité;OURS;Ours blanc;ours11;45773;0.027408;0;0
E08;Eteindre le chauffage lorsqu’on aère une pièce;Electricité;OURS;Ours blanc;ours11;45773;0.000173;0;0
C03;Acheter des fruits ou légumes de saison;Courses;OURS;Ours blanc;ours6;45774;6.932;0;0
D11;Acheter des produits en vrac. éviter les emballages individuels…;Déchets;OURS;Ours blanc;ours6;45774;0.38;0;0.67
D08;Utiliser les bacs de tri;Déchets;OURS;Ours blanc;ours6;45774;0.866962;0;0
D06;Prendre soin de ses affaires pour les faire durer plus longtemps (reboucher les feutres… ne pas casser. ne pas lancer…);Déchets;OURS;Ours blanc;ours6;45774;0.017374;0;0.183462
D03;Ne pas jeter de déchets dans la nature (chewing-gums. sacs. canettes. bouteilles…);Déchets;OURS;Ours blanc;ours6;45774;0.424875;0;4.486538
D02;Tout manger ce qu’il y a dans nos assiettes (cantine/maison);Déchets;OURS;Ours blanc;ours6;45774;2.453511;0;1.390385
B01;Ne pas cueillir de plante dans la nature;Biodiversité;OURS;Ours blanc;ours6;45774;0;0;0
W03;Ne pas faire couler l’eau trop longtemps quand on se lave les mains;Eau;OURS;Ours blanc;ours6;45774;0.004964;12.6;0
W05;Prendre une douche plutôt qu’un bain;Eau;OURS;Ours blanc;ours6;45774;0.140658;357;0
T03;Préférer la marche ou le vélo plutôt que la voiture;Transport;OURS;Ours blanc;ours6;45774;0.506;0;0
E05;Préférer les ampoules à basse consommation;Electricité;OURS;Ours blanc;ours6;45774;0.072803;0;0
E02;Ouvrir les volets et ne pas allumer la lumière quand il fait jour dehors. ou éteindre lorsque la lumière extérieure le permet;Electricité;OURS;Ours blanc;ours6;45774;0.027408;0;0
E01;Eteindre la lumière quand on quitte une pièce. quand on n’en a pas besoin;Electricité;OURS;Ours blanc;ours6;45774;0.027408;0;0
C05;Faire soi-même ses produits d’entretien pour éviter les emballages;Courses;OURS;Ours blanc;ours13;45774;0.006;0;0.03
C03;Acheter des fruits ou légumes de saison;Courses;OURS;Ours blanc;ours13;45774;6.932;0;0
W07;Vider le reste de sa gourde dans les plantes;Eau;OURS;Ours blanc;ours13;45774;0;0.000013;0
W02;Couper l’eau quand on se brosse les dents : mettre de l’eau dans un verre pour se rincer;Eau;OURS;Ours blanc;ours13;45774;0.05;28;0
E05;Préférer les ampoules à basse consommation;Electricité;OURS;Ours blanc;ours13;45774;0.072803;0;0
E02;Ouvrir les volets et ne pas allumer la lumière quand il fait jour dehors. ou éteindre lorsque la lumière extérieure le permet;Electricité;OURS;Ours blanc;ours13;45774;0.027408;0;0
E10;Faire sécher son linge à l'air libre au lieu d'utiliser le sèche linge chaque fois qu'on peut;Electricité;OURS;Ours blanc;ours13;45774;0.413462;0;0
E01;Eteindre la lumière quand on quitte une pièce. quand on n’en a pas besoin;Electricité;OURS;Ours blanc;ours13;45774;0.027408;0;0
T06;Couper le moteur de la voiture quand elle ne roule pas;Transport;OURS;Ours blanc;ours13;45774;1.518;0;0
B04;Faire un jardin potager;Biodiversité;OURS;Ours blanc;ours13;45774;4.48;0;0
B03;Donner à manger aux oiseaux dans son jardin ou sur son balcon;Biodiversité;OURS;Ours blanc;ours13;45774;0;0;0
B02;Ne pas tuer les araignées. les insectes (les mettre dehors…);Biodiversité;OURS;Ours blanc;ours13;45774;0;0;0
B01;Ne pas cueillir de plante dans la nature;Biodiversité;OURS;Ours blanc;ours13;45774;0;0;0
D11;Acheter des produits en vrac. éviter les emballages individuels…;Déchets;OURS;Ours blanc;ours13;45775;0.38;0;0.67
D15;Economiser les mouchoirs en papier. l'essuie-tout et le papier toilette;Déchets;OURS;Ours blanc;ours13;45775;0.009591;0;0.8
D10;Ne pas acheter de bouteilles en plastique : boire à la gourde;Déchets;OURS;Ours blanc;ours13;45775;0.54243;0;0.21
D09;Faire du compost avec les déchets végétaux ou donner les restes alimentaires aux poules…;Déchets;OURS;Ours blanc;ours13;45775;0.0623;0;1.75
D08;Utiliser les bacs de tri;Déchets;OURS;Ours blanc;ours13;45775;0.866962;0;0
D07;Vendre ou donner les vêtements. les objets. les jouets dont on ne veut plus (trop petits…);Déchets;OURS;Ours blanc;ours13;45775;0.017374;2500;0
D06;Prendre soin de ses affaires pour les faire durer plus longtemps (reboucher les feutres… ne pas casser. ne pas lancer…);Déchets;OURS;Ours blanc;ours13;45775;0.017374;0;0.183462
D04;Ramasser les papiers et les déchets par terre pour les mettre à la poubelle;Déchets;OURS;Ours blanc;ours13;45775;0.00947;0;0.1
D03;Ne pas jeter de déchets dans la nature (chewing-gums. sacs. canettes. bouteilles…);Déchets;OURS;Ours blanc;ours13;45775;0.424875;0;4.486538
D02;Tout manger ce qu’il y a dans nos assiettes (cantine/maison);Déchets;OURS;Ours blanc;ours13;45775;2.453511;0;1.390385
D01;Limiter l'utilisation du papier : Utiliser les feuilles des 2 côtés / faire du brouillon / Utiliser l'ardoise pour chercher / Prendre du papier recyclé…;Déchets;OURS;Ours blanc;ours13;45775;0.009641;0;0.8
W03;Ne pas faire couler l’eau trop longtemps quand on se lave les mains;Eau;OURS;Ours blanc;ours13;45775;0.004964;12.6;0
W02;Utiliser une seule dose de savon;Courses;OURS;Ours blanc;ours1;45781;0.05;28;0
D08;Utiliser les bacs de tri;Déchets;OURS;Ours blanc;ours1;45781;0.866962;0;0
D06;Prendre soin de ses affaires pour les faire durer plus longtemps (reboucher les feutres… ne pas casser. ne pas lancer…);Déchets;OURS;Ours blanc;ours1;45781;0.017374;0;0.183462
D03;Ne pas jeter de déchets dans la nature (chewing-gums. sacs. canettes. bouteilles…);Déchets;OURS;Ours blanc;ours1;45781;0.424875;0;4.486538
D02;Tout manger ce qu’il y a dans nos assiettes (cantine/maison);Déchets;OURS;Ours blanc;ours1;45781;2.453511;0;1.390385
D01;Limiter l'utilisation du papier : Utiliser les feuilles des 2 côtés / faire du brouillon / Utiliser l'ardoise pour chercher / Prendre du papier recyclé…;Déchets;OURS;Ours blanc;ours1;45781;0.009641;0;0.8
B02;Ne pas tuer les araignées. les insectes (les mettre dehors…);Biodiversité;OURS;Ours blanc;ours1;45781;0;0;0
B01;Ne pas cueillir de plante dans la nature;Biodiversité;OURS;Ours blanc;ours1;45781;0;0;0
B04;Faire un jardin potager;Biodiversité;OURS;Ours blanc;ours1;45781;4.48;0;0
W04;Tirer la petite chasse d’eau quand on fait pipi;Eau;OURS;Ours blanc;ours1;45781;0.006501;16.5;0
W02;Couper l’eau quand on se brosse les dents : mettre de l’eau dans un verre pour se rincer;Eau;OURS;Ours blanc;ours1;45781;0.05;28;0
T03;Préférer la marche ou le vélo plutôt que la voiture;Transport;OURS;Ours blanc;ours1;45781;0.506;0;0
E04;Eteindre les écrans (ordinateur. télévision. …) pour diminuer la consommation d’électricité;Electricité;OURS;Ours blanc;ours1;45781;0.15988;0;1
E11;Couvrir les casseroles lorsqu’on fait bouillir de l’eau ou pour cuire…;Electricité;OURS;Ours blanc;ours1;45781;0.00293;0;0
E08;Eteindre le chauffage lorsqu’on aère une pièce;Electricité;OURS;Ours blanc;ours1;45781;0.000173;0;0
C06;Faire ses repas, gouter, compotes sois même plutôt que d’acheter des plats préparés;Courses;OURS;Ours blanc;ours11;45782;1.260407;0;0.180058
C03;Acheter des fruits ou légumes de saison;Courses;OURS;Ours blanc;ours11;45782;6.932;0;0
D15;Economiser les mouchoirs en papier. l'essuie-tout et le papier toilette;Déchets;OURS;Ours blanc;ours11;45782;0.009591;0;0.8
D09;Faire du compost avec les déchets végétaux ou donner les restes alimentaires aux poules…;Déchets;OURS;Ours blanc;ours11;45782;0.0623;0;1.75
D07;Vendre ou donner les vêtements. les objets. les jouets dont on ne veut plus (trop petits…);Déchets;OURS;Ours blanc;ours11;45782;0.017374;2500;0
D04;Ramasser les papiers et les déchets par terre pour les mettre à la poubelle;Déchets;OURS;Ours blanc;ours11;45782;0.00947;0;0.1
D02;Tout manger ce qu’il y a dans nos assiettes (cantine/maison);Déchets;OURS;Ours blanc;ours11;45782;2.453511;0;1.390385
B04;Faire un jardin potager;Biodiversité;OURS;Ours blanc;ours11;45782;4.48;0;0
B02;Ne pas tuer les araignées. les insectes (les mettre dehors…);Biodiversité;OURS;Ours blanc;ours11;45782;0;0;0
W04;Tirer la petite chasse d’eau quand on fait pipi;Eau;OURS;Ours blanc;ours11;45782;0.006501;16.5;0
W05;Prendre une douche plutôt qu’un bain;Eau;OURS;Ours blanc;ours11;45782;0.140658;357;0
T03;Préférer la marche ou le vélo plutôt que la voiture;Transport;OURS;Ours blanc;ours11;45782;0.506;0;0
T04;Faire du covoiturage;Transport;OURS;Ours blanc;ours11;45782;0.506;0;0
E05;Préférer les ampoules à basse consommation;Electricité;OURS;Ours blanc;ours11;45782;0.072803;0;0
E02;Ouvrir les volets et ne pas allumer la lumière quand il fait jour dehors. ou éteindre lorsque la lumière extérieure le permet;Electricité;OURS;Ours blanc;ours11;45782;0.027408;0;0
E10;Faire sécher son linge à l'air libre au lieu d'utiliser le sèche linge chaque fois qu'on peut;Electricité;OURS;Ours blanc;ours11;45782;0.413462;0;0
E01;Eteindre la lumière quand on quitte une pièce. quand on n’en a pas besoin;Electricité;OURS;Ours blanc;ours11;45782;0.027408;0;0
C06;Faire ses repas, gouter, compotes sois même plutôt que d’acheter des plats préparés;Courses;OURS;Ours blanc;ours6;45782;1.260407;0;0.180058
W02;Utiliser une seule dose de savon;Courses;OURS;Ours blanc;ours6;45782;0.05;28;0
D10;Ne pas acheter de bouteilles en plastique : boire à la gourde;Déchets;OURS;Ours blanc;ours6;45782;0.54243;0;0.21
D08;Utiliser les bacs de tri;Déchets;OURS;Ours blanc;ours6;45782;0.866962;0;0
D06;Prendre soin de ses affaires pour les faire durer plus longtemps (reboucher les feutres… ne pas casser. ne pas lancer…);Déchets;OURS;Ours blanc;ours6;45782;0.017374;0;0.183462
D03;Ne pas jeter de déchets dans la nature (chewing-gums. sacs. canettes. bouteilles…);Déchets;OURS;Ours blanc;ours6;45782;0.424875;0;4.486538
W07;Vider le reste de sa gourde dans les plantes;Eau;OURS;Ours blanc;ours6;45782;0;0.000013;0
W03;Ne pas faire couler l’eau trop longtemps quand on se lave les mains;Eau;OURS;Ours blanc;ours6;45782;0.004964;12.6;0
W05;Prendre une douche plutôt qu’un bain;Eau;OURS;Ours blanc;ours6;45782;0.140658;357;0
T06;Couper le moteur de la voiture quand elle ne roule pas;Transport;OURS;Ours blanc;ours6;45782;1.518;0;0
E05;Préférer les ampoules à basse consommation;Electricité;OURS;Ours blanc;ours6;45782;0.072803;0;0
E02;Ouvrir les volets et ne pas allumer la lumière quand il fait jour dehors. ou éteindre lorsque la lumière extérieure le permet;Electricité;OURS;Ours blanc;ours6;45782;0.027408;0;0
E08;Eteindre le chauffage lorsqu’on aère une pièce;Electricité;OURS;Ours blanc;ours6;45782;0.000173;0;0
W03;Ne pas faire couler l’eau trop longtemps quand on se lave les mains;Eau;OURS;Ours blanc;ours1;45781;0.004964;12.6;0
W05;Prendre une douche plutôt qu’un bain;Eau;OURS;Ours blanc;ours1;45781;0.140658;357;0
E05;Préférer les ampoules à basse consommation;Electricité;OURS;Ours blanc;ours1;45781;0.072803;0;0
E02;Ouvrir les volets et ne pas allumer la lumière quand il fait jour dehors. ou éteindre lorsque la lumière extérieure le permet;Electricité;OURS;Ours blanc;ours1;45781;0.027408;0;0
E10;Faire sécher son linge à l'air libre au lieu d'utiliser le sèche linge chaque fois qu'on peut;Electricité;OURS;Ours blanc;ours1;45781;0.413462;0;0
E01;Eteindre la lumière quand on quitte une pièce. quand on n’en a pas besoin;Electricité;OURS;Ours blanc;ours1;45781;0.027408;0;0
C05;Faire soi-même ses produits d’entretien pour éviter les emballages;Courses;OURS;Ours blanc;ours11;45782;0.006;0;0.03
W02;Utiliser une seule dose de savon;Courses;OURS;Ours blanc;ours11;45782;0.05;28;0
D10;Ne pas acheter de bouteilles en plastique : boire à la gourde;Déchets;OURS;Ours blanc;ours11;45782;0.54243;0;0.21
D08;Utiliser les bacs de tri;Déchets;OURS;Ours blanc;ours11;45782;0.866962;0;0
D06;Prendre soin de ses affaires pour les faire durer plus longtemps (reboucher les feutres… ne pas casser. ne pas lancer…);Déchets;OURS;Ours blanc;ours11;45782;0.017374;0;0.183462
D03;Ne pas jeter de déchets dans la nature (chewing-gums. sacs. canettes. bouteilles…);Déchets;OURS;Ours blanc;ours11;45782;0.424875;0;4.486538
D01;Limiter l'utilisation du papier : Utiliser les feuilles des 2 côtés / faire du brouillon / Utiliser l'ardoise pour chercher / Prendre du papier recyclé…;Déchets;OURS;Ours blanc;ours11;45782;0.009641;0;0.8
B03;Donner à manger aux oiseaux dans son jardin ou sur son balcon;Biodiversité;OURS;Ours blanc;ours11;45782;0;0;0
W07;Vider le reste de sa gourde dans les plantes;Eau;OURS;Ours blanc;ours11;45782;0;0.000013;0
W02;Couper l’eau quand on se brosse les dents : mettre de l’eau dans un verre pour se rincer;Eau;OURS;Ours blanc;ours11;45782;0.05;28;0
W01;Prendre des douches rapides;Eau;OURS;Ours blanc;ours11;45782;0.25;224;0
T06;Couper le moteur de la voiture quand elle ne roule pas;Transport;OURS;Ours blanc;ours11;45782;1.518;0;0
E06;Préférer les piles rechargeables;Electricité;OURS;Ours blanc;ours11;45782;0.097538;0;0
E04;Eteindre les écrans (ordinateur. télévision. …) pour diminuer la consommation d’électricité;Electricité;OURS;Ours blanc;ours11;45782;0.15988;0;1
E11;Couvrir les casseroles lorsqu’on fait bouillir de l’eau ou pour cuire…;Electricité;OURS;Ours blanc;ours11;45782;0.00293;0;0
E08;Eteindre le chauffage lorsqu’on aère une pièce;Electricité;OURS;Ours blanc;ours11;45782;0.000173;0;0
C03;Acheter des fruits ou légumes de saison;Courses;OURS;Ours blanc;ours6;45782;6.932;0;0
D11;Acheter des produits en vrac. éviter les emballages individuels…;Déchets;OURS;Ours blanc;ours6;45782;0.38;0;0.67
D09;Faire du compost avec les déchets végétaux ou donner les restes alimentaires aux poules…;Déchets;OURS;Ours blanc;ours6;45782;0.0623;0;1.75
D07;Vendre ou donner les vêtements. les objets. les jouets dont on ne veut plus (trop petits…);Déchets;OURS;Ours blanc;ours6;45782;0.017374;2500;0
D04;Ramasser les papiers et les déchets par terre pour les mettre à la poubelle;Déchets;OURS;Ours blanc;ours6;45782;0.00947;0;0.1
B01;Ne pas cueillir de plante dans la nature;Biodiversité;OURS;Ours blanc;ours6;45782;0;0;0
W04;Tirer la petite chasse d’eau quand on fait pipi;Eau;OURS;Ours blanc;ours6;45782;0.006501;16.5;0
W02;Couper l’eau quand on se brosse les dents : mettre de l’eau dans un verre pour se rincer;Eau;OURS;Ours blanc;ours6;45782;0.05;28;0
W01;Prendre des douches rapides;Eau;OURS;Ours blanc;ours6;45782;0.25;224;0
E06;Préférer les piles rechargeables;Electricité;OURS;Ours blanc;ours6;45782;0.097538;0;0
E04;Eteindre les écrans (ordinateur. télévision. …) pour diminuer la consommation d’électricité;Electricité;OURS;Ours blanc;ours6;45782;0.15988;0;1
E11;Couvrir les casseroles lorsqu’on fait bouillir de l’eau ou pour cuire…;Electricité;OURS;Ours blanc;ours6;45782;0.00293;0;0
E01;Eteindre la lumière quand on quitte une pièce. quand on n’en a pas besoin;Electricité;OURS;Ours blanc;ours6;45782;0.027408;0;0
C06;Faire ses repas, gouter, compotes sois même plutôt que d’acheter des plats préparés;Courses;OURS;Ours blanc;ours13;45783;1.260407;0;0.180058
C03;Acheter des fruits ou légumes de saison;Courses;OURS;Ours blanc;ours13;45783;6.932;0;0
D11;Acheter des produits en vrac. éviter les emballages individuels…;Déchets;OURS;Ours blanc;ours13;45783;0.38;0;0.67
D10;Ne pas acheter de bouteilles en plastique : boire à la gourde;Déchets;OURS;Ours blanc;ours13;45783;0.54243;0;0.21
D08;Utiliser les bacs de tri;Déchets;OURS;Ours blanc;ours13;45783;0.866962;0;0
D06;Prendre soin de ses affaires pour les faire durer plus longtemps (reboucher les feutres… ne pas casser. ne pas lancer…);Déchets;OURS;Ours blanc;ours13;45783;0.017374;0;0.183462
D03;Ne pas jeter de déchets dans la nature (chewing-gums. sacs. canettes. bouteilles…);Déchets;OURS;Ours blanc;ours13;45783;0.424875;0;4.486538
D01;Limiter l'utilisation du papier : Utiliser les feuilles des 2 côtés / faire du brouillon / Utiliser l'ardoise pour chercher / Prendre du papier recyclé…;Déchets;OURS;Ours blanc;ours13;45783;0.009641;0;0.8
C05;Faire soi-même ses produits d’entretien pour éviter les emballages;Courses;OURS;Ours blanc;ours13;45784;0.006;0;0.03
W02;Utiliser une seule dose de savon;Courses;OURS;Ours blanc;ours13;45784;0.05;28;0
D15;Economiser les mouchoirs en papier. l'essuie-tout et le papier toilette;Déchets;OURS;Ours blanc;ours13;45784;0.009591;0;0.8
D09;Faire du compost avec les déchets végétaux ou donner les restes alimentaires aux poules…;Déchets;OURS;Ours blanc;ours13;45784;0.0623;0;1.75
D07;Vendre ou donner les vêtements. les objets. les jouets dont on ne veut plus (trop petits…);Déchets;OURS;Ours blanc;ours13;45784;0.017374;2500;0
D04;Ramasser les papiers et les déchets par terre pour les mettre à la poubelle;Déchets;OURS;Ours blanc;ours13;45784;0.00947;0;0.1
D02;Tout manger ce qu’il y a dans nos assiettes (cantine/maison);Déchets;OURS;Ours blanc;ours13;45784;2.453511;0;1.390385
W07;Vider le reste de sa gourde dans les plantes;Eau;OURS;Ours blanc;ours13;45784;0;0.000013;0
W03;Ne pas faire couler l’eau trop longtemps quand on se lave les mains;Eau;OURS;Ours blanc;ours13;45784;0.004964;12.6;0
W05;Prendre une douche plutôt qu’un bain;Eau;OURS;Ours blanc;ours13;45784;0.140658;357;0
B04;Faire un jardin potager;Biodiversité;OURS;Ours blanc;ours13;45784;4.48;0;0
B02;Ne pas tuer les araignées. les insectes (les mettre dehors…);Biodiversité;OURS;Ours blanc;ours13;45784;0;0;0
T03;Préférer la marche ou le vélo plutôt que la voiture;Transport;OURS;Ours blanc;ours13;45784;0.506;0;0
T06;Couper le moteur de la voiture quand elle ne roule pas;Transport;OURS;Ours blanc;ours13;45784;1.518;0;0
E05;Préférer les ampoules à basse consommation;Electricité;OURS;Ours blanc;ours13;45784;0.072803;0;0
E02;Ouvrir les volets et ne pas allumer la lumière quand il fait jour dehors. ou éteindre lorsque la lumière extérieure le permet;Electricité;OURS;Ours blanc;ours13;45784;0.027408;0;0
E10;Faire sécher son linge à l'air libre au lieu d'utiliser le sèche linge chaque fois qu'on peut;Electricité;OURS;Ours blanc;ours13;45784;0.413462;0;0
E01;Eteindre la lumière quand on quitte une pièce. quand on n’en a pas besoin;Electricité;OURS;Ours blanc;ours13;45784;0.027408;0;0
D15;Economiser les mouchoirs en papier. l'essuie-tout et le papier toilette;Déchets;OURS;Ours blanc;ours2;45784;0.009591;0;0.8
D08;Utiliser les bacs de tri;Déchets;OURS;Ours blanc;ours2;45784;0.866962;0;0
D06;Prendre soin de ses affaires pour les faire durer plus longtemps (reboucher les feutres… ne pas casser. ne pas lancer…);Déchets;OURS;Ours blanc;ours2;45784;0.017374;0;0.183462
D02;Tout manger ce qu’il y a dans nos assiettes (cantine/maison);Déchets;OURS;Ours blanc;ours2;45784;2.453511;0;1.390385
C05;Faire soi-même ses produits d’entretien pour éviter les emballages;Courses;OURS;Ours blanc;ours2;45784;0.006;0;0.03
W02;Utiliser une seule dose de savon;Courses;OURS;Ours blanc;ours2;45784;0.05;28;0
B03;Donner à manger aux oiseaux dans son jardin ou sur son balcon;Biodiversité;OURS;Ours blanc;ours2;45784;0;0;0
B01;Ne pas cueillir de plante dans la nature;Biodiversité;OURS;Ours blanc;ours2;45784;0;0;0
E06;Préférer les piles rechargeables;Electricité;OURS;Ours blanc;ours2;45784;0.097538;0;0
E05;Préférer les ampoules à basse consommation;Electricité;OURS;Ours blanc;ours2;45784;0.072803;0;0
E04;Eteindre les écrans (ordinateur. télévision. …) pour diminuer la consommation d’électricité;Electricité;OURS;Ours blanc;ours2;45784;0.15988;0;1
E01;Eteindre la lumière quand on quitte une pièce. quand on n’en a pas besoin;Electricité;OURS;Ours blanc;ours2;45784;0.027408;0;0
C05;Faire soi-même ses produits d’entretien pour éviter les emballages;Courses;OURS;Ours blanc;ours13;45783;0.006;0;0.03
W02;Utiliser une seule dose de savon;Courses;OURS;Ours blanc;ours13;45783;0.05;28;0
D15;Economiser les mouchoirs en papier. l'essuie-tout et le papier toilette;Déchets;OURS;Ours blanc;ours13;45783;0.009591;0;0.8
D09;Faire du compost avec les déchets végétaux ou donner les restes alimentaires aux poules…;Déchets;OURS;Ours blanc;ours13;45783;0.0623;0;1.75
D07;Vendre ou donner les vêtements. les objets. les jouets dont on ne veut plus (trop petits…);Déchets;OURS;Ours blanc;ours13;45783;0.017374;2500;0
D04;Ramasser les papiers et les déchets par terre pour les mettre à la poubelle;Déchets;OURS;Ours blanc;ours13;45783;0.00947;0;0.1
D02;Tout manger ce qu’il y a dans nos assiettes (cantine/maison);Déchets;OURS;Ours blanc;ours13;45783;2.453511;0;1.390385
C06;Faire ses repas, gouter, compotes sois même plutôt que d’acheter des plats préparés;Courses;OURS;Ours blanc;ours13;45784;1.260407;0;0.180058
C03;Acheter des fruits ou légumes de saison;Courses;OURS;Ours blanc;ours13;45784;6.932;0;0
D11;Acheter des produits en vrac. éviter les emballages individuels…;Déchets;OURS;Ours blanc;ours13;45784;0.38;0;0.67
D10;Ne pas acheter de bouteilles en plastique : boire à la gourde;Déchets;OURS;Ours blanc;ours13;45784;0.54243;0;0.21
D08;Utiliser les bacs de tri;Déchets;OURS;Ours blanc;ours13;45784;0.866962;0;0
D06;Prendre soin de ses affaires pour les faire durer plus longtemps (reboucher les feutres… ne pas casser. ne pas lancer…);Déchets;OURS;Ours blanc;ours13;45784;0.017374;0;0.183462
D03;Ne pas jeter de déchets dans la nature (chewing-gums. sacs. canettes. bouteilles…);Déchets;OURS;Ours blanc;ours13;45784;0.424875;0;4.486538
D01;Limiter l'utilisation du papier : Utiliser les feuilles des 2 côtés / faire du brouillon / Utiliser l'ardoise pour chercher / Prendre du papier recyclé…;Déchets;OURS;Ours blanc;ours13;45784;0.009641;0;0.8
W04;Tirer la petite chasse d’eau quand on fait pipi;Eau;OURS;Ours blanc;ours13;45784;0.006501;16.5;0
W02;Couper l’eau quand on se brosse les dents : mettre de l’eau dans un verre pour se rincer;Eau;OURS;Ours blanc;ours13;45784;0.05;28;0
W01;Prendre des douches rapides;Eau;OURS;Ours blanc;ours13;45784;0.25;224;0
B03;Donner à manger aux oiseaux dans son jardin ou sur son balcon;Biodiversité;OURS;Ours blanc;ours13;45784;0;0;0
B01;Ne pas cueillir de plante dans la nature;Biodiversité;OURS;Ours blanc;ours13;45784;0;0;0
T04;Faire du covoiturage;Transport;OURS;Ours blanc;ours13;45784;0.506;0;0
E06;Préférer les piles rechargeables;Electricité;OURS;Ours blanc;ours13;45784;0.097538;0;0
E04;Eteindre les écrans (ordinateur. télévision. …) pour diminuer la consommation d’électricité;Electricité;OURS;Ours blanc;ours13;45784;0.15988;0;1
E11;Couvrir les casseroles lorsqu’on fait bouillir de l’eau ou pour cuire…;Electricité;OURS;Ours blanc;ours13;45784;0.00293;0;0
E08;Eteindre le chauffage lorsqu’on aère une pièce;Electricité;OURS;Ours blanc;ours13;45784;0.000173;0;0
D11;Acheter des produits en vrac. éviter les emballages individuels…;Déchets;OURS;Ours blanc;ours2;45784;0.38;0;0.67
D10;Ne pas acheter de bouteilles en plastique : boire à la gourde;Déchets;OURS;Ours blanc;ours2;45784;0.54243;0;0.21
D09;Faire du compost avec les déchets végétaux ou donner les restes alimentaires aux poules…;Déchets;OURS;Ours blanc;ours2;45784;0.0623;0;1.75
D07;Vendre ou donner les vêtements. les objets. les jouets dont on ne veut plus (trop petits…);Déchets;OURS;Ours blanc;ours2;45784;0.017374;2500;0
D04;Ramasser les papiers et les déchets par terre pour les mettre à la poubelle;Déchets;OURS;Ours blanc;ours2;45784;0.00947;0;0.1
D03;Ne pas jeter de déchets dans la nature (chewing-gums. sacs. canettes. bouteilles…);Déchets;OURS;Ours blanc;ours2;45784;0.424875;0;4.486538
D01;Limiter l'utilisation du papier : Utiliser les feuilles des 2 côtés / faire du brouillon / Utiliser l'ardoise pour chercher / Prendre du papier recyclé…;Déchets;OURS;Ours blanc;ours2;45784;0.009641;0;0.8
C06;Faire ses repas, gouter, compotes sois même plutôt que d’acheter des plats préparés;Courses;OURS;Ours blanc;ours2;45784;1.260407;0;0.180058
C03;Acheter des fruits ou légumes de saison;Courses;OURS;Ours blanc;ours2;45784;6.932;0;0
B04;Faire un jardin potager;Biodiversité;OURS;Ours blanc;ours2;45784;4.48;0;0
B02;Ne pas tuer les araignées. les insectes (les mettre dehors…);Biodiversité;OURS;Ours blanc;ours2;45784;0;0;0
T03;Préférer la marche ou le vélo plutôt que la voiture;Transport;OURS;Ours blanc;ours2;45784;0.506;0;0
T06;Couper le moteur de la voiture quand elle ne roule pas;Transport;OURS;Ours blanc;ours2;45784;1.518;0;0
T04;Faire du covoiturage;Transport;OURS;Ours blanc;ours2;45784;0.506;0;0
E02;Ouvrir les volets et ne pas allumer la lumière quand il fait jour dehors. ou éteindre lorsque la lumière extérieure le permet;Electricité;OURS;Ours blanc;ours2;45784;0.027408;0;0
E10;Faire sécher son linge à l'air libre au lieu d'utiliser le sèche linge chaque fois qu'on peut;Electricité;OURS;Ours blanc;ours2;45784;0.413462;0;0
E08;Eteindre le chauffage lorsqu’on aère une pièce;Electricité;OURS;Ours blanc;ours2;45784;0.000173;0;0
E11;Couvrir les casseroles lorsqu’on fait bouillir de l’eau ou pour cuire…;Electricité;OURS;Ours blanc;ours2;45784;0.00293;0;0
W07;Vider le reste de sa gourde dans les plantes;Eau;OURS;Ours blanc;ours2;45784;0;0.000013;0
W04;Tirer la petite chasse d’eau quand on fait pipi;Eau;OURS;Ours blanc;ours2;45784;0.006501;16.5;0
W03;Ne pas faire couler l’eau trop longtemps quand on se lave les mains;Eau;OURS;Ours blanc;ours2;45784;0.004964;12.6;0
W02;Couper l’eau quand on se brosse les dents : mettre de l’eau dans un verre pour se rincer;Eau;OURS;Ours blanc;ours2;45784;0.05;28;0
W01;Prendre des douches rapides;Eau;OURS;Ours blanc;ours2;45784;0.25;224;0
W05;Prendre une douche plutôt qu’un bain;Eau;OURS;Ours blanc;ours2;45784;0.140658;357;0
C06;Faire ses repas, gouter, compotes sois même plutôt que d’acheter des plats préparés;Courses;OURS;Ours blanc;ours6;45784;1.260407;0;0.180058
C05;Faire soi-même ses produits d’entretien pour éviter les emballages;Courses;OURS;Ours blanc;ours6;45784;0.006;0;0.03
C03;Acheter des fruits ou légumes de saison;Courses;OURS;Ours blanc;ours6;45784;6.932;0;0
W02;Utiliser une seule dose de savon;Courses;OURS;Ours blanc;ours6;45784;0.05;28;0
D11;Acheter des produits en vrac. éviter les emballages individuels…;Déchets;OURS;Ours blanc;ours6;45784;0.38;0;0.67
D15;Economiser les mouchoirs en papier. l'essuie-tout et le papier toilette;Déchets;OURS;Ours blanc;ours6;45784;0.009591;0;0.8
D08;Utiliser les bacs de tri;Déchets;OURS;Ours blanc;ours6;45784;0.866962;0;0
D06;Prendre soin de ses affaires pour les faire durer plus longtemps (reboucher les feutres… ne pas casser. ne pas lancer…);Déchets;OURS;Ours blanc;ours6;45784;0.017374;0;0.183462
D03;Ne pas jeter de déchets dans la nature (chewing-gums. sacs. canettes. bouteilles…);Déchets;OURS;Ours blanc;ours6;45784;0.424875;0;4.486538
D01;Limiter l'utilisation du papier : Utiliser les feuilles des 2 côtés / faire du brouillon / Utiliser l'ardoise pour chercher / Prendre du papier recyclé…;Déchets;OURS;Ours blanc;ours6;45784;0.009641;0;0.8
B01;Ne pas cueillir de plante dans la nature;Biodiversité;OURS;Ours blanc;ours6;45784;0;0;0
W04;Tirer la petite chasse d’eau quand on fait pipi;Eau;OURS;Ours blanc;ours6;45784;0.006501;16.5;0
W02;Couper l’eau quand on se brosse les dents : mettre de l’eau dans un verre pour se rincer;Eau;OURS;Ours blanc;ours6;45784;0.05;28;0
W01;Prendre des douches rapides;Eau;OURS;Ours blanc;ours6;45784;0.25;224;0
T06;Couper le moteur de la voiture quand elle ne roule pas;Transport;OURS;Ours blanc;ours6;45784;1.518;0;0
E04;Eteindre les écrans (ordinateur. télévision. …) pour diminuer la consommation d’électricité;Electricité;OURS;Ours blanc;ours6;45784;0.15988;0;1
E01;Eteindre la lumière quand on quitte une pièce. quand on n’en a pas besoin;Electricité;OURS;Ours blanc;ours6;45784;0.027408;0;0
C06;Faire ses repas, gouter, compotes sois même plutôt que d’acheter des plats préparés;Courses;OURS;Ours blanc;ours13;45798;1.260407;0;0.180058
C03;Acheter des fruits ou légumes de saison;Courses;OURS;Ours blanc;ours13;45798;6.932;0;0
D11;Acheter des produits en vrac. éviter les emballages individuels…;Déchets;OURS;Ours blanc;ours13;45798;0.38;0;0.67
D10;Ne pas acheter de bouteilles en plastique : boire à la gourde;Déchets;OURS;Ours blanc;ours13;45798;0.54243;0;0.21
D08;Utiliser les bacs de tri;Déchets;OURS;Ours blanc;ours13;45798;0.866962;0;0
D06;Prendre soin de ses affaires pour les faire durer plus longtemps (reboucher les feutres… ne pas casser. ne pas lancer…);Déchets;OURS;Ours blanc;ours13;45798;0.017374;0;0.183462
D03;Ne pas jeter de déchets dans la nature (chewing-gums. sacs. canettes. bouteilles…);Déchets;OURS;Ours blanc;ours13;45798;0.424875;0;4.486538
D01;Limiter l'utilisation du papier : Utiliser les feuilles des 2 côtés / faire du brouillon / Utiliser l'ardoise pour chercher / Prendre du papier recyclé…;Déchets;OURS;Ours blanc;ours13;45798;0.009641;0;0.8
W04;Tirer la petite chasse d’eau quand on fait pipi;Eau;OURS;Ours blanc;ours13;45798;0.006501;16.5;0
W03;Ne pas faire couler l’eau trop longtemps quand on se lave les mains;Eau;OURS;Ours blanc;ours13;45798;0.004964;12.6;0
W01;Prendre des douches rapides;Eau;OURS;Ours blanc;ours13;45798;0.25;224;0
B03;Donner à manger aux oiseaux dans son jardin ou sur son balcon;Biodiversité;OURS;Ours blanc;ours13;45798;0;0;0
B01;Ne pas cueillir de plante dans la nature;Biodiversité;OURS;Ours blanc;ours13;45798;0;0;0
E05;Préférer les ampoules à basse consommation;Electricité;OURS;Ours blanc;ours13;45798;0.072803;0;0
E02;Ouvrir les volets et ne pas allumer la lumière quand il fait jour dehors. ou éteindre lorsque la lumière extérieure le permet;Electricité;OURS;Ours blanc;ours13;45798;0.027408;0;0
D10;Ne pas acheter de bouteilles en plastique : boire à la gourde;Déchets;OURS;Ours blanc;ours6;45784;0.54243;0;0.21
D07;Vendre ou donner les vêtements. les objets. les jouets dont on ne veut plus (trop petits…);Déchets;OURS;Ours blanc;ours6;45784;0.017374;2500;0
D04;Ramasser les papiers et les déchets par terre pour les mettre à la poubelle;Déchets;OURS;Ours blanc;ours6;45784;0.00947;0;0.1
D02;Tout manger ce qu’il y a dans nos assiettes (cantine/maison);Déchets;OURS;Ours blanc;ours6;45784;2.453511;0;1.390385
B02;Ne pas tuer les araignées. les insectes (les mettre dehors…);Biodiversité;OURS;Ours blanc;ours6;45784;0;0;0
W07;Vider le reste de sa gourde dans les plantes;Eau;OURS;Ours blanc;ours6;45784;0;0.000013;0
W03;Ne pas faire couler l’eau trop longtemps quand on se lave les mains;Eau;OURS;Ours blanc;ours6;45784;0.004964;12.6;0
W05;Prendre une douche plutôt qu’un bain;Eau;OURS;Ours blanc;ours6;45784;0.140658;357;0
T03;Préférer la marche ou le vélo plutôt que la voiture;Transport;OURS;Ours blanc;ours6;45784;0.506;0;0
E05;Préférer les ampoules à basse consommation;Electricité;OURS;Ours blanc;ours6;45784;0.072803;0;0
E02;Ouvrir les volets et ne pas allumer la lumière quand il fait jour dehors. ou éteindre lorsque la lumière extérieure le permet;Electricité;OURS;Ours blanc;ours6;45784;0.027408;0;0
E11;Couvrir les casseroles lorsqu’on fait bouillir de l’eau ou pour cuire…;Electricité;OURS;Ours blanc;ours6;45784;0.00293;0;0
E08;Eteindre le chauffage lorsqu’on aère une pièce;Electricité;OURS;Ours blanc;ours6;45784;0.000173;0;0
C03;Acheter des fruits ou légumes de saison;Courses;OURS;Ours blanc;ours8;45789;6.932;0;0
D11;Acheter des produits en vrac. éviter les emballages individuels…;Déchets;OURS;Ours blanc;ours8;45789;0.38;0;0.67
D10;Ne pas acheter de bouteilles en plastique : boire à la gourde;Déchets;OURS;Ours blanc;ours8;45789;0.54243;0;0.21
D07;Vendre ou donner les vêtements. les objets. les jouets dont on ne veut plus (trop petits…);Déchets;OURS;Ours blanc;ours8;45789;0.017374;2500;0
D04;Ramasser les papiers et les déchets par terre pour les mettre à la poubelle;Déchets;OURS;Ours blanc;ours8;45789;0.00947;0;0.1
D02;Tout manger ce qu’il y a dans nos assiettes (cantine/maison);Déchets;OURS;Ours blanc;ours8;45789;2.453511;0;1.390385
B03;Donner à manger aux oiseaux dans son jardin ou sur son balcon;Biodiversité;OURS;Ours blanc;ours8;45789;0;0;0
B01;Ne pas cueillir de plante dans la nature;Biodiversité;OURS;Ours blanc;ours8;45789;0;0;0
W02;Couper l’eau quand on se brosse les dents : mettre de l’eau dans un verre pour se rincer;Eau;OURS;Ours blanc;ours8;45789;0.05;28;0
T06;Couper le moteur de la voiture quand elle ne roule pas;Transport;OURS;Ours blanc;ours8;45789;1.518;0;0
E04;Eteindre les écrans (ordinateur. télévision. …) pour diminuer la consommation d’électricité;Electricité;OURS;Ours blanc;ours8;45789;0.15988;0;1
E10;Faire sécher son linge à l'air libre au lieu d'utiliser le sèche linge chaque fois qu'on peut;Electricité;OURS;Ours blanc;ours8;45789;0.413462;0;0
B02;Ne pas tuer les araignées. les insectes (les mettre dehors…);Biodiversité;OURS;Ours blanc;ours13;45798;0;0;0
C06;Faire ses repas, gouter, compotes sois même plutôt que d’acheter des plats préparés;Courses;OURS;Ours blanc;ours1;45789;1.260407;0;0.180058
C03;Acheter des fruits ou légumes de saison;Courses;OURS;Ours blanc;ours1;45789;6.932;0;0
D10;Ne pas acheter de bouteilles en plastique : boire à la gourde;Déchets;OURS;Ours blanc;ours1;45789;0.54243;0;0.21
E06;Préférer les piles rechargeables;Electricité;OURS;Ours blanc;ours13;45798;0.097538;0;0
D08;Utiliser les bacs de tri;Déchets;OURS;Ours blanc;ours1;45789;0.866962;0;0
D04;Ramasser les papiers et les déchets par terre pour les mettre à la poubelle;Déchets;OURS;Ours blanc;ours1;45789;0.00947;0;0.1
D03;Ne pas jeter de déchets dans la nature (chewing-gums. sacs. canettes. bouteilles…);Déchets;OURS;Ours blanc;ours1;45789;0.424875;0;4.486538
D02;Tout manger ce qu’il y a dans nos assiettes (cantine/maison);Déchets;OURS;Ours blanc;ours1;45789;2.453511;0;1.390385
B04;Faire un jardin potager;Biodiversité;OURS;Ours blanc;ours1;45789;4.48;0;0
B03;Donner à manger aux oiseaux dans son jardin ou sur son balcon;Biodiversité;OURS;Ours blanc;ours1;45789;0;0;0
E04;Eteindre les écrans (ordinateur. télévision. …) pour diminuer la consommation d’électricité;Electricité;OURS;Ours blanc;ours13;45798;0.15988;0;1
W04;Tirer la petite chasse d’eau quand on fait pipi;Eau;OURS;Ours blanc;ours1;45789;0.006501;16.5;0
W02;Couper l’eau quand on se brosse les dents : mettre de l’eau dans un verre pour se rincer;Eau;OURS;Ours blanc;ours1;45789;0.05;28;0
W01;Prendre des douches rapides;Eau;OURS;Ours blanc;ours1;45789;0.25;224;0
E05;Préférer les ampoules à basse consommation;Electricité;OURS;Ours blanc;ours1;45789;0.072803;0;0
E02;Ouvrir les volets et ne pas allumer la lumière quand il fait jour dehors. ou éteindre lorsque la lumière extérieure le permet;Electricité;OURS;Ours blanc;ours1;45789;0.027408;0;0
E11;Couvrir les casseroles lorsqu’on fait bouillir de l’eau ou pour cuire…;Electricité;OURS;Ours blanc;ours13;45798;0.00293;0;0
E10;Faire sécher son linge à l'air libre au lieu d'utiliser le sèche linge chaque fois qu'on peut;Electricité;OURS;Ours blanc;ours1;45789;0.413462;0;0
E08;Eteindre le chauffage lorsqu’on aère une pièce;Electricité;OURS;Ours blanc;ours1;45789;0.000173;0;0
E08;Eteindre le chauffage lorsqu’on aère une pièce;Electricité;OURS;Ours blanc;ours13;45798;0.000173;0;0
C05;Faire soi-même ses produits d’entretien pour éviter les emballages;Courses;OURS;Ours blanc;ours11;45790;0.006;0;0.03
W02;Utiliser une seule dose de savon;Courses;OURS;Ours blanc;ours11;45790;0.05;28;0
D10;Ne pas acheter de bouteilles en plastique : boire à la gourde;Déchets;OURS;Ours blanc;ours11;45790;0.54243;0;0.21
D08;Utiliser les bacs de tri;Déchets;OURS;Ours blanc;ours11;45790;0.866962;0;0
D06;Prendre soin de ses affaires pour les faire durer plus longtemps (reboucher les feutres… ne pas casser. ne pas lancer…);Déchets;OURS;Ours blanc;ours11;45790;0.017374;0;0.183462
D03;Ne pas jeter de déchets dans la nature (chewing-gums. sacs. canettes. bouteilles…);Déchets;OURS;Ours blanc;ours11;45790;0.424875;0;4.486538
T03;Préférer la marche ou le vélo plutôt que la voiture;Transport;OURS;Ours blanc;ours13;45798;0.506;0;0
D01;Limiter l'utilisation du papier : Utiliser les feuilles des 2 côtés / faire du brouillon / Utiliser l'ardoise pour chercher / Prendre du papier recyclé…;Déchets;OURS;Ours blanc;ours11;45790;0.009641;0;0.8
B01;Ne pas cueillir de plante dans la nature;Biodiversité;OURS;Ours blanc;ours11;45790;0;0;0
W04;Tirer la petite chasse d’eau quand on fait pipi;Eau;OURS;Ours blanc;ours11;45790;0.006501;16.5;0
W02;Couper l’eau quand on se brosse les dents : mettre de l’eau dans un verre pour se rincer;Eau;OURS;Ours blanc;ours11;45790;0.05;28;0
W01;Prendre des douches rapides;Eau;OURS;Ours blanc;ours11;45790;0.25;224;0
T06;Couper le moteur de la voiture quand elle ne roule pas;Transport;OURS;Ours blanc;ours11;45790;1.518;0;0
E05;Préférer les ampoules à basse consommation;Electricité;OURS;Ours blanc;ours11;45790;0.072803;0;0
E02;Ouvrir les volets et ne pas allumer la lumière quand il fait jour dehors. ou éteindre lorsque la lumière extérieure le permet;Electricité;OURS;Ours blanc;ours11;45790;0.027408;0;0
E10;Faire sécher son linge à l'air libre au lieu d'utiliser le sèche linge chaque fois qu'on peut;Electricité;OURS;Ours blanc;ours11;45790;0.413462;0;0
E01;Eteindre la lumière quand on quitte une pièce. quand on n’en a pas besoin;Electricité;OURS;Ours blanc;ours11;45790;0.027408;0;0
T06;Couper le moteur de la voiture quand elle ne roule pas;Transport;OURS;Ours blanc;ours13;45798;1.518;0;0
T06;Couper le moteur de la voiture quand elle ne roule pas;Transport;OURS;Ours blanc;ours13;45812;1.518;0;0
D06;Prendre soin de ses affaires pour les faire durer plus longtemps (reboucher les feutres… ne pas casser. ne pas lancer…);Déchets;OURS;Ours blanc;ours2;45798;0.017374;0;0.183462
D03;Ne pas jeter de déchets dans la nature (chewing-gums. sacs. canettes. bouteilles…);Déchets;OURS;Ours blanc;ours2;45798;0.424875;0;4.486538
D01;Limiter l'utilisation du papier : Utiliser les feuilles des 2 côtés / faire du brouillon / Utiliser l'ardoise pour chercher / Prendre du papier recyclé…;Déchets;OURS;Ours blanc;ours2;45798;0.009641;0;0.8
D10;Ne pas acheter de bouteilles en plastique : boire à la gourde;Déchets;OURS;Ours blanc;ours2;45798;0.54243;0;0.21
W07;Vider le reste de sa gourde dans les plantes;Eau;OURS;Ours blanc;ours2;45798;0;0.000013;0
E06;Préférer les piles rechargeables;Electricité;OURS;Ours blanc;ours13;45812;0.097538;0;0
E04;Eteindre les écrans (ordinateur. télévision. …) pour diminuer la consommation d’électricité;Electricité;OURS;Ours blanc;ours13;45812;0.15988;0;1
C06;Faire ses repas, gouter, compotes sois même plutôt que d’acheter des plats préparés;Courses;OURS;Ours blanc;ours2;45798;1.260407;0;0.180058
C03;Acheter des fruits ou légumes de saison;Courses;OURS;Ours blanc;ours2;45798;6.932;0;0
B04;Faire un jardin potager;Biodiversité;OURS;Ours blanc;ours2;45798;4.48;0;0
B02;Ne pas tuer les araignées. les insectes (les mettre dehors…);Biodiversité;OURS;Ours blanc;ours2;45798;0;0;0
T03;Préférer la marche ou le vélo plutôt que la voiture;Transport;OURS;Ours blanc;ours2;45798;0.506;0;0
C06;Faire ses repas, gouter, compotes sois même plutôt que d’acheter des plats préparés;Courses;OURS;Ours blanc;ours8;45789;1.260407;0;0.180058
W02;Utiliser une seule dose de savon;Courses;OURS;Ours blanc;ours8;45789;0.05;28;0
D15;Economiser les mouchoirs en papier. l'essuie-tout et le papier toilette;Déchets;OURS;Ours blanc;ours8;45789;0.009591;0;0.8
D08;Utiliser les bacs de tri;Déchets;OURS;Ours blanc;ours8;45789;0.866962;0;0
E10;Faire sécher son linge à l'air libre au lieu d'utiliser le sèche linge chaque fois qu'on peut;Electricité;OURS;Ours blanc;ours13;45798;0.413462;0;0
D06;Prendre soin de ses affaires pour les faire durer plus longtemps (reboucher les feutres… ne pas casser. ne pas lancer…);Déchets;OURS;Ours blanc;ours8;45789;0.017374;0;0.183462
D03;Ne pas jeter de déchets dans la nature (chewing-gums. sacs. canettes. bouteilles…);Déchets;OURS;Ours blanc;ours8;45789;0.424875;0;4.486538
E01;Eteindre la lumière quand on quitte une pièce. quand on n’en a pas besoin;Electricité;OURS;Ours blanc;ours13;45798;0.027408;0;0
D01;Limiter l'utilisation du papier : Utiliser les feuilles des 2 côtés / faire du brouillon / Utiliser l'ardoise pour chercher / Prendre du papier recyclé…;Déchets;OURS;Ours blanc;ours8;45789;0.009641;0;0.8
B02;Ne pas tuer les araignées. les insectes (les mettre dehors…);Biodiversité;OURS;Ours blanc;ours8;45789;0;0;0
W07;Vider le reste de sa gourde dans les plantes;Eau;OURS;Ours blanc;ours8;45789;0;0.000013;0
W05;Prendre une douche plutôt qu’un bain;Eau;OURS;Ours blanc;ours8;45789;0.140658;357;0
E05;Préférer les ampoules à basse consommation;Electricité;OURS;Ours blanc;ours8;45789;0.072803;0;0
E02;Ouvrir les volets et ne pas allumer la lumière quand il fait jour dehors. ou éteindre lorsque la lumière extérieure le permet;Electricité;OURS;Ours blanc;ours8;45789;0.027408;0;0
W02;Utiliser une seule dose de savon;Courses;OURS;Ours blanc;ours1;45789;0.05;28;0
D09;Faire du compost avec les déchets végétaux ou donner les restes alimentaires aux poules…;Déchets;OURS;Ours blanc;ours1;45789;0.0623;0;1.75
D06;Prendre soin de ses affaires pour les faire durer plus longtemps (reboucher les feutres… ne pas casser. ne pas lancer…);Déchets;OURS;Ours blanc;ours1;45789;0.017374;0;0.183462
D01;Limiter l'utilisation du papier : Utiliser les feuilles des 2 côtés / faire du brouillon / Utiliser l'ardoise pour chercher / Prendre du papier recyclé…;Déchets;OURS;Ours blanc;ours1;45789;0.009641;0;0.8
B02;Ne pas tuer les araignées. les insectes (les mettre dehors…);Biodiversité;OURS;Ours blanc;ours1;45789;0;0;0
W03;Ne pas faire couler l’eau trop longtemps quand on se lave les mains;Eau;OURS;Ours blanc;ours1;45789;0.004964;12.6;0
W05;Prendre une douche plutôt qu’un bain;Eau;OURS;Ours blanc;ours1;45789;0.140658;357;0
T03;Préférer la marche ou le vélo plutôt que la voiture;Transport;OURS;Ours blanc;ours1;45789;0.506;0;0
E04;Eteindre les écrans (ordinateur. télévision. …) pour diminuer la consommation d’électricité;Electricité;OURS;Ours blanc;ours1;45789;0.15988;0;1
E11;Couvrir les casseroles lorsqu’on fait bouillir de l’eau ou pour cuire…;Electricité;OURS;Ours blanc;ours1;45789;0.00293;0;0
E01;Eteindre la lumière quand on quitte une pièce. quand on n’en a pas besoin;Electricité;OURS;Ours blanc;ours1;45789;0.027408;0;0
C06;Faire ses repas, gouter, compotes sois même plutôt que d’acheter des plats préparés;Courses;OURS;Ours blanc;ours11;45790;1.260407;0;0.180058
C03;Acheter des fruits ou légumes de saison;Courses;OURS;Ours blanc;ours11;45790;6.932;0;0
D15;Economiser les mouchoirs en papier. l'essuie-tout et le papier toilette;Déchets;OURS;Ours blanc;ours11;45790;0.009591;0;0.8
D09;Faire du compost avec les déchets végétaux ou donner les restes alimentaires aux poules…;Déchets;OURS;Ours blanc;ours11;45790;0.0623;0;1.75
D07;Vendre ou donner les vêtements. les objets. les jouets dont on ne veut plus (trop petits…);Déchets;OURS;Ours blanc;ours11;45790;0.017374;2500;0
D04;Ramasser les papiers et les déchets par terre pour les mettre à la poubelle;Déchets;OURS;Ours blanc;ours11;45790;0.00947;0;0.1
D02;Tout manger ce qu’il y a dans nos assiettes (cantine/maison);Déchets;OURS;Ours blanc;ours11;45790;2.453511;0;1.390385
B02;Ne pas tuer les araignées. les insectes (les mettre dehors…);Biodiversité;OURS;Ours blanc;ours11;45790;0;0;0
W07;Vider le reste de sa gourde dans les plantes;Eau;OURS;Ours blanc;ours11;45790;0;0.000013;0
W03;Ne pas faire couler l’eau trop longtemps quand on se lave les mains;Eau;OURS;Ours blanc;ours11;45790;0.004964;12.6;0
W05;Prendre une douche plutôt qu’un bain;Eau;OURS;Ours blanc;ours11;45790;0.140658;357;0
T03;Préférer la marche ou le vélo plutôt que la voiture;Transport;OURS;Ours blanc;ours11;45790;0.506;0;0
E06;Préférer les piles rechargeables;Electricité;OURS;Ours blanc;ours11;45790;0.097538;0;0
E04;Eteindre les écrans (ordinateur. télévision. …) pour diminuer la consommation d’électricité;Electricité;OURS;Ours blanc;ours11;45790;0.15988;0;1
E11;Couvrir les casseroles lorsqu’on fait bouillir de l’eau ou pour cuire…;Electricité;OURS;Ours blanc;ours11;45790;0.00293;0;0
E08;Eteindre le chauffage lorsqu’on aère une pièce;Electricité;OURS;Ours blanc;ours11;45790;0.000173;0;0
T04;Faire du covoiturage;Transport;OURS;Ours blanc;ours13;45798;0.506;0;0
C03;Acheter des fruits ou légumes de saison;Courses;OURS;Ours blanc;ours8;45763;6.932;0;0
D10;Ne pas acheter de bouteilles en plastique : boire à la gourde;Déchets;OURS;Ours blanc;ours8;45763;0.54243;0;0.21
D07;Vendre ou donner les vêtements. les objets. les jouets dont on ne veut plus (trop petits…);Déchets;OURS;Ours blanc;ours8;45763;0.017374;2500;0
D04;Ramasser les papiers et les déchets par terre pour les mettre à la poubelle;Déchets;OURS;Ours blanc;ours8;45763;0.00947;0;0.1
D02;Tout manger ce qu’il y a dans nos assiettes (cantine/maison);Déchets;OURS;Ours blanc;ours8;45763;2.453511;0;1.390385
B02;Ne pas tuer les araignées. les insectes (les mettre dehors…);Biodiversité;OURS;Ours blanc;ours8;45763;0;0;0
W07;Vider le reste de sa gourde dans les plantes;Eau;OURS;Ours blanc;ours8;45763;0;0.000013;0
W03;Ne pas faire couler l’eau trop longtemps quand on se lave les mains;Eau;OURS;Ours blanc;ours8;45763;0.004964;12.6;0
W05;Prendre une douche plutôt qu’un bain;Eau;OURS;Ours blanc;ours8;45763;0.140658;357;0
E04;Eteindre les écrans (ordinateur. télévision. …) pour diminuer la consommation d’électricité;Electricité;OURS;Ours blanc;ours8;45763;0.15988;0;1
E08;Eteindre le chauffage lorsqu’on aère une pièce;Electricité;OURS;Ours blanc;ours8;45763;0.000173;0;0
C03;Acheter des fruits ou légumes de saison;Courses;OURS;Ours blanc;ours11;45767;6.932;0;0
E06;Préférer les piles rechargeables;Electricité;OURS;Ours blanc;ours11;45767;0.097538;0;0
E04;Eteindre les écrans (ordinateur. télévision. …) pour diminuer la consommation d’électricité;Electricité;OURS;Ours blanc;ours11;45767;0.15988;0;1
E10;Faire sécher son linge à l'air libre au lieu d'utiliser le sèche linge chaque fois qu'on peut;Electricité;OURS;Ours blanc;ours11;45767;0.413462;0;0
D10;Ne pas acheter de bouteilles en plastique : boire à la gourde;Déchets;OURS;Ours blanc;ours11;45767;0.54243;0;0.21
W02;Utiliser une seule dose de savon;Courses;OURS;Ours blanc;ours1;45764;0.05;28;0
D09;Faire du compost avec les déchets végétaux ou donner les restes alimentaires aux poules…;Déchets;OURS;Ours blanc;ours1;45764;0.0623;0;1.75
D06;Prendre soin de ses affaires pour les faire durer plus longtemps (reboucher les feutres… ne pas casser. ne pas lancer…);Déchets;OURS;Ours blanc;ours1;45764;0.017374;0;0.183462
D03;Ne pas jeter de déchets dans la nature (chewing-gums. sacs. canettes. bouteilles…);Déchets;OURS;Ours blanc;ours1;45764;0.424875;0;4.486538
D01;Limiter l'utilisation du papier : Utiliser les feuilles des 2 côtés / faire du brouillon / Utiliser l'ardoise pour chercher / Prendre du papier recyclé…;Déchets;OURS;Ours blanc;ours1;45764;0.009641;0;0.8
B03;Donner à manger aux oiseaux dans son jardin ou sur son balcon;Biodiversité;OURS;Ours blanc;ours1;45764;0;0;0
B01;Ne pas cueillir de plante dans la nature;Biodiversité;OURS;Ours blanc;ours1;45764;0;0;0
W07;Vider le reste de sa gourde dans les plantes;Eau;OURS;Ours blanc;ours1;45764;0;0.000013;0
W02;Couper l’eau quand on se brosse les dents : mettre de l’eau dans un verre pour se rincer;Eau;OURS;Ours blanc;ours1;45764;0.05;28;0
E02;Ouvrir les volets et ne pas allumer la lumière quand il fait jour dehors. ou éteindre lorsque la lumière extérieure le permet;Electricité;OURS;Ours blanc;ours1;45764;0.027408;0;0
E10;Faire sécher son linge à l'air libre au lieu d'utiliser le sèche linge chaque fois qu'on peut;Electricité;OURS;Ours blanc;ours1;45764;0.413462;0;0
E01;Eteindre la lumière quand on quitte une pièce. quand on n’en a pas besoin;Electricité;OURS;Ours blanc;ours1;45764;0.027408;0;0
D06;Prendre soin de ses affaires pour les faire durer plus longtemps (reboucher les feutres… ne pas casser. ne pas lancer…);Déchets;OURS;Ours blanc;ours11;45767;0.017374;0;0.183462
D03;Ne pas jeter de déchets dans la nature (chewing-gums. sacs. canettes. bouteilles…);Déchets;OURS;Ours blanc;ours11;45767;0.424875;0;4.486538
B04;Faire un jardin potager;Biodiversité;OURS;Ours blanc;ours11;45767;4.48;0;0
B02;Ne pas tuer les araignées. les insectes (les mettre dehors…);Biodiversité;OURS;Ours blanc;ours11;45767;0;0;0
W03;Ne pas faire couler l’eau trop longtemps quand on se lave les mains;Eau;OURS;Ours blanc;ours11;45767;0.004964;12.6;0
W05;Prendre une douche plutôt qu’un bain;Eau;OURS;Ours blanc;ours11;45767;0.140658;357;0
T03;Préférer la marche ou le vélo plutôt que la voiture;Transport;OURS;Ours blanc;ours11;45767;0.506;0;0
T04;Faire du covoiturage;Transport;OURS;Ours blanc;ours11;45767;0.506;0;0
E06;Préférer les piles rechargeables;Electricité;OURS;Ours blanc;ours13;45768;0.097538;0;0
E04;Eteindre les écrans (ordinateur. télévision. …) pour diminuer la consommation d’électricité;Electricité;OURS;Ours blanc;ours13;45768;0.15988;0;1
W03;Ne pas faire couler l’eau trop longtemps quand on se lave les mains;Eau;OURS;Ours blanc;ours13;45768;0.004964;12.6;0
W05;Prendre une douche plutôt qu’un bain;Eau;OURS;Ours blanc;ours13;45768;0.140658;357;0
C05;Faire soi-même ses produits d’entretien pour éviter les emballages;Courses;OURS;Ours blanc;ours13;45769;0.006;0;0.03
W02;Utiliser une seule dose de savon;Courses;OURS;Ours blanc;ours13;45769;0.05;28;0
D11;Acheter des produits en vrac. éviter les emballages individuels…;Déchets;OURS;Ours blanc;ours13;45769;0.38;0;0.67
D10;Ne pas acheter de bouteilles en plastique : boire à la gourde;Déchets;OURS;Ours blanc;ours13;45769;0.54243;0;0.21
D08;Utiliser les bacs de tri;Déchets;OURS;Ours blanc;ours13;45769;0.866962;0;0
D06;Prendre soin de ses affaires pour les faire durer plus longtemps (reboucher les feutres… ne pas casser. ne pas lancer…);Déchets;OURS;Ours blanc;ours13;45769;0.017374;0;0.183462
D03;Ne pas jeter de déchets dans la nature (chewing-gums. sacs. canettes. bouteilles…);Déchets;OURS;Ours blanc;ours13;45769;0.424875;0;4.486538
D01;Limiter l'utilisation du papier : Utiliser les feuilles des 2 côtés / faire du brouillon / Utiliser l'ardoise pour chercher / Prendre du papier recyclé…;Déchets;OURS;Ours blanc;ours13;45769;0.009641;0;0.8
T04;Faire du covoiturage;Transport;OURS;Ours blanc;ours13;45769;0.506;0;0
W07;Vider le reste de sa gourde dans les plantes;Eau;OURS;Ours blanc;ours13;45769;0;0.000013;0
B04;Faire un jardin potager;Biodiversité;OURS;Ours blanc;ours13;45769;4.48;0;0
E01;Eteindre la lumière quand on quitte une pièce. quand on n’en a pas besoin;Electricité;OURS;Ours blanc;ours13;45763;0.027408;0;0
D15;Economiser les mouchoirs en papier. l'essuie-tout et le papier toilette;Déchets;OURS;Ours blanc;ours8;45763;0.009591;0;0.8
D08;Utiliser les bacs de tri;Déchets;OURS;Ours blanc;ours8;45763;0.866962;0;0
D06;Prendre soin de ses affaires pour les faire durer plus longtemps (reboucher les feutres… ne pas casser. ne pas lancer…);Déchets;OURS;Ours blanc;ours8;45763;0.017374;0;0.183462
D03;Ne pas jeter de déchets dans la nature (chewing-gums. sacs. canettes. bouteilles…);Déchets;OURS;Ours blanc;ours8;45763;0.424875;0;4.486538
D01;Limiter l'utilisation du papier : Utiliser les feuilles des 2 côtés / faire du brouillon / Utiliser l'ardoise pour chercher / Prendre du papier recyclé…;Déchets;OURS;Ours blanc;ours8;45763;0.009641;0;0.8
B01;Ne pas cueillir de plante dans la nature;Biodiversité;OURS;Ours blanc;ours8;45763;0;0;0
W04;Tirer la petite chasse d’eau quand on fait pipi;Eau;OURS;Ours blanc;ours8;45763;0.006501;16.5;0
W02;Couper l’eau quand on se brosse les dents : mettre de l’eau dans un verre pour se rincer;Eau;OURS;Ours blanc;ours8;45763;0.05;28;0
T06;Couper le moteur de la voiture quand elle ne roule pas;Transport;OURS;Ours blanc;ours8;45763;1.518;0;0
E02;Ouvrir les volets et ne pas allumer la lumière quand il fait jour dehors. ou éteindre lorsque la lumière extérieure le permet;Electricité;OURS;Ours blanc;ours8;45763;0.027408;0;0
E01;Eteindre la lumière quand on quitte une pièce. quand on n’en a pas besoin;Electricité;OURS;Ours blanc;ours8;45763;0.027408;0;0
C03;Acheter des fruits ou légumes de saison;Courses;OURS;Ours blanc;ours13;45769;6.932;0;0
D15;Economiser les mouchoirs en papier. l'essuie-tout et le papier toilette;Déchets;OURS;Ours blanc;ours13;45769;0.009591;0;0.8
D09;Faire du compost avec les déchets végétaux ou donner les restes alimentaires aux poules…;Déchets;OURS;Ours blanc;ours13;45769;0.0623;0;1.75
D07;Vendre ou donner les vêtements. les objets. les jouets dont on ne veut plus (trop petits…);Déchets;OURS;Ours blanc;ours13;45769;0.017374;2500;0
D04;Ramasser les papiers et les déchets par terre pour les mettre à la poubelle;Déchets;OURS;Ours blanc;ours13;45769;0.00947;0;0.1
D02;Tout manger ce qu’il y a dans nos assiettes (cantine/maison);Déchets;OURS;Ours blanc;ours13;45769;2.453511;0;1.390385
T06;Couper le moteur de la voiture quand elle ne roule pas;Transport;OURS;Ours blanc;ours13;45769;1.518;0;0
T03;Préférer la marche ou le vélo plutôt que la voiture;Transport;OURS;Ours blanc;ours13;45769;0.506;0;0
E02;Ouvrir les volets et ne pas allumer la lumière quand il fait jour dehors. ou éteindre lorsque la lumière extérieure le permet;Electricité;OURS;Ours blanc;ours13;45812;0.027408;0;0
D07;Vendre ou donner les vêtements. les objets. les jouets dont on ne veut plus (trop petits…);Déchets;OURS;Ours blanc;ours2;45798;0.017374;2500;0
D04;Ramasser les papiers et les déchets par terre pour les mettre à la poubelle;Déchets;OURS;Ours blanc;ours2;45798;0.00947;0;0.1
D02;Tout manger ce qu’il y a dans nos assiettes (cantine/maison);Déchets;OURS;Ours blanc;ours2;45798;2.453511;0;1.390385
D09;Faire du compost avec les déchets végétaux ou donner les restes alimentaires aux poules…;Déchets;OURS;Ours blanc;ours2;45798;0.0623;0;1.75
D08;Utiliser les bacs de tri;Déchets;OURS;Ours blanc;ours2;45798;0.866962;0;0
C05;Faire soi-même ses produits d’entretien pour éviter les emballages;Courses;OURS;Ours blanc;ours2;45798;0.006;0;0.03
W02;Utiliser une seule dose de savon;Courses;OURS;Ours blanc;ours2;45798;0.05;28;0
B03;Donner à manger aux oiseaux dans son jardin ou sur son balcon;Biodiversité;OURS;Ours blanc;ours2;45798;0;0;0
B01;Ne pas cueillir de plante dans la nature;Biodiversité;OURS;Ours blanc;ours2;45798;0;0;0
T06;Couper le moteur de la voiture quand elle ne roule pas;Transport;OURS;Ours blanc;ours2;45798;1.518;0;0
E01;Eteindre la lumière quand on quitte une pièce. quand on n’en a pas besoin;Electricité;OURS;Ours blanc;ours2;45798;0.027408;0;0
C06;Faire ses repas, gouter, compotes sois même plutôt que d’acheter des plats préparés;Courses;OURS;Ours blanc;ours8;45800;1.260407;0;0.180058
W02;Utiliser une seule dose de savon;Courses;OURS;Ours blanc;ours8;45800;0.05;28;0
D09;Faire du compost avec les déchets végétaux ou donner les restes alimentaires aux poules…;Déchets;OURS;Ours blanc;ours8;45800;0.0623;0;1.75
D06;Prendre soin de ses affaires pour les faire durer plus longtemps (reboucher les feutres… ne pas casser. ne pas lancer…);Déchets;OURS;Ours blanc;ours8;45800;0.017374;0;0.183462
D03;Ne pas jeter de déchets dans la nature (chewing-gums. sacs. canettes. bouteilles…);Déchets;OURS;Ours blanc;ours8;45800;0.424875;0;4.486538
D01;Limiter l'utilisation du papier : Utiliser les feuilles des 2 côtés / faire du brouillon / Utiliser l'ardoise pour chercher / Prendre du papier recyclé…;Déchets;OURS;Ours blanc;ours8;45800;0.009641;0;0.8
B01;Ne pas cueillir de plante dans la nature;Biodiversité;OURS;Ours blanc;ours8;45800;0;0;0
W04;Tirer la petite chasse d’eau quand on fait pipi;Eau;OURS;Ours blanc;ours8;45800;0.006501;16.5;0
W02;Couper l’eau quand on se brosse les dents : mettre de l’eau dans un verre pour se rincer;Eau;OURS;Ours blanc;ours8;45800;0.05;28;0
E05;Préférer les ampoules à basse consommation;Electricité;OURS;Ours blanc;ours8;45800;0.072803;0;0
E02;Ouvrir les volets et ne pas allumer la lumière quand il fait jour dehors. ou éteindre lorsque la lumière extérieure le permet;Electricité;OURS;Ours blanc;ours8;45800;0.027408;0;0
E08;Eteindre le chauffage lorsqu’on aère une pièce;Electricité;OURS;Ours blanc;ours8;45800;0.000173;0;0
C06;Faire ses repas, gouter, compotes sois même plutôt que d’acheter des plats préparés;Courses;OURS;Ours blanc;ours6;45801;1.260407;0;0.180058
W02;Utiliser une seule dose de savon;Courses;OURS;Ours blanc;ours6;45801;0.05;28;0
D10;Ne pas acheter de bouteilles en plastique : boire à la gourde;Déchets;OURS;Ours blanc;ours6;45801;0.54243;0;0.21
D07;Vendre ou donner les vêtements. les objets. les jouets dont on ne veut plus (trop petits…);Déchets;OURS;Ours blanc;ours6;45801;0.017374;2500;0
D04;Ramasser les papiers et les déchets par terre pour les mettre à la poubelle;Déchets;OURS;Ours blanc;ours6;45801;0.00947;0;0.1
D02;Tout manger ce qu’il y a dans nos assiettes (cantine/maison);Déchets;OURS;Ours blanc;ours6;45801;2.453511;0;1.390385
B02;Ne pas tuer les araignées. les insectes (les mettre dehors…);Biodiversité;OURS;Ours blanc;ours6;45801;0;0;0
W04;Tirer la petite chasse d’eau quand on fait pipi;Eau;OURS;Ours blanc;ours6;45801;0.006501;16.5;0
W02;Couper l’eau quand on se brosse les dents : mettre de l’eau dans un verre pour se rincer;Eau;OURS;Ours blanc;ours6;45801;0.05;28;0
W01;Prendre des douches rapides;Eau;OURS;Ours blanc;ours6;45801;0.25;224;0
E02;Ouvrir les volets et ne pas allumer la lumière quand il fait jour dehors. ou éteindre lorsque la lumière extérieure le permet;Electricité;OURS;Ours blanc;ours2;45801;0.027408;0;0
E11;Couvrir les casseroles lorsqu’on fait bouillir de l’eau ou pour cuire…;Electricité;OURS;Ours blanc;ours2;45801;0.00293;0;0
E10;Faire sécher son linge à l'air libre au lieu d'utiliser le sèche linge chaque fois qu'on peut;Electricité;OURS;Ours blanc;ours2;45801;0.413462;0;0
E08;Eteindre le chauffage lorsqu’on aère une pièce;Electricité;OURS;Ours blanc;ours2;45801;0.000173;0;0
E05;Préférer les ampoules à basse consommation;Electricité;OURS;Ours blanc;ours2;45801;0.072803;0;0
E06;Préférer les piles rechargeables;Electricité;OURS;Ours blanc;ours2;45801;0.097538;0;0
W01;Prendre des douches rapides;Eau;OURS;Ours blanc;ours2;45801;0.25;224;0
W05;Prendre une douche plutôt qu’un bain;Eau;OURS;Ours blanc;ours2;45801;0.140658;357;0
W02;Couper l’eau quand on se brosse les dents : mettre de l’eau dans un verre pour se rincer;Eau;OURS;Ours blanc;ours2;45801;0.05;28;0
W04;Tirer la petite chasse d’eau quand on fait pipi;Eau;OURS;Ours blanc;ours2;45801;0.006501;16.5;0
W03;Ne pas faire couler l’eau trop longtemps quand on se lave les mains;Eau;OURS;Ours blanc;ours2;45801;0.004964;12.6;0
T03;Préférer la marche ou le vélo plutôt que la voiture;Transport;OURS;Ours blanc;ours6;45801;0.506;0;0
T06;Couper le moteur de la voiture quand elle ne roule pas;Transport;OURS;Ours blanc;ours6;45801;1.518;0;0
E05;Préférer les ampoules à basse consommation;Electricité;OURS;Ours blanc;ours6;45801;0.072803;0;0
E04;Eteindre les écrans (ordinateur. télévision. …) pour diminuer la consommation d’électricité;Electricité;OURS;Ours blanc;ours6;45801;0.15988;0;1
E02;Ouvrir les volets et ne pas allumer la lumière quand il fait jour dehors. ou éteindre lorsque la lumière extérieure le permet;Electricité;OURS;Ours blanc;ours6;45801;0.027408;0;0
E08;Eteindre le chauffage lorsqu’on aère une pièce;Electricité;OURS;Ours blanc;ours6;45801;0.000173;0;0
E01;Eteindre la lumière quand on quitte une pièce. quand on n’en a pas besoin;Electricité;OURS;Ours blanc;ours6;45801;0.027408;0;0
W02;Utiliser une seule dose de savon;Courses;OURS;Ours blanc;ours1;45804;0.05;28;0
D09;Faire du compost avec les déchets végétaux ou donner les restes alimentaires aux poules…;Déchets;OURS;Ours blanc;ours1;45804;0.0623;0;1.75
D07;Vendre ou donner les vêtements. les objets. les jouets dont on ne veut plus (trop petits…);Déchets;OURS;Ours blanc;ours1;45804;0.017374;2500;0
D04;Ramasser les papiers et les déchets par terre pour les mettre à la poubelle;Déchets;OURS;Ours blanc;ours1;45804;0.00947;0;0.1
D02;Tout manger ce qu’il y a dans nos assiettes (cantine/maison);Déchets;OURS;Ours blanc;ours1;45804;2.453511;0;1.390385
B04;Faire un jardin potager;Biodiversité;OURS;Ours blanc;ours1;45804;4.48;0;0
B02;Ne pas tuer les araignées. les insectes (les mettre dehors…);Biodiversité;OURS;Ours blanc;ours1;45804;0;0;0
W04;Tirer la petite chasse d’eau quand on fait pipi;Eau;OURS;Ours blanc;ours1;45804;0.006501;16.5;0
W02;Couper l’eau quand on se brosse les dents : mettre de l’eau dans un verre pour se rincer;Eau;OURS;Ours blanc;ours1;45804;0.05;28;0
T03;Préférer la marche ou le vélo plutôt que la voiture;Transport;OURS;Ours blanc;ours1;45804;0.506;0;0
E05;Préférer les ampoules à basse consommation;Electricité;OURS;Ours blanc;ours1;45804;0.072803;0;0
E02;Ouvrir les volets et ne pas allumer la lumière quand il fait jour dehors. ou éteindre lorsque la lumière extérieure le permet;Electricité;OURS;Ours blanc;ours1;45804;0.027408;0;0
E10;Faire sécher son linge à l'air libre au lieu d'utiliser le sèche linge chaque fois qu'on peut;Electricité;OURS;Ours blanc;ours1;45804;0.413462;0;0
E01;Eteindre la lumière quand on quitte une pièce. quand on n’en a pas besoin;Electricité;OURS;Ours blanc;ours1;45804;0.027408;0;0
C03;Acheter des fruits ou légumes de saison;Courses;OURS;Ours blanc;ours1;45804;6.932;0;0
D10;Ne pas acheter de bouteilles en plastique : boire à la gourde;Déchets;OURS;Ours blanc;ours1;45804;0.54243;0;0.21
D08;Utiliser les bacs de tri;Déchets;OURS;Ours blanc;ours1;45804;0.866962;0;0
D06;Prendre soin de ses affaires pour les faire durer plus longtemps (reboucher les feutres… ne pas casser. ne pas lancer…);Déchets;OURS;Ours blanc;ours1;45804;0.017374;0;0.183462
D03;Ne pas jeter de déchets dans la nature (chewing-gums. sacs. canettes. bouteilles…);Déchets;OURS;Ours blanc;ours1;45804;0.424875;0;4.486538
D01;Limiter l'utilisation du papier : Utiliser les feuilles des 2 côtés / faire du brouillon / Utiliser l'ardoise pour chercher / Prendre du papier recyclé…;Déchets;OURS;Ours blanc;ours1;45804;0.009641;0;0.8
B03;Donner à manger aux oiseaux dans son jardin ou sur son balcon;Biodiversité;OURS;Ours blanc;ours1;45804;0;0;0
B01;Ne pas cueillir de plante dans la nature;Biodiversité;OURS;Ours blanc;ours1;45804;0;0;0
W03;Ne pas faire couler l’eau trop longtemps quand on se lave les mains;Eau;OURS;Ours blanc;ours1;45804;0.004964;12.6;0
W05;Prendre une douche plutôt qu’un bain;Eau;OURS;Ours blanc;ours1;45804;0.140658;357;0
E06;Préférer les piles rechargeables;Electricité;OURS;Ours blanc;ours1;45804;0.097538;0;0
E04;Eteindre les écrans (ordinateur. télévision. …) pour diminuer la consommation d’électricité;Electricité;OURS;Ours blanc;ours1;45804;0.15988;0;1
E11;Couvrir les casseroles lorsqu’on fait bouillir de l’eau ou pour cuire…;Electricité;OURS;Ours blanc;ours1;45804;0.00293;0;0
E08;Eteindre le chauffage lorsqu’on aère une pièce;Electricité;OURS;Ours blanc;ours1;45804;0.000173;0;0
E11;Couvrir les casseroles lorsqu’on fait bouillir de l’eau ou pour cuire…;Electricité;OURS;Ours blanc;ours13;45812;0.00293;0;0
E08;Eteindre le chauffage lorsqu’on aère une pièce;Electricité;OURS;Ours blanc;ours13;45812;0.000173;0;0
D15;Economiser les mouchoirs en papier. l'essuie-tout et le papier toilette;Déchets;OURS;Ours blanc;ours2;45812;0.009591;0;0.8
D09;Faire du compost avec les déchets végétaux ou donner les restes alimentaires aux poules…;Déchets;OURS;Ours blanc;ours2;45812;0.0623;0;1.75
D07;Vendre ou donner les vêtements. les objets. les jouets dont on ne veut plus (trop petits…);Déchets;OURS;Ours blanc;ours2;45812;0.017374;2500;0
D06;Prendre soin de ses affaires pour les faire durer plus longtemps (reboucher les feutres… ne pas casser. ne pas lancer…);Déchets;OURS;Ours blanc;ours2;45812;0.017374;0;0.183462
D02;Tout manger ce qu’il y a dans nos assiettes (cantine/maison);Déchets;OURS;Ours blanc;ours2;45812;2.453511;0;1.390385
C06;Faire ses repas, gouter, compotes sois même plutôt que d’acheter des plats préparés;Courses;OURS;Ours blanc;ours2;45812;1.260407;0;0.180058
C03;Acheter des fruits ou légumes de saison;Courses;OURS;Ours blanc;ours2;45812;6.932;0;0
B04;Faire un jardin potager;Biodiversité;OURS;Ours blanc;ours2;45812;4.48;0;0
B02;Ne pas tuer les araignées. les insectes (les mettre dehors…);Biodiversité;OURS;Ours blanc;ours2;45812;0;0;0
T06;Couper le moteur de la voiture quand elle ne roule pas;Transport;OURS;Ours blanc;ours2;45812;1.518;0;0
T04;Faire du covoiturage;Transport;OURS;Ours blanc;ours2;45812;0.506;0;0
E05;Préférer les ampoules à basse consommation;Electricité;OURS;Ours blanc;ours2;45812;0.072803;0;0
E02;Ouvrir les volets et ne pas allumer la lumière quand il fait jour dehors. ou éteindre lorsque la lumière extérieure le permet;Electricité;OURS;Ours blanc;ours2;45812;0.027408;0;0
E10;Faire sécher son linge à l'air libre au lieu d'utiliser le sèche linge chaque fois qu'on peut;Electricité;OURS;Ours blanc;ours2;45812;0.413462;0;0
E01;Eteindre la lumière quand on quitte une pièce. quand on n’en a pas besoin;Electricité;OURS;Ours blanc;ours2;45812;0.027408;0;0
W04;Tirer la petite chasse d’eau quand on fait pipi;Eau;OURS;Ours blanc;ours2;45812;0.006501;16.5;0
W02;Couper l’eau quand on se brosse les dents : mettre de l’eau dans un verre pour se rincer;Eau;OURS;Ours blanc;ours2;45812;0.05;28;0
W01;Prendre des douches rapides;Eau;OURS;Ours blanc;ours2;45812;0.25;224;0
T03;Préférer la marche ou le vélo plutôt que la voiture;Transport;OURS;Ours blanc;ours8;45812;0.506;0;0
D15;Economiser les mouchoirs en papier. l'essuie-tout et le papier toilette;Déchets;OURS;Ours blanc;ours8;45812;0.009591;0;0.8
D08;Utiliser les bacs de tri;Déchets;OURS;Ours blanc;ours8;45812;0.866962;0;0
D06;Prendre soin de ses affaires pour les faire durer plus longtemps (reboucher les feutres… ne pas casser. ne pas lancer…);Déchets;OURS;Ours blanc;ours8;45812;0.017374;0;0.183462
D03;Ne pas jeter de déchets dans la nature (chewing-gums. sacs. canettes. bouteilles…);Déchets;OURS;Ours blanc;ours8;45812;0.424875;0;4.486538
W07;Vider le reste de sa gourde dans les plantes;Eau;OURS;Ours blanc;ours8;45812;0;0.000013;0
W03;Ne pas faire couler l’eau trop longtemps quand on se lave les mains;Eau;OURS;Ours blanc;ours8;45812;0.004964;12.6;0
W05;Prendre une douche plutôt qu’un bain;Eau;OURS;Ours blanc;ours8;45812;0.140658;357;0
B03;Donner à manger aux oiseaux dans son jardin ou sur son balcon;Biodiversité;OURS;Ours blanc;ours8;45812;0;0;0
B01;Ne pas cueillir de plante dans la nature;Biodiversité;OURS;Ours blanc;ours8;45812;0;0;0
E04;Eteindre les écrans (ordinateur. télévision. …) pour diminuer la consommation d’électricité;Electricité;OURS;Ours blanc;ours8;45812;0.15988;0;1
E11;Couvrir les casseroles lorsqu’on fait bouillir de l’eau ou pour cuire…;Electricité;OURS;Ours blanc;ours8;45812;0.00293;0;0
E08;Eteindre le chauffage lorsqu’on aère une pièce;Electricité;OURS;Ours blanc;ours8;45812;0.000173;0;0
E06;Préférer les piles rechargeables;Electricité;OURS;Ours blanc;ours8;45812;0.097538;0;0
C06;Faire ses repas, gouter, compotes sois même plutôt que d’acheter des plats préparés;Courses;OURS;Ours blanc;ours11;45817;1.260407;0;0.180058
C03;Acheter des fruits ou légumes de saison;Courses;OURS;Ours blanc;ours11;45817;6.932;0;0
D15;Economiser les mouchoirs en papier. l'essuie-tout et le papier toilette;Déchets;OURS;Ours blanc;ours11;45817;0.009591;0;0.8
D09;Faire du compost avec les déchets végétaux ou donner les restes alimentaires aux poules…;Déchets;OURS;Ours blanc;ours11;45817;0.0623;0;1.75
D07;Vendre ou donner les vêtements. les objets. les jouets dont on ne veut plus (trop petits…);Déchets;OURS;Ours blanc;ours11;45817;0.017374;2500;0
D04;Ramasser les papiers et les déchets par terre pour les mettre à la poubelle;Déchets;OURS;Ours blanc;ours11;45817;0.00947;0;0.1
D02;Tout manger ce qu’il y a dans nos assiettes (cantine/maison);Déchets;OURS;Ours blanc;ours11;45817;2.453511;0;1.390385
B02;Ne pas tuer les araignées. les insectes (les mettre dehors…);Biodiversité;OURS;Ours blanc;ours11;45817;0;0;0
W07;Vider le reste de sa gourde dans les plantes;Eau;OURS;Ours blanc;ours11;45817;0;0.000013;0
W02;Couper l’eau quand on se brosse les dents : mettre de l’eau dans un verre pour se rincer;Eau;OURS;Ours blanc;ours11;45817;0.05;28;0
E10;Faire sécher son linge à l'air libre au lieu d'utiliser le sèche linge chaque fois qu'on peut;Electricité;OURS;Ours blanc;ours13;45812;0.413462;0;0
D11;Acheter des produits en vrac. éviter les emballages individuels…;Déchets;OURS;Ours blanc;ours2;45804;0.38;0;0.67
D15;Economiser les mouchoirs en papier. l'essuie-tout et le papier toilette;Déchets;OURS;Ours blanc;ours2;45804;0.009591;0;0.8
E01;Eteindre la lumière quand on quitte une pièce. quand on n’en a pas besoin;Electricité;OURS;Ours blanc;ours13;45812;0.027408;0;0
D11;Acheter des produits en vrac. éviter les emballages individuels…;Déchets;OURS;Ours blanc;ours2;45812;0.38;0;0.67
D10;Ne pas acheter de bouteilles en plastique : boire à la gourde;Déchets;OURS;Ours blanc;ours2;45812;0.54243;0;0.21
D08;Utiliser les bacs de tri;Déchets;OURS;Ours blanc;ours2;45812;0.866962;0;0
D04;Ramasser les papiers et les déchets par terre pour les mettre à la poubelle;Déchets;OURS;Ours blanc;ours2;45812;0.00947;0;0.1
D03;Ne pas jeter de déchets dans la nature (chewing-gums. sacs. canettes. bouteilles…);Déchets;OURS;Ours blanc;ours2;45812;0.424875;0;4.486538
D01;Limiter l'utilisation du papier : Utiliser les feuilles des 2 côtés / faire du brouillon / Utiliser l'ardoise pour chercher / Prendre du papier recyclé…;Déchets;OURS;Ours blanc;ours2;45812;0.009641;0;0.8
C05;Faire soi-même ses produits d’entretien pour éviter les emballages;Courses;OURS;Ours blanc;ours2;45812;0.006;0;0.03
W02;Utiliser une seule dose de savon;Courses;OURS;Ours blanc;ours2;45812;0.05;28;0
B03;Donner à manger aux oiseaux dans son jardin ou sur son balcon;Biodiversité;OURS;Ours blanc;ours2;45812;0;0;0
B01;Ne pas cueillir de plante dans la nature;Biodiversité;OURS;Ours blanc;ours2;45812;0;0;0
T03;Préférer la marche ou le vélo plutôt que la voiture;Transport;OURS;Ours blanc;ours2;45812;0.506;0;0
E06;Préférer les piles rechargeables;Electricité;OURS;Ours blanc;ours2;45812;0.097538;0;0
E04;Eteindre les écrans (ordinateur. télévision. …) pour diminuer la consommation d’électricité;Electricité;OURS;Ours blanc;ours2;45812;0.15988;0;1
E11;Couvrir les casseroles lorsqu’on fait bouillir de l’eau ou pour cuire…;Electricité;OURS;Ours blanc;ours2;45812;0.00293;0;0
E08;Eteindre le chauffage lorsqu’on aère une pièce;Electricité;OURS;Ours blanc;ours2;45812;0.000173;0;0
W07;Vider le reste de sa gourde dans les plantes;Eau;OURS;Ours blanc;ours2;45812;0;0.000013;0
W03;Ne pas faire couler l’eau trop longtemps quand on se lave les mains;Eau;OURS;Ours blanc;ours2;45812;0.004964;12.6;0
W05;Prendre une douche plutôt qu’un bain;Eau;OURS;Ours blanc;ours2;45812;0.140658;357;0
T06;Couper le moteur de la voiture quand elle ne roule pas;Transport;OURS;Ours blanc;ours8;45812;1.518;0;0
D11;Acheter des produits en vrac. éviter les emballages individuels…;Déchets;OURS;Ours blanc;ours8;45812;0.38;0;0.67
D10;Ne pas acheter de bouteilles en plastique : boire à la gourde;Déchets;OURS;Ours blanc;ours8;45812;0.54243;0;0.21
D07;Vendre ou donner les vêtements. les objets. les jouets dont on ne veut plus (trop petits…);Déchets;OURS;Ours blanc;ours8;45812;0.017374;2500;0
D04;Ramasser les papiers et les déchets par terre pour les mettre à la poubelle;Déchets;OURS;Ours blanc;ours8;45812;0.00947;0;0.1
D01;Limiter l'utilisation du papier : Utiliser les feuilles des 2 côtés / faire du brouillon / Utiliser l'ardoise pour chercher / Prendre du papier recyclé…;Déchets;OURS;Ours blanc;ours8;45812;0.009641;0;0.8
W04;Tirer la petite chasse d’eau quand on fait pipi;Eau;OURS;Ours blanc;ours8;45812;0.006501;16.5;0
W02;Couper l’eau quand on se brosse les dents : mettre de l’eau dans un verre pour se rincer;Eau;OURS;Ours blanc;ours8;45812;0.05;28;0
W01;Prendre des douches rapides;Eau;OURS;Ours blanc;ours8;45812;0.25;224;0
B02;Ne pas tuer les araignées. les insectes (les mettre dehors…);Biodiversité;OURS;Ours blanc;ours8;45812;0;0;0
E05;Préférer les ampoules à basse consommation;Electricité;OURS;Ours blanc;ours8;45812;0.072803;0;0
E02;Ouvrir les volets et ne pas allumer la lumière quand il fait jour dehors. ou éteindre lorsque la lumière extérieure le permet;Electricité;OURS;Ours blanc;ours8;45812;0.027408;0;0
E10;Faire sécher son linge à l'air libre au lieu d'utiliser le sèche linge chaque fois qu'on peut;Electricité;OURS;Ours blanc;ours8;45812;0.413462;0;0
E01;Eteindre la lumière quand on quitte une pièce. quand on n’en a pas besoin;Electricité;OURS;Ours blanc;ours8;45812;0.027408;0;0
C03;Acheter des fruits ou légumes de saison;Courses;OURS;Ours blanc;ours8;45812;6.932;0;0
C05;Faire soi-même ses produits d’entretien pour éviter les emballages;Courses;OURS;Ours blanc;ours11;45817;0.006;0;0.03
W02;Utiliser une seule dose de savon;Courses;OURS;Ours blanc;ours11;45817;0.05;28;0
D10;Ne pas acheter de bouteilles en plastique : boire à la gourde;Déchets;OURS;Ours blanc;ours11;45817;0.54243;0;0.21
D08;Utiliser les bacs de tri;Déchets;OURS;Ours blanc;ours11;45817;0.866962;0;0
D06;Prendre soin de ses affaires pour les faire durer plus longtemps (reboucher les feutres… ne pas casser. ne pas lancer…);Déchets;OURS;Ours blanc;ours11;45817;0.017374;0;0.183462
D03;Ne pas jeter de déchets dans la nature (chewing-gums. sacs. canettes. bouteilles…);Déchets;OURS;Ours blanc;ours11;45817;0.424875;0;4.486538
B03;Donner à manger aux oiseaux dans son jardin ou sur son balcon;Biodiversité;OURS;Ours blanc;ours11;45817;0;0;0
B01;Ne pas cueillir de plante dans la nature;Biodiversité;OURS;Ours blanc;ours11;45817;0;0;0
W04;Tirer la petite chasse d’eau quand on fait pipi;Eau;OURS;Ours blanc;ours11;45817;0.006501;16.5;0
W05;Prendre une douche plutôt qu’un bain;Eau;OURS;Ours blanc;ours11;45817;0.140658;357;0
T03;Préférer la marche ou le vélo plutôt que la voiture;Transport;OURS;Ours blanc;ours11;45817;0.506;0;0
E06;Préférer les piles rechargeables;Electricité;OURS;Ours blanc;ours11;45817;0.097538;0;0
E04;Eteindre les écrans (ordinateur. télévision. …) pour diminuer la consommation d’électricité;Electricité;OURS;Ours blanc;ours11;45817;0.15988;0;1
E11;Couvrir les casseroles lorsqu’on fait bouillir de l’eau ou pour cuire…;Electricité;OURS;Ours blanc;ours11;45817;0.00293;0;0
E08;Eteindre le chauffage lorsqu’on aère une pièce;Electricité;OURS;Ours blanc;ours11;45817;0.000173;0;0
W01;Prendre des douches rapides;Eau;OURS;Ours blanc;ours11;45817;0.25;224;0
T06;Couper le moteur de la voiture quand elle ne roule pas;Transport;OURS;Ours blanc;ours11;45817;1.518;0;0
E05;Préférer les ampoules à basse consommation;Electricité;OURS;Ours blanc;ours11;45817;0.072803;0;0
E02;Ouvrir les volets et ne pas allumer la lumière quand il fait jour dehors. ou éteindre lorsque la lumière extérieure le permet;Electricité;OURS;Ours blanc;ours11;45817;0.027408;0;0
E10;Faire sécher son linge à l'air libre au lieu d'utiliser le sèche linge chaque fois qu'on peut;Electricité;OURS;Ours blanc;ours11;45817;0.413462;0;0
E01;Eteindre la lumière quand on quitte une pièce. quand on n’en a pas besoin;Electricité;OURS;Ours blanc;ours11;45817;0.027408;0;0
C03;Acheter des fruits ou légumes de saison;Courses;OURS;Ours blanc;ours1;45817;6.932;0;0
D10;Ne pas acheter de bouteilles en plastique : boire à la gourde;Déchets;OURS;Ours blanc;ours1;45817;0.54243;0;0.21
D08;Utiliser les bacs de tri;Déchets;OURS;Ours blanc;ours1;45817;0.866962;0;0
D04;Ramasser les papiers et les déchets par terre pour les mettre à la poubelle;Déchets;OURS;Ours blanc;ours1;45817;0.00947;0;0.1
D02;Tout manger ce qu’il y a dans nos assiettes (cantine/maison);Déchets;OURS;Ours blanc;ours1;45817;2.453511;0;1.390385
B04;Faire un jardin potager;Biodiversité;OURS;Ours blanc;ours1;45817;4.48;0;0
B02;Ne pas tuer les araignées. les insectes (les mettre dehors…);Biodiversité;OURS;Ours blanc;ours1;45817;0;0;0
W03;Ne pas faire couler l’eau trop longtemps quand on se lave les mains;Eau;OURS;Ours blanc;ours1;45817;0.004964;12.6;0
W05;Prendre une douche plutôt qu’un bain;Eau;OURS;Ours blanc;ours1;45817;0.140658;357;0
E05;Préférer les ampoules à basse consommation;Electricité;OURS;Ours blanc;ours1;45817;0.072803;0;0
E02;Ouvrir les volets et ne pas allumer la lumière quand il fait jour dehors. ou éteindre lorsque la lumière extérieure le permet;Electricité;OURS;Ours blanc;ours1;45817;0.027408;0;0
E10;Faire sécher son linge à l'air libre au lieu d'utiliser le sèche linge chaque fois qu'on peut;Electricité;OURS;Ours blanc;ours1;45817;0.413462;0;0
E01;Eteindre la lumière quand on quitte une pièce. quand on n’en a pas besoin;Electricité;OURS;Ours blanc;ours1;45817;0.027408;0;0
C06;Faire ses repas, gouter, compotes sois même plutôt que d’acheter des plats préparés;Courses;OURS;Ours blanc;ours1;45817;1.260407;0;0.180058
W02;Utiliser une seule dose de savon;Courses;OURS;Ours blanc;ours1;45817;0.05;28;0
D09;Faire du compost avec les déchets végétaux ou donner les restes alimentaires aux poules…;Déchets;OURS;Ours blanc;ours1;45817;0.0623;0;1.75
D06;Prendre soin de ses affaires pour les faire durer plus longtemps (reboucher les feutres… ne pas casser. ne pas lancer…);Déchets;OURS;Ours blanc;ours1;45817;0.017374;0;0.183462
D03;Ne pas jeter de déchets dans la nature (chewing-gums. sacs. canettes. bouteilles…);Déchets;OURS;Ours blanc;ours1;45817;0.424875;0;4.486538
D01;Limiter l'utilisation du papier : Utiliser les feuilles des 2 côtés / faire du brouillon / Utiliser l'ardoise pour chercher / Prendre du papier recyclé…;Déchets;OURS;Ours blanc;ours1;45817;0.009641;0;0.8
B03;Donner à manger aux oiseaux dans son jardin ou sur son balcon;Biodiversité;OURS;Ours blanc;ours1;45817;0;0;0
B01;Ne pas cueillir de plante dans la nature;Biodiversité;OURS;Ours blanc;ours1;45817;0;0;0
W02;Couper l’eau quand on se brosse les dents : mettre de l’eau dans un verre pour se rincer;Eau;OURS;Ours blanc;ours1;45817;0.05;28;0
T03;Préférer la marche ou le vélo plutôt que la voiture;Transport;OURS;Ours blanc;ours1;45817;0.506;0;0
E04;Eteindre les écrans (ordinateur. télévision. …) pour diminuer la consommation d’électricité;Electricité;OURS;Ours blanc;ours1;45817;0.15988;0;1
E11;Couvrir les casseroles lorsqu’on fait bouillir de l’eau ou pour cuire…;Electricité;OURS;Ours blanc;ours1;45817;0.00293;0;0
E08;Eteindre le chauffage lorsqu’on aère une pièce;Electricité;OURS;Ours blanc;ours1;45817;0.000173;0;0
C06;Faire ses repas, gouter, compotes sois même plutôt que d’acheter des plats préparés;Courses;OURS;Ours blanc;ours13;45805;1.260407;0;0.180058
C05;Faire soi-même ses produits d’entretien pour éviter les emballages;Courses;OURS;Ours blanc;ours13;45805;0.006;0;0.03
C03;Acheter des fruits ou légumes de saison;Courses;OURS;Ours blanc;ours13;45805;6.932;0;0
W02;Utiliser une seule dose de savon;Courses;OURS;Ours blanc;ours13;45805;0.05;28;0
B04;Faire un jardin potager;Biodiversité;OURS;Ours blanc;ours13;45805;4.48;0;0
B03;Donner à manger aux oiseaux dans son jardin ou sur son balcon;Biodiversité;OURS;Ours blanc;ours13;45805;0;0;0
B02;Ne pas tuer les araignées. les insectes (les mettre dehors…);Biodiversité;OURS;Ours blanc;ours13;45805;0;0;0
B01;Ne pas cueillir de plante dans la nature;Biodiversité;OURS;Ours blanc;ours13;45805;0;0;0
D11;Acheter des produits en vrac. éviter les emballages individuels…;Déchets;OURS;Ours blanc;ours13;45805;0.38;0;0.67
D15;Economiser les mouchoirs en papier. l'essuie-tout et le papier toilette;Déchets;OURS;Ours blanc;ours13;45805;0.009591;0;0.8
D10;Ne pas acheter de bouteilles en plastique : boire à la gourde;Déchets;OURS;Ours blanc;ours13;45805;0.54243;0;0.21
D09;Faire du compost avec les déchets végétaux ou donner les restes alimentaires aux poules…;Déchets;OURS;Ours blanc;ours13;45805;0.0623;0;1.75
D08;Utiliser les bacs de tri;Déchets;OURS;Ours blanc;ours13;45805;0.866962;0;0
D06;Prendre soin de ses affaires pour les faire durer plus longtemps (reboucher les feutres… ne pas casser. ne pas lancer…);Déchets;OURS;Ours blanc;ours13;45805;0.017374;0;0.183462
D04;Ramasser les papiers et les déchets par terre pour les mettre à la poubelle;Déchets;OURS;Ours blanc;ours13;45805;0.00947;0;0.1
D03;Ne pas jeter de déchets dans la nature (chewing-gums. sacs. canettes. bouteilles…);Déchets;OURS;Ours blanc;ours13;45805;0.424875;0;4.486538
D02;Tout manger ce qu’il y a dans nos assiettes (cantine/maison);Déchets;OURS;Ours blanc;ours13;45805;2.453511;0;1.390385
D01;Limiter l'utilisation du papier : Utiliser les feuilles des 2 côtés / faire du brouillon / Utiliser l'ardoise pour chercher / Prendre du papier recyclé…;Déchets;OURS;Ours blanc;ours13;45805;0.009641;0;0.8
E06;Préférer les piles rechargeables;Electricité;OURS;Ours blanc;ours13;45805;0.097538;0;0
E05;Préférer les ampoules à basse consommation;Electricité;OURS;Ours blanc;ours13;45805;0.072803;0;0
E04;Eteindre les écrans (ordinateur. télévision. …) pour diminuer la consommation d’électricité;Electricité;OURS;Ours blanc;ours13;45805;0.15988;0;1
E02;Ouvrir les volets et ne pas allumer la lumière quand il fait jour dehors. ou éteindre lorsque la lumière extérieure le permet;Electricité;OURS;Ours blanc;ours13;45805;0.027408;0;0
E11;Couvrir les casseroles lorsqu’on fait bouillir de l’eau ou pour cuire…;Electricité;OURS;Ours blanc;ours13;45805;0.00293;0;0
E10;Faire sécher son linge à l'air libre au lieu d'utiliser le sèche linge chaque fois qu'on peut;Electricité;OURS;Ours blanc;ours13;45805;0.413462;0;0
E08;Eteindre le chauffage lorsqu’on aère une pièce;Electricité;OURS;Ours blanc;ours13;45805;0.000173;0;0
E01;Eteindre la lumière quand on quitte une pièce. quand on n’en a pas besoin;Electricité;OURS;Ours blanc;ours13;45805;0.027408;0;0
T03;Préférer la marche ou le vélo plutôt que la voiture;Transport;OURS;Ours blanc;ours13;45805;0.506;0;0
T06;Couper le moteur de la voiture quand elle ne roule pas;Transport;OURS;Ours blanc;ours13;45805;1.518;0;0
T04;Faire du covoiturage;Transport;OURS;Ours blanc;ours13;45805;0.506;0;0
W07;Vider le reste de sa gourde dans les plantes;Eau;OURS;Ours blanc;ours13;45805;0;0.000013;0
W04;Tirer la petite chasse d’eau quand on fait pipi;Eau;OURS;Ours blanc;ours13;45805;0.006501;16.5;0
W03;Ne pas faire couler l’eau trop longtemps quand on se lave les mains;Eau;OURS;Ours blanc;ours13;45805;0.004964;12.6;0
W02;Couper l’eau quand on se brosse les dents : mettre de l’eau dans un verre pour se rincer;Eau;OURS;Ours blanc;ours13;45805;0.05;28;0
W05;Prendre une douche plutôt qu’un bain;Eau;OURS;Ours blanc;ours13;45805;0.140658;357;0
W01;Prendre des douches rapides;Eau;OURS;Ours blanc;ours13;45805;0.25;224;0
D07;Vendre ou donner les vêtements. les objets. les jouets dont on ne veut plus (trop petits…);Déchets;OURS;Ours blanc;ours13;45805;0.017374;2500;0
D11;Acheter des produits en vrac. éviter les emballages individuels…;Déchets;OURS;Ours blanc;ours2;45805;0.38;0;0.67
D10;Ne pas acheter de bouteilles en plastique : boire à la gourde;Déchets;OURS;Ours blanc;ours2;45805;0.54243;0;0.21
D08;Utiliser les bacs de tri;Déchets;OURS;Ours blanc;ours2;45805;0.866962;0;0
D06;Prendre soin de ses affaires pour les faire durer plus longtemps (reboucher les feutres… ne pas casser. ne pas lancer…);Déchets;OURS;Ours blanc;ours2;45805;0.017374;0;0.183462
D03;Ne pas jeter de déchets dans la nature (chewing-gums. sacs. canettes. bouteilles…);Déchets;OURS;Ours blanc;ours2;45805;0.424875;0;4.486538
C06;Faire ses repas, gouter, compotes sois même plutôt que d’acheter des plats préparés;Courses;OURS;Ours blanc;ours2;45805;1.260407;0;0.180058
C03;Acheter des fruits ou légumes de saison;Courses;OURS;Ours blanc;ours2;45805;6.932;0;0
B04;Faire un jardin potager;Biodiversité;OURS;Ours blanc;ours2;45805;4.48;0;0
B02;Ne pas tuer les araignées. les insectes (les mettre dehors…);Biodiversité;OURS;Ours blanc;ours2;45805;0;0;0
T03;Préférer la marche ou le vélo plutôt que la voiture;Transport;OURS;Ours blanc;ours2;45805;0.506;0;0
T04;Faire du covoiturage;Transport;OURS;Ours blanc;ours2;45805;0.506;0;0
E06;Préférer les piles rechargeables;Electricité;OURS;Ours blanc;ours2;45805;0.097538;0;0
E04;Eteindre les écrans (ordinateur. télévision. …) pour diminuer la consommation d’électricité;Electricité;OURS;Ours blanc;ours2;45805;0.15988;0;1
E01;Eteindre la lumière quand on quitte une pièce. quand on n’en a pas besoin;Electricité;OURS;Ours blanc;ours2;45805;0.027408;0;0
E10;Faire sécher son linge à l'air libre au lieu d'utiliser le sèche linge chaque fois qu'on peut;Electricité;OURS;Ours blanc;ours2;45805;0.413462;0;0
W07;Vider le reste de sa gourde dans les plantes;Eau;OURS;Ours blanc;ours2;45805;0;0.000013;0
W03;Ne pas faire couler l’eau trop longtemps quand on se lave les mains;Eau;OURS;Ours blanc;ours2;45805;0.004964;12.6;0
W05;Prendre une douche plutôt qu’un bain;Eau;OURS;Ours blanc;ours2;45805;0.140658;357;0
C06;Faire ses repas, gouter, compotes sois même plutôt que d’acheter des plats préparés;Courses;OURS;Ours blanc;ours6;45806;1.260407;0;0.180058
W02;Utiliser une seule dose de savon;Courses;OURS;Ours blanc;ours6;45806;0.05;28;0
D15;Economiser les mouchoirs en papier. l'essuie-tout et le papier toilette;Déchets;OURS;Ours blanc;ours6;45806;0.009591;0;0.8
D08;Utiliser les bacs de tri;Déchets;OURS;Ours blanc;ours6;45806;0.866962;0;0
D06;Prendre soin de ses affaires pour les faire durer plus longtemps (reboucher les feutres… ne pas casser. ne pas lancer…);Déchets;OURS;Ours blanc;ours6;45806;0.017374;0;0.183462
D03;Ne pas jeter de déchets dans la nature (chewing-gums. sacs. canettes. bouteilles…);Déchets;OURS;Ours blanc;ours6;45806;0.424875;0;4.486538
D01;Limiter l'utilisation du papier : Utiliser les feuilles des 2 côtés / faire du brouillon / Utiliser l'ardoise pour chercher / Prendre du papier recyclé…;Déchets;OURS;Ours blanc;ours6;45806;0.009641;0;0.8
B01;Ne pas cueillir de plante dans la nature;Biodiversité;OURS;Ours blanc;ours6;45806;0;0;0
W04;Tirer la petite chasse d’eau quand on fait pipi;Eau;OURS;Ours blanc;ours6;45806;0.006501;16.5;0
W02;Couper l’eau quand on se brosse les dents : mettre de l’eau dans un verre pour se rincer;Eau;OURS;Ours blanc;ours6;45806;0.05;28;0
W01;Prendre des douches rapides;Eau;OURS;Ours blanc;ours6;45806;0.25;224;0
T06;Couper le moteur de la voiture quand elle ne roule pas;Transport;OURS;Ours blanc;ours6;45806;1.518;0;0
E04;Eteindre les écrans (ordinateur. télévision. …) pour diminuer la consommation d’électricité;Electricité;OURS;Ours blanc;ours6;45806;0.15988;0;1
E11;Couvrir les casseroles lorsqu’on fait bouillir de l’eau ou pour cuire…;Electricité;OURS;Ours blanc;ours6;45806;0.00293;0;0
E01;Eteindre la lumière quand on quitte une pièce. quand on n’en a pas besoin;Electricité;OURS;Ours blanc;ours6;45806;0.027408;0;0
C03;Acheter des fruits ou légumes de saison;Courses;OURS;Ours blanc;ours8;45808;6.932;0;0
D11;Acheter des produits en vrac. éviter les emballages individuels…;Déchets;OURS;Ours blanc;ours8;45808;0.38;0;0.67
D10;Ne pas acheter de bouteilles en plastique : boire à la gourde;Déchets;OURS;Ours blanc;ours8;45808;0.54243;0;0.21
D06;Prendre soin de ses affaires pour les faire durer plus longtemps (reboucher les feutres… ne pas casser. ne pas lancer…);Déchets;OURS;Ours blanc;ours8;45808;0.017374;0;0.183462
D03;Ne pas jeter de déchets dans la nature (chewing-gums. sacs. canettes. bouteilles…);Déchets;OURS;Ours blanc;ours8;45808;0.424875;0;4.486538
D01;Limiter l'utilisation du papier : Utiliser les feuilles des 2 côtés / faire du brouillon / Utiliser l'ardoise pour chercher / Prendre du papier recyclé…;Déchets;OURS;Ours blanc;ours8;45808;0.009641;0;0.8
E05;Préférer les ampoules à basse consommation;Electricité;OURS;Ours blanc;ours8;45808;0.072803;0;0
E02;Ouvrir les volets et ne pas allumer la lumière quand il fait jour dehors. ou éteindre lorsque la lumière extérieure le permet;Electricité;OURS;Ours blanc;ours8;45808;0.027408;0;0
E08;Eteindre le chauffage lorsqu’on aère une pièce;Electricité;OURS;Ours blanc;ours8;45808;0.000173;0;0
B03;Donner à manger aux oiseaux dans son jardin ou sur son balcon;Biodiversité;OURS;Ours blanc;ours8;45808;0;0;0
B01;Ne pas cueillir de plante dans la nature;Biodiversité;OURS;Ours blanc;ours8;45808;0;0;0
W04;Tirer la petite chasse d’eau quand on fait pipi;Eau;OURS;Ours blanc;ours8;45808;0.006501;16.5;0
W05;Prendre une douche plutôt qu’un bain;Eau;OURS;Ours blanc;ours8;45808;0.140658;357;0
C06;Faire ses repas, gouter, compotes sois même plutôt que d’acheter des plats préparés;Courses;OURS;Ours blanc;ours1;45810;1.260407;0;0.180058
W02;Utiliser une seule dose de savon;Courses;OURS;Ours blanc;ours1;45810;0.05;28;0
D09;Faire du compost avec les déchets végétaux ou donner les restes alimentaires aux poules…;Déchets;OURS;Ours blanc;ours1;45810;0.0623;0;1.75
D06;Prendre soin de ses affaires pour les faire durer plus longtemps (reboucher les feutres… ne pas casser. ne pas lancer…);Déchets;OURS;Ours blanc;ours1;45810;0.017374;0;0.183462
D03;Ne pas jeter de déchets dans la nature (chewing-gums. sacs. canettes. bouteilles…);Déchets;OURS;Ours blanc;ours1;45810;0.424875;0;4.486538
D01;Limiter l'utilisation du papier : Utiliser les feuilles des 2 côtés / faire du brouillon / Utiliser l'ardoise pour chercher / Prendre du papier recyclé…;Déchets;OURS;Ours blanc;ours1;45810;0.009641;0;0.8
B03;Donner à manger aux oiseaux dans son jardin ou sur son balcon;Biodiversité;OURS;Ours blanc;ours1;45810;0;0;0
W04;Tirer la petite chasse d’eau quand on fait pipi;Eau;OURS;Ours blanc;ours1;45810;0.006501;16.5;0
W02;Couper l’eau quand on se brosse les dents : mettre de l’eau dans un verre pour se rincer;Eau;OURS;Ours blanc;ours1;45810;0.05;28;0
W01;Prendre des douches rapides;Eau;OURS;Ours blanc;ours1;45810;0.25;224;0
T04;Faire du covoiturage;Transport;OURS;Ours blanc;ours1;45810;0.506;0;0
E05;Préférer les ampoules à basse consommation;Electricité;OURS;Ours blanc;ours1;45810;0.072803;0;0
E02;Ouvrir les volets et ne pas allumer la lumière quand il fait jour dehors. ou éteindre lorsque la lumière extérieure le permet;Electricité;OURS;Ours blanc;ours1;45810;0.027408;0;0
E10;Faire sécher son linge à l'air libre au lieu d'utiliser le sèche linge chaque fois qu'on peut;Electricité;OURS;Ours blanc;ours1;45810;0.413462;0;0
E01;Eteindre la lumière quand on quitte une pièce. quand on n’en a pas besoin;Electricité;OURS;Ours blanc;ours1;45810;0.027408;0;0
D15;Economiser les mouchoirs en papier. l'essuie-tout et le papier toilette;Déchets;OURS;Ours blanc;ours2;45805;0.009591;0;0.8
D09;Faire du compost avec les déchets végétaux ou donner les restes alimentaires aux poules…;Déchets;OURS;Ours blanc;ours2;45805;0.0623;0;1.75
D07;Vendre ou donner les vêtements. les objets. les jouets dont on ne veut plus (trop petits…);Déchets;OURS;Ours blanc;ours2;45805;0.017374;2500;0
D04;Ramasser les papiers et les déchets par terre pour les mettre à la poubelle;Déchets;OURS;Ours blanc;ours2;45805;0.00947;0;0.1
D02;Tout manger ce qu’il y a dans nos assiettes (cantine/maison);Déchets;OURS;Ours blanc;ours2;45805;2.453511;0;1.390385
D01;Limiter l'utilisation du papier : Utiliser les feuilles des 2 côtés / faire du brouillon / Utiliser l'ardoise pour chercher / Prendre du papier recyclé…;Déchets;OURS;Ours blanc;ours2;45805;0.009641;0;0.8
C05;Faire soi-même ses produits d’entretien pour éviter les emballages;Courses;OURS;Ours blanc;ours2;45805;0.006;0;0.03
W02;Utiliser une seule dose de savon;Courses;OURS;Ours blanc;ours2;45805;0.05;28;0
B03;Donner à manger aux oiseaux dans son jardin ou sur son balcon;Biodiversité;OURS;Ours blanc;ours2;45805;0;0;0
B01;Ne pas cueillir de plante dans la nature;Biodiversité;OURS;Ours blanc;ours2;45805;0;0;0
T06;Couper le moteur de la voiture quand elle ne roule pas;Transport;OURS;Ours blanc;ours2;45805;1.518;0;0
E05;Préférer les ampoules à basse consommation;Electricité;OURS;Ours blanc;ours2;45805;0.072803;0;0
E02;Ouvrir les volets et ne pas allumer la lumière quand il fait jour dehors. ou éteindre lorsque la lumière extérieure le permet;Electricité;OURS;Ours blanc;ours2;45805;0.027408;0;0
E08;Eteindre le chauffage lorsqu’on aère une pièce;Electricité;OURS;Ours blanc;ours2;45805;0.000173;0;0
E11;Couvrir les casseroles lorsqu’on fait bouillir de l’eau ou pour cuire…;Electricité;OURS;Ours blanc;ours2;45805;0.00293;0;0
W04;Tirer la petite chasse d’eau quand on fait pipi;Eau;OURS;Ours blanc;ours2;45805;0.006501;16.5;0
W02;Couper l’eau quand on se brosse les dents : mettre de l’eau dans un verre pour se rincer;Eau;OURS;Ours blanc;ours2;45805;0.05;28;0
W01;Prendre des douches rapides;Eau;OURS;Ours blanc;ours2;45805;0.25;224;0
C03;Acheter des fruits ou légumes de saison;Courses;OURS;Ours blanc;ours6;45806;6.932;0;0
D11;Acheter des produits en vrac. éviter les emballages individuels…;Déchets;OURS;Ours blanc;ours6;45806;0.38;0;0.67
D10;Ne pas acheter de bouteilles en plastique : boire à la gourde;Déchets;OURS;Ours blanc;ours6;45806;0.54243;0;0.21
D07;Vendre ou donner les vêtements. les objets. les jouets dont on ne veut plus (trop petits…);Déchets;OURS;Ours blanc;ours6;45806;0.017374;2500;0
D04;Ramasser les papiers et les déchets par terre pour les mettre à la poubelle;Déchets;OURS;Ours blanc;ours6;45806;0.00947;0;0.1
D02;Tout manger ce qu’il y a dans nos assiettes (cantine/maison);Déchets;OURS;Ours blanc;ours6;45806;2.453511;0;1.390385
B02;Ne pas tuer les araignées. les insectes (les mettre dehors…);Biodiversité;OURS;Ours blanc;ours6;45806;0;0;0
W07;Vider le reste de sa gourde dans les plantes;Eau;OURS;Ours blanc;ours6;45806;0;0.000013;0
W03;Ne pas faire couler l’eau trop longtemps quand on se lave les mains;Eau;OURS;Ours blanc;ours6;45806;0.004964;12.6;0
W05;Prendre une douche plutôt qu’un bain;Eau;OURS;Ours blanc;ours6;45806;0.140658;357;0
T03;Préférer la marche ou le vélo plutôt que la voiture;Transport;OURS;Ours blanc;ours6;45806;0.506;0;0
E05;Préférer les ampoules à basse consommation;Electricité;OURS;Ours blanc;ours6;45806;0.072803;0;0
E02;Ouvrir les volets et ne pas allumer la lumière quand il fait jour dehors. ou éteindre lorsque la lumière extérieure le permet;Electricité;OURS;Ours blanc;ours6;45806;0.027408;0;0
E08;Eteindre le chauffage lorsqu’on aère une pièce;Electricité;OURS;Ours blanc;ours6;45806;0.000173;0;0
W02;Utiliser une seule dose de savon;Courses;OURS;Ours blanc;ours8;45808;0.05;28;0
D15;Economiser les mouchoirs en papier. l'essuie-tout et le papier toilette;Déchets;OURS;Ours blanc;ours8;45808;0.009591;0;0.8
D08;Utiliser les bacs de tri;Déchets;OURS;Ours blanc;ours8;45808;0.866962;0;0
D04;Ramasser les papiers et les déchets par terre pour les mettre à la poubelle;Déchets;OURS;Ours blanc;ours8;45808;0.00947;0;0.1
D02;Tout manger ce qu’il y a dans nos assiettes (cantine/maison);Déchets;OURS;Ours blanc;ours8;45808;2.453511;0;1.390385
T06;Couper le moteur de la voiture quand elle ne roule pas;Transport;OURS;Ours blanc;ours8;45808;1.518;0;0
E04;Eteindre les écrans (ordinateur. télévision. …) pour diminuer la consommation d’électricité;Electricité;OURS;Ours blanc;ours8;45808;0.15988;0;1
E10;Faire sécher son linge à l'air libre au lieu d'utiliser le sèche linge chaque fois qu'on peut;Electricité;OURS;Ours blanc;ours8;45808;0.413462;0;0
E01;Eteindre la lumière quand on quitte une pièce. quand on n’en a pas besoin;Electricité;OURS;Ours blanc;ours8;45808;0.027408;0;0
B02;Ne pas tuer les araignées. les insectes (les mettre dehors…);Biodiversité;OURS;Ours blanc;ours8;45808;0;0;0
W07;Vider le reste de sa gourde dans les plantes;Eau;OURS;Ours blanc;ours8;45808;0;0.000013;0
W02;Couper l’eau quand on se brosse les dents : mettre de l’eau dans un verre pour se rincer;Eau;OURS;Ours blanc;ours8;45808;0.05;28;0
W01;Prendre des douches rapides;Eau;OURS;Ours blanc;ours8;45808;0.25;224;0
C03;Acheter des fruits ou légumes de saison;Courses;OURS;Ours blanc;ours1;45810;6.932;0;0
D10;Ne pas acheter de bouteilles en plastique : boire à la gourde;Déchets;OURS;Ours blanc;ours1;45810;0.54243;0;0.21
D08;Utiliser les bacs de tri;Déchets;OURS;Ours blanc;ours1;45810;0.866962;0;0
D04;Ramasser les papiers et les déchets par terre pour les mettre à la poubelle;Déchets;OURS;Ours blanc;ours1;45810;0.00947;0;0.1
D02;Tout manger ce qu’il y a dans nos assiettes (cantine/maison);Déchets;OURS;Ours blanc;ours1;45810;2.453511;0;1.390385
B04;Faire un jardin potager;Biodiversité;OURS;Ours blanc;ours1;45810;4.48;0;0
B01;Ne pas cueillir de plante dans la nature;Biodiversité;OURS;Ours blanc;ours1;45810;0;0;0
W03;Ne pas faire couler l’eau trop longtemps quand on se lave les mains;Eau;OURS;Ours blanc;ours1;45810;0.004964;12.6;0
W05;Prendre une douche plutôt qu’un bain;Eau;OURS;Ours blanc;ours1;45810;0.140658;357;0
T03;Préférer la marche ou le vélo plutôt que la voiture;Transport;OURS;Ours blanc;ours1;45810;0.506;0;0
E06;Préférer les piles rechargeables;Electricité;OURS;Ours blanc;ours1;45810;0.097538;0;0
E04;Eteindre les écrans (ordinateur. télévision. …) pour diminuer la consommation d’électricité;Electricité;OURS;Ours blanc;ours1;45810;0.15988;0;1
E11;Couvrir les casseroles lorsqu’on fait bouillir de l’eau ou pour cuire…;Electricité;OURS;Ours blanc;ours1;45810;0.00293;0;0
E08;Eteindre le chauffage lorsqu’on aère une pièce;Electricité;OURS;Ours blanc;ours1;45810;0.000173;0;0
C06;Faire ses repas, gouter, compotes sois même plutôt que d’acheter des plats préparés;Courses;OURS;Ours blanc;ours11;45811;1.260407;0;0.180058
C03;Acheter des fruits ou légumes de saison;Courses;OURS;Ours blanc;ours11;45811;6.932;0;0
W02;Utiliser une seule dose de savon;Courses;OURS;Ours blanc;ours11;45811;0.05;28;0
D15;Economiser les mouchoirs en papier. l'essuie-tout et le papier toilette;Déchets;OURS;Ours blanc;ours11;45811;0.009591;0;0.8
D10;Ne pas acheter de bouteilles en plastique : boire à la gourde;Déchets;OURS;Ours blanc;ours11;45811;0.54243;0;0.21
D09;Faire du compost avec les déchets végétaux ou donner les restes alimentaires aux poules…;Déchets;OURS;Ours blanc;ours11;45811;0.0623;0;1.75
D08;Utiliser les bacs de tri;Déchets;OURS;Ours blanc;ours11;45811;0.866962;0;0
B03;Donner à manger aux oiseaux dans son jardin ou sur son balcon;Biodiversité;OURS;Ours blanc;ours11;45811;0;0;0
B01;Ne pas cueillir de plante dans la nature;Biodiversité;OURS;Ours blanc;ours11;45811;0;0;0
W04;Tirer la petite chasse d’eau quand on fait pipi;Eau;OURS;Ours blanc;ours11;45811;0.006501;16.5;0
W01;Prendre des douches rapides;Eau;OURS;Ours blanc;ours11;45811;0.25;224;0
T03;Préférer la marche ou le vélo plutôt que la voiture;Transport;OURS;Ours blanc;ours11;45811;0.506;0;0
E06;Préférer les piles rechargeables;Electricité;OURS;Ours blanc;ours11;45811;0.097538;0;0
E04;Eteindre les écrans (ordinateur. télévision. …) pour diminuer la consommation d’électricité;Electricité;OURS;Ours blanc;ours11;45811;0.15988;0;1
E11;Couvrir les casseroles lorsqu’on fait bouillir de l’eau ou pour cuire…;Electricité;OURS;Ours blanc;ours11;45811;0.00293;0;0
E08;Eteindre le chauffage lorsqu’on aère une pièce;Electricité;OURS;Ours blanc;ours11;45811;0.000173;0;0
C06;Faire ses repas, gouter, compotes sois même plutôt que d’acheter des plats préparés;Courses;OURS;Ours blanc;ours13;45812;1.260407;0;0.180058
C03;Acheter des fruits ou légumes de saison;Courses;OURS;Ours blanc;ours13;45812;6.932;0;0
D11;Acheter des produits en vrac. éviter les emballages individuels…;Déchets;OURS;Ours blanc;ours13;45812;0.38;0;0.67
D10;Ne pas acheter de bouteilles en plastique : boire à la gourde;Déchets;OURS;Ours blanc;ours13;45812;0.54243;0;0.21
D08;Utiliser les bacs de tri;Déchets;OURS;Ours blanc;ours13;45812;0.866962;0;0
D06;Prendre soin de ses affaires pour les faire durer plus longtemps (reboucher les feutres… ne pas casser. ne pas lancer…);Déchets;OURS;Ours blanc;ours13;45812;0.017374;0;0.183462
D03;Ne pas jeter de déchets dans la nature (chewing-gums. sacs. canettes. bouteilles…);Déchets;OURS;Ours blanc;ours13;45812;0.424875;0;4.486538
D01;Limiter l'utilisation du papier : Utiliser les feuilles des 2 côtés / faire du brouillon / Utiliser l'ardoise pour chercher / Prendre du papier recyclé…;Déchets;OURS;Ours blanc;ours13;45812;0.009641;0;0.8
B03;Donner à manger aux oiseaux dans son jardin ou sur son balcon;Biodiversité;OURS;Ours blanc;ours13;45812;0;0;0
B01;Ne pas cueillir de plante dans la nature;Biodiversité;OURS;Ours blanc;ours13;45812;0;0;0
C03;Acheter des fruits ou légumes de saison;Courses;OURS;Ours blanc;ours6;45818;6.932;0;0
D11;Acheter des produits en vrac. éviter les emballages individuels…;Déchets;OURS;Ours blanc;ours6;45818;0.38;0;0.67
D10;Ne pas acheter de bouteilles en plastique : boire à la gourde;Déchets;OURS;Ours blanc;ours6;45818;0.54243;0;0.21
D07;Vendre ou donner les vêtements. les objets. les jouets dont on ne veut plus (trop petits…);Déchets;OURS;Ours blanc;ours6;45818;0.017374;2500;0
D04;Ramasser les papiers et les déchets par terre pour les mettre à la poubelle;Déchets;OURS;Ours blanc;ours6;45818;0.00947;0;0.1
D02;Tout manger ce qu’il y a dans nos assiettes (cantine/maison);Déchets;OURS;Ours blanc;ours6;45818;2.453511;0;1.390385
B02;Ne pas tuer les araignées. les insectes (les mettre dehors…);Biodiversité;OURS;Ours blanc;ours6;45818;0;0;0
W04;Tirer la petite chasse d’eau quand on fait pipi;Eau;OURS;Ours blanc;ours6;45818;0.006501;16.5;0
W03;Ne pas faire couler l’eau trop longtemps quand on se lave les mains;Eau;OURS;Ours blanc;ours6;45818;0.004964;12.6;0
W05;Prendre une douche plutôt qu’un bain;Eau;OURS;Ours blanc;ours6;45818;0.140658;357;0
T03;Préférer la marche ou le vélo plutôt que la voiture;Transport;OURS;Ours blanc;ours6;45818;0.506;0;0
E05;Préférer les ampoules à basse consommation;Electricité;OURS;Ours blanc;ours6;45818;0.072803;0;0
E02;Ouvrir les volets et ne pas allumer la lumière quand il fait jour dehors. ou éteindre lorsque la lumière extérieure le permet;Electricité;OURS;Ours blanc;ours6;45818;0.027408;0;0
E01;Eteindre la lumière quand on quitte une pièce. quand on n’en a pas besoin;Electricité;OURS;Ours blanc;ours6;45818;0.027408;0;0
B02;Ne pas tuer les araignées. les insectes (les mettre dehors…);Biodiversité;OURS;Ours blanc;ours11;45811;0;0;0
W07;Vider le reste de sa gourde dans les plantes;Eau;OURS;Ours blanc;ours11;45811;0;0.000013;0
W05;Prendre une douche plutôt qu’un bain;Eau;OURS;Ours blanc;ours11;45811;0.140658;357;0
W02;Couper l’eau quand on se brosse les dents : mettre de l’eau dans un verre pour se rincer;Eau;OURS;Ours blanc;ours11;45811;0.05;28;0
T06;Couper le moteur de la voiture quand elle ne roule pas;Transport;OURS;Ours blanc;ours11;45811;1.518;0;0
E05;Préférer les ampoules à basse consommation;Electricité;OURS;Ours blanc;ours11;45811;0.072803;0;0
E02;Ouvrir les volets et ne pas allumer la lumière quand il fait jour dehors. ou éteindre lorsque la lumière extérieure le permet;Electricité;OURS;Ours blanc;ours11;45811;0.027408;0;0
E10;Faire sécher son linge à l'air libre au lieu d'utiliser le sèche linge chaque fois qu'on peut;Electricité;OURS;Ours blanc;ours11;45811;0.413462;0;0
E01;Eteindre la lumière quand on quitte une pièce. quand on n’en a pas besoin;Electricité;OURS;Ours blanc;ours11;45811;0.027408;0;0
C05;Faire soi-même ses produits d’entretien pour éviter les emballages;Courses;OURS;Ours blanc;ours13;45812;0.006;0;0.03
W02;Utiliser une seule dose de savon;Courses;OURS;Ours blanc;ours13;45812;0.05;28;0
D15;Economiser les mouchoirs en papier. l'essuie-tout et le papier toilette;Déchets;OURS;Ours blanc;ours13;45812;0.009591;0;0.8
D09;Faire du compost avec les déchets végétaux ou donner les restes alimentaires aux poules…;Déchets;OURS;Ours blanc;ours13;45812;0.0623;0;1.75
D07;Vendre ou donner les vêtements. les objets. les jouets dont on ne veut plus (trop petits…);Déchets;OURS;Ours blanc;ours13;45812;0.017374;2500;0
D04;Ramasser les papiers et les déchets par terre pour les mettre à la poubelle;Déchets;OURS;Ours blanc;ours13;45812;0.00947;0;0.1
D02;Tout manger ce qu’il y a dans nos assiettes (cantine/maison);Déchets;OURS;Ours blanc;ours13;45812;2.453511;0;1.390385
B04;Faire un jardin potager;Biodiversité;OURS;Ours blanc;ours13;45812;4.48;0;0
B02;Ne pas tuer les araignées. les insectes (les mettre dehors…);Biodiversité;OURS;Ours blanc;ours13;45812;0;0;0
C06;Faire ses repas, gouter, compotes sois même plutôt que d’acheter des plats préparés;Courses;OURS;Ours blanc;ours6;45818;1.260407;0;0.180058
W02;Utiliser une seule dose de savon;Courses;OURS;Ours blanc;ours6;45818;0.05;28;0
D15;Economiser les mouchoirs en papier. l'essuie-tout et le papier toilette;Déchets;OURS;Ours blanc;ours6;45818;0.009591;0;0.8
D08;Utiliser les bacs de tri;Déchets;OURS;Ours blanc;ours6;45818;0.866962;0;0
D06;Prendre soin de ses affaires pour les faire durer plus longtemps (reboucher les feutres… ne pas casser. ne pas lancer…);Déchets;OURS;Ours blanc;ours6;45818;0.017374;0;0.183462
D03;Ne pas jeter de déchets dans la nature (chewing-gums. sacs. canettes. bouteilles…);Déchets;OURS;Ours blanc;ours6;45818;0.424875;0;4.486538
D01;Limiter l'utilisation du papier : Utiliser les feuilles des 2 côtés / faire du brouillon / Utiliser l'ardoise pour chercher / Prendre du papier recyclé…;Déchets;OURS;Ours blanc;ours6;45818;0.009641;0;0.8
B01;Ne pas cueillir de plante dans la nature;Biodiversité;OURS;Ours blanc;ours6;45818;0;0;0
W07;Vider le reste de sa gourde dans les plantes;Eau;OURS;Ours blanc;ours6;45818;0;0.000013;0
W02;Couper l’eau quand on se brosse les dents : mettre de l’eau dans un verre pour se rincer;Eau;OURS;Ours blanc;ours6;45818;0.05;28;0
W01;Prendre des douches rapides;Eau;OURS;Ours blanc;ours6;45818;0.25;224;0
T06;Couper le moteur de la voiture quand elle ne roule pas;Transport;OURS;Ours blanc;ours6;45818;1.518;0;0
E04;Eteindre les écrans (ordinateur. télévision. …) pour diminuer la consommation d’électricité;Electricité;OURS;Ours blanc;ours6;45818;0.15988;0;1
E08;Eteindre le chauffage lorsqu’on aère une pièce;Electricité;OURS;Ours blanc;ours6;45818;0.000173;0;0
C05;Faire soi-même ses produits d’entretien pour éviter les emballages;Courses;OURS;Ours blanc;ours13;45823;0.006;0;0.03
W02;Utiliser une seule dose de savon;Courses;OURS;Ours blanc;ours13;45823;0.05;28;0
D15;Economiser les mouchoirs en papier. l'essuie-tout et le papier toilette;Déchets;OURS;Ours blanc;ours13;45823;0.009591;0;0.8
D09;Faire du compost avec les déchets végétaux ou donner les restes alimentaires aux poules…;Déchets;OURS;Ours blanc;ours13;45823;0.0623;0;1.75
D07;Vendre ou donner les vêtements. les objets. les jouets dont on ne veut plus (trop petits…);Déchets;OURS;Ours blanc;ours13;45823;0.017374;2500;0
D04;Ramasser les papiers et les déchets par terre pour les mettre à la poubelle;Déchets;OURS;Ours blanc;ours13;45823;0.00947;0;0.1
D02;Tout manger ce qu’il y a dans nos assiettes (cantine/maison);Déchets;OURS;Ours blanc;ours13;45823;2.453511;0;1.390385
W07;Vider le reste de sa gourde dans les plantes;Eau;OURS;Ours blanc;ours13;45823;0;0.000013;0
W03;Ne pas faire couler l’eau trop longtemps quand on se lave les mains;Eau;OURS;Ours blanc;ours13;45823;0.004964;12.6;0
W05;Prendre une douche plutôt qu’un bain;Eau;OURS;Ours blanc;ours13;45823;0.140658;357;0
E06;Préférer les piles rechargeables;Electricité;OURS;Ours blanc;ours13;45823;0.097538;0;0
E04;Eteindre les écrans (ordinateur. télévision. …) pour diminuer la consommation d’électricité;Electricité;OURS;Ours blanc;ours13;45823;0.15988;0;1
E11;Couvrir les casseroles lorsqu’on fait bouillir de l’eau ou pour cuire…;Electricité;OURS;Ours blanc;ours13;45823;0.00293;0;0
E08;Eteindre le chauffage lorsqu’on aère une pièce;Electricité;OURS;Ours blanc;ours13;45823;0.000173;0;0
B04;Faire un jardin potager;Biodiversité;OURS;Ours blanc;ours13;45823;4.48;0;0
B01;Ne pas cueillir de plante dans la nature;Biodiversité;OURS;Ours blanc;ours13;45823;0;0;0
T06;Couper le moteur de la voiture quand elle ne roule pas;Transport;OURS;Ours blanc;ours13;45823;1.518;0;0
B03;Donner à manger aux oiseaux dans son jardin ou sur son balcon;Biodiversité;OURS;Ours blanc;ours13;45823;0;0;0
C03;Acheter des fruits ou légumes de saison;Courses;OURS;Ours blanc;ours11;45824;6.932;0;0
W02;Utiliser une seule dose de savon;Courses;OURS;Ours blanc;ours11;45824;0.05;28;0
D11;Acheter des produits en vrac. éviter les emballages individuels…;Déchets;OURS;Ours blanc;ours11;45824;0.38;0;0.67
D10;Ne pas acheter de bouteilles en plastique : boire à la gourde;Déchets;OURS;Ours blanc;ours11;45824;0.54243;0;0.21
D09;Faire du compost avec les déchets végétaux ou donner les restes alimentaires aux poules…;Déchets;OURS;Ours blanc;ours11;45824;0.0623;0;1.75
D07;Vendre ou donner les vêtements. les objets. les jouets dont on ne veut plus (trop petits…);Déchets;OURS;Ours blanc;ours11;45824;0.017374;2500;0
D04;Ramasser les papiers et les déchets par terre pour les mettre à la poubelle;Déchets;OURS;Ours blanc;ours11;45824;0.00947;0;0.1
D02;Tout manger ce qu’il y a dans nos assiettes (cantine/maison);Déchets;OURS;Ours blanc;ours11;45824;2.453511;0;1.390385
B02;Ne pas tuer les araignées. les insectes (les mettre dehors…);Biodiversité;OURS;Ours blanc;ours11;45824;0;0;0
B01;Ne pas cueillir de plante dans la nature;Biodiversité;OURS;Ours blanc;ours11;45824;0;0;0
W04;Tirer la petite chasse d’eau quand on fait pipi;Eau;OURS;Ours blanc;ours11;45824;0.006501;16.5;0
W02;Couper l’eau quand on se brosse les dents : mettre de l’eau dans un verre pour se rincer;Eau;OURS;Ours blanc;ours11;45824;0.05;28;0
W01;Prendre des douches rapides;Eau;OURS;Ours blanc;ours11;45824;0.25;224;0
T03;Préférer la marche ou le vélo plutôt que la voiture;Transport;OURS;Ours blanc;ours11;45824;0.506;0;0
E06;Préférer les piles rechargeables;Electricité;OURS;Ours blanc;ours11;45824;0.097538;0;0
E04;Eteindre les écrans (ordinateur. télévision. …) pour diminuer la consommation d’électricité;Electricité;OURS;Ours blanc;ours11;45824;0.15988;0;1
E11;Couvrir les casseroles lorsqu’on fait bouillir de l’eau ou pour cuire…;Electricité;OURS;Ours blanc;ours11;45824;0.00293;0;0
E08;Eteindre le chauffage lorsqu’on aère une pièce;Electricité;OURS;Ours blanc;ours11;45824;0.000173;0;0
C03;Acheter des fruits ou légumes de saison;Courses;OURS;Ours blanc;ours1;45825;6.932;0;0
D10;Ne pas acheter de bouteilles en plastique : boire à la gourde;Déchets;OURS;Ours blanc;ours1;45825;0.54243;0;0.21
D08;Utiliser les bacs de tri;Déchets;OURS;Ours blanc;ours1;45825;0.866962;0;0
D04;Ramasser les papiers et les déchets par terre pour les mettre à la poubelle;Déchets;OURS;Ours blanc;ours1;45825;0.00947;0;0.1
D11;Acheter des produits en vrac. éviter les emballages individuels…;Déchets;OURS;Ours blanc;ours2;45819;0.38;0;0.67
D10;Ne pas acheter de bouteilles en plastique : boire à la gourde;Déchets;OURS;Ours blanc;ours2;45819;0.54243;0;0.21
D08;Utiliser les bacs de tri;Déchets;OURS;Ours blanc;ours2;45819;0.866962;0;0
D06;Prendre soin de ses affaires pour les faire durer plus longtemps (reboucher les feutres… ne pas casser. ne pas lancer…);Déchets;OURS;Ours blanc;ours2;45819;0.017374;0;0.183462
D03;Ne pas jeter de déchets dans la nature (chewing-gums. sacs. canettes. bouteilles…);Déchets;OURS;Ours blanc;ours2;45819;0.424875;0;4.486538
D01;Limiter l'utilisation du papier : Utiliser les feuilles des 2 côtés / faire du brouillon / Utiliser l'ardoise pour chercher / Prendre du papier recyclé…;Déchets;OURS;Ours blanc;ours2;45819;0.009641;0;0.8
C05;Faire soi-même ses produits d’entretien pour éviter les emballages;Courses;OURS;Ours blanc;ours2;45819;0.006;0;0.03
W02;Utiliser une seule dose de savon;Courses;OURS;Ours blanc;ours2;45819;0.05;28;0
B03;Donner à manger aux oiseaux dans son jardin ou sur son balcon;Biodiversité;OURS;Ours blanc;ours2;45819;0;0;0
B01;Ne pas cueillir de plante dans la nature;Biodiversité;OURS;Ours blanc;ours2;45819;0;0;0
T06;Couper le moteur de la voiture quand elle ne roule pas;Transport;OURS;Ours blanc;ours2;45819;1.518;0;0
E06;Préférer les piles rechargeables;Electricité;OURS;Ours blanc;ours2;45819;0.097538;0;0
E04;Eteindre les écrans (ordinateur. télévision. …) pour diminuer la consommation d’électricité;Electricité;OURS;Ours blanc;ours2;45819;0.15988;0;1
E11;Couvrir les casseroles lorsqu’on fait bouillir de l’eau ou pour cuire…;Electricité;OURS;Ours blanc;ours2;45819;0.00293;0;0
E08;Eteindre le chauffage lorsqu’on aère une pièce;Electricité;OURS;Ours blanc;ours2;45819;0.000173;0;0
W07;Vider le reste de sa gourde dans les plantes;Eau;OURS;Ours blanc;ours2;45819;0;0.000013;0
W02;Couper l’eau quand on se brosse les dents : mettre de l’eau dans un verre pour se rincer;Eau;OURS;Ours blanc;ours2;45819;0.05;28;0
C06;Faire ses repas, gouter, compotes sois même plutôt que d’acheter des plats préparés;Courses;OURS;Ours blanc;ours8;45819;1.260407;0;0.180058
W02;Utiliser une seule dose de savon;Courses;OURS;Ours blanc;ours8;45819;0.05;28;0
D10;Ne pas acheter de bouteilles en plastique : boire à la gourde;Déchets;OURS;Ours blanc;ours8;45819;0.54243;0;0.21
D07;Vendre ou donner les vêtements. les objets. les jouets dont on ne veut plus (trop petits…);Déchets;OURS;Ours blanc;ours8;45819;0.017374;2500;0
D04;Ramasser les papiers et les déchets par terre pour les mettre à la poubelle;Déchets;OURS;Ours blanc;ours8;45819;0.00947;0;0.1
D02;Tout manger ce qu’il y a dans nos assiettes (cantine/maison);Déchets;OURS;Ours blanc;ours8;45819;2.453511;0;1.390385
B02;Ne pas tuer les araignées. les insectes (les mettre dehors…);Biodiversité;OURS;Ours blanc;ours8;45819;0;0;0
W07;Vider le reste de sa gourde dans les plantes;Eau;OURS;Ours blanc;ours8;45819;0;0.000013;0
W02;Couper l’eau quand on se brosse les dents : mettre de l’eau dans un verre pour se rincer;Eau;OURS;Ours blanc;ours8;45819;0.05;28;0
W01;Prendre des douches rapides;Eau;OURS;Ours blanc;ours8;45819;0.25;224;0
E05;Préférer les ampoules à basse consommation;Electricité;OURS;Ours blanc;ours8;45819;0.072803;0;0
E02;Ouvrir les volets et ne pas allumer la lumière quand il fait jour dehors. ou éteindre lorsque la lumière extérieure le permet;Electricité;OURS;Ours blanc;ours8;45819;0.027408;0;0
E08;Eteindre le chauffage lorsqu’on aère une pièce;Electricité;OURS;Ours blanc;ours8;45819;0.000173;0;0
C03;Acheter des fruits ou légumes de saison;Courses;OURS;Ours blanc;ours13;45823;6.932;0;0
D11;Acheter des produits en vrac. éviter les emballages individuels…;Déchets;OURS;Ours blanc;ours13;45823;0.38;0;0.67
D10;Ne pas acheter de bouteilles en plastique : boire à la gourde;Déchets;OURS;Ours blanc;ours13;45823;0.54243;0;0.21
D08;Utiliser les bacs de tri;Déchets;OURS;Ours blanc;ours13;45823;0.866962;0;0
D06;Prendre soin de ses affaires pour les faire durer plus longtemps (reboucher les feutres… ne pas casser. ne pas lancer…);Déchets;OURS;Ours blanc;ours13;45823;0.017374;0;0.183462
C06;Faire ses repas, gouter, compotes sois même plutôt que d’acheter des plats préparés;Courses;OURS;Ours blanc;ours6;45820;1.260407;0;0.180058
W02;Utiliser une seule dose de savon;Courses;OURS;Ours blanc;ours6;45820;0.05;28;0
D15;Economiser les mouchoirs en papier. l'essuie-tout et le papier toilette;Déchets;OURS;Ours blanc;ours6;45820;0.009591;0;0.8
D08;Utiliser les bacs de tri;Déchets;OURS;Ours blanc;ours6;45820;0.866962;0;0
D06;Prendre soin de ses affaires pour les faire durer plus longtemps (reboucher les feutres… ne pas casser. ne pas lancer…);Déchets;OURS;Ours blanc;ours6;45820;0.017374;0;0.183462
D03;Ne pas jeter de déchets dans la nature (chewing-gums. sacs. canettes. bouteilles…);Déchets;OURS;Ours blanc;ours6;45820;0.424875;0;4.486538
D01;Limiter l'utilisation du papier : Utiliser les feuilles des 2 côtés / faire du brouillon / Utiliser l'ardoise pour chercher / Prendre du papier recyclé…;Déchets;OURS;Ours blanc;ours6;45820;0.009641;0;0.8
B01;Ne pas cueillir de plante dans la nature;Biodiversité;OURS;Ours blanc;ours6;45820;0;0;0
W04;Tirer la petite chasse d’eau quand on fait pipi;Eau;OURS;Ours blanc;ours6;45820;0.006501;16.5;0
W02;Couper l’eau quand on se brosse les dents : mettre de l’eau dans un verre pour se rincer;Eau;OURS;Ours blanc;ours6;45820;0.05;28;0
W01;Prendre des douches rapides;Eau;OURS;Ours blanc;ours6;45820;0.25;224;0
T06;Couper le moteur de la voiture quand elle ne roule pas;Transport;OURS;Ours blanc;ours6;45820;1.518;0;0
E04;Eteindre les écrans (ordinateur. télévision. …) pour diminuer la consommation d’électricité;Electricité;OURS;Ours blanc;ours6;45820;0.15988;0;1
E08;Eteindre le chauffage lorsqu’on aère une pièce;Electricité;OURS;Ours blanc;ours6;45820;0.000173;0;0
D15;Economiser les mouchoirs en papier. l'essuie-tout et le papier toilette;Déchets;OURS;Ours blanc;ours2;45819;0.009591;0;0.8
D09;Faire du compost avec les déchets végétaux ou donner les restes alimentaires aux poules…;Déchets;OURS;Ours blanc;ours2;45819;0.0623;0;1.75
D07;Vendre ou donner les vêtements. les objets. les jouets dont on ne veut plus (trop petits…);Déchets;OURS;Ours blanc;ours2;45819;0.017374;2500;0
D04;Ramasser les papiers et les déchets par terre pour les mettre à la poubelle;Déchets;OURS;Ours blanc;ours2;45819;0.00947;0;0.1
D02;Tout manger ce qu’il y a dans nos assiettes (cantine/maison);Déchets;OURS;Ours blanc;ours2;45819;2.453511;0;1.390385
C06;Faire ses repas, gouter, compotes sois même plutôt que d’acheter des plats préparés;Courses;OURS;Ours blanc;ours2;45819;1.260407;0;0.180058
C03;Acheter des fruits ou légumes de saison;Courses;OURS;Ours blanc;ours2;45819;6.932;0;0
B04;Faire un jardin potager;Biodiversité;OURS;Ours blanc;ours2;45819;4.48;0;0
B02;Ne pas tuer les araignées. les insectes (les mettre dehors…);Biodiversité;OURS;Ours blanc;ours2;45819;0;0;0
T03;Préférer la marche ou le vélo plutôt que la voiture;Transport;OURS;Ours blanc;ours2;45819;0.506;0;0
T04;Faire du covoiturage;Transport;OURS;Ours blanc;ours2;45819;0.506;0;0
E05;Préférer les ampoules à basse consommation;Electricité;OURS;Ours blanc;ours2;45819;0.072803;0;0
E02;Ouvrir les volets et ne pas allumer la lumière quand il fait jour dehors. ou éteindre lorsque la lumière extérieure le permet;Electricité;OURS;Ours blanc;ours2;45819;0.027408;0;0
E10;Faire sécher son linge à l'air libre au lieu d'utiliser le sèche linge chaque fois qu'on peut;Electricité;OURS;Ours blanc;ours2;45819;0.413462;0;0
E01;Eteindre la lumière quand on quitte une pièce. quand on n’en a pas besoin;Electricité;OURS;Ours blanc;ours2;45819;0.027408;0;0
W04;Tirer la petite chasse d’eau quand on fait pipi;Eau;OURS;Ours blanc;ours2;45819;0.006501;16.5;0
W03;Ne pas faire couler l’eau trop longtemps quand on se lave les mains;Eau;OURS;Ours blanc;ours2;45819;0.004964;12.6;0
W01;Prendre des douches rapides;Eau;OURS;Ours blanc;ours2;45819;0.25;224;0
W05;Prendre une douche plutôt qu’un bain;Eau;OURS;Ours blanc;ours2;45819;0.140658;357;0
C03;Acheter des fruits ou légumes de saison;Courses;OURS;Ours blanc;ours8;45819;6.932;0;0
D15;Economiser les mouchoirs en papier. l'essuie-tout et le papier toilette;Déchets;OURS;Ours blanc;ours8;45819;0.009591;0;0.8
D08;Utiliser les bacs de tri;Déchets;OURS;Ours blanc;ours8;45819;0.866962;0;0
D06;Prendre soin de ses affaires pour les faire durer plus longtemps (reboucher les feutres… ne pas casser. ne pas lancer…);Déchets;OURS;Ours blanc;ours8;45819;0.017374;0;0.183462
D03;Ne pas jeter de déchets dans la nature (chewing-gums. sacs. canettes. bouteilles…);Déchets;OURS;Ours blanc;ours8;45819;0.424875;0;4.486538
D01;Limiter l'utilisation du papier : Utiliser les feuilles des 2 côtés / faire du brouillon / Utiliser l'ardoise pour chercher / Prendre du papier recyclé…;Déchets;OURS;Ours blanc;ours8;45819;0.009641;0;0.8
B01;Ne pas cueillir de plante dans la nature;Biodiversité;OURS;Ours blanc;ours8;45819;0;0;0
W04;Tirer la petite chasse d’eau quand on fait pipi;Eau;OURS;Ours blanc;ours8;45819;0.006501;16.5;0
W05;Prendre une douche plutôt qu’un bain;Eau;OURS;Ours blanc;ours8;45819;0.140658;357;0
T03;Préférer la marche ou le vélo plutôt que la voiture;Transport;OURS;Ours blanc;ours8;45819;0.506;0;0
E04;Eteindre les écrans (ordinateur. télévision. …) pour diminuer la consommation d’électricité;Electricité;OURS;Ours blanc;ours8;45819;0.15988;0;1
E10;Faire sécher son linge à l'air libre au lieu d'utiliser le sèche linge chaque fois qu'on peut;Electricité;OURS;Ours blanc;ours8;45819;0.413462;0;0
E01;Eteindre la lumière quand on quitte une pièce. quand on n’en a pas besoin;Electricité;OURS;Ours blanc;ours8;45819;0.027408;0;0
C03;Acheter des fruits ou légumes de saison;Courses;OURS;Ours blanc;ours6;45820;6.932;0;0
D11;Acheter des produits en vrac. éviter les emballages individuels…;Déchets;OURS;Ours blanc;ours6;45820;0.38;0;0.67
D10;Ne pas acheter de bouteilles en plastique : boire à la gourde;Déchets;OURS;Ours blanc;ours6;45820;0.54243;0;0.21
D07;Vendre ou donner les vêtements. les objets. les jouets dont on ne veut plus (trop petits…);Déchets;OURS;Ours blanc;ours6;45820;0.017374;2500;0
D04;Ramasser les papiers et les déchets par terre pour les mettre à la poubelle;Déchets;OURS;Ours blanc;ours6;45820;0.00947;0;0.1
D02;Tout manger ce qu’il y a dans nos assiettes (cantine/maison);Déchets;OURS;Ours blanc;ours6;45820;2.453511;0;1.390385
B02;Ne pas tuer les araignées. les insectes (les mettre dehors…);Biodiversité;OURS;Ours blanc;ours6;45820;0;0;0
W07;Vider le reste de sa gourde dans les plantes;Eau;OURS;Ours blanc;ours6;45820;0;0.000013;0
W03;Ne pas faire couler l’eau trop longtemps quand on se lave les mains;Eau;OURS;Ours blanc;ours6;45820;0.004964;12.6;0
W05;Prendre une douche plutôt qu’un bain;Eau;OURS;Ours blanc;ours6;45820;0.140658;357;0
T03;Préférer la marche ou le vélo plutôt que la voiture;Transport;OURS;Ours blanc;ours6;45820;0.506;0;0
E05;Préférer les ampoules à basse consommation;Electricité;OURS;Ours blanc;ours6;45820;0.072803;0;0
E02;Ouvrir les volets et ne pas allumer la lumière quand il fait jour dehors. ou éteindre lorsque la lumière extérieure le permet;Electricité;OURS;Ours blanc;ours6;45820;0.027408;0;0
E01;Eteindre la lumière quand on quitte une pièce. quand on n’en a pas besoin;Electricité;OURS;Ours blanc;ours6;45820;0.027408;0;0
C06;Faire ses repas, gouter, compotes sois même plutôt que d’acheter des plats préparés;Courses;OURS;Ours blanc;ours13;45823;1.260407;0;0.180058
D02;Tout manger ce qu’il y a dans nos assiettes (cantine/maison);Déchets;OURS;Ours blanc;ours1;45825;2.453511;0;1.390385
B04;Faire un jardin potager;Biodiversité;OURS;Ours blanc;ours1;45825;4.48;0;0
B02;Ne pas tuer les araignées. les insectes (les mettre dehors…);Biodiversité;OURS;Ours blanc;ours1;45825;0;0;0
W03;Ne pas faire couler l’eau trop longtemps quand on se lave les mains;Eau;OURS;Ours blanc;ours1;45825;0.004964;12.6;0
W05;Prendre une douche plutôt qu’un bain;Eau;OURS;Ours blanc;ours1;45825;0.140658;357;0
T03;Préférer la marche ou le vélo plutôt que la voiture;Transport;OURS;Ours blanc;ours1;45825;0.506;0;0
E04;Eteindre les écrans (ordinateur. télévision. …) pour diminuer la consommation d’électricité;Electricité;OURS;Ours blanc;ours1;45825;0.15988;0;1
E11;Couvrir les casseroles lorsqu’on fait bouillir de l’eau ou pour cuire…;Electricité;OURS;Ours blanc;ours1;45825;0.00293;0;0
E08;Eteindre le chauffage lorsqu’on aère une pièce;Electricité;OURS;Ours blanc;ours1;45825;0.000173;0;0
D03;Ne pas jeter de déchets dans la nature (chewing-gums. sacs. canettes. bouteilles…);Déchets;OURS;Ours blanc;ours13;45823;0.424875;0;4.486538
D01;Limiter l'utilisation du papier : Utiliser les feuilles des 2 côtés / faire du brouillon / Utiliser l'ardoise pour chercher / Prendre du papier recyclé…;Déchets;OURS;Ours blanc;ours13;45823;0.009641;0;0.8
W04;Tirer la petite chasse d’eau quand on fait pipi;Eau;OURS;Ours blanc;ours13;45823;0.006501;16.5;0
W02;Couper l’eau quand on se brosse les dents : mettre de l’eau dans un verre pour se rincer;Eau;OURS;Ours blanc;ours13;45823;0.05;28;0
W01;Prendre des douches rapides;Eau;OURS;Ours blanc;ours13;45823;0.25;224;0
E05;Préférer les ampoules à basse consommation;Electricité;OURS;Ours blanc;ours13;45823;0.072803;0;0
E02;Ouvrir les volets et ne pas allumer la lumière quand il fait jour dehors. ou éteindre lorsque la lumière extérieure le permet;Electricité;OURS;Ours blanc;ours13;45823;0.027408;0;0
E10;Faire sécher son linge à l'air libre au lieu d'utiliser le sèche linge chaque fois qu'on peut;Electricité;OURS;Ours blanc;ours13;45823;0.413462;0;0
E01;Eteindre la lumière quand on quitte une pièce. quand on n’en a pas besoin;Electricité;OURS;Ours blanc;ours13;45823;0.027408;0;0
B02;Ne pas tuer les araignées. les insectes (les mettre dehors…);Biodiversité;OURS;Ours blanc;ours13;45823;0;0;0
T03;Préférer la marche ou le vélo plutôt que la voiture;Transport;OURS;Ours blanc;ours13;45823;0.506;0;0
T04;Faire du covoiturage;Transport;OURS;Ours blanc;ours13;45823;0.506;0;0
C06;Faire ses repas, gouter, compotes sois même plutôt que d’acheter des plats préparés;Courses;OURS;Ours blanc;ours11;45824;1.260407;0;0.180058
D15;Economiser les mouchoirs en papier. l'essuie-tout et le papier toilette;Déchets;OURS;Ours blanc;ours11;45824;0.009591;0;0.8
D08;Utiliser les bacs de tri;Déchets;OURS;Ours blanc;ours11;45824;0.866962;0;0
D06;Prendre soin de ses affaires pour les faire durer plus longtemps (reboucher les feutres… ne pas casser. ne pas lancer…);Déchets;OURS;Ours blanc;ours11;45824;0.017374;0;0.183462
D03;Ne pas jeter de déchets dans la nature (chewing-gums. sacs. canettes. bouteilles…);Déchets;OURS;Ours blanc;ours11;45824;0.424875;0;4.486538
D01;Limiter l'utilisation du papier : Utiliser les feuilles des 2 côtés / faire du brouillon / Utiliser l'ardoise pour chercher / Prendre du papier recyclé…;Déchets;OURS;Ours blanc;ours11;45824;0.009641;0;0.8
B04;Faire un jardin potager;Biodiversité;OURS;Ours blanc;ours11;45824;4.48;0;0
W07;Vider le reste de sa gourde dans les plantes;Eau;OURS;Ours blanc;ours11;45824;0;0.000013;0
W03;Ne pas faire couler l’eau trop longtemps quand on se lave les mains;Eau;OURS;Ours blanc;ours11;45824;0.004964;12.6;0
W05;Prendre une douche plutôt qu’un bain;Eau;OURS;Ours blanc;ours11;45824;0.140658;357;0
T06;Couper le moteur de la voiture quand elle ne roule pas;Transport;OURS;Ours blanc;ours11;45824;1.518;0;0
T04;Faire du covoiturage;Transport;OURS;Ours blanc;ours11;45824;0.506;0;0
E05;Préférer les ampoules à basse consommation;Electricité;OURS;Ours blanc;ours11;45824;0.072803;0;0
E02;Ouvrir les volets et ne pas allumer la lumière quand il fait jour dehors. ou éteindre lorsque la lumière extérieure le permet;Electricité;OURS;Ours blanc;ours11;45824;0.027408;0;0
E10;Faire sécher son linge à l'air libre au lieu d'utiliser le sèche linge chaque fois qu'on peut;Electricité;OURS;Ours blanc;ours11;45824;0.413462;0;0
E01;Eteindre la lumière quand on quitte une pièce. quand on n’en a pas besoin;Electricité;OURS;Ours blanc;ours11;45824;0.027408;0;0
W02;Utiliser une seule dose de savon;Courses;OURS;Ours blanc;ours1;45825;0.05;28;0
D09;Faire du compost avec les déchets végétaux ou donner les restes alimentaires aux poules…;Déchets;OURS;Ours blanc;ours1;45825;0.0623;0;1.75
D06;Prendre soin de ses affaires pour les faire durer plus longtemps (reboucher les feutres… ne pas casser. ne pas lancer…);Déchets;OURS;Ours blanc;ours1;45825;0.017374;0;0.183462
D03;Ne pas jeter de déchets dans la nature (chewing-gums. sacs. canettes. bouteilles…);Déchets;OURS;Ours blanc;ours1;45825;0.424875;0;4.486538
D01;Limiter l'utilisation du papier : Utiliser les feuilles des 2 côtés / faire du brouillon / Utiliser l'ardoise pour chercher / Prendre du papier recyclé…;Déchets;OURS;Ours blanc;ours1;45825;0.009641;0;0.8
B03;Donner à manger aux oiseaux dans son jardin ou sur son balcon;Biodiversité;OURS;Ours blanc;ours1;45825;0;0;0
B01;Ne pas cueillir de plante dans la nature;Biodiversité;OURS;Ours blanc;ours1;45825;0;0;0
W04;Tirer la petite chasse d’eau quand on fait pipi;Eau;OURS;Ours blanc;ours1;45825;0.006501;16.5;0
W02;Couper l’eau quand on se brosse les dents : mettre de l’eau dans un verre pour se rincer;Eau;OURS;Ours blanc;ours1;45825;0.05;28;0
E05;Préférer les ampoules à basse consommation;Electricité;OURS;Ours blanc;ours1;45825;0.072803;0;0
E02;Ouvrir les volets et ne pas allumer la lumière quand il fait jour dehors. ou éteindre lorsque la lumière extérieure le permet;Electricité;OURS;Ours blanc;ours1;45825;0.027408;0;0
E10;Faire sécher son linge à l'air libre au lieu d'utiliser le sèche linge chaque fois qu'on peut;Electricité;OURS;Ours blanc;ours1;45825;0.413462;0;0
E01;Eteindre la lumière quand on quitte une pièce. quand on n’en a pas besoin;Electricité;OURS;Ours blanc;ours1;45825;0.027408;0;0
C05;Faire soi-même ses produits d’entretien pour éviter les emballages;Courses;OURS;Ours blanc;ours2;45826;0.006;0;0.03
W02;Utiliser une seule dose de savon;Courses;OURS;Ours blanc;ours2;45826;0.05;28;0
D15;Economiser les mouchoirs en papier. l'essuie-tout et le papier toilette;Déchets;OURS;Ours blanc;ours2;45826;0.009591;0;0.8
D09;Faire du compost avec les déchets végétaux ou donner les restes alimentaires aux poules…;Déchets;OURS;Ours blanc;ours2;45826;0.0623;0;1.75
D07;Vendre ou donner les vêtements. les objets. les jouets dont on ne veut plus (trop petits…);Déchets;OURS;Ours blanc;ours2;45826;0.017374;2500;0
D04;Ramasser les papiers et les déchets par terre pour les mettre à la poubelle;Déchets;OURS;Ours blanc;ours2;45826;0.00947;0;0.1
D02;Tout manger ce qu’il y a dans nos assiettes (cantine/maison);Déchets;OURS;Ours blanc;ours2;45826;2.453511;0;1.390385
B04;Faire un jardin potager;Biodiversité;OURS;Ours blanc;ours2;45826;4.48;0;0
B02;Ne pas tuer les araignées. les insectes (les mettre dehors…);Biodiversité;OURS;Ours blanc;ours2;45826;0;0;0
T03;Préférer la marche ou le vélo plutôt que la voiture;Transport;OURS;Ours blanc;ours2;45826;0.506;0;0
T04;Faire du covoiturage;Transport;OURS;Ours blanc;ours2;45826;0.506;0;0
E05;Préférer les ampoules à basse consommation;Electricité;OURS;Ours blanc;ours2;45826;0.072803;0;0
E04;Eteindre les écrans (ordinateur. télévision. …) pour diminuer la consommation d’électricité;Electricité;OURS;Ours blanc;ours2;45826;0.15988;0;1
E10;Faire sécher son linge à l'air libre au lieu d'utiliser le sèche linge chaque fois qu'on peut;Electricité;OURS;Ours blanc;ours2;45826;0.413462;0;0
E01;Eteindre la lumière quand on quitte une pièce. quand on n’en a pas besoin;Electricité;OURS;Ours blanc;ours2;45826;0.027408;0;0
W04;Tirer la petite chasse d’eau quand on fait pipi;Eau;OURS;Ours blanc;ours2;45826;0.006501;16.5;0
W02;Couper l’eau quand on se brosse les dents : mettre de l’eau dans un verre pour se rincer;Eau;OURS;Ours blanc;ours2;45826;0.05;28;0
W01;Prendre des douches rapides;Eau;OURS;Ours blanc;ours2;45826;0.25;224;0
E05;Préférer les ampoules à basse consommation;Electricité;OURS;Ours blanc;ours13;45827;0.072803;0;0
E02;Ouvrir les volets et ne pas allumer la lumière quand il fait jour dehors. ou éteindre lorsque la lumière extérieure le permet;Electricité;OURS;Ours blanc;ours13;45827;0.027408;0;0
E10;Faire sécher son linge à l'air libre au lieu d'utiliser le sèche linge chaque fois qu'on peut;Electricité;OURS;Ours blanc;ours13;45827;0.413462;0;0
E01;Eteindre la lumière quand on quitte une pièce. quand on n’en a pas besoin;Electricité;OURS;Ours blanc;ours13;45827;0.027408;0;0
W04;Tirer la petite chasse d’eau quand on fait pipi;Eau;OURS;Ours blanc;ours13;45827;0.006501;16.5;0
W02;Couper l’eau quand on se brosse les dents : mettre de l’eau dans un verre pour se rincer;Eau;OURS;Ours blanc;ours13;45827;0.05;28;0
W01;Prendre des douches rapides;Eau;OURS;Ours blanc;ours13;45827;0.25;224;0
D15;Economiser les mouchoirs en papier. l'essuie-tout et le papier toilette;Déchets;OURS;Ours blanc;ours13;45827;0.009591;0;0.8
D08;Utiliser les bacs de tri;Déchets;OURS;Ours blanc;ours13;45827;0.866962;0;0
D06;Prendre soin de ses affaires pour les faire durer plus longtemps (reboucher les feutres… ne pas casser. ne pas lancer…);Déchets;OURS;Ours blanc;ours13;45827;0.017374;0;0.183462
D03;Ne pas jeter de déchets dans la nature (chewing-gums. sacs. canettes. bouteilles…);Déchets;OURS;Ours blanc;ours13;45827;0.424875;0;4.486538
D01;Limiter l'utilisation du papier : Utiliser les feuilles des 2 côtés / faire du brouillon / Utiliser l'ardoise pour chercher / Prendre du papier recyclé…;Déchets;OURS;Ours blanc;ours13;45827;0.009641;0;0.8
T06;Couper le moteur de la voiture quand elle ne roule pas;Transport;OURS;Ours blanc;ours13;45827;1.518;0;0
C06;Faire ses repas, gouter, compotes sois même plutôt que d’acheter des plats préparés;Courses;OURS;Ours blanc;ours13;45827;1.260407;0;0.180058
C03;Acheter des fruits ou légumes de saison;Courses;OURS;Ours blanc;ours13;45827;6.932;0;0
B04;Faire un jardin potager;Biodiversité;OURS;Ours blanc;ours13;45827;4.48;0;0
B02;Ne pas tuer les araignées. les insectes (les mettre dehors…);Biodiversité;OURS;Ours blanc;ours13;45827;0;0;0
T06;Couper le moteur de la voiture quand elle ne roule pas;Transport;OURS;Ours blanc;ours8;45828;1.518;0;0
W04;Tirer la petite chasse d’eau quand on fait pipi;Eau;OURS;Ours blanc;ours8;45828;0.006501;16.5;0
W02;Couper l’eau quand on se brosse les dents : mettre de l’eau dans un verre pour se rincer;Eau;OURS;Ours blanc;ours8;45828;0.05;28;0
W01;Prendre des douches rapides;Eau;OURS;Ours blanc;ours8;45828;0.25;224;0
E04;Eteindre les écrans (ordinateur. télévision. …) pour diminuer la consommation d’électricité;Electricité;OURS;Ours blanc;ours8;45828;0.15988;0;1
E10;Faire sécher son linge à l'air libre au lieu d'utiliser le sèche linge chaque fois qu'on peut;Electricité;OURS;Ours blanc;ours8;45828;0.413462;0;0
E01;Eteindre la lumière quand on quitte une pièce. quand on n’en a pas besoin;Electricité;OURS;Ours blanc;ours8;45828;0.027408;0;0
D10;Ne pas acheter de bouteilles en plastique : boire à la gourde;Déchets;OURS;Ours blanc;ours8;45828;0.54243;0;0.21
D07;Vendre ou donner les vêtements. les objets. les jouets dont on ne veut plus (trop petits…);Déchets;OURS;Ours blanc;ours8;45828;0.017374;2500;0
D03;Ne pas jeter de déchets dans la nature (chewing-gums. sacs. canettes. bouteilles…);Déchets;OURS;Ours blanc;ours8;45828;0.424875;0;4.486538
D01;Limiter l'utilisation du papier : Utiliser les feuilles des 2 côtés / faire du brouillon / Utiliser l'ardoise pour chercher / Prendre du papier recyclé…;Déchets;OURS;Ours blanc;ours8;45828;0.009641;0;0.8
B01;Ne pas cueillir de plante dans la nature;Biodiversité;OURS;Ours blanc;ours8;45828;0;0;0
C03;Acheter des fruits ou légumes de saison;Courses;OURS;Ours blanc;ours8;45828;6.932;0;0
C06;Faire ses repas, gouter, compotes sois même plutôt que d’acheter des plats préparés;Courses;OURS;Ours blanc;ours2;45826;1.260407;0;0.180058
C03;Acheter des fruits ou légumes de saison;Courses;OURS;Ours blanc;ours2;45826;6.932;0;0
D11;Acheter des produits en vrac. éviter les emballages individuels…;Déchets;OURS;Ours blanc;ours2;45826;0.38;0;0.67
D10;Ne pas acheter de bouteilles en plastique : boire à la gourde;Déchets;OURS;Ours blanc;ours2;45826;0.54243;0;0.21
D08;Utiliser les bacs de tri;Déchets;OURS;Ours blanc;ours2;45826;0.866962;0;0
D06;Prendre soin de ses affaires pour les faire durer plus longtemps (reboucher les feutres… ne pas casser. ne pas lancer…);Déchets;OURS;Ours blanc;ours2;45826;0.017374;0;0.183462
D03;Ne pas jeter de déchets dans la nature (chewing-gums. sacs. canettes. bouteilles…);Déchets;OURS;Ours blanc;ours2;45826;0.424875;0;4.486538
D01;Limiter l'utilisation du papier : Utiliser les feuilles des 2 côtés / faire du brouillon / Utiliser l'ardoise pour chercher / Prendre du papier recyclé…;Déchets;OURS;Ours blanc;ours2;45826;0.009641;0;0.8
B03;Donner à manger aux oiseaux dans son jardin ou sur son balcon;Biodiversité;OURS;Ours blanc;ours2;45826;0;0;0
B01;Ne pas cueillir de plante dans la nature;Biodiversité;OURS;Ours blanc;ours2;45826;0;0;0
T06;Couper le moteur de la voiture quand elle ne roule pas;Transport;OURS;Ours blanc;ours2;45826;1.518;0;0
E06;Préférer les piles rechargeables;Electricité;OURS;Ours blanc;ours2;45826;0.097538;0;0
E02;Ouvrir les volets et ne pas allumer la lumière quand il fait jour dehors. ou éteindre lorsque la lumière extérieure le permet;Electricité;OURS;Ours blanc;ours2;45826;0.027408;0;0
E11;Couvrir les casseroles lorsqu’on fait bouillir de l’eau ou pour cuire…;Electricité;OURS;Ours blanc;ours2;45826;0.00293;0;0
E08;Eteindre le chauffage lorsqu’on aère une pièce;Electricité;OURS;Ours blanc;ours2;45826;0.000173;0;0
W07;Vider le reste de sa gourde dans les plantes;Eau;OURS;Ours blanc;ours2;45826;0;0.000013;0
W03;Ne pas faire couler l’eau trop longtemps quand on se lave les mains;Eau;OURS;Ours blanc;ours2;45826;0.004964;12.6;0
W05;Prendre une douche plutôt qu’un bain;Eau;OURS;Ours blanc;ours2;45826;0.140658;357;0
E06;Préférer les piles rechargeables;Electricité;OURS;Ours blanc;ours13;45827;0.097538;0;0
E04;Eteindre les écrans (ordinateur. télévision. …) pour diminuer la consommation d’électricité;Electricité;OURS;Ours blanc;ours13;45827;0.15988;0;1
E11;Couvrir les casseroles lorsqu’on fait bouillir de l’eau ou pour cuire…;Electricité;OURS;Ours blanc;ours13;45827;0.00293;0;0
E08;Eteindre le chauffage lorsqu’on aère une pièce;Electricité;OURS;Ours blanc;ours13;45827;0.000173;0;0
W07;Vider le reste de sa gourde dans les plantes;Eau;OURS;Ours blanc;ours13;45827;0;0.000013;0
W03;Ne pas faire couler l’eau trop longtemps quand on se lave les mains;Eau;OURS;Ours blanc;ours13;45827;0.004964;12.6;0
W05;Prendre une douche plutôt qu’un bain;Eau;OURS;Ours blanc;ours13;45827;0.140658;357;0
D11;Acheter des produits en vrac. éviter les emballages individuels…;Déchets;OURS;Ours blanc;ours13;45827;0.38;0;0.67
D09;Faire du compost avec les déchets végétaux ou donner les restes alimentaires aux poules…;Déchets;OURS;Ours blanc;ours13;45827;0.0623;0;1.75
D07;Vendre ou donner les vêtements. les objets. les jouets dont on ne veut plus (trop petits…);Déchets;OURS;Ours blanc;ours13;45827;0.017374;2500;0
D04;Ramasser les papiers et les déchets par terre pour les mettre à la poubelle;Déchets;OURS;Ours blanc;ours13;45827;0.00947;0;0.1
D02;Tout manger ce qu’il y a dans nos assiettes (cantine/maison);Déchets;OURS;Ours blanc;ours13;45827;2.453511;0;1.390385
T03;Préférer la marche ou le vélo plutôt que la voiture;Transport;OURS;Ours blanc;ours13;45827;0.506;0;0
T04;Faire du covoiturage;Transport;OURS;Ours blanc;ours13;45827;0.506;0;0
C05;Faire soi-même ses produits d’entretien pour éviter les emballages;Courses;OURS;Ours blanc;ours13;45827;0.006;0;0.03
W02;Utiliser une seule dose de savon;Courses;OURS;Ours blanc;ours13;45827;0.05;28;0
B03;Donner à manger aux oiseaux dans son jardin ou sur son balcon;Biodiversité;OURS;Ours blanc;ours13;45827;0;0;0
B01;Ne pas cueillir de plante dans la nature;Biodiversité;OURS;Ours blanc;ours13;45827;0;0;0
T03;Préférer la marche ou le vélo plutôt que la voiture;Transport;OURS;Ours blanc;ours8;45828;0.506;0;0
W07;Vider le reste de sa gourde dans les plantes;Eau;OURS;Ours blanc;ours8;45828;0;0.000013;0
W03;Ne pas faire couler l’eau trop longtemps quand on se lave les mains;Eau;OURS;Ours blanc;ours8;45828;0.004964;12.6;0
W05;Prendre une douche plutôt qu’un bain;Eau;OURS;Ours blanc;ours8;45828;0.140658;357;0
E05;Préférer les ampoules à basse consommation;Electricité;OURS;Ours blanc;ours8;45828;0.072803;0;0
E02;Ouvrir les volets et ne pas allumer la lumière quand il fait jour dehors. ou éteindre lorsque la lumière extérieure le permet;Electricité;OURS;Ours blanc;ours8;45828;0.027408;0;0
E08;Eteindre le chauffage lorsqu’on aère une pièce;Electricité;OURS;Ours blanc;ours8;45828;0.000173;0;0
D15;Economiser les mouchoirs en papier. l'essuie-tout et le papier toilette;Déchets;OURS;Ours blanc;ours8;45828;0.009591;0;0.8
D08;Utiliser les bacs de tri;Déchets;OURS;Ours blanc;ours8;45828;0.866962;0;0
D04;Ramasser les papiers et les déchets par terre pour les mettre à la poubelle;Déchets;OURS;Ours blanc;ours8;45828;0.00947;0;0.1
D02;Tout manger ce qu’il y a dans nos assiettes (cantine/maison);Déchets;OURS;Ours blanc;ours8;45828;2.453511;0;1.390385
B02;Ne pas tuer les araignées. les insectes (les mettre dehors…);Biodiversité;OURS;Ours blanc;ours8;45828;0;0;0
C06;Faire ses repas, gouter, compotes sois même plutôt que d’acheter des plats préparés;Courses;OURS;Ours blanc;ours8;45828;1.260407;0;0.180058
W02;Utiliser une seule dose de savon;Courses;OURS;Ours blanc;ours8;45828;0.05;28;0
C06;Faire ses repas, gouter, compotes sois même plutôt que d’acheter des plats préparés;Courses;OURS;Ours blanc;ours6;45832;1.260407;0;0.180058
W02;Utiliser une seule dose de savon;Courses;OURS;Ours blanc;ours6;45832;0.05;28;0
B01;Ne pas cueillir de plante dans la nature;Biodiversité;OURS;Ours blanc;ours6;45832;0;0;0
W04;Tirer la petite chasse d’eau quand on fait pipi;Eau;OURS;Ours blanc;ours6;45832;0.006501;16.5;0
W02;Couper l’eau quand on se brosse les dents : mettre de l’eau dans un verre pour se rincer;Eau;OURS;Ours blanc;ours6;45832;0.05;28;0
W01;Prendre des douches rapides;Eau;OURS;Ours blanc;ours6;45832;0.25;224;0
T06;Couper le moteur de la voiture quand elle ne roule pas;Transport;OURS;Ours blanc;ours6;45832;1.518;0;0
E04;Eteindre les écrans (ordinateur. télévision. …) pour diminuer la consommation d’électricité;Electricité;OURS;Ours blanc;ours6;45832;0.15988;0;1
E08;Eteindre le chauffage lorsqu’on aère une pièce;Electricité;OURS;Ours blanc;ours6;45832;0.000173;0;0
E05;Préférer les ampoules à basse consommation;Electricité;OURS;Ours blanc;ours8;45833;0.072803;0;0
E02;Ouvrir les volets et ne pas allumer la lumière quand il fait jour dehors. ou éteindre lorsque la lumière extérieure le permet;Electricité;OURS;Ours blanc;ours8;45833;0.027408;0;0
E08;Eteindre le chauffage lorsqu’on aère une pièce;Electricité;OURS;Ours blanc;ours8;45833;0.000173;0;0
C06;Faire ses repas, gouter, compotes sois même plutôt que d’acheter des plats préparés;Courses;OURS;Ours blanc;ours8;45833;1.260407;0;0.180058
W02;Utiliser une seule dose de savon;Courses;OURS;Ours blanc;ours8;45833;0.05;28;0
D10;Ne pas acheter de bouteilles en plastique : boire à la gourde;Déchets;OURS;Ours blanc;ours8;45833;0.54243;0;0.21
D08;Utiliser les bacs de tri;Déchets;OURS;Ours blanc;ours8;45833;0.866962;0;0
D04;Ramasser les papiers et les déchets par terre pour les mettre à la poubelle;Déchets;OURS;Ours blanc;ours8;45833;0.00947;0;0.1
D02;Tout manger ce qu’il y a dans nos assiettes (cantine/maison);Déchets;OURS;Ours blanc;ours8;45833;2.453511;0;1.390385
B02;Ne pas tuer les araignées. les insectes (les mettre dehors…);Biodiversité;OURS;Ours blanc;ours8;45833;0;0;0
W07;Vider le reste de sa gourde dans les plantes;Eau;OURS;Ours blanc;ours8;45833;0;0.000013;0
W03;Ne pas faire couler l’eau trop longtemps quand on se lave les mains;Eau;OURS;Ours blanc;ours8;45833;0.004964;12.6;0
W05;Prendre une douche plutôt qu’un bain;Eau;OURS;Ours blanc;ours8;45833;0.140658;357;0
C05;Faire soi-même ses produits d’entretien pour éviter les emballages;Courses;OURS;Ours blanc;ours2;45834;0.006;0;0.03
W02;Utiliser une seule dose de savon;Courses;OURS;Ours blanc;ours2;45834;0.05;28;0
D15;Economiser les mouchoirs en papier. l'essuie-tout et le papier toilette;Déchets;OURS;Ours blanc;ours2;45834;0.009591;0;0.8
D09;Faire du compost avec les déchets végétaux ou donner les restes alimentaires aux poules…;Déchets;OURS;Ours blanc;ours2;45834;0.0623;0;1.75
D07;Vendre ou donner les vêtements. les objets. les jouets dont on ne veut plus (trop petits…);Déchets;OURS;Ours blanc;ours2;45834;0.017374;2500;0
D04;Ramasser les papiers et les déchets par terre pour les mettre à la poubelle;Déchets;OURS;Ours blanc;ours2;45834;0.00947;0;0.1
D03;Ne pas jeter de déchets dans la nature (chewing-gums. sacs. canettes. bouteilles…);Déchets;OURS;Ours blanc;ours2;45834;0.424875;0;4.486538
B04;Faire un jardin potager;Biodiversité;OURS;Ours blanc;ours2;45834;4.48;0;0
B02;Ne pas tuer les araignées. les insectes (les mettre dehors…);Biodiversité;OURS;Ours blanc;ours2;45834;0;0;0
T06;Couper le moteur de la voiture quand elle ne roule pas;Transport;OURS;Ours blanc;ours2;45834;1.518;0;0
T04;Faire du covoiturage;Transport;OURS;Ours blanc;ours2;45834;0.506;0;0
E05;Préférer les ampoules à basse consommation;Electricité;OURS;Ours blanc;ours2;45834;0.072803;0;0
E02;Ouvrir les volets et ne pas allumer la lumière quand il fait jour dehors. ou éteindre lorsque la lumière extérieure le permet;Electricité;OURS;Ours blanc;ours2;45834;0.027408;0;0
E10;Faire sécher son linge à l'air libre au lieu d'utiliser le sèche linge chaque fois qu'on peut;Electricité;OURS;Ours blanc;ours2;45834;0.413462;0;0
E01;Eteindre la lumière quand on quitte une pièce. quand on n’en a pas besoin;Electricité;OURS;Ours blanc;ours2;45834;0.027408;0;0
W04;Tirer la petite chasse d’eau quand on fait pipi;Eau;OURS;Ours blanc;ours2;45834;0.006501;16.5;0
W02;Couper l’eau quand on se brosse les dents : mettre de l’eau dans un verre pour se rincer;Eau;OURS;Ours blanc;ours2;45834;0.05;28;0
W01;Prendre des douches rapides;Eau;OURS;Ours blanc;ours2;45834;0.25;224;0
C06;Faire ses repas, gouter, compotes sois même plutôt que d’acheter des plats préparés;Courses;OURS;Ours blanc;ours6;45835;1.260407;0;0.180058
W02;Utiliser une seule dose de savon;Courses;OURS;Ours blanc;ours6;45835;0.05;28;0
D15;Economiser les mouchoirs en papier. l'essuie-tout et le papier toilette;Déchets;OURS;Ours blanc;ours6;45835;0.009591;0;0.8
D08;Utiliser les bacs de tri;Déchets;OURS;Ours blanc;ours6;45835;0.866962;0;0
C03;Acheter des fruits ou légumes de saison;Courses;OURS;Ours blanc;ours6;45832;6.932;0;0
B02;Ne pas tuer les araignées. les insectes (les mettre dehors…);Biodiversité;OURS;Ours blanc;ours6;45832;0;0;0
W07;Vider le reste de sa gourde dans les plantes;Eau;OURS;Ours blanc;ours6;45832;0;0.000013;0
W03;Ne pas faire couler l’eau trop longtemps quand on se lave les mains;Eau;OURS;Ours blanc;ours6;45832;0.004964;12.6;0
W05;Prendre une douche plutôt qu’un bain;Eau;OURS;Ours blanc;ours6;45832;0.140658;357;0
T03;Préférer la marche ou le vélo plutôt que la voiture;Transport;OURS;Ours blanc;ours6;45832;0.506;0;0
E05;Préférer les ampoules à basse consommation;Electricité;OURS;Ours blanc;ours6;45832;0.072803;0;0
E01;Eteindre la lumière quand on quitte une pièce. quand on n’en a pas besoin;Electricité;OURS;Ours blanc;ours6;45832;0.027408;0;0
T06;Couper le moteur de la voiture quand elle ne roule pas;Transport;OURS;Ours blanc;ours8;45833;1.518;0;0
E04;Eteindre les écrans (ordinateur. télévision. …) pour diminuer la consommation d’électricité;Electricité;OURS;Ours blanc;ours8;45833;0.15988;0;1
E10;Faire sécher son linge à l'air libre au lieu d'utiliser le sèche linge chaque fois qu'on peut;Electricité;OURS;Ours blanc;ours8;45833;0.413462;0;0
E01;Eteindre la lumière quand on quitte une pièce. quand on n’en a pas besoin;Electricité;OURS;Ours blanc;ours8;45833;0.027408;0;0
C03;Acheter des fruits ou légumes de saison;Courses;OURS;Ours blanc;ours8;45833;6.932;0;0
D15;Economiser les mouchoirs en papier. l'essuie-tout et le papier toilette;Déchets;OURS;Ours blanc;ours8;45833;0.009591;0;0.8
D09;Faire du compost avec les déchets végétaux ou donner les restes alimentaires aux poules…;Déchets;OURS;Ours blanc;ours8;45833;0.0623;0;1.75
D06;Prendre soin de ses affaires pour les faire durer plus longtemps (reboucher les feutres… ne pas casser. ne pas lancer…);Déchets;OURS;Ours blanc;ours8;45833;0.017374;0;0.183462
D03;Ne pas jeter de déchets dans la nature (chewing-gums. sacs. canettes. bouteilles…);Déchets;OURS;Ours blanc;ours8;45833;0.424875;0;4.486538
D01;Limiter l'utilisation du papier : Utiliser les feuilles des 2 côtés / faire du brouillon / Utiliser l'ardoise pour chercher / Prendre du papier recyclé…;Déchets;OURS;Ours blanc;ours8;45833;0.009641;0;0.8
B01;Ne pas cueillir de plante dans la nature;Biodiversité;OURS;Ours blanc;ours8;45833;0;0;0
W04;Tirer la petite chasse d’eau quand on fait pipi;Eau;OURS;Ours blanc;ours8;45833;0.006501;16.5;0
W02;Couper l’eau quand on se brosse les dents : mettre de l’eau dans un verre pour se rincer;Eau;OURS;Ours blanc;ours8;45833;0.05;28;0
W01;Prendre des douches rapides;Eau;OURS;Ours blanc;ours8;45833;0.25;224;0
C06;Faire ses repas, gouter, compotes sois même plutôt que d’acheter des plats préparés;Courses;OURS;Ours blanc;ours2;45834;1.260407;0;0.180058
C03;Acheter des fruits ou légumes de saison;Courses;OURS;Ours blanc;ours2;45834;6.932;0;0
D11;Acheter des produits en vrac. éviter les emballages individuels…;Déchets;OURS;Ours blanc;ours2;45834;0.38;0;0.67
D10;Ne pas acheter de bouteilles en plastique : boire à la gourde;Déchets;OURS;Ours blanc;ours2;45834;0.54243;0;0.21
D08;Utiliser les bacs de tri;Déchets;OURS;Ours blanc;ours2;45834;0.866962;0;0
D06;Prendre soin de ses affaires pour les faire durer plus longtemps (reboucher les feutres… ne pas casser. ne pas lancer…);Déchets;OURS;Ours blanc;ours2;45834;0.017374;0;0.183462
D02;Tout manger ce qu’il y a dans nos assiettes (cantine/maison);Déchets;OURS;Ours blanc;ours2;45834;2.453511;0;1.390385
D01;Limiter l'utilisation du papier : Utiliser les feuilles des 2 côtés / faire du brouillon / Utiliser l'ardoise pour chercher / Prendre du papier recyclé…;Déchets;OURS;Ours blanc;ours2;45834;0.009641;0;0.8
B03;Donner à manger aux oiseaux dans son jardin ou sur son balcon;Biodiversité;OURS;Ours blanc;ours2;45834;0;0;0
B01;Ne pas cueillir de plante dans la nature;Biodiversité;OURS;Ours blanc;ours2;45834;0;0;0
T03;Préférer la marche ou le vélo plutôt que la voiture;Transport;OURS;Ours blanc;ours2;45834;0.506;0;0
E06;Préférer les piles rechargeables;Electricité;OURS;Ours blanc;ours2;45834;0.097538;0;0
E04;Eteindre les écrans (ordinateur. télévision. …) pour diminuer la consommation d’électricité;Electricité;OURS;Ours blanc;ours2;45834;0.15988;0;1
E11;Couvrir les casseroles lorsqu’on fait bouillir de l’eau ou pour cuire…;Electricité;OURS;Ours blanc;ours2;45834;0.00293;0;0
E08;Eteindre le chauffage lorsqu’on aère une pièce;Electricité;OURS;Ours blanc;ours2;45834;0.000173;0;0
W07;Vider le reste de sa gourde dans les plantes;Eau;OURS;Ours blanc;ours2;45834;0;0.000013;0
W03;Ne pas faire couler l’eau trop longtemps quand on se lave les mains;Eau;OURS;Ours blanc;ours2;45834;0.004964;12.6;0
W05;Prendre une douche plutôt qu’un bain;Eau;OURS;Ours blanc;ours2;45834;0.140658;357;0
C03;Acheter des fruits ou légumes de saison;Courses;OURS;Ours blanc;ours6;45835;6.932;0;0
D11;Acheter des produits en vrac. éviter les emballages individuels…;Déchets;OURS;Ours blanc;ours6;45835;0.38;0;0.67
D10;Ne pas acheter de bouteilles en plastique : boire à la gourde;Déchets;OURS;Ours blanc;ours6;45835;0.54243;0;0.21
D07;Vendre ou donner les vêtements. les objets. les jouets dont on ne veut plus (trop petits…);Déchets;OURS;Ours blanc;ours6;45835;0.017374;2500;0
D06;Prendre soin de ses affaires pour les faire durer plus longtemps (reboucher les feutres… ne pas casser. ne pas lancer…);Déchets;OURS;Ours blanc;ours6;45835;0.017374;0;0.183462
D04;Ramasser les papiers et les déchets par terre pour les mettre à la poubelle;Déchets;OURS;Ours blanc;ours6;45835;0.00947;0;0.1
D03;Ne pas jeter de déchets dans la nature (chewing-gums. sacs. canettes. bouteilles…);Déchets;OURS;Ours blanc;ours6;45835;0.424875;0;4.486538
D02;Tout manger ce qu’il y a dans nos assiettes (cantine/maison);Déchets;OURS;Ours blanc;ours6;45835;2.453511;0;1.390385
D01;Limiter l'utilisation du papier : Utiliser les feuilles des 2 côtés / faire du brouillon / Utiliser l'ardoise pour chercher / Prendre du papier recyclé…;Déchets;OURS;Ours blanc;ours6;45835;0.009641;0;0.8
B02;Ne pas tuer les araignées. les insectes (les mettre dehors…);Biodiversité;OURS;Ours blanc;ours6;45835;0;0;0
B01;Ne pas cueillir de plante dans la nature;Biodiversité;OURS;Ours blanc;ours6;45835;0;0;0
W04;Tirer la petite chasse d’eau quand on fait pipi;Eau;OURS;Ours blanc;ours6;45835;0.006501;16.5;0
W03;Ne pas faire couler l’eau trop longtemps quand on se lave les mains;Eau;OURS;Ours blanc;ours6;45835;0.004964;12.6;0
W02;Couper l’eau quand on se brosse les dents : mettre de l’eau dans un verre pour se rincer;Eau;OURS;Ours blanc;ours6;45835;0.05;28;0
W05;Prendre une douche plutôt qu’un bain;Eau;OURS;Ours blanc;ours6;45835;0.140658;357;0
W01;Prendre des douches rapides;Eau;OURS;Ours blanc;ours6;45835;0.25;224;0
T06;Couper le moteur de la voiture quand elle ne roule pas;Transport;OURS;Ours blanc;ours6;45835;1.518;0;0
