Action ref;Action;Category;Team;Group;Children;Date;Eco tCO2e;Eco eau;Eco dechets
C03;Acheter des fruits ou légumes de saison;Courses;FEUILLE;Feuille orange;feuille7;04/05/2025;6.932;0;0
D15;Economiser les mouchoirs en papier. l'essuie-tout et le papier toilette;Déchets;FEUILLE;Feuille orange;feuille7;04/05/2025;0.009591;0;0.8
D07;Vendre ou donner les vêtements. les objets. les jouets dont on ne veut plus (trop petits…);Déchets;FEUILLE;Feuille orange;feuille7;04/05/2025;0.017374;2500;0
D03;Ne pas jeter de déchets dans la nature (chewing-gums. sacs. canettes. bouteilles…);Déchets;FEUILLE;Feuille orange;feuille7;04/05/2025;0.424875;0;4.486538
D02;Tout manger ce qu’il y a dans nos assiettes (cantine/maison);Déchets;FEUILLE;Feuille orange;feuille7;04/05/2025;2.453511;0;1.390385
W04;Tirer la petite chasse d’eau quand on fait pipi;Eau;FEUILLE;Feuille orange;feuille7;04/05/2025;0.006501;16.5;0
W03;Ne pas faire couler l’eau trop longtemps quand on se lave les mains;Eau;FEUILLE;Feuille orange;feuille7;04/05/2025;0.004964;12.6;0
W02;Couper l’eau quand on se brosse les dents : mettre de l’eau dans un verre pour se rincer;Eau;FEUILLE;Feuille orange;feuille7;04/05/2025;0.05;28;0
W01;Prendre des douches rapides;Eau;FEUILLE;Feuille orange;feuille7;04/05/2025;0.25;224;0
W05;Prendre une douche plutôt qu'un bain;Eau;FEUILLE;Feuille orange;feuille7;04/05/2025;0.140658;357;0
W02;Utiliser une seule dose de savon;Eau;FEUILLE;Feuille orange;feuille7;04/05/2025;0.05;28;0
T06;Couper le moteur de la voiture quand elle ne roule pas;Transport;FEUILLE;Feuille orange;feuille7;04/05/2025;1.518;0;0
E06;Préférer les piles rechargeables;Electricité;FEUILLE;Feuille orange;feuille7;04/05/2025;0.097538;0;0
E05;Préférer les ampoules à basse consommation;Electricité;FEUILLE;Feuille orange;feuille7;04/05/2025;0.072803;0;0
E04;Eteindre les écrans (ordinateur. télévision. …) pour diminuer la consommation d’électricité;Electricité;FEUILLE;Feuille orange;feuille7;04/05/2025;0.15988;0;1
E02;Ouvrir les volets et ne pas allumer la lumière quand il fait jour dehors. ou éteindre lorsque la lumière extérieure le permet;Electricité;FEUILLE;Feuille orange;feuille7;04/05/2025;0.027408;0;0
E11;Couvrir les casseroles lorsqu’on fait bouillir de l’eau ou pour cuire…;Electricité;FEUILLE;Feuille orange;feuille7;04/05/2025;0.00293;0;0
E10;Faire sécher son linge à l'air libre au lieu d'utiliser le sèche linge chaque fois qu'on peut;Electricité;FEUILLE;Feuille orange;feuille7;04/05/2025;0.413462;0;0
E08;Eteindre le chauffage lorsqu’on aère une pièce;Electricité;FEUILLE;Feuille orange;feuille7;04/05/2025;0.000173;0;0
E01;Eteindre la lumière quand on quitte une pièce. quand on n’en a pas besoin;Electricité;FEUILLE;Feuille orange;feuille7;04/05/2025;0.027408;0;0
T03;Préférer la marche ou le vélo plutôt que la voiture;Transport;FEUILLE;Feuille orange;feuille5;14/04/2025;0.506;0;0
T06;Couper le moteur de la voiture quand elle ne roule pas;Transport;FEUILLE;Feuille orange;feuille5;14/04/2025;1.518;0;0
D08;Utiliser les bacs de tri;Déchets;FEUILLE;Feuille orange;feuille5;14/04/2025;0.866962;0;0
D07;Vendre ou donner les vêtements. les objets. les jouets dont on ne veut plus (trop petits…);Déchets;FEUILLE;Feuille orange;feuille5;14/04/2025;0.017374;2500;0
D03;Ne pas jeter de déchets dans la nature (chewing-gums. sacs. canettes. bouteilles…);Déchets;FEUILLE;Feuille orange;feuille5;14/04/2025;0.424875;0;4.486538
W07;Vider le reste de sa gourde dans les plantes;Eau;FEUILLE;Feuille orange;feuille5;14/04/2025;0;0.000013;0
W04;Tirer la petite chasse d’eau quand on fait pipi;Eau;FEUILLE;Feuille orange;feuille5;14/04/2025;0.006501;16.5;0
W03;Ne pas faire couler l’eau trop longtemps quand on se lave les mains;Eau;FEUILLE;Feuille orange;feuille5;14/04/2025;0.004964;12.6;0
E05;Préférer les ampoules à basse consommation;Electricité;FEUILLE;Feuille orange;feuille5;14/04/2025;0.072803;0;0
E10;Faire sécher son linge à l'air libre au lieu d'utiliser le sèche linge chaque fois qu'on peut;Electricité;FEUILLE;Feuille orange;feuille5;14/04/2025;0.413462;0;0
E01;Eteindre la lumière quand on quitte une pièce. quand on n’en a pas besoin;Electricité;FEUILLE;Feuille orange;feuille5;14/04/2025;0.027408;0;0
T06;Couper le moteur de la voiture quand elle ne roule pas;Transport;FEUILLE;Feuille orange;feuille14;14/04/2025;1.518;0;0
E10;Faire sécher son linge à l'air libre au lieu d'utiliser le sèche linge chaque fois qu'on peut;Electricité;FEUILLE;Feuille orange;feuille14;14/04/2025;0.413462;0;0
E01;Eteindre la lumière quand on quitte une pièce. quand on n’en a pas besoin;Electricité;FEUILLE;Feuille orange;feuille14;14/04/2025;0.027408;0;0
D08;Utiliser les bacs de tri;Déchets;FEUILLE;Feuille orange;feuille14;14/04/2025;0.866962;0;0
W04;Tirer la petite chasse d’eau quand on fait pipi;Eau;FEUILLE;Feuille orange;feuille14;14/04/2025;0.006501;16.5;0
W05;Prendre une douche plutôt qu'un bain;Eau;FEUILLE;Feuille orange;feuille14;14/04/2025;0.140658;357;0
C03;Acheter des fruits ou légumes de saison;Courses;FEUILLE;Feuille orange;feuille15;14/04/2025;6.932;0;0
D11;Acheter des produits en vrac. éviter les emballages individuels…;Déchets;FEUILLE;Feuille orange;feuille15;14/04/2025;0.38;0;0.67
D10;Ne pas acheter de bouteilles en plastique : boire à la gourde;Déchets;FEUILLE;Feuille orange;feuille15;14/04/2025;0.54243;0;0.21
D08;Utiliser les bacs de tri;Déchets;FEUILLE;Feuille orange;feuille15;14/04/2025;0.866962;0;0
D07;Vendre ou donner les vêtements. les objets. les jouets dont on ne veut plus (trop petits…);Déchets;FEUILLE;Feuille orange;feuille15;14/04/2025;0.017374;2500;0
D06;Prendre soin de ses affaires pour les faire durer plus longtemps (reboucher les feutres… ne pas casser. ne pas lancer…);Déchets;FEUILLE;Feuille orange;feuille15;14/04/2025;0.017374;0;0.183462
D03;Ne pas jeter de déchets dans la nature (chewing-gums. sacs. canettes. bouteilles…);Déchets;FEUILLE;Feuille orange;feuille15;14/04/2025;0.424875;0;4.486538
D04;Ramasser les papiers et les déchets par terre pour les mettre à la poubelle;Déchets;FEUILLE;Feuille orange;feuille15;14/04/2025;0.00947;0;0.1
D01;Limiter l'utilisation du papier : Utiliser les feuilles des 2 côtés / faire du brouillon / Utiliser l'ardoise pour chercher / Prendre du papier recyclé…;Déchets;FEUILLE;Feuille orange;feuille15;14/04/2025;0.009641;0;0.8
W07;Vider le reste de sa gourde dans les plantes;Eau;FEUILLE;Feuille orange;feuille15;14/04/2025;0;0.000013;0
W04;Tirer la petite chasse d’eau quand on fait pipi;Eau;FEUILLE;Feuille orange;feuille15;14/04/2025;0.006501;16.5;0
T06;Couper le moteur de la voiture quand elle ne roule pas;Transport;FEUILLE;Feuille orange;feuille15;14/04/2025;1.518;0;0
T03;Préférer la marche ou le vélo plutôt que la voiture;Transport;FEUILLE;Feuille orange;feuille15;14/04/2025;0.506;0;0
E05;Préférer les ampoules à basse consommation;Electricité;FEUILLE;Feuille orange;feuille15;14/04/2025;0.072803;0;0
E04;Eteindre les écrans (ordinateur. télévision. …) pour diminuer la consommation d’électricité;Electricité;FEUILLE;Feuille orange;feuille15;14/04/2025;0.15988;0;1
E02;Ouvrir les volets et ne pas allumer la lumière quand il fait jour dehors. ou éteindre lorsque la lumière extérieure le permet;Electricité;FEUILLE;Feuille orange;feuille15;14/04/2025;0.027408;0;0
E10;Faire sécher son linge à l'air libre au lieu d'utiliser le sèche linge chaque fois qu'on peut;Electricité;FEUILLE;Feuille orange;feuille15;14/04/2025;0.413462;0;0
E01;Eteindre la lumière quand on quitte une pièce. quand on n’en a pas besoin;Electricité;FEUILLE;Feuille orange;feuille15;14/04/2025;0.027408;0;0
B02;Ne pas tuer les araignées. les insectes (les mettre dehors…);Biodiversité;FEUILLE;Feuille orange;feuille15;14/04/2025;0;0;0
B03;Donner à manger aux oiseaux dans son jardin ou sur son balcon;Biodiversité;FEUILLE;Feuille orange;feuille15;14/04/2025;0;0;0
B03;Donner à manger aux oiseaux dans son jardin ou sur son balcon;Biodiversité;FEUILLE;Feuille orange;feuille12;18/05/2025;0;0;0
B01;Na pas cueillir de plante dans la nature;Biodiversité;FEUILLE;Feuille orange;feuille12;18/05/2025;0;0;0
W04;Tirer la petite chasse d’eau quand on fait pipi;Eau;FEUILLE;Feuille orange;feuille12;18/05/2025;0.006501;16.5;0
W02;Couper l’eau quand on se brosse les dents : mettre de l’eau dans un verre pour se rincer;Eau;FEUILLE;Feuille orange;feuille12;18/05/2025;0.05;28;0
W05;Prendre une douche plutôt qu'un bain;Eau;FEUILLE;Feuille orange;feuille12;18/05/2025;0.140658;357;0
D15;Economiser les mouchoirs en papier. l'essuie-tout et le papier toilette;Déchets;FEUILLE;Feuille orange;feuille12;18/05/2025;0.009591;0;0.8
D08;Utiliser les bacs de tri;Déchets;FEUILLE;Feuille orange;feuille12;18/05/2025;0.866962;0;0
D06;Prendre soin de ses affaires pour les faire durer plus longtemps (reboucher les feutres… ne pas casser. ne pas lancer…);Déchets;FEUILLE;Feuille orange;feuille12;18/05/2025;0.017374;0;0.183462
D02;Tout manger ce qu’il y a dans nos assiettes (cantine/maison);Déchets;FEUILLE;Feuille orange;feuille12;18/05/2025;2.453511;0;1.390385
C06;Faire ses repas, gouter, compotes sois même plutôt que d’acheter des plats préparés;Courses;FEUILLE;Feuille orange;feuille12;18/05/2025;1.260407;0;0.180058
C03;Acheter des fruits ou légumes de saison;Courses;FEUILLE;Feuille orange;feuille7;19/05/2025;6.932;0;0
D15;Economiser les mouchoirs en papier. l'essuie-tout et le papier toilette;Déchets;FEUILLE;Feuille orange;feuille7;19/05/2025;0.009591;0;0.8
D07;Vendre ou donner les vêtements. les objets. les jouets dont on ne veut plus (trop petits…);Déchets;FEUILLE;Feuille orange;feuille7;19/05/2025;0.017374;2500;0
D04;Ramasser les papiers et les déchets par terre pour les mettre à la poubelle;Déchets;FEUILLE;Feuille orange;feuille7;19/05/2025;0.00947;0;0.1
D02;Tout manger ce qu’il y a dans nos assiettes (cantine/maison);Déchets;FEUILLE;Feuille orange;feuille7;19/05/2025;2.453511;0;1.390385
W03;Ne pas faire couler l’eau trop longtemps quand on se lave les mains;Eau;FEUILLE;Feuille orange;feuille7;19/05/2025;0.004964;12.6;0
W01;Prendre des douches rapides;Eau;FEUILLE;Feuille orange;feuille7;19/05/2025;0.25;224;0
W02;Utiliser une seule dose de savon;Eau;FEUILLE;Feuille orange;feuille7;19/05/2025;0.05;28;0
E06;Préférer les piles rechargeables;Electricité;FEUILLE;Feuille orange;feuille7;19/05/2025;0.097538;0;0
E04;Eteindre les écrans (ordinateur. télévision. …) pour diminuer la consommation d’électricité;Electricité;FEUILLE;Feuille orange;feuille7;19/05/2025;0.15988;0;1
E11;Couvrir les casseroles lorsqu’on fait bouillir de l’eau ou pour cuire…;Electricité;FEUILLE;Feuille orange;feuille7;19/05/2025;0.00293;0;0
D03;Ne pas jeter de déchets dans la nature (chewing-gums. sacs. canettes. bouteilles…);Déchets;FEUILLE;Feuille orange;feuille14;15/04/2025;0.424875;0;4.486538
B02;Ne pas tuer les araignées. les insectes (les mettre dehors…);Biodiversité;FEUILLE;Feuille orange;feuille12;18/05/2025;0;0;0
W07;Vider le reste de sa gourde dans les plantes;Eau;FEUILLE;Feuille orange;feuille12;18/05/2025;0;0.000013;0
W03;Ne pas faire couler l’eau trop longtemps quand on se lave les mains;Eau;FEUILLE;Feuille orange;feuille12;18/05/2025;0.004964;12.6;0
W01;Prendre des douches rapides;Eau;FEUILLE;Feuille orange;feuille12;18/05/2025;0.25;224;0
W02;Utiliser une seule dose de savon;Eau;FEUILLE;Feuille orange;feuille12;18/05/2025;0.05;28;0
D10;Ne pas acheter de bouteilles en plastique : boire à la gourde;Déchets;FEUILLE;Feuille orange;feuille12;18/05/2025;0.54243;0;0.21
D07;Vendre ou donner les vêtements. les objets. les jouets dont on ne veut plus (trop petits…);Déchets;FEUILLE;Feuille orange;feuille12;18/05/2025;0.017374;2500;0
D03;Ne pas jeter de déchets dans la nature (chewing-gums. sacs. canettes. bouteilles…);Déchets;FEUILLE;Feuille orange;feuille12;18/05/2025;0.424875;0;4.486538
D01;Limiter l'utilisation du papier : Utiliser les feuilles des 2 côtés / faire du brouillon / Utiliser l'ardoise pour chercher / Prendre du papier recyclé…;Déchets;FEUILLE;Feuille orange;feuille12;18/05/2025;0.009641;0;0.8
C03;Acheter des fruits ou légumes de saison;Courses;FEUILLE;Feuille orange;feuille12;18/05/2025;6.932;0;0
D11;Acheter des produits en vrac. éviter les emballages individuels…;Déchets;FEUILLE;Feuille orange;feuille7;19/05/2025;0.38;0;0.67
D10;Ne pas acheter de bouteilles en plastique : boire à la gourde;Déchets;FEUILLE;Feuille orange;feuille7;19/05/2025;0.54243;0;0.21
D08;Utiliser les bacs de tri;Déchets;FEUILLE;Feuille orange;feuille7;19/05/2025;0.866962;0;0
D03;Ne pas jeter de déchets dans la nature (chewing-gums. sacs. canettes. bouteilles…);Déchets;FEUILLE;Feuille orange;feuille7;19/05/2025;0.424875;0;4.486538
W04;Tirer la petite chasse d’eau quand on fait pipi;Eau;FEUILLE;Feuille orange;feuille7;19/05/2025;0.006501;16.5;0
W02;Couper l’eau quand on se brosse les dents : mettre de l’eau dans un verre pour se rincer;Eau;FEUILLE;Feuille orange;feuille7;19/05/2025;0.05;28;0
W05;Prendre une douche plutôt qu'un bain;Eau;FEUILLE;Feuille orange;feuille7;19/05/2025;0.140658;357;0
T06;Couper le moteur de la voiture quand elle ne roule pas;Transport;FEUILLE;Feuille orange;feuille7;19/05/2025;1.518;0;0
E05;Préférer les ampoules à basse consommation;Electricité;FEUILLE;Feuille orange;feuille7;19/05/2025;0.072803;0;0
E02;Ouvrir les volets et ne pas allumer la lumière quand il fait jour dehors. ou éteindre lorsque la lumière extérieure le permet;Electricité;FEUILLE;Feuille orange;feuille7;19/05/2025;0.027408;0;0
B04;Faire un jardin potager;Biodiversité;FEUILLE;Feuille orange;feuille5;17/04/2025;4.48;0;0
W07;Vider le reste de sa gourde dans les plantes;Eau;FEUILLE;Feuille orange;feuille5;17/04/2025;0;0.000013;0
W03;Ne pas faire couler l’eau trop longtemps quand on se lave les mains;Eau;FEUILLE;Feuille orange;feuille5;17/04/2025;0.004964;12.6;0
W01;Prendre des douches rapides;Eau;FEUILLE;Feuille orange;feuille5;17/04/2025;0.25;224;0
W02;Utiliser une seule dose de savon;Eau;FEUILLE;Feuille orange;feuille5;17/04/2025;0.05;28;0
T06;Couper le moteur de la voiture quand elle ne roule pas;Transport;FEUILLE;Feuille orange;feuille5;17/04/2025;1.518;0;0
E05;Préférer les ampoules à basse consommation;Electricité;FEUILLE;Feuille orange;feuille5;17/04/2025;0.072803;0;0
E02;Ouvrir les volets et ne pas allumer la lumière quand il fait jour dehors. ou éteindre lorsque la lumière extérieure le permet;Electricité;FEUILLE;Feuille orange;feuille5;17/04/2025;0.027408;0;0
E10;Faire sécher son linge à l'air libre au lieu d'utiliser le sèche linge chaque fois qu'on peut;Electricité;FEUILLE;Feuille orange;feuille5;17/04/2025;0.413462;0;0
E01;Eteindre la lumière quand on quitte une pièce. quand on n’en a pas besoin;Electricité;FEUILLE;Feuille orange;feuille5;17/04/2025;0.027408;0;0
D15;Economiser les mouchoirs en papier. l'essuie-tout et le papier toilette;Déchets;FEUILLE;Feuille orange;feuille7;17/04/2025;0.009591;0;0.8
D08;Utiliser les bacs de tri;Déchets;FEUILLE;Feuille orange;feuille7;17/04/2025;0.866962;0;0
D02;Tout manger ce qu’il y a dans nos assiettes (cantine/maison);Déchets;FEUILLE;Feuille orange;feuille7;17/04/2025;2.453511;0;1.390385
W03;Ne pas faire couler l’eau trop longtemps quand on se lave les mains;Eau;FEUILLE;Feuille orange;feuille7;17/04/2025;0.004964;12.6;0
W01;Prendre des douches rapides;Eau;FEUILLE;Feuille orange;feuille7;17/04/2025;0.25;224;0
W02;Utiliser une seule dose de savon;Eau;FEUILLE;Feuille orange;feuille7;17/04/2025;0.05;28;0
E06;Préférer les piles rechargeables;Electricité;FEUILLE;Feuille orange;feuille7;17/04/2025;0.097538;0;0
E02;Ouvrir les volets et ne pas allumer la lumière quand il fait jour dehors. ou éteindre lorsque la lumière extérieure le permet;Electricité;FEUILLE;Feuille orange;feuille7;17/04/2025;0.027408;0;0
C05;Faire soi-même ses produits d’entretien pour éviter les emballages;Courses;FEUILLE;Feuille orange;feuille9;19/05/2025;0.006;0;0.03
D11;Acheter des produits en vrac. éviter les emballages individuels…;Déchets;FEUILLE;Feuille orange;feuille9;19/05/2025;0.38;0;0.67
D10;Ne pas acheter de bouteilles en plastique : boire à la gourde;Déchets;FEUILLE;Feuille orange;feuille9;19/05/2025;0.54243;0;0.21
D08;Utiliser les bacs de tri;Déchets;FEUILLE;Feuille orange;feuille9;19/05/2025;0.866962;0;0
D06;Prendre soin de ses affaires pour les faire durer plus longtemps (reboucher les feutres… ne pas casser. ne pas lancer…);Déchets;FEUILLE;Feuille orange;feuille9;19/05/2025;0.017374;0;0.183462
D02;Tout manger ce qu’il y a dans nos assiettes (cantine/maison);Déchets;FEUILLE;Feuille orange;feuille9;19/05/2025;2.453511;0;1.390385
W07;Vider le reste de sa gourde dans les plantes;Eau;FEUILLE;Feuille orange;feuille9;19/05/2025;0;0.000013;0
W03;Ne pas faire couler l’eau trop longtemps quand on se lave les mains;Eau;FEUILLE;Feuille orange;feuille9;19/05/2025;0.004964;12.6;0
W01;Prendre des douches rapides;Eau;FEUILLE;Feuille orange;feuille9;19/05/2025;0.25;224;0
W02;Utiliser une seule dose de savon;Eau;FEUILLE;Feuille orange;feuille9;19/05/2025;0.05;28;0
T06;Couper le moteur de la voiture quand elle ne roule pas;Transport;FEUILLE;Feuille orange;feuille9;19/05/2025;1.518;0;0
E04;Eteindre les écrans (ordinateur. télévision. …) pour diminuer la consommation d’électricité;Electricité;FEUILLE;Feuille orange;feuille9;19/05/2025;0.15988;0;1
E11;Couvrir les casseroles lorsqu’on fait bouillir de l’eau ou pour cuire…;Electricité;FEUILLE;Feuille orange;feuille9;19/05/2025;0.00293;0;0
E06;Préférer les piles rechargeables;Electricité;FEUILLE;Feuille orange;feuille9;20/05/2025;0.097538;0;0
E10;Faire sécher son linge à l'air libre au lieu d'utiliser le sèche linge chaque fois qu'on peut;Electricité;FEUILLE;Feuille orange;feuille9;20/05/2025;0.413462;0;0
E08;Eteindre le chauffage lorsqu’on aère une pièce;Electricité;FEUILLE;Feuille orange;feuille9;20/05/2025;0.000173;0;0
C06;Faire ses repas, gouter, compotes sois même plutôt que d’acheter des plats préparés;Courses;FEUILLE;Feuille orange;feuille9;19/05/2025;1.260407;0;0.180058
C03;Acheter des fruits ou légumes de saison;Courses;FEUILLE;Feuille orange;feuille9;19/05/2025;6.932;0;0
D15;Economiser les mouchoirs en papier. l'essuie-tout et le papier toilette;Déchets;FEUILLE;Feuille orange;feuille9;19/05/2025;0.009591;0;0.8
D09;Faire du compost avec les déchets végétaux ou donner les restes alimentaires aux poules…;Déchets;FEUILLE;Feuille orange;feuille9;19/05/2025;0.0623;0;1.75
D07;Vendre ou donner les vêtements. les objets. les jouets dont on ne veut plus (trop petits…);Déchets;FEUILLE;Feuille orange;feuille9;19/05/2025;0.017374;2500;0
D03;Ne pas jeter de déchets dans la nature (chewing-gums. sacs. canettes. bouteilles…);Déchets;FEUILLE;Feuille orange;feuille9;19/05/2025;0.424875;0;4.486538
B02;Ne pas tuer les araignées. les insectes (les mettre dehors…);Biodiversité;FEUILLE;Feuille orange;feuille9;19/05/2025;0;0;0
W04;Tirer la petite chasse d’eau quand on fait pipi;Eau;FEUILLE;Feuille orange;feuille9;19/05/2025;0.006501;16.5;0
W02;Couper l’eau quand on se brosse les dents : mettre de l’eau dans un verre pour se rincer;Eau;FEUILLE;Feuille orange;feuille9;19/05/2025;0.05;28;0
W05;Prendre une douche plutôt qu'un bain;Eau;FEUILLE;Feuille orange;feuille9;19/05/2025;0.140658;357;0
T03;Préférer la marche ou le vélo plutôt que la voiture;Transport;FEUILLE;Feuille orange;feuille9;19/05/2025;0.506;0;0
E05;Préférer les ampoules à basse consommation;Electricité;FEUILLE;Feuille orange;feuille9;19/05/2025;0.072803;0;0
E02;Ouvrir les volets et ne pas allumer la lumière quand il fait jour dehors. ou éteindre lorsque la lumière extérieure le permet;Electricité;FEUILLE;Feuille orange;feuille9;19/05/2025;0.027408;0;0
E01;Eteindre la lumière quand on quitte une pièce. quand on n’en a pas besoin;Electricité;FEUILLE;Feuille orange;feuille9;19/05/2025;0.027408;0;0
C03;Acheter des fruits ou légumes de saison;Courses;FEUILLE;Feuille orange;feuille12;25/04/2025;6.932;0;0
D15;Economiser les mouchoirs en papier. l'essuie-tout et le papier toilette;Déchets;FEUILLE;Feuille orange;feuille12;25/04/2025;0.009591;0;0.8
D10;Ne pas acheter de bouteilles en plastique : boire à la gourde;Déchets;FEUILLE;Feuille orange;feuille12;25/04/2025;0.54243;0;0.21
D09;Faire du compost avec les déchets végétaux ou donner les restes alimentaires aux poules…;Déchets;FEUILLE;Feuille orange;feuille12;25/04/2025;0.0623;0;1.75
D07;Vendre ou donner les vêtements. les objets. les jouets dont on ne veut plus (trop petits…);Déchets;FEUILLE;Feuille orange;feuille12;25/04/2025;0.017374;2500;0
D06;Prendre soin de ses affaires pour les faire durer plus longtemps (reboucher les feutres… ne pas casser. ne pas lancer…);Déchets;FEUILLE;Feuille orange;feuille12;25/04/2025;0.017374;0;0.183462
D04;Ramasser les papiers et les déchets par terre pour les mettre à la poubelle;Déchets;FEUILLE;Feuille orange;feuille12;25/04/2025;0.00947;0;0.1
D03;Ne pas jeter de déchets dans la nature (chewing-gums. sacs. canettes. bouteilles…);Déchets;FEUILLE;Feuille orange;feuille12;25/04/2025;0.424875;0;4.486538
D02;Tout manger ce qu’il y a dans nos assiettes (cantine/maison);Déchets;FEUILLE;Feuille orange;feuille12;25/04/2025;2.453511;0;1.390385
B03;Donner à manger aux oiseaux dans son jardin ou sur son balcon;Biodiversité;FEUILLE;Feuille orange;feuille12;25/04/2025;0;0;0
B02;Ne pas tuer les araignées. les insectes (les mettre dehors…);Biodiversité;FEUILLE;Feuille orange;feuille12;25/04/2025;0;0;0
B01;Na pas cueillir de plante dans la nature;Biodiversité;FEUILLE;Feuille orange;feuille12;25/04/2025;0;0;0
W04;Tirer la petite chasse d’eau quand on fait pipi;Eau;FEUILLE;Feuille orange;feuille12;25/04/2025;0.006501;16.5;0
W03;Ne pas faire couler l’eau trop longtemps quand on se lave les mains;Eau;FEUILLE;Feuille orange;feuille12;25/04/2025;0.004964;12.6;0
W02;Couper l’eau quand on se brosse les dents : mettre de l’eau dans un verre pour se rincer;Eau;FEUILLE;Feuille orange;feuille12;25/04/2025;0.05;28;0
W02;Utiliser une seule dose de savon;Eau;FEUILLE;Feuille orange;feuille12;25/04/2025;0.05;28;0
T06;Couper le moteur de la voiture quand elle ne roule pas;Transport;FEUILLE;Feuille orange;feuille12;25/04/2025;1.518;0;0
E04;Eteindre les écrans (ordinateur. télévision. …) pour diminuer la consommation d’électricité;Electricité;FEUILLE;Feuille orange;feuille12;25/04/2025;0.15988;0;1
E02;Ouvrir les volets et ne pas allumer la lumière quand il fait jour dehors. ou éteindre lorsque la lumière extérieure le permet;Electricité;FEUILLE;Feuille orange;feuille12;25/04/2025;0.027408;0;0
E11;Couvrir les casseroles lorsqu’on fait bouillir de l’eau ou pour cuire…;Electricité;FEUILLE;Feuille orange;feuille12;25/04/2025;0.00293;0;0
E10;Faire sécher son linge à l'air libre au lieu d'utiliser le sèche linge chaque fois qu'on peut;Electricité;FEUILLE;Feuille orange;feuille12;25/04/2025;0.413462;0;0
E08;Eteindre le chauffage lorsqu’on aère une pièce;Electricité;FEUILLE;Feuille orange;feuille12;25/04/2025;0.000173;0;0
E01;Eteindre la lumière quand on quitte une pièce. quand on n’en a pas besoin;Electricité;FEUILLE;Feuille orange;feuille12;25/04/2025;0.027408;0;0
C06;Faire ses repas, gouter, compotes sois même plutôt que d’acheter des plats préparés;Courses;FEUILLE;Feuille orange;feuille7;04/05/2025;1.260407;0;0.180058
D11;Acheter des produits en vrac. éviter les emballages individuels…;Déchets;FEUILLE;Feuille orange;feuille7;04/05/2025;0.38;0;0.67
D10;Ne pas acheter de bouteilles en plastique : boire à la gourde;Déchets;FEUILLE;Feuille orange;feuille7;04/05/2025;0.54243;0;0.21
D06;Prendre soin de ses affaires pour les faire durer plus longtemps (reboucher les feutres… ne pas casser. ne pas lancer…);Déchets;FEUILLE;Feuille orange;feuille7;04/05/2025;0.017374;0;0.183462
T06;Couper le moteur de la voiture quand elle ne roule pas;Transport;FEUILLE;Feuille orange;feuille11;12/05/2025;1.518;0;0
C06;Faire ses repas, gouter, compotes sois même plutôt que d’acheter des plats préparés;Courses;FEUILLE;Feuille orange;feuille11;14/05/2025;1.260407;0;0.180058
D11;Acheter des produits en vrac. éviter les emballages individuels…;Déchets;FEUILLE;Feuille orange;feuille11;14/05/2025;0.38;0;0.67
D07;Vendre ou donner les vêtements. les objets. les jouets dont on ne veut plus (trop petits…);Déchets;FEUILLE;Feuille orange;feuille11;14/05/2025;0.017374;2500;0
D03;Ne pas jeter de déchets dans la nature (chewing-gums. sacs. canettes. bouteilles…);Déchets;FEUILLE;Feuille orange;feuille11;14/05/2025;0.424875;0;4.486538
B04;Faire un jardin potager;Biodiversité;FEUILLE;Feuille orange;feuille11;14/05/2025;4.48;0;0
W07;Vider le reste de sa gourde dans les plantes;Eau;FEUILLE;Feuille orange;feuille11;14/05/2025;0;0.000013;0
W03;Ne pas faire couler l’eau trop longtemps quand on se lave les mains;Eau;FEUILLE;Feuille orange;feuille11;14/05/2025;0.004964;12.6;0
W02;Utiliser une seule dose de savon;Eau;FEUILLE;Feuille orange;feuille11;14/05/2025;0.05;28;0
E05;Préférer les ampoules à basse consommation;Electricité;FEUILLE;Feuille orange;feuille11;14/05/2025;0.072803;0;0
E02;Ouvrir les volets et ne pas allumer la lumière quand il fait jour dehors. ou éteindre lorsque la lumière extérieure le permet;Electricité;FEUILLE;Feuille orange;feuille11;14/05/2025;0.027408;0;0
E01;Eteindre la lumière quand on quitte une pièce. quand on n’en a pas besoin;Electricité;FEUILLE;Feuille orange;feuille11;14/05/2025;0.027408;0;0
C06;Faire ses repas, gouter, compotes sois même plutôt que d’acheter des plats préparés;Courses;FEUILLE;Feuille orange;feuille12;25/04/2025;1.260407;0;0.180058
C06;Faire ses repas, gouter, compotes sois même plutôt que d’acheter des plats préparés;Courses;FEUILLE;Feuille orange;feuille5;17/04/2025;1.260407;0;0.180058
C03;Acheter des fruits ou légumes de saison;Courses;FEUILLE;Feuille orange;feuille5;17/04/2025;6.932;0;0
D10;Ne pas acheter de bouteilles en plastique : boire à la gourde;Déchets;FEUILLE;Feuille orange;feuille5;17/04/2025;0.54243;0;0.21
D08;Utiliser les bacs de tri;Déchets;FEUILLE;Feuille orange;feuille5;17/04/2025;0.866962;0;0
D07;Vendre ou donner les vêtements. les objets. les jouets dont on ne veut plus (trop petits…);Déchets;FEUILLE;Feuille orange;feuille5;17/04/2025;0.017374;2500;0
D06;Prendre soin de ses affaires pour les faire durer plus longtemps (reboucher les feutres… ne pas casser. ne pas lancer…);Déchets;FEUILLE;Feuille orange;feuille5;17/04/2025;0.017374;0;0.183462
D04;Ramasser les papiers et les déchets par terre pour les mettre à la poubelle;Déchets;FEUILLE;Feuille orange;feuille5;17/04/2025;0.00947;0;0.1
D03;Ne pas jeter de déchets dans la nature (chewing-gums. sacs. canettes. bouteilles…);Déchets;FEUILLE;Feuille orange;feuille5;17/04/2025;0.424875;0;4.486538
D01;Limiter l'utilisation du papier : Utiliser les feuilles des 2 côtés / faire du brouillon / Utiliser l'ardoise pour chercher / Prendre du papier recyclé…;Déchets;FEUILLE;Feuille orange;feuille5;17/04/2025;0.009641;0;0.8
B01;Na pas cueillir de plante dans la nature;Biodiversité;FEUILLE;Feuille orange;feuille5;17/04/2025;0;0;0
W04;Tirer la petite chasse d’eau quand on fait pipi;Eau;FEUILLE;Feuille orange;feuille5;17/04/2025;0.006501;16.5;0
W02;Couper l’eau quand on se brosse les dents : mettre de l’eau dans un verre pour se rincer;Eau;FEUILLE;Feuille orange;feuille5;17/04/2025;0.05;28;0
W05;Prendre une douche plutôt qu'un bain;Eau;FEUILLE;Feuille orange;feuille5;17/04/2025;0.140658;357;0
T03;Préférer la marche ou le vélo plutôt que la voiture;Transport;FEUILLE;Feuille orange;feuille5;17/04/2025;0.506;0;0
E06;Préférer les piles rechargeables;Electricité;FEUILLE;Feuille orange;feuille5;17/04/2025;0.097538;0;0
E04;Eteindre les écrans (ordinateur. télévision. …) pour diminuer la consommation d’électricité;Electricité;FEUILLE;Feuille orange;feuille5;17/04/2025;0.15988;0;1
E11;Couvrir les casseroles lorsqu’on fait bouillir de l’eau ou pour cuire…;Electricité;FEUILLE;Feuille orange;feuille5;17/04/2025;0.00293;0;0
E08;Eteindre le chauffage lorsqu’on aère une pièce;Electricité;FEUILLE;Feuille orange;feuille5;17/04/2025;0.000173;0;0
C03;Acheter des fruits ou légumes de saison;Courses;FEUILLE;Feuille orange;feuille7;17/04/2025;6.932;0;0
D10;Ne pas acheter de bouteilles en plastique : boire à la gourde;Déchets;FEUILLE;Feuille orange;feuille7;17/04/2025;0.54243;0;0.21
D07;Vendre ou donner les vêtements. les objets. les jouets dont on ne veut plus (trop petits…);Déchets;FEUILLE;Feuille orange;feuille7;17/04/2025;0.017374;2500;0
W04;Tirer la petite chasse d’eau quand on fait pipi;Eau;FEUILLE;Feuille orange;feuille7;17/04/2025;0.006501;16.5;0
W02;Couper l’eau quand on se brosse les dents : mettre de l’eau dans un verre pour se rincer;Eau;FEUILLE;Feuille orange;feuille7;17/04/2025;0.05;28;0
W05;Prendre une douche plutôt qu'un bain;Eau;FEUILLE;Feuille orange;feuille7;17/04/2025;0.140658;357;0
T06;Couper le moteur de la voiture quand elle ne roule pas;Transport;FEUILLE;Feuille orange;feuille7;17/04/2025;1.518;0;0
E05;Préférer les ampoules à basse consommation;Electricité;FEUILLE;Feuille orange;feuille7;17/04/2025;0.072803;0;0
E10;Faire sécher son linge à l'air libre au lieu d'utiliser le sèche linge chaque fois qu'on peut;Electricité;FEUILLE;Feuille orange;feuille7;17/04/2025;0.413462;0;0
E08;Eteindre le chauffage lorsqu’on aère une pièce;Electricité;FEUILLE;Feuille orange;feuille7;17/04/2025;0.000173;0;0
E01;Eteindre la lumière quand on quitte une pièce. quand on n’en a pas besoin;Electricité;FEUILLE;Feuille orange;feuille7;17/04/2025;0.027408;0;0
D10;Ne pas acheter de bouteilles en plastique : boire à la gourde;Déchets;FEUILLE;Feuille orange;feuille14;17/04/2025;0.54243;0;0.21
D08;Utiliser les bacs de tri;Déchets;FEUILLE;Feuille orange;feuille14;17/04/2025;0.866962;0;0
D07;Vendre ou donner les vêtements. les objets. les jouets dont on ne veut plus (trop petits…);Déchets;FEUILLE;Feuille orange;feuille14;17/04/2025;0.017374;2500;0
B01;Na pas cueillir de plante dans la nature;Biodiversité;FEUILLE;Feuille orange;feuille14;17/04/2025;0;0;0
W04;Tirer la petite chasse d’eau quand on fait pipi;Eau;FEUILLE;Feuille orange;feuille14;17/04/2025;0.006501;16.5;0
W03;Ne pas faire couler l’eau trop longtemps quand on se lave les mains;Eau;FEUILLE;Feuille orange;feuille14;17/04/2025;0.004964;12.6;0
W02;Couper l’eau quand on se brosse les dents : mettre de l’eau dans un verre pour se rincer;Eau;FEUILLE;Feuille orange;feuille14;17/04/2025;0.05;28;0
W05;Prendre une douche plutôt qu'un bain;Eau;FEUILLE;Feuille orange;feuille14;17/04/2025;0.140658;357;0
T06;Couper le moteur de la voiture quand elle ne roule pas;Transport;FEUILLE;Feuille orange;feuille14;17/04/2025;1.518;0;0
E04;Eteindre les écrans (ordinateur. télévision. …) pour diminuer la consommation d’électricité;Electricité;FEUILLE;Feuille orange;feuille14;17/04/2025;0.15988;0;1
E02;Ouvrir les volets et ne pas allumer la lumière quand il fait jour dehors. ou éteindre lorsque la lumière extérieure le permet;Electricité;FEUILLE;Feuille orange;feuille14;17/04/2025;0.027408;0;0
E10;Faire sécher son linge à l'air libre au lieu d'utiliser le sèche linge chaque fois qu'on peut;Electricité;FEUILLE;Feuille orange;feuille14;17/04/2025;0.413462;0;0
E01;Eteindre la lumière quand on quitte une pièce. quand on n’en a pas besoin;Electricité;FEUILLE;Feuille orange;feuille14;17/04/2025;0.027408;0;0
C03;Acheter des fruits ou légumes de saison;Courses;FEUILLE;Feuille orange;feuille11;14/05/2025;6.932;0;0
D08;Utiliser les bacs de tri;Déchets;FEUILLE;Feuille orange;feuille11;14/05/2025;0.866962;0;0
D04;Ramasser les papiers et les déchets par terre pour les mettre à la poubelle;Déchets;FEUILLE;Feuille orange;feuille11;14/05/2025;0.00947;0;0.1
D02;Tout manger ce qu’il y a dans nos assiettes (cantine/maison);Déchets;FEUILLE;Feuille orange;feuille11;14/05/2025;2.453511;0;1.390385
B03;Donner à manger aux oiseaux dans son jardin ou sur son balcon;Biodiversité;FEUILLE;Feuille orange;feuille11;14/05/2025;0;0;0
W04;Tirer la petite chasse d’eau quand on fait pipi;Eau;FEUILLE;Feuille orange;feuille11;14/05/2025;0.006501;16.5;0
W02;Couper l’eau quand on se brosse les dents : mettre de l’eau dans un verre pour se rincer;Eau;FEUILLE;Feuille orange;feuille11;14/05/2025;0.05;28;0
T06;Couper le moteur de la voiture quand elle ne roule pas;Transport;FEUILLE;Feuille orange;feuille11;14/05/2025;1.518;0;0
E04;Eteindre les écrans (ordinateur. télévision. …) pour diminuer la consommation d’électricité;Electricité;FEUILLE;Feuille orange;feuille11;14/05/2025;0.15988;0;1
E10;Faire sécher son linge à l'air libre au lieu d'utiliser le sèche linge chaque fois qu'on peut;Electricité;FEUILLE;Feuille orange;feuille11;14/05/2025;0.413462;0;0
C06;Faire ses repas, gouter, compotes sois même plutôt que d’acheter des plats préparés;Courses;FEUILLE;Feuille orange;feuille12;21/06/2025;1.260407;0;0.180058
C03;Acheter des fruits ou légumes de saison;Courses;FEUILLE;Feuille orange;feuille12;21/06/2025;6.932;0;0
E04;Eteindre les écrans (ordinateur. télévision. …) pour diminuer la consommation d’électricité;Electricité;FEUILLE;Feuille orange;feuille12;21/06/2025;0.15988;0;1
E02;Ouvrir les volets et ne pas allumer la lumière quand il fait jour dehors. ou éteindre lorsque la lumière extérieure le permet;Electricité;FEUILLE;Feuille orange;feuille12;21/06/2025;0.027408;0;0
E11;Couvrir les casseroles lorsqu’on fait bouillir de l’eau ou pour cuire…;Electricité;FEUILLE;Feuille orange;feuille12;21/06/2025;0.00293;0;0
E10;Faire sécher son linge à l'air libre au lieu d'utiliser le sèche linge chaque fois qu'on peut;Electricité;FEUILLE;Feuille orange;feuille12;21/06/2025;0.413462;0;0
E01;Eteindre la lumière quand on quitte une pièce. quand on n’en a pas besoin;Electricité;FEUILLE;Feuille orange;feuille12;21/06/2025;0.027408;0;0
T03;Préférer la marche ou le vélo plutôt que la voiture;Transport;FEUILLE;Feuille orange;feuille12;21/06/2025;0.506;0;0
D11;Acheter des produits en vrac. éviter les emballages individuels…;Déchets;FEUILLE;Feuille orange;feuille12;21/06/2025;0.38;0;0.67
D07;Vendre ou donner les vêtements. les objets. les jouets dont on ne veut plus (trop petits…);Déchets;FEUILLE;Feuille orange;feuille12;21/06/2025;0.017374;2500;0
D03;Ne pas jeter de déchets dans la nature (chewing-gums. sacs. canettes. bouteilles…);Déchets;FEUILLE;Feuille orange;feuille12;21/06/2025;0.424875;0;4.486538
B03;Donner à manger aux oiseaux dans son jardin ou sur son balcon;Biodiversité;FEUILLE;Feuille orange;feuille12;21/06/2025;0;0;0
B01;Na pas cueillir de plante dans la nature;Biodiversité;FEUILLE;Feuille orange;feuille12;21/06/2025;0;0;0
W04;Tirer la petite chasse d’eau quand on fait pipi;Eau;FEUILLE;Feuille orange;feuille12;21/06/2025;0.006501;16.5;0
W02;Couper l’eau quand on se brosse les dents : mettre de l’eau dans un verre pour se rincer;Eau;FEUILLE;Feuille orange;feuille12;21/06/2025;0.05;28;0
W05;Prendre une douche plutôt qu'un bain;Eau;FEUILLE;Feuille orange;feuille12;21/06/2025;0.140658;357;0
T06;Couper le moteur de la voiture quand elle ne roule pas;Transport;FEUILLE;Feuille orange;feuille12;21/06/2025;1.518;0;0
D15;Economiser les mouchoirs en papier. l'essuie-tout et le papier toilette;Déchets;FEUILLE;Feuille orange;feuille12;21/06/2025;0.009591;0;0.8
D06;Prendre soin de ses affaires pour les faire durer plus longtemps (reboucher les feutres… ne pas casser. ne pas lancer…);Déchets;FEUILLE;Feuille orange;feuille12;21/06/2025;0.017374;0;0.183462
D01;Limiter l'utilisation du papier : Utiliser les feuilles des 2 côtés / faire du brouillon / Utiliser l'ardoise pour chercher / Prendre du papier recyclé…;Déchets;FEUILLE;Feuille orange;feuille12;21/06/2025;0.009641;0;0.8
B02;Ne pas tuer les araignées. les insectes (les mettre dehors…);Biodiversité;FEUILLE;Feuille orange;feuille12;21/06/2025;0;0;0
W07;Vider le reste de sa gourde dans les plantes;Eau;FEUILLE;Feuille orange;feuille12;21/06/2025;0;0.000013;0
W03;Ne pas faire couler l’eau trop longtemps quand on se lave les mains;Eau;FEUILLE;Feuille orange;feuille12;21/06/2025;0.004964;12.6;0
W01;Prendre des douches rapides;Eau;FEUILLE;Feuille orange;feuille12;21/06/2025;0.25;224;0
W02;Utiliser une seule dose de savon;Eau;FEUILLE;Feuille orange;feuille12;21/06/2025;0.05;28;0
C06;Faire ses repas, gouter, compotes sois même plutôt que d’acheter des plats préparés;Courses;BOURGEON;Bourgeon rose;bourgeon6;14/04/2025;1.260407;0;0.180058
C03;Acheter des fruits ou légumes de saison;Courses;BOURGEON;Bourgeon rose;bourgeon6;14/04/2025;6.932;0;0
C05;Faire soi-même ses produits d’entretien pour éviter les emballages;Courses;BOURGEON;Bourgeon rose;bourgeon6;14/04/2025;0.006;0;0.03
C06;Faire ses repas, gouter, compotes sois même plutôt que d’acheter des plats préparés;Courses;BOURGEON;Bourgeon rose;bourgeon5;14/04/2025;1.260407;0;0.180058
C05;Faire soi-même ses produits d’entretien pour éviter les emballages;Courses;BOURGEON;Bourgeon rose;bourgeon5;14/04/2025;0.006;0;0.03
C03;Acheter des fruits ou légumes de saison;Courses;BOURGEON;Bourgeon rose;bourgeon5;14/04/2025;6.932;0;0
C03;Acheter des fruits ou légumes de saison;Courses;BOURGEON;Bourgeon rose;bourgeon16;14/04/2025;6.932;0;0
B01;Na pas cueillir de plante dans la nature;Biodiversité;BOURGEON;Bourgeon rose;bourgeon16;14/04/2025;0;0;0
D10;Ne pas acheter de bouteilles en plastique : boire à la gourde;Déchets;BOURGEON;Bourgeon rose;bourgeon5;14/04/2025;0.54243;0;0.21
W04;Tirer la petite chasse d’eau quand on fait pipi;Eau;BOURGEON;Bourgeon rose;bourgeon16;14/04/2025;0.006501;16.5;0
W03;Ne pas faire couler l’eau trop longtemps quand on se lave les mains;Eau;BOURGEON;Bourgeon rose;bourgeon16;14/04/2025;0.004964;12.6;0
T03;Préférer la marche ou le vélo plutôt que la voiture;Transport;BOURGEON;Bourgeon rose;bourgeon16;14/04/2025;0.506;0;0
E05;Préférer les ampoules à basse consommation;Electricité;BOURGEON;Bourgeon rose;bourgeon16;14/04/2025;0.072803;0;0
T06;Couper le moteur de la voiture quand elle ne roule pas;Transport;BOURGEON;Bourgeon rose;bourgeon5;14/04/2025;1.518;0;0
T03;Préférer la marche ou le vélo plutôt que la voiture;Transport;BOURGEON;Bourgeon rose;bourgeon5;14/04/2025;0.506;0;0
D15;Economiser les mouchoirs en papier. l'essuie-tout et le papier toilette;Déchets;BOURGEON;Bourgeon rose;bourgeon5;14/04/2025;0.009591;0;0.8
D07;Vendre ou donner les vêtements. les objets. les jouets dont on ne veut plus (trop petits…);Déchets;BOURGEON;Bourgeon rose;bourgeon16;14/04/2025;0.017374;2500;0
D04;Ramasser les papiers et les déchets par terre pour les mettre à la poubelle;Déchets;BOURGEON;Bourgeon rose;bourgeon5;14/04/2025;0.00947;0;0.1
D04;Ramasser les papiers et les déchets par terre pour les mettre à la poubelle;Déchets;BOURGEON;Bourgeon rose;bourgeon16;14/04/2025;0.00947;0;0.1
D02;Tout manger ce qu’il y a dans nos assiettes (cantine/maison);Déchets;BOURGEON;Bourgeon rose;bourgeon5;14/04/2025;2.453511;0;1.390385
B03;Donner à manger aux oiseaux dans son jardin ou sur son balcon;Biodiversité;BOURGEON;Bourgeon rose;bourgeon5;14/04/2025;0;0;0
B01;Na pas cueillir de plante dans la nature;Biodiversité;BOURGEON;Bourgeon rose;bourgeon5;14/04/2025;0;0;0
W04;Tirer la petite chasse d’eau quand on fait pipi;Eau;BOURGEON;Bourgeon rose;bourgeon5;14/04/2025;0.006501;16.5;0
W02;Couper l’eau quand on se brosse les dents : mettre de l’eau dans un verre pour se rincer;Eau;BOURGEON;Bourgeon rose;bourgeon5;14/04/2025;0.05;28;0
W05;Prendre une douche plutôt qu'un bain;Eau;BOURGEON;Bourgeon rose;bourgeon5;14/04/2025;0.140658;357;0
E05;Préférer les ampoules à basse consommation;Electricité;BOURGEON;Bourgeon rose;bourgeon5;14/04/2025;0.072803;0;0
E04;Eteindre les écrans (ordinateur. télévision. …) pour diminuer la consommation d’électricité;Electricité;BOURGEON;Bourgeon rose;bourgeon5;14/04/2025;0.15988;0;1
E11;Couvrir les casseroles lorsqu’on fait bouillir de l’eau ou pour cuire…;Electricité;BOURGEON;Bourgeon rose;bourgeon5;14/04/2025;0.00293;0;0
E08;Eteindre le chauffage lorsqu’on aère une pièce;Electricité;BOURGEON;Bourgeon rose;bourgeon5;14/04/2025;0.000173;0;0
D01;Limiter l'utilisation du papier : Utiliser les feuilles des 2 côtés / faire du brouillon / Utiliser l'ardoise pour chercher / Prendre du papier recyclé…;Déchets;BOURGEON;Bourgeon rose;bourgeon5;14/04/2025;0.009641;0;0.8
C06;Faire ses repas, gouter, compotes sois même plutôt que d’acheter des plats préparés;Courses;BOURGEON;Bourgeon rose;bourgeon16;07/05/2025;1.260407;0;0.180058
D15;Economiser les mouchoirs en papier. l'essuie-tout et le papier toilette;Déchets;BOURGEON;Bourgeon rose;bourgeon16;07/05/2025;0.009591;0;0.8
D08;Utiliser les bacs de tri;Déchets;BOURGEON;Bourgeon rose;bourgeon16;07/05/2025;0.866962;0;0
D15;Economiser les mouchoirs en papier. l'essuie-tout et le papier toilette;Déchets;BOURGEON;Bourgeon rose;bourgeon1;15/05/2025;0.009591;0;0.8
D08;Utiliser les bacs de tri;Déchets;BOURGEON;Bourgeon rose;bourgeon1;15/05/2025;0.866962;0;0
D06;Prendre soin de ses affaires pour les faire durer plus longtemps (reboucher les feutres… ne pas casser. ne pas lancer…);Déchets;BOURGEON;Bourgeon rose;bourgeon1;15/05/2025;0.017374;0;0.183462
D03;Ne pas jeter de déchets dans la nature (chewing-gums. sacs. canettes. bouteilles…);Déchets;BOURGEON;Bourgeon rose;bourgeon1;15/05/2025;0.424875;0;4.486538
D02;Tout manger ce qu’il y a dans nos assiettes (cantine/maison);Déchets;BOURGEON;Bourgeon rose;bourgeon1;15/05/2025;2.453511;0;1.390385
C06;Faire ses repas, gouter, compotes sois même plutôt que d’acheter des plats préparés;Courses;BOURGEON;Bourgeon rose;bourgeon1;15/05/2025;1.260407;0;0.180058
C03;Acheter des fruits ou légumes de saison;Courses;BOURGEON;Bourgeon rose;bourgeon1;15/05/2025;6.932;0;0
W04;Tirer la petite chasse d’eau quand on fait pipi;Eau;BOURGEON;Bourgeon rose;bourgeon1;15/05/2025;0.006501;16.5;0
W02;Couper l’eau quand on se brosse les dents : mettre de l’eau dans un verre pour se rincer;Eau;BOURGEON;Bourgeon rose;bourgeon1;15/05/2025;0.05;28;0
W05;Prendre une douche plutôt qu'un bain;Eau;BOURGEON;Bourgeon rose;bourgeon1;15/05/2025;0.140658;357;0
D08;Utiliser les bacs de tri;Déchets;BOURGEON;Bourgeon rose;bourgeon5;14/04/2025;0.866962;0;0
D07;Vendre ou donner les vêtements. les objets. les jouets dont on ne veut plus (trop petits…);Déchets;BOURGEON;Bourgeon rose;bourgeon5;14/04/2025;0.017374;2500;0
W02;Couper l’eau quand on se brosse les dents : mettre de l’eau dans un verre pour se rincer;Eau;BOURGEON;Bourgeon rose;bourgeon16;14/04/2025;0.05;28;0
T06;Couper le moteur de la voiture quand elle ne roule pas;Transport;BOURGEON;Bourgeon rose;bourgeon16;14/04/2025;1.518;0;0
E02;Ouvrir les volets et ne pas allumer la lumière quand il fait jour dehors. ou éteindre lorsque la lumière extérieure le permet;Electricité;BOURGEON;Bourgeon rose;bourgeon16;14/04/2025;0.027408;0;0
E10;Faire sécher son linge à l'air libre au lieu d'utiliser le sèche linge chaque fois qu'on peut;Electricité;BOURGEON;Bourgeon rose;bourgeon16;14/04/2025;0.413462;0;0
D08;Utiliser les bacs de tri;Déchets;BOURGEON;Bourgeon rose;bourgeon16;14/04/2025;0.866962;0;0
D09;Faire du compost avec les déchets végétaux ou donner les restes alimentaires aux poules…;Déchets;BOURGEON;Bourgeon rose;bourgeon5;14/04/2025;0.0623;0;1.75
D06;Prendre soin de ses affaires pour les faire durer plus longtemps (reboucher les feutres… ne pas casser. ne pas lancer…);Déchets;BOURGEON;Bourgeon rose;bourgeon5;14/04/2025;0.017374;0;0.183462
D03;Ne pas jeter de déchets dans la nature (chewing-gums. sacs. canettes. bouteilles…);Déchets;BOURGEON;Bourgeon rose;bourgeon5;14/04/2025;0.424875;0;4.486538
D03;Ne pas jeter de déchets dans la nature (chewing-gums. sacs. canettes. bouteilles…);Déchets;BOURGEON;Bourgeon rose;bourgeon16;14/04/2025;0.424875;0;4.486538
B04;Faire un jardin potager;Biodiversité;BOURGEON;Bourgeon rose;bourgeon5;14/04/2025;4.48;0;0
B02;Ne pas tuer les araignées. les insectes (les mettre dehors…);Biodiversité;BOURGEON;Bourgeon rose;bourgeon5;14/04/2025;0;0;0
W07;Vider le reste de sa gourde dans les plantes;Eau;BOURGEON;Bourgeon rose;bourgeon5;14/04/2025;0;0.000013;0
W03;Ne pas faire couler l’eau trop longtemps quand on se lave les mains;Eau;BOURGEON;Bourgeon rose;bourgeon5;14/04/2025;0.004964;12.6;0
W01;Prendre des douches rapides;Eau;BOURGEON;Bourgeon rose;bourgeon5;14/04/2025;0.25;224;0
W02;Utiliser une seule dose de savon;Eau;BOURGEON;Bourgeon rose;bourgeon5;14/04/2025;0.05;28;0
D10;Ne pas acheter de bouteilles en plastique : boire à la gourde;Déchets;BOURGEON;Bourgeon rose;bourgeon16;14/04/2025;0.54243;0;0.21
E02;Ouvrir les volets et ne pas allumer la lumière quand il fait jour dehors. ou éteindre lorsque la lumière extérieure le permet;Electricité;BOURGEON;Bourgeon rose;bourgeon5;14/04/2025;0.027408;0;0
E10;Faire sécher son linge à l'air libre au lieu d'utiliser le sèche linge chaque fois qu'on peut;Electricité;BOURGEON;Bourgeon rose;bourgeon5;14/04/2025;0.413462;0;0
E01;Eteindre la lumière quand on quitte une pièce. quand on n’en a pas besoin;Electricité;BOURGEON;Bourgeon rose;bourgeon5;14/04/2025;0.027408;0;0
D10;Ne pas acheter de bouteilles en plastique : boire à la gourde;Déchets;BOURGEON;Bourgeon rose;bourgeon6;15/04/2025;0.54243;0;0.21
D08;Utiliser les bacs de tri;Déchets;BOURGEON;Bourgeon rose;bourgeon6;15/04/2025;0.866962;0;0
D11;Acheter des produits en vrac. éviter les emballages individuels…;Déchets;BOURGEON;Bourgeon rose;bourgeon6;15/04/2025;0.38;0;0.67
D03;Ne pas jeter de déchets dans la nature (chewing-gums. sacs. canettes. bouteilles…);Déchets;BOURGEON;Bourgeon rose;bourgeon6;15/04/2025;0.424875;0;4.486538
D07;Vendre ou donner les vêtements. les objets. les jouets dont on ne veut plus (trop petits…);Déchets;BOURGEON;Bourgeon rose;bourgeon6;15/04/2025;0.017374;2500;0
D15;Economiser les mouchoirs en papier. l'essuie-tout et le papier toilette;Déchets;BOURGEON;Bourgeon rose;bourgeon6;15/04/2025;0.009591;0;0.8
C03;Acheter des fruits ou légumes de saison;Courses;BOURGEON;Bourgeon rose;bourgeon16;07/05/2025;6.932;0;0
D11;Acheter des produits en vrac. éviter les emballages individuels…;Déchets;BOURGEON;Bourgeon rose;bourgeon16;07/05/2025;0.38;0;0.67
D10;Ne pas acheter de bouteilles en plastique : boire à la gourde;Déchets;BOURGEON;Bourgeon rose;bourgeon16;07/05/2025;0.54243;0;0.21
D11;Acheter des produits en vrac. éviter les emballages individuels…;Déchets;BOURGEON;Bourgeon rose;bourgeon1;15/05/2025;0.38;0;0.67
D10;Ne pas acheter de bouteilles en plastique : boire à la gourde;Déchets;BOURGEON;Bourgeon rose;bourgeon1;15/05/2025;0.54243;0;0.21
D07;Vendre ou donner les vêtements. les objets. les jouets dont on ne veut plus (trop petits…);Déchets;BOURGEON;Bourgeon rose;bourgeon1;15/05/2025;0.017374;2500;0
D04;Ramasser les papiers et les déchets par terre pour les mettre à la poubelle;Déchets;BOURGEON;Bourgeon rose;bourgeon1;15/05/2025;0.00947;0;0.1
D09;Faire du compost avec les déchets végétaux ou donner les restes alimentaires aux poules…;Déchets;BOURGEON;Bourgeon rose;bourgeon1;15/05/2025;0.0623;0;1.75
D01;Limiter l'utilisation du papier : Utiliser les feuilles des 2 côtés / faire du brouillon / Utiliser l'ardoise pour chercher / Prendre du papier recyclé…;Déchets;BOURGEON;Bourgeon rose;bourgeon1;15/05/2025;0.009641;0;0.8
C05;Faire soi-même ses produits d’entretien pour éviter les emballages;Courses;BOURGEON;Bourgeon rose;bourgeon1;15/05/2025;0.006;0;0.03
W07;Vider le reste de sa gourde dans les plantes;Eau;BOURGEON;Bourgeon rose;bourgeon1;15/05/2025;0;0.000013;0
W03;Ne pas faire couler l’eau trop longtemps quand on se lave les mains;Eau;BOURGEON;Bourgeon rose;bourgeon1;15/05/2025;0.004964;12.6;0
W01;Prendre des douches rapides;Eau;BOURGEON;Bourgeon rose;bourgeon1;15/05/2025;0.25;224;0
W02;Utiliser une seule dose de savon;Eau;BOURGEON;Bourgeon rose;bourgeon1;15/05/2025;0.05;28;0
D04;Ramasser les papiers et les déchets par terre pour les mettre à la poubelle;Déchets;BOURGEON;Bourgeon rose;bourgeon16;07/05/2025;0.00947;0;0.1
B02;Ne pas tuer les araignées. les insectes (les mettre dehors…);Biodiversité;BOURGEON;Bourgeon rose;bourgeon16;07/05/2025;0;0;0
W04;Tirer la petite chasse d’eau quand on fait pipi;Eau;BOURGEON;Bourgeon rose;bourgeon16;07/05/2025;0.006501;16.5;0
W02;Couper l’eau quand on se brosse les dents : mettre de l’eau dans un verre pour se rincer;Eau;BOURGEON;Bourgeon rose;bourgeon16;07/05/2025;0.05;28;0
T06;Couper le moteur de la voiture quand elle ne roule pas;Transport;BOURGEON;Bourgeon rose;bourgeon16;07/05/2025;1.518;0;0
E02;Ouvrir les volets et ne pas allumer la lumière quand il fait jour dehors. ou éteindre lorsque la lumière extérieure le permet;Electricité;BOURGEON;Bourgeon rose;bourgeon16;07/05/2025;0.027408;0;0
E08;Eteindre le chauffage lorsqu’on aère une pièce;Electricité;BOURGEON;Bourgeon rose;bourgeon16;07/05/2025;0.000173;0;0
C03;Acheter des fruits ou légumes de saison;Courses;BOURGEON;Bourgeon rose;bourgeon12;08/05/2025;6.932;0;0
D10;Ne pas acheter de bouteilles en plastique : boire à la gourde;Déchets;BOURGEON;Bourgeon rose;bourgeon12;08/05/2025;0.54243;0;0.21
D07;Vendre ou donner les vêtements. les objets. les jouets dont on ne veut plus (trop petits…);Déchets;BOURGEON;Bourgeon rose;bourgeon12;08/05/2025;0.017374;2500;0
D03;Ne pas jeter de déchets dans la nature (chewing-gums. sacs. canettes. bouteilles…);Déchets;BOURGEON;Bourgeon rose;bourgeon12;08/05/2025;0.424875;0;4.486538
D01;Limiter l'utilisation du papier : Utiliser les feuilles des 2 côtés / faire du brouillon / Utiliser l'ardoise pour chercher / Prendre du papier recyclé…;Déchets;BOURGEON;Bourgeon rose;bourgeon12;08/05/2025;0.009641;0;0.8
B02;Ne pas tuer les araignées. les insectes (les mettre dehors…);Biodiversité;BOURGEON;Bourgeon rose;bourgeon12;08/05/2025;0;0;0
W07;Vider le reste de sa gourde dans les plantes;Eau;BOURGEON;Bourgeon rose;bourgeon12;08/05/2025;0;0.000013;0
W03;Ne pas faire couler l’eau trop longtemps quand on se lave les mains;Eau;BOURGEON;Bourgeon rose;bourgeon12;08/05/2025;0.004964;12.6;0
W01;Prendre des douches rapides;Eau;BOURGEON;Bourgeon rose;bourgeon12;08/05/2025;0.25;224;0
W02;Utiliser une seule dose de savon;Eau;BOURGEON;Bourgeon rose;bourgeon12;08/05/2025;0.05;28;0
T06;Couper le moteur de la voiture quand elle ne roule pas;Transport;BOURGEON;Bourgeon rose;bourgeon12;08/05/2025;1.518;0;0
E05;Préférer les ampoules à basse consommation;Electricité;BOURGEON;Bourgeon rose;bourgeon12;08/05/2025;0.072803;0;0
E02;Ouvrir les volets et ne pas allumer la lumière quand il fait jour dehors. ou éteindre lorsque la lumière extérieure le permet;Electricité;BOURGEON;Bourgeon rose;bourgeon12;08/05/2025;0.027408;0;0
E10;Faire sécher son linge à l'air libre au lieu d'utiliser le sèche linge chaque fois qu'on peut;Electricité;BOURGEON;Bourgeon rose;bourgeon12;08/05/2025;0.413462;0;0
E01;Eteindre la lumière quand on quitte une pièce. quand on n’en a pas besoin;Electricité;BOURGEON;Bourgeon rose;bourgeon12;08/05/2025;0.027408;0;0
D03;Ne pas jeter de déchets dans la nature (chewing-gums. sacs. canettes. bouteilles…);Déchets;BOURGEON;Bourgeon rose;bourgeon16;07/05/2025;0.424875;0;4.486538
B01;Na pas cueillir de plante dans la nature;Biodiversité;BOURGEON;Bourgeon rose;bourgeon16;07/05/2025;0;0;0
W03;Ne pas faire couler l’eau trop longtemps quand on se lave les mains;Eau;BOURGEON;Bourgeon rose;bourgeon16;07/05/2025;0.004964;12.6;0
T03;Préférer la marche ou le vélo plutôt que la voiture;Transport;BOURGEON;Bourgeon rose;bourgeon16;07/05/2025;0.506;0;0
E04;Eteindre les écrans (ordinateur. télévision. …) pour diminuer la consommation d’électricité;Electricité;BOURGEON;Bourgeon rose;bourgeon16;07/05/2025;0.15988;0;1
E10;Faire sécher son linge à l'air libre au lieu d'utiliser le sèche linge chaque fois qu'on peut;Electricité;BOURGEON;Bourgeon rose;bourgeon16;07/05/2025;0.413462;0;0
E01;Eteindre la lumière quand on quitte une pièce. quand on n’en a pas besoin;Electricité;BOURGEON;Bourgeon rose;bourgeon16;07/05/2025;0.027408;0;0
D15;Economiser les mouchoirs en papier. l'essuie-tout et le papier toilette;Déchets;BOURGEON;Bourgeon rose;bourgeon12;08/05/2025;0.009591;0;0.8
D08;Utiliser les bacs de tri;Déchets;BOURGEON;Bourgeon rose;bourgeon12;08/05/2025;0.866962;0;0
D06;Prendre soin de ses affaires pour les faire durer plus longtemps (reboucher les feutres… ne pas casser. ne pas lancer…);Déchets;BOURGEON;Bourgeon rose;bourgeon12;08/05/2025;0.017374;0;0.183462
D02;Tout manger ce qu’il y a dans nos assiettes (cantine/maison);Déchets;BOURGEON;Bourgeon rose;bourgeon12;08/05/2025;2.453511;0;1.390385
B04;Faire un jardin potager;Biodiversité;BOURGEON;Bourgeon rose;bourgeon12;08/05/2025;4.48;0;0
B01;Na pas cueillir de plante dans la nature;Biodiversité;BOURGEON;Bourgeon rose;bourgeon12;08/05/2025;0;0;0
W04;Tirer la petite chasse d’eau quand on fait pipi;Eau;BOURGEON;Bourgeon rose;bourgeon12;08/05/2025;0.006501;16.5;0
W02;Couper l’eau quand on se brosse les dents : mettre de l’eau dans un verre pour se rincer;Eau;BOURGEON;Bourgeon rose;bourgeon12;08/05/2025;0.05;28;0
W05;Prendre une douche plutôt qu'un bain;Eau;BOURGEON;Bourgeon rose;bourgeon12;08/05/2025;0.140658;357;0
T03;Préférer la marche ou le vélo plutôt que la voiture;Transport;BOURGEON;Bourgeon rose;bourgeon12;08/05/2025;0.506;0;0
E06;Préférer les piles rechargeables;Electricité;BOURGEON;Bourgeon rose;bourgeon12;08/05/2025;0.097538;0;0
E04;Eteindre les écrans (ordinateur. télévision. …) pour diminuer la consommation d’électricité;Electricité;BOURGEON;Bourgeon rose;bourgeon12;08/05/2025;0.15988;0;1
E11;Couvrir les casseroles lorsqu’on fait bouillir de l’eau ou pour cuire…;Electricité;BOURGEON;Bourgeon rose;bourgeon12;08/05/2025;0.00293;0;0
E08;Eteindre le chauffage lorsqu’on aère une pièce;Electricité;BOURGEON;Bourgeon rose;bourgeon12;08/05/2025;0.000173;0;0
B03;Donner à manger aux oiseaux dans son jardin ou sur son balcon;Biodiversité;BOURGEON;Bourgeon rose;bourgeon15;23/04/2025;0;0;0
B02;Ne pas tuer les araignées. les insectes (les mettre dehors…);Biodiversité;BOURGEON;Bourgeon rose;bourgeon15;23/04/2025;0;0;0
W05;Prendre une douche plutôt qu'un bain;Eau;BOURGEON;Bourgeon rose;bourgeon15;23/04/2025;0.140658;357;0
C03;Acheter des fruits ou légumes de saison;Courses;BOURGEON;Bourgeon rose;bourgeon15;24/04/2025;6.932;0;0
E04;Eteindre les écrans (ordinateur. télévision. …) pour diminuer la consommation d’électricité;Electricité;BOURGEON;Bourgeon rose;bourgeon15;24/04/2025;0.15988;0;1
T06;Couper le moteur de la voiture quand elle ne roule pas;Transport;BOURGEON;Bourgeon rose;bourgeon15;24/04/2025;1.518;0;0
W04;Tirer la petite chasse d’eau quand on fait pipi;Eau;BOURGEON;Bourgeon rose;bourgeon15;24/04/2025;0.006501;16.5;0
W03;Ne pas faire couler l’eau trop longtemps quand on se lave les mains;Eau;BOURGEON;Bourgeon rose;bourgeon15;24/04/2025;0.004964;12.6;0
B01;Na pas cueillir de plante dans la nature;Biodiversité;BOURGEON;Bourgeon rose;bourgeon15;24/04/2025;0;0;0
E02;Ouvrir les volets et ne pas allumer la lumière quand il fait jour dehors. ou éteindre lorsque la lumière extérieure le permet;Electricité;BOURGEON;Bourgeon rose;bourgeon15;25/04/2025;0.027408;0;0
W02;Couper l’eau quand on se brosse les dents : mettre de l’eau dans un verre pour se rincer;Eau;BOURGEON;Bourgeon rose;bourgeon15;25/04/2025;0.05;28;0
W01;Prendre des douches rapides;Eau;BOURGEON;Bourgeon rose;bourgeon15;25/04/2025;0.25;224;0
W02;Utiliser une seule dose de savon;Eau;BOURGEON;Bourgeon rose;bourgeon15;25/04/2025;0.05;28;0
D09;Faire du compost avec les déchets végétaux ou donner les restes alimentaires aux poules…;Déchets;BOURGEON;Bourgeon rose;bourgeon15;25/04/2025;0.0623;0;1.75
D07;Vendre ou donner les vêtements. les objets. les jouets dont on ne veut plus (trop petits…);Déchets;BOURGEON;Bourgeon rose;bourgeon15;25/04/2025;0.017374;2500;0
D06;Prendre soin de ses affaires pour les faire durer plus longtemps (reboucher les feutres… ne pas casser. ne pas lancer…);Déchets;BOURGEON;Bourgeon rose;bourgeon15;25/04/2025;0.017374;0;0.183462
C06;Faire ses repas, gouter, compotes sois même plutôt que d’acheter des plats préparés;Courses;BOURGEON;Bourgeon rose;bourgeon5;16/04/2025;1.260407;0;0.180058
C03;Acheter des fruits ou légumes de saison;Courses;BOURGEON;Bourgeon rose;bourgeon5;16/04/2025;6.932;0;0
W07;Vider le reste de sa gourde dans les plantes;Eau;BOURGEON;Bourgeon rose;bourgeon14;16/04/2025;0;0.000013;0
W04;Tirer la petite chasse d’eau quand on fait pipi;Eau;BOURGEON;Bourgeon rose;bourgeon14;16/04/2025;0.006501;16.5;0
W03;Ne pas faire couler l’eau trop longtemps quand on se lave les mains;Eau;BOURGEON;Bourgeon rose;bourgeon14;16/04/2025;0.004964;12.6;0
W02;Couper l’eau quand on se brosse les dents : mettre de l’eau dans un verre pour se rincer;Eau;BOURGEON;Bourgeon rose;bourgeon14;16/04/2025;0.05;28;0
W01;Prendre des douches rapides;Eau;BOURGEON;Bourgeon rose;bourgeon14;16/04/2025;0.25;224;0
W05;Prendre une douche plutôt qu'un bain;Eau;BOURGEON;Bourgeon rose;bourgeon14;16/04/2025;0.140658;357;0
W02;Utiliser une seule dose de savon;Eau;BOURGEON;Bourgeon rose;bourgeon14;16/04/2025;0.05;28;0
D11;Acheter des produits en vrac. éviter les emballages individuels…;Déchets;BOURGEON;Bourgeon rose;bourgeon14;16/04/2025;0.38;0;0.67
D09;Faire du compost avec les déchets végétaux ou donner les restes alimentaires aux poules…;Déchets;BOURGEON;Bourgeon rose;bourgeon14;16/04/2025;0.0623;0;1.75
D08;Utiliser les bacs de tri;Déchets;BOURGEON;Bourgeon rose;bourgeon14;16/04/2025;0.866962;0;0
D07;Vendre ou donner les vêtements. les objets. les jouets dont on ne veut plus (trop petits…);Déchets;BOURGEON;Bourgeon rose;bourgeon14;16/04/2025;0.017374;2500;0
D06;Prendre soin de ses affaires pour les faire durer plus longtemps (reboucher les feutres… ne pas casser. ne pas lancer…);Déchets;BOURGEON;Bourgeon rose;bourgeon14;16/04/2025;0.017374;0;0.183462
D04;Ramasser les papiers et les déchets par terre pour les mettre à la poubelle;Déchets;BOURGEON;Bourgeon rose;bourgeon14;16/04/2025;0.00947;0;0.1
D03;Ne pas jeter de déchets dans la nature (chewing-gums. sacs. canettes. bouteilles…);Déchets;BOURGEON;Bourgeon rose;bourgeon14;16/04/2025;0.424875;0;4.486538
D01;Limiter l'utilisation du papier : Utiliser les feuilles des 2 côtés / faire du brouillon / Utiliser l'ardoise pour chercher / Prendre du papier recyclé…;Déchets;BOURGEON;Bourgeon rose;bourgeon14;16/04/2025;0.009641;0;0.8
D02;Tout manger ce qu’il y a dans nos assiettes (cantine/maison);Déchets;BOURGEON;Bourgeon rose;bourgeon14;16/04/2025;2.453511;0;1.390385
D10;Ne pas acheter de bouteilles en plastique : boire à la gourde;Déchets;BOURGEON;Bourgeon rose;bourgeon14;16/04/2025;0.54243;0;0.21
D15;Economiser les mouchoirs en papier. l'essuie-tout et le papier toilette;Déchets;BOURGEON;Bourgeon rose;bourgeon14;16/04/2025;0.009591;0;0.8
C06;Faire ses repas, gouter, compotes sois même plutôt que d’acheter des plats préparés;Courses;BOURGEON;Bourgeon rose;bourgeon14;16/04/2025;1.260407;0;0.180058
C05;Faire soi-même ses produits d’entretien pour éviter les emballages;Courses;BOURGEON;Bourgeon rose;bourgeon14;16/04/2025;0.006;0;0.03
C03;Acheter des fruits ou légumes de saison;Courses;BOURGEON;Bourgeon rose;bourgeon14;16/04/2025;6.932;0;0
D11;Acheter des produits en vrac. éviter les emballages individuels…;Déchets;BOURGEON;Bourgeon rose;bourgeon15;22/04/2025;0.38;0;0.67
D15;Economiser les mouchoirs en papier. l'essuie-tout et le papier toilette;Déchets;BOURGEON;Bourgeon rose;bourgeon15;22/04/2025;0.009591;0;0.8
D10;Ne pas acheter de bouteilles en plastique : boire à la gourde;Déchets;BOURGEON;Bourgeon rose;bourgeon15;22/04/2025;0.54243;0;0.21
D09;Faire du compost avec les déchets végétaux ou donner les restes alimentaires aux poules…;Déchets;BOURGEON;Bourgeon rose;bourgeon15;22/04/2025;0.0623;0;1.75
D07;Vendre ou donner les vêtements. les objets. les jouets dont on ne veut plus (trop petits…);Déchets;BOURGEON;Bourgeon rose;bourgeon15;22/04/2025;0.017374;2500;0
D06;Prendre soin de ses affaires pour les faire durer plus longtemps (reboucher les feutres… ne pas casser. ne pas lancer…);Déchets;BOURGEON;Bourgeon rose;bourgeon15;22/04/2025;0.017374;0;0.183462
D04;Ramasser les papiers et les déchets par terre pour les mettre à la poubelle;Déchets;BOURGEON;Bourgeon rose;bourgeon15;22/04/2025;0.00947;0;0.1
D03;Ne pas jeter de déchets dans la nature (chewing-gums. sacs. canettes. bouteilles…);Déchets;BOURGEON;Bourgeon rose;bourgeon15;22/04/2025;0.424875;0;4.486538
C06;Faire ses repas, gouter, compotes sois même plutôt que d’acheter des plats préparés;Courses;RACINE;Racine marron;racine13;05/06/2025;1.260407;0;0.180058
C03;Acheter des fruits ou légumes de saison;Courses;RACINE;Racine marron;racine13;05/06/2025;6.932;0;0
D15;Economiser les mouchoirs en papier. l'essuie-tout et le papier toilette;Déchets;RACINE;Racine marron;racine13;05/06/2025;0.009591;0;0.8
D09;Faire du compost avec les déchets végétaux ou donner les restes alimentaires aux poules…;Déchets;RACINE;Racine marron;racine13;05/06/2025;0.0623;0;1.75
D07;Vendre ou donner les vêtements. les objets. les jouets dont on ne veut plus (trop petits…);Déchets;RACINE;Racine marron;racine13;05/06/2025;0.017374;2500;0
D04;Ramasser les papiers et les déchets par terre pour les mettre à la poubelle;Déchets;RACINE;Racine marron;racine13;05/06/2025;0.00947;0;0.1
D02;Tout manger ce qu’il y a dans nos assiettes (cantine/maison);Déchets;RACINE;Racine marron;racine13;05/06/2025;2.453511;0;1.390385
B04;Faire un jardin potager;Biodiversité;RACINE;Racine marron;racine13;05/06/2025;4.48;0;0
B01;Na pas cueillir de plante dans la nature;Biodiversité;RACINE;Racine marron;racine13;05/06/2025;0;0;0
W04;Tirer la petite chasse d’eau quand on fait pipi;Eau;RACINE;Racine marron;racine13;05/06/2025;0.006501;16.5;0
W02;Couper l’eau quand on se brosse les dents : mettre de l’eau dans un verre pour se rincer;Eau;RACINE;Racine marron;racine13;05/06/2025;0.05;28;0
W05;Prendre une douche plutôt qu'un bain;Eau;RACINE;Racine marron;racine13;05/06/2025;0.140658;357;0
T03;Préférer la marche ou le vélo plutôt que la voiture;Transport;RACINE;Racine marron;racine13;05/06/2025;0.506;0;0
E05;Préférer les ampoules à basse consommation;Electricité;RACINE;Racine marron;racine13;05/06/2025;0.072803;0;0
E02;Ouvrir les volets et ne pas allumer la lumière quand il fait jour dehors. ou éteindre lorsque la lumière extérieure le permet;Electricité;RACINE;Racine marron;racine13;05/06/2025;0.027408;0;0
E10;Faire sécher son linge à l'air libre au lieu d'utiliser le sèche linge chaque fois qu'on peut;Electricité;RACINE;Racine marron;racine13;05/06/2025;0.413462;0;0
E01;Eteindre la lumière quand on quitte une pièce. quand on n’en a pas besoin;Electricité;RACINE;Racine marron;racine13;05/06/2025;0.027408;0;0
D11;Acheter des produits en vrac. éviter les emballages individuels…;Déchets;RACINE;Racine marron;racine4;07/06/2025;0.38;0;0.67
D10;Ne pas acheter de bouteilles en plastique : boire à la gourde;Déchets;RACINE;Racine marron;racine4;07/06/2025;0.54243;0;0.21
D07;Vendre ou donner les vêtements. les objets. les jouets dont on ne veut plus (trop petits…);Déchets;RACINE;Racine marron;racine4;07/06/2025;0.017374;2500;0
D04;Ramasser les papiers et les déchets par terre pour les mettre à la poubelle;Déchets;RACINE;Racine marron;racine4;07/06/2025;0.00947;0;0.1
D02;Tout manger ce qu’il y a dans nos assiettes (cantine/maison);Déchets;RACINE;Racine marron;racine4;07/06/2025;2.453511;0;1.390385
W03;Ne pas faire couler l’eau trop longtemps quand on se lave les mains;Eau;RACINE;Racine marron;racine4;07/06/2025;0.004964;12.6;0
W01;Prendre des douches rapides;Eau;RACINE;Racine marron;racine4;07/06/2025;0.25;224;0
W02;Utiliser une seule dose de savon;Eau;RACINE;Racine marron;racine4;07/06/2025;0.05;28;0
E02;Ouvrir les volets et ne pas allumer la lumière quand il fait jour dehors. ou éteindre lorsque la lumière extérieure le permet;Electricité;RACINE;Racine marron;racine4;07/06/2025;0.027408;0;0
E10;Faire sécher son linge à l'air libre au lieu d'utiliser le sèche linge chaque fois qu'on peut;Electricité;RACINE;Racine marron;racine4;07/06/2025;0.413462;0;0
E01;Eteindre la lumière quand on quitte une pièce. quand on n’en a pas besoin;Electricité;RACINE;Racine marron;racine4;07/06/2025;0.027408;0;0
T03;Préférer la marche ou le vélo plutôt que la voiture;Transport;RACINE;Racine marron;racine6;13/04/2025;0.506;0;0
T06;Couper le moteur de la voiture quand elle ne roule pas;Transport;RACINE;Racine marron;racine6;13/04/2025;1.518;0;0
T04;Faire du covoiturage;Transport;RACINE;Racine marron;racine6;13/04/2025;0.506;0;0
B03;Donner à manger aux oiseaux dans son jardin ou sur son balcon;Biodiversité;RACINE;Racine marron;racine6;13/04/2025;0;0;0
B02;Ne pas tuer les araignées. les insectes (les mettre dehors…);Biodiversité;RACINE;Racine marron;racine6;13/04/2025;0;0;0
B01;Na pas cueillir de plante dans la nature;Biodiversité;RACINE;Racine marron;racine6;13/04/2025;0;0;0
B04;Faire un jardin potager;Biodiversité;RACINE;Racine marron;racine6;13/04/2025;4.48;0;0
W07;Vider le reste de sa gourde dans les plantes;Eau;RACINE;Racine marron;racine6;13/04/2025;0;0.000013;0
W04;Tirer la petite chasse d’eau quand on fait pipi;Eau;RACINE;Racine marron;racine6;13/04/2025;0.006501;16.5;0
W03;Ne pas faire couler l’eau trop longtemps quand on se lave les mains;Eau;RACINE;Racine marron;racine6;13/04/2025;0.004964;12.6;0
W02;Couper l’eau quand on se brosse les dents : mettre de l’eau dans un verre pour se rincer;Eau;RACINE;Racine marron;racine6;13/04/2025;0.05;28;0
W01;Prendre des douches rapides;Eau;RACINE;Racine marron;racine6;13/04/2025;0.25;224;0
W02;Utiliser une seule dose de savon;Eau;RACINE;Racine marron;racine6;13/04/2025;0.05;28;0
E06;Préférer les piles rechargeables;Electricité;RACINE;Racine marron;racine6;13/04/2025;0.097538;0;0
E05;Préférer les ampoules à basse consommation;Electricité;RACINE;Racine marron;racine6;13/04/2025;0.072803;0;0
E04;Eteindre les écrans (ordinateur. télévision. …) pour diminuer la consommation d’électricité;Electricité;RACINE;Racine marron;racine6;13/04/2025;0.15988;0;1
E02;Ouvrir les volets et ne pas allumer la lumière quand il fait jour dehors. ou éteindre lorsque la lumière extérieure le permet;Electricité;RACINE;Racine marron;racine6;13/04/2025;0.027408;0;0
E11;Couvrir les casseroles lorsqu’on fait bouillir de l’eau ou pour cuire…;Electricité;RACINE;Racine marron;racine6;13/04/2025;0.00293;0;0
E10;Faire sécher son linge à l'air libre au lieu d'utiliser le sèche linge chaque fois qu'on peut;Electricité;RACINE;Racine marron;racine6;13/04/2025;0.413462;0;0
E08;Eteindre le chauffage lorsqu’on aère une pièce;Electricité;RACINE;Racine marron;racine6;13/04/2025;0.000173;0;0
E01;Eteindre la lumière quand on quitte une pièce. quand on n’en a pas besoin;Electricité;RACINE;Racine marron;racine6;13/04/2025;0.027408;0;0
D11;Acheter des produits en vrac. éviter les emballages individuels…;Déchets;RACINE;Racine marron;racine6;13/04/2025;0.38;0;0.67
D15;Economiser les mouchoirs en papier. l'essuie-tout et le papier toilette;Déchets;RACINE;Racine marron;racine6;13/04/2025;0.009591;0;0.8
D10;Ne pas acheter de bouteilles en plastique : boire à la gourde;Déchets;RACINE;Racine marron;racine6;13/04/2025;0.54243;0;0.21
D08;Utiliser les bacs de tri;Déchets;RACINE;Racine marron;racine6;13/04/2025;0.866962;0;0
D07;Vendre ou donner les vêtements. les objets. les jouets dont on ne veut plus (trop petits…);Déchets;RACINE;Racine marron;racine6;13/04/2025;0.017374;2500;0
D06;Prendre soin de ses affaires pour les faire durer plus longtemps (reboucher les feutres… ne pas casser. ne pas lancer…);Déchets;RACINE;Racine marron;racine6;13/04/2025;0.017374;0;0.183462
D04;Ramasser les papiers et les déchets par terre pour les mettre à la poubelle;Déchets;RACINE;Racine marron;racine6;13/04/2025;0.00947;0;0.1
D03;Ne pas jeter de déchets dans la nature (chewing-gums. sacs. canettes. bouteilles…);Déchets;RACINE;Racine marron;racine6;13/04/2025;0.424875;0;4.486538
D02;Tout manger ce qu’il y a dans nos assiettes (cantine/maison);Déchets;RACINE;Racine marron;racine6;13/04/2025;2.453511;0;1.390385
D01;Limiter l'utilisation du papier : Utiliser les feuilles des 2 côtés / faire du brouillon / Utiliser l'ardoise pour chercher / Prendre du papier recyclé…;Déchets;RACINE;Racine marron;racine6;13/04/2025;0.009641;0;0.8
C03;Acheter des fruits ou légumes de saison;Courses;RACINE;Racine marron;racine6;13/04/2025;6.932;0;0
C06;Faire ses repas, gouter, compotes sois même plutôt que d’acheter des plats préparés;Courses;RACINE;Racine marron;racine13;05/05/2025;1.260407;0;0.180058
D15;Economiser les mouchoirs en papier. l'essuie-tout et le papier toilette;Déchets;RACINE;Racine marron;racine13;05/05/2025;0.009591;0;0.8
D09;Faire du compost avec les déchets végétaux ou donner les restes alimentaires aux poules…;Déchets;RACINE;Racine marron;racine13;05/05/2025;0.0623;0;1.75
D07;Vendre ou donner les vêtements. les objets. les jouets dont on ne veut plus (trop petits…);Déchets;RACINE;Racine marron;racine13;05/05/2025;0.017374;2500;0
D04;Ramasser les papiers et les déchets par terre pour les mettre à la poubelle;Déchets;RACINE;Racine marron;racine13;05/05/2025;0.00947;0;0.1
D02;Tout manger ce qu’il y a dans nos assiettes (cantine/maison);Déchets;RACINE;Racine marron;racine13;05/05/2025;2.453511;0;1.390385
B04;Faire un jardin potager;Biodiversité;RACINE;Racine marron;racine13;05/05/2025;4.48;0;0
B01;Na pas cueillir de plante dans la nature;Biodiversité;RACINE;Racine marron;racine13;05/05/2025;0;0;0
W04;Tirer la petite chasse d’eau quand on fait pipi;Eau;RACINE;Racine marron;racine13;05/05/2025;0.006501;16.5;0
W02;Couper l’eau quand on se brosse les dents : mettre de l’eau dans un verre pour se rincer;Eau;RACINE;Racine marron;racine13;05/05/2025;0.05;28;0
W05;Prendre une douche plutôt qu'un bain;Eau;RACINE;Racine marron;racine13;05/05/2025;0.140658;357;0
T03;Préférer la marche ou le vélo plutôt que la voiture;Transport;RACINE;Racine marron;racine13;05/05/2025;0.506;0;0
E05;Préférer les ampoules à basse consommation;Electricité;RACINE;Racine marron;racine13;05/05/2025;0.072803;0;0
E02;Ouvrir les volets et ne pas allumer la lumière quand il fait jour dehors. ou éteindre lorsque la lumière extérieure le permet;Electricité;RACINE;Racine marron;racine13;05/05/2025;0.027408;0;0
E10;Faire sécher son linge à l'air libre au lieu d'utiliser le sèche linge chaque fois qu'on peut;Electricité;RACINE;Racine marron;racine13;05/05/2025;0.413462;0;0
E01;Eteindre la lumière quand on quitte une pièce. quand on n’en a pas besoin;Electricité;RACINE;Racine marron;racine13;05/05/2025;0.027408;0;0
C05;Faire soi-même ses produits d’entretien pour éviter les emballages;Courses;RACINE;Racine marron;racine13;05/06/2025;0.006;0;0.03
C03;Acheter des fruits ou légumes de saison;Courses;RACINE;Racine marron;racine9;15/05/2025;6.932;0;0
D10;Ne pas acheter de bouteilles en plastique : boire à la gourde;Déchets;RACINE;Racine marron;racine9;15/05/2025;0.54243;0;0.21
D08;Utiliser les bacs de tri;Déchets;RACINE;Racine marron;racine9;15/05/2025;0.866962;0;0
D03;Ne pas jeter de déchets dans la nature (chewing-gums. sacs. canettes. bouteilles…);Déchets;RACINE;Racine marron;racine9;15/05/2025;0.424875;0;4.486538
C06;Faire ses repas, gouter, compotes sois même plutôt que d’acheter des plats préparés;Courses;RACINE;Racine marron;racine13;15/05/2025;1.260407;0;0.180058
D11;Acheter des produits en vrac. éviter les emballages individuels…;Déchets;RACINE;Racine marron;racine13;05/06/2025;0.38;0;0.67
D10;Ne pas acheter de bouteilles en plastique : boire à la gourde;Déchets;RACINE;Racine marron;racine13;05/06/2025;0.54243;0;0.21
D08;Utiliser les bacs de tri;Déchets;RACINE;Racine marron;racine13;05/06/2025;0.866962;0;0
D06;Prendre soin de ses affaires pour les faire durer plus longtemps (reboucher les feutres… ne pas casser. ne pas lancer…);Déchets;RACINE;Racine marron;racine13;05/06/2025;0.017374;0;0.183462
D03;Ne pas jeter de déchets dans la nature (chewing-gums. sacs. canettes. bouteilles…);Déchets;RACINE;Racine marron;racine13;05/06/2025;0.424875;0;4.486538
T03;Préférer la marche ou le vélo plutôt que la voiture;Transport;RACINE;Racine marron;racine9;17/05/2025;0.506;0;0
B04;Faire un jardin potager;Biodiversité;RACINE;Racine marron;racine9;17/05/2025;4.48;0;0
W04;Tirer la petite chasse d’eau quand on fait pipi;Eau;RACINE;Racine marron;racine9;17/05/2025;0.006501;16.5;0
W02;Couper l’eau quand on se brosse les dents : mettre de l’eau dans un verre pour se rincer;Eau;RACINE;Racine marron;racine9;17/05/2025;0.05;28;0
E04;Eteindre les écrans (ordinateur. télévision. …) pour diminuer la consommation d’électricité;Electricité;RACINE;Racine marron;racine9;18/05/2025;0.15988;0;1
E10;Faire sécher son linge à l'air libre au lieu d'utiliser le sèche linge chaque fois qu'on peut;Electricité;RACINE;Racine marron;racine9;18/05/2025;0.413462;0;0
D01;Limiter l'utilisation du papier : Utiliser les feuilles des 2 côtés / faire du brouillon / Utiliser l'ardoise pour chercher / Prendre du papier recyclé…;Déchets;RACINE;Racine marron;racine13;05/06/2025;0.009641;0;0.8
B02;Ne pas tuer les araignées. les insectes (les mettre dehors…);Biodiversité;RACINE;Racine marron;racine13;05/06/2025;0;0;0
W07;Vider le reste de sa gourde dans les plantes;Eau;RACINE;Racine marron;racine13;05/06/2025;0;0.000013;0
W03;Ne pas faire couler l’eau trop longtemps quand on se lave les mains;Eau;RACINE;Racine marron;racine13;05/06/2025;0.004964;12.6;0
W01;Prendre des douches rapides;Eau;RACINE;Racine marron;racine13;05/06/2025;0.25;224;0
W02;Utiliser une seule dose de savon;Eau;RACINE;Racine marron;racine13;05/06/2025;0.05;28;0
E06;Préférer les piles rechargeables;Electricité;RACINE;Racine marron;racine13;05/06/2025;0.097538;0;0
E04;Eteindre les écrans (ordinateur. télévision. …) pour diminuer la consommation d’électricité;Electricité;RACINE;Racine marron;racine13;05/06/2025;0.15988;0;1
E11;Couvrir les casseroles lorsqu’on fait bouillir de l’eau ou pour cuire…;Electricité;RACINE;Racine marron;racine13;05/06/2025;0.00293;0;0
E08;Eteindre le chauffage lorsqu’on aère une pièce;Electricité;RACINE;Racine marron;racine13;05/06/2025;0.000173;0;0
C03;Acheter des fruits ou légumes de saison;Courses;RACINE;Racine marron;racine4;07/06/2025;6.932;0;0
D15;Economiser les mouchoirs en papier. l'essuie-tout et le papier toilette;Déchets;RACINE;Racine marron;racine4;07/06/2025;0.009591;0;0.8
D08;Utiliser les bacs de tri;Déchets;RACINE;Racine marron;racine4;07/06/2025;0.866962;0;0
D06;Prendre soin de ses affaires pour les faire durer plus longtemps (reboucher les feutres… ne pas casser. ne pas lancer…);Déchets;RACINE;Racine marron;racine4;07/06/2025;0.017374;0;0.183462
D03;Ne pas jeter de déchets dans la nature (chewing-gums. sacs. canettes. bouteilles…);Déchets;RACINE;Racine marron;racine4;07/06/2025;0.424875;0;4.486538
W04;Tirer la petite chasse d’eau quand on fait pipi;Eau;RACINE;Racine marron;racine4;07/06/2025;0.006501;16.5;0
W02;Couper l’eau quand on se brosse les dents : mettre de l’eau dans un verre pour se rincer;Eau;RACINE;Racine marron;racine4;07/06/2025;0.05;28;0
W05;Prendre une douche plutôt qu'un bain;Eau;RACINE;Racine marron;racine4;07/06/2025;0.140658;357;0
T06;Couper le moteur de la voiture quand elle ne roule pas;Transport;RACINE;Racine marron;racine4;07/06/2025;1.518;0;0
E11;Couvrir les casseroles lorsqu’on fait bouillir de l’eau ou pour cuire…;Electricité;RACINE;Racine marron;racine4;07/06/2025;0.00293;0;0
E08;Eteindre le chauffage lorsqu’on aère une pièce;Electricité;RACINE;Racine marron;racine4;07/06/2025;0.000173;0;0
C03;Acheter des fruits ou légumes de saison;Courses;RACINE;Racine marron;racine13;05/05/2025;6.932;0;0
D10;Ne pas acheter de bouteilles en plastique : boire à la gourde;Déchets;RACINE;Racine marron;racine13;05/05/2025;0.54243;0;0.21
D08;Utiliser les bacs de tri;Déchets;RACINE;Racine marron;racine13;05/05/2025;0.866962;0;0
D06;Prendre soin de ses affaires pour les faire durer plus longtemps (reboucher les feutres… ne pas casser. ne pas lancer…);Déchets;RACINE;Racine marron;racine13;05/05/2025;0.017374;0;0.183462
D03;Ne pas jeter de déchets dans la nature (chewing-gums. sacs. canettes. bouteilles…);Déchets;RACINE;Racine marron;racine13;05/05/2025;0.424875;0;4.486538
D01;Limiter l'utilisation du papier : Utiliser les feuilles des 2 côtés / faire du brouillon / Utiliser l'ardoise pour chercher / Prendre du papier recyclé…;Déchets;RACINE;Racine marron;racine13;05/05/2025;0.009641;0;0.8
B02;Ne pas tuer les araignées. les insectes (les mettre dehors…);Biodiversité;RACINE;Racine marron;racine13;05/05/2025;0;0;0
W07;Vider le reste de sa gourde dans les plantes;Eau;RACINE;Racine marron;racine13;05/05/2025;0;0.000013;0
W03;Ne pas faire couler l’eau trop longtemps quand on se lave les mains;Eau;RACINE;Racine marron;racine13;05/05/2025;0.004964;12.6;0
W01;Prendre des douches rapides;Eau;RACINE;Racine marron;racine13;05/05/2025;0.25;224;0
W02;Utiliser une seule dose de savon;Eau;RACINE;Racine marron;racine13;05/05/2025;0.05;28;0
E06;Préférer les piles rechargeables;Electricité;RACINE;Racine marron;racine13;05/05/2025;0.097538;0;0
E04;Eteindre les écrans (ordinateur. télévision. …) pour diminuer la consommation d’électricité;Electricité;RACINE;Racine marron;racine13;05/05/2025;0.15988;0;1
E11;Couvrir les casseroles lorsqu’on fait bouillir de l’eau ou pour cuire…;Electricité;RACINE;Racine marron;racine13;05/05/2025;0.00293;0;0
E08;Eteindre le chauffage lorsqu’on aère une pièce;Electricité;RACINE;Racine marron;racine13;05/05/2025;0.000173;0;0
D11;Acheter des produits en vrac. éviter les emballages individuels…;Déchets;RACINE;Racine marron;racine9;15/05/2025;0.38;0;0.67
D09;Faire du compost avec les déchets végétaux ou donner les restes alimentaires aux poules…;Déchets;RACINE;Racine marron;racine9;15/05/2025;0.0623;0;1.75
D07;Vendre ou donner les vêtements. les objets. les jouets dont on ne veut plus (trop petits…);Déchets;RACINE;Racine marron;racine9;15/05/2025;0.017374;2500;0
D01;Limiter l'utilisation du papier : Utiliser les feuilles des 2 côtés / faire du brouillon / Utiliser l'ardoise pour chercher / Prendre du papier recyclé…;Déchets;RACINE;Racine marron;racine9;15/05/2025;0.009641;0;0.8
C03;Acheter des fruits ou légumes de saison;Courses;RACINE;Racine marron;racine13;15/05/2025;6.932;0;0
T06;Couper le moteur de la voiture quand elle ne roule pas;Transport;RACINE;Racine marron;racine9;17/05/2025;1.518;0;0
B02;Ne pas tuer les araignées. les insectes (les mettre dehors…);Biodiversité;RACINE;Racine marron;racine9;17/05/2025;0;0;0
W03;Ne pas faire couler l’eau trop longtemps quand on se lave les mains;Eau;RACINE;Racine marron;racine9;17/05/2025;0.004964;12.6;0
E05;Préférer les ampoules à basse consommation;Electricité;RACINE;Racine marron;racine9;17/05/2025;0.072803;0;0
E02;Ouvrir les volets et ne pas allumer la lumière quand il fait jour dehors. ou éteindre lorsque la lumière extérieure le permet;Electricité;RACINE;Racine marron;racine9;18/05/2025;0.027408;0;0
E10;Faire sécher son linge à l'air libre au lieu d'utiliser le sèche linge chaque fois qu'on peut;Electricité;RACINE;Racine marron;racine2;09/05/2025;0.413462;0;0
E01;Eteindre la lumière quand on quitte une pièce. quand on n’en a pas besoin;Electricité;RACINE;Racine marron;racine2;09/05/2025;0.027408;0;0
C06;Faire ses repas, gouter, compotes sois même plutôt que d’acheter des plats préparés;Courses;RACINE;Racine marron;racine2;09/05/2025;1.260407;0;0.180058
C03;Acheter des fruits ou légumes de saison;Courses;RACINE;Racine marron;racine2;09/05/2025;6.932;0;0
D07;Vendre ou donner les vêtements. les objets. les jouets dont on ne veut plus (trop petits…);Déchets;RACINE;Racine marron;racine2;09/05/2025;0.017374;2500;0
D04;Ramasser les papiers et les déchets par terre pour les mettre à la poubelle;Déchets;RACINE;Racine marron;racine2;09/05/2025;0.00947;0;0.1
B02;Ne pas tuer les araignées. les insectes (les mettre dehors…);Biodiversité;RACINE;Racine marron;racine2;09/05/2025;0;0;0
W04;Tirer la petite chasse d’eau quand on fait pipi;Eau;RACINE;Racine marron;racine2;09/05/2025;0.006501;16.5;0
W02;Couper l’eau quand on se brosse les dents : mettre de l’eau dans un verre pour se rincer;Eau;RACINE;Racine marron;racine2;09/05/2025;0.05;28;0
W05;Prendre une douche plutôt qu'un bain;Eau;RACINE;Racine marron;racine2;09/05/2025;0.140658;357;0
T06;Couper le moteur de la voiture quand elle ne roule pas;Transport;RACINE;Racine marron;racine2;10/05/2025;1.518;0;0
E02;Ouvrir les volets et ne pas allumer la lumière quand il fait jour dehors. ou éteindre lorsque la lumière extérieure le permet;Electricité;RACINE;Racine marron;racine2;09/05/2025;0.027408;0;0
E08;Eteindre le chauffage lorsqu’on aère une pièce;Electricité;RACINE;Racine marron;racine2;09/05/2025;0.000173;0;0
T03;Préférer la marche ou le vélo plutôt que la voiture;Transport;RACINE;Racine marron;racine2;09/05/2025;0.506;0;0
C05;Faire soi-même ses produits d’entretien pour éviter les emballages;Courses;RACINE;Racine marron;racine2;09/05/2025;0.006;0;0.03
D08;Utiliser les bacs de tri;Déchets;RACINE;Racine marron;racine2;09/05/2025;0.866962;0;0
D06;Prendre soin de ses affaires pour les faire durer plus longtemps (reboucher les feutres… ne pas casser. ne pas lancer…);Déchets;RACINE;Racine marron;racine2;09/05/2025;0.017374;0;0.183462
D02;Tout manger ce qu’il y a dans nos assiettes (cantine/maison);Déchets;RACINE;Racine marron;racine2;09/05/2025;2.453511;0;1.390385
B01;Na pas cueillir de plante dans la nature;Biodiversité;RACINE;Racine marron;racine2;09/05/2025;0;0;0
W03;Ne pas faire couler l’eau trop longtemps quand on se lave les mains;Eau;RACINE;Racine marron;racine2;09/05/2025;0.004964;12.6;0
W01;Prendre des douches rapides;Eau;RACINE;Racine marron;racine2;09/05/2025;0.25;224;0
W02;Utiliser une seule dose de savon;Eau;RACINE;Racine marron;racine2;09/05/2025;0.05;28;0
C03;Acheter des fruits ou légumes de saison;Courses;RACINE;Racine marron;racine13;23/04/2025;6.932;0;0
D10;Ne pas acheter de bouteilles en plastique : boire à la gourde;Déchets;RACINE;Racine marron;racine13;23/04/2025;0.54243;0;0.21
D09;Faire du compost avec les déchets végétaux ou donner les restes alimentaires aux poules…;Déchets;RACINE;Racine marron;racine13;23/04/2025;0.0623;0;1.75
D08;Utiliser les bacs de tri;Déchets;RACINE;Racine marron;racine13;23/04/2025;0.866962;0;0
D07;Vendre ou donner les vêtements. les objets. les jouets dont on ne veut plus (trop petits…);Déchets;RACINE;Racine marron;racine13;23/04/2025;0.017374;2500;0
D04;Ramasser les papiers et les déchets par terre pour les mettre à la poubelle;Déchets;RACINE;Racine marron;racine13;23/04/2025;0.00947;0;0.1
D03;Ne pas jeter de déchets dans la nature (chewing-gums. sacs. canettes. bouteilles…);Déchets;RACINE;Racine marron;racine13;23/04/2025;0.424875;0;4.486538
D02;Tout manger ce qu’il y a dans nos assiettes (cantine/maison);Déchets;RACINE;Racine marron;racine13;23/04/2025;2.453511;0;1.390385
D01;Limiter l'utilisation du papier : Utiliser les feuilles des 2 côtés / faire du brouillon / Utiliser l'ardoise pour chercher / Prendre du papier recyclé…;Déchets;RACINE;Racine marron;racine13;23/04/2025;0.009641;0;0.8
B04;Faire un jardin potager;Biodiversité;RACINE;Racine marron;racine13;23/04/2025;4.48;0;0
B02;Ne pas tuer les araignées. les insectes (les mettre dehors…);Biodiversité;RACINE;Racine marron;racine13;23/04/2025;0;0;0
B01;Na pas cueillir de plante dans la nature;Biodiversité;RACINE;Racine marron;racine13;23/04/2025;0;0;0
W07;Vider le reste de sa gourde dans les plantes;Eau;RACINE;Racine marron;racine13;23/04/2025;0;0.000013;0
W04;Tirer la petite chasse d’eau quand on fait pipi;Eau;RACINE;Racine marron;racine13;23/04/2025;0.006501;16.5;0
W03;Ne pas faire couler l’eau trop longtemps quand on se lave les mains;Eau;RACINE;Racine marron;racine13;23/04/2025;0.004964;12.6;0
W02;Couper l’eau quand on se brosse les dents : mettre de l’eau dans un verre pour se rincer;Eau;RACINE;Racine marron;racine13;23/04/2025;0.05;28;0
W01;Prendre des douches rapides;Eau;RACINE;Racine marron;racine13;23/04/2025;0.25;224;0
W05;Prendre une douche plutôt qu'un bain;Eau;RACINE;Racine marron;racine13;23/04/2025;0.140658;357;0
E06;Préférer les piles rechargeables;Electricité;RACINE;Racine marron;racine13;23/04/2025;0.097538;0;0
E02;Ouvrir les volets et ne pas allumer la lumière quand il fait jour dehors. ou éteindre lorsque la lumière extérieure le permet;Electricité;RACINE;Racine marron;racine13;23/04/2025;0.027408;0;0
E11;Couvrir les casseroles lorsqu’on fait bouillir de l’eau ou pour cuire…;Electricité;RACINE;Racine marron;racine13;23/04/2025;0.00293;0;0
E10;Faire sécher son linge à l'air libre au lieu d'utiliser le sèche linge chaque fois qu'on peut;Electricité;RACINE;Racine marron;racine13;23/04/2025;0.413462;0;0
E08;Eteindre le chauffage lorsqu’on aère une pièce;Electricité;RACINE;Racine marron;racine13;23/04/2025;0.000173;0;0
E01;Eteindre la lumière quand on quitte une pièce. quand on n’en a pas besoin;Electricité;RACINE;Racine marron;racine13;23/04/2025;0.027408;0;0
D09;Faire du compost avec les déchets végétaux ou donner les restes alimentaires aux poules…;Déchets;RACINE;Racine marron;racine10;14/05/2025;0.0623;0;1.75
D04;Ramasser les papiers et les déchets par terre pour les mettre à la poubelle;Déchets;RACINE;Racine marron;racine10;14/05/2025;0.00947;0;0.1
C03;Acheter des fruits ou légumes de saison;Courses;RACINE;Racine marron;racine10;16/04/2025;6.932;0;0
D10;Ne pas acheter de bouteilles en plastique : boire à la gourde;Déchets;RACINE;Racine marron;racine10;16/04/2025;0.54243;0;0.21
D08;Utiliser les bacs de tri;Déchets;RACINE;Racine marron;racine10;16/04/2025;0.866962;0;0
B04;Faire un jardin potager;Biodiversité;RACINE;Racine marron;racine10;16/04/2025;4.48;0;0
B03;Donner à manger aux oiseaux dans son jardin ou sur son balcon;Biodiversité;RACINE;Racine marron;racine10;16/04/2025;0;0;0
W04;Tirer la petite chasse d’eau quand on fait pipi;Eau;RACINE;Racine marron;racine10;16/04/2025;0.006501;16.5;0
W02;Couper l’eau quand on se brosse les dents : mettre de l’eau dans un verre pour se rincer;Eau;RACINE;Racine marron;racine10;16/04/2025;0.05;28;0
W02;Utiliser une seule dose de savon;Eau;RACINE;Racine marron;racine10;16/04/2025;0.05;28;0
T03;Préférer la marche ou le vélo plutôt que la voiture;Transport;RACINE;Racine marron;racine10;16/04/2025;0.506;0;0
T06;Couper le moteur de la voiture quand elle ne roule pas;Transport;RACINE;Racine marron;racine10;16/04/2025;1.518;0;0
E06;Préférer les piles rechargeables;Electricité;RACINE;Racine marron;racine10;16/04/2025;0.097538;0;0
E05;Préférer les ampoules à basse consommation;Electricité;RACINE;Racine marron;racine10;16/04/2025;0.072803;0;0
E02;Ouvrir les volets et ne pas allumer la lumière quand il fait jour dehors. ou éteindre lorsque la lumière extérieure le permet;Electricité;RACINE;Racine marron;racine10;16/04/2025;0.027408;0;0
E11;Couvrir les casseroles lorsqu’on fait bouillir de l’eau ou pour cuire…;Electricité;RACINE;Racine marron;racine10;16/04/2025;0.00293;0;0
E01;Eteindre la lumière quand on quitte une pièce. quand on n’en a pas besoin;Electricité;RACINE;Racine marron;racine10;16/04/2025;0.027408;0;0
C06;Faire ses repas, gouter, compotes sois même plutôt que d’acheter des plats préparés;Courses;RACINE;Racine marron;racine10;16/04/2025;1.260407;0;0.180058
D07;Vendre ou donner les vêtements. les objets. les jouets dont on ne veut plus (trop petits…);Déchets;RACINE;Racine marron;racine10;16/04/2025;0.017374;2500;0
D03;Ne pas jeter de déchets dans la nature (chewing-gums. sacs. canettes. bouteilles…);Déchets;RACINE;Racine marron;racine10;16/04/2025;0.424875;0;4.486538
D02;Tout manger ce qu’il y a dans nos assiettes (cantine/maison);Déchets;RACINE;Racine marron;racine10;16/04/2025;2.453511;0;1.390385
D01;Limiter l'utilisation du papier : Utiliser les feuilles des 2 côtés / faire du brouillon / Utiliser l'ardoise pour chercher / Prendre du papier recyclé…;Déchets;RACINE;Racine marron;racine10;16/04/2025;0.009641;0;0.8
T06;Couper le moteur de la voiture quand elle ne roule pas;Transport;RACINE;Racine marron;racine16;16/04/2025;1.518;0;0
T04;Faire du covoiturage;Transport;RACINE;Racine marron;racine16;16/04/2025;0.506;0;0
T03;Préférer la marche ou le vélo plutôt que la voiture;Transport;RACINE;Racine marron;racine16;16/04/2025;0.506;0;0
C03;Acheter des fruits ou légumes de saison;Courses;RACINE;Racine marron;racine16;16/04/2025;6.932;0;0
D08;Utiliser les bacs de tri;Déchets;RACINE;Racine marron;racine16;16/04/2025;0.866962;0;0
D15;Economiser les mouchoirs en papier. l'essuie-tout et le papier toilette;Déchets;RACINE;Racine marron;racine16;16/04/2025;0.009591;0;0.8
D07;Vendre ou donner les vêtements. les objets. les jouets dont on ne veut plus (trop petits…);Déchets;RACINE;Racine marron;racine16;16/04/2025;0.017374;2500;0
D06;Prendre soin de ses affaires pour les faire durer plus longtemps (reboucher les feutres… ne pas casser. ne pas lancer…);Déchets;RACINE;Racine marron;racine16;16/04/2025;0.017374;0;0.183462
D04;Ramasser les papiers et les déchets par terre pour les mettre à la poubelle;Déchets;RACINE;Racine marron;racine16;16/04/2025;0.00947;0;0.1
D03;Ne pas jeter de déchets dans la nature (chewing-gums. sacs. canettes. bouteilles…);Déchets;RACINE;Racine marron;racine16;16/04/2025;0.424875;0;4.486538
D02;Tout manger ce qu’il y a dans nos assiettes (cantine/maison);Déchets;RACINE;Racine marron;racine16;16/04/2025;2.453511;0;1.390385
D01;Limiter l'utilisation du papier : Utiliser les feuilles des 2 côtés / faire du brouillon / Utiliser l'ardoise pour chercher / Prendre du papier recyclé…;Déchets;RACINE;Racine marron;racine16;16/04/2025;0.009641;0;0.8
B04;Faire un jardin potager;Biodiversité;RACINE;Racine marron;racine16;16/04/2025;4.48;0;0
B02;Ne pas tuer les araignées. les insectes (les mettre dehors…);Biodiversité;RACINE;Racine marron;racine16;16/04/2025;0;0;0
W04;Tirer la petite chasse d’eau quand on fait pipi;Eau;RACINE;Racine marron;racine16;16/04/2025;0.006501;16.5;0
W03;Ne pas faire couler l’eau trop longtemps quand on se lave les mains;Eau;RACINE;Racine marron;racine16;16/04/2025;0.004964;12.6;0
W05;Prendre une douche plutôt qu'un bain;Eau;RACINE;Racine marron;racine16;16/04/2025;0.140658;357;0
W01;Prendre des douches rapides;Eau;RACINE;Racine marron;racine16;16/04/2025;0.25;224;0
W02;Couper l’eau quand on se brosse les dents : mettre de l’eau dans un verre pour se rincer;Eau;RACINE;Racine marron;racine16;16/04/2025;0.05;28;0
W02;Utiliser une seule dose de savon;Eau;RACINE;Racine marron;racine16;16/04/2025;0.05;28;0
E06;Préférer les piles rechargeables;Electricité;RACINE;Racine marron;racine16;16/04/2025;0.097538;0;0
E05;Préférer les ampoules à basse consommation;Electricité;RACINE;Racine marron;racine16;16/04/2025;0.072803;0;0
E04;Eteindre les écrans (ordinateur. télévision. …) pour diminuer la consommation d’électricité;Electricité;RACINE;Racine marron;racine16;16/04/2025;0.15988;0;1
E02;Ouvrir les volets et ne pas allumer la lumière quand il fait jour dehors. ou éteindre lorsque la lumière extérieure le permet;Electricité;RACINE;Racine marron;racine16;16/04/2025;0.027408;0;0
E11;Couvrir les casseroles lorsqu’on fait bouillir de l’eau ou pour cuire…;Electricité;RACINE;Racine marron;racine16;16/04/2025;0.00293;0;0
E10;Faire sécher son linge à l'air libre au lieu d'utiliser le sèche linge chaque fois qu'on peut;Electricité;RACINE;Racine marron;racine16;16/04/2025;0.413462;0;0
E08;Eteindre le chauffage lorsqu’on aère une pièce;Electricité;RACINE;Racine marron;racine16;16/04/2025;0.000173;0;0
E01;Eteindre la lumière quand on quitte une pièce. quand on n’en a pas besoin;Electricité;RACINE;Racine marron;racine16;16/04/2025;0.027408;0;0
W07;Vider le reste de sa gourde dans les plantes;Eau;RACINE;Racine marron;racine10;14/05/2025;0;0.000013;0
D02;Tout manger ce qu’il y a dans nos assiettes (cantine/maison);Déchets;RACINE;Racine marron;racine10;14/05/2025;2.453511;0;1.390385
C06;Faire ses repas, gouter, compotes sois même plutôt que d’acheter des plats préparés;Courses;RACINE;Racine marron;racine13;13/06/2025;1.260407;0;0.180058
C03;Acheter des fruits ou légumes de saison;Courses;RACINE;Racine marron;racine13;13/06/2025;6.932;0;0
D15;Economiser les mouchoirs en papier. l'essuie-tout et le papier toilette;Déchets;RACINE;Racine marron;racine13;13/06/2025;0.009591;0;0.8
D09;Faire du compost avec les déchets végétaux ou donner les restes alimentaires aux poules…;Déchets;RACINE;Racine marron;racine13;13/06/2025;0.0623;0;1.75
D07;Vendre ou donner les vêtements. les objets. les jouets dont on ne veut plus (trop petits…);Déchets;RACINE;Racine marron;racine13;13/06/2025;0.017374;2500;0
D04;Ramasser les papiers et les déchets par terre pour les mettre à la poubelle;Déchets;RACINE;Racine marron;racine13;13/06/2025;0.00947;0;0.1
D02;Tout manger ce qu’il y a dans nos assiettes (cantine/maison);Déchets;RACINE;Racine marron;racine13;13/06/2025;2.453511;0;1.390385
B04;Faire un jardin potager;Biodiversité;RACINE;Racine marron;racine13;13/06/2025;4.48;0;0
B02;Ne pas tuer les araignées. les insectes (les mettre dehors…);Biodiversité;RACINE;Racine marron;racine13;13/06/2025;0;0;0
W07;Vider le reste de sa gourde dans les plantes;Eau;RACINE;Racine marron;racine13;13/06/2025;0;0.000013;0
C06;Faire ses repas, gouter, compotes sois même plutôt que d’acheter des plats préparés;Courses;RACINE;Racine marron;racine2;01/06/2025;1.260407;0;0.180058
C05;Faire soi-même ses produits d’entretien pour éviter les emballages;Courses;RACINE;Racine marron;racine2;01/06/2025;0.006;0;0.03
D15;Economiser les mouchoirs en papier. l'essuie-tout et le papier toilette;Déchets;RACINE;Racine marron;racine2;01/06/2025;0.009591;0;0.8
D08;Utiliser les bacs de tri;Déchets;RACINE;Racine marron;racine2;01/06/2025;0.866962;0;0
D06;Prendre soin de ses affaires pour les faire durer plus longtemps (reboucher les feutres… ne pas casser. ne pas lancer…);Déchets;RACINE;Racine marron;racine2;01/06/2025;0.017374;0;0.183462
D03;Ne pas jeter de déchets dans la nature (chewing-gums. sacs. canettes. bouteilles…);Déchets;RACINE;Racine marron;racine2;01/06/2025;0.424875;0;4.486538
B02;Ne pas tuer les araignées. les insectes (les mettre dehors…);Biodiversité;RACINE;Racine marron;racine2;01/06/2025;0;0;0
W07;Vider le reste de sa gourde dans les plantes;Eau;RACINE;Racine marron;racine2;01/06/2025;0;0.000013;0
W03;Ne pas faire couler l’eau trop longtemps quand on se lave les mains;Eau;RACINE;Racine marron;racine2;01/06/2025;0.004964;12.6;0
W01;Prendre des douches rapides;Eau;RACINE;Racine marron;racine2;01/06/2025;0.25;224;0
W02;Utiliser une seule dose de savon;Eau;RACINE;Racine marron;racine2;01/06/2025;0.05;28;0
E06;Préférer les piles rechargeables;Electricité;RACINE;Racine marron;racine2;01/06/2025;0.097538;0;0
E04;Eteindre les écrans (ordinateur. télévision. …) pour diminuer la consommation d’électricité;Electricité;RACINE;Racine marron;racine2;01/06/2025;0.15988;0;1
E11;Couvrir les casseroles lorsqu’on fait bouillir de l’eau ou pour cuire…;Electricité;RACINE;Racine marron;racine2;01/06/2025;0.00293;0;0
C03;Acheter des fruits ou légumes de saison;Courses;RACINE;Racine marron;racine2;01/06/2025;6.932;0;0
D10;Ne pas acheter de bouteilles en plastique : boire à la gourde;Déchets;RACINE;Racine marron;racine2;01/06/2025;0.54243;0;0.21
D07;Vendre ou donner les vêtements. les objets. les jouets dont on ne veut plus (trop petits…);Déchets;RACINE;Racine marron;racine2;01/06/2025;0.017374;2500;0
D04;Ramasser les papiers et les déchets par terre pour les mettre à la poubelle;Déchets;RACINE;Racine marron;racine2;01/06/2025;0.00947;0;0.1
D01;Limiter l'utilisation du papier : Utiliser les feuilles des 2 côtés / faire du brouillon / Utiliser l'ardoise pour chercher / Prendre du papier recyclé…;Déchets;RACINE;Racine marron;racine2;01/06/2025;0.009641;0;0.8
B01;Na pas cueillir de plante dans la nature;Biodiversité;RACINE;Racine marron;racine2;01/06/2025;0;0;0
W04;Tirer la petite chasse d’eau quand on fait pipi;Eau;RACINE;Racine marron;racine2;01/06/2025;0.006501;16.5;0
W02;Couper l’eau quand on se brosse les dents : mettre de l’eau dans un verre pour se rincer;Eau;RACINE;Racine marron;racine2;01/06/2025;0.05;28;0
W05;Prendre une douche plutôt qu'un bain;Eau;RACINE;Racine marron;racine2;01/06/2025;0.140658;357;0
T03;Préférer la marche ou le vélo plutôt que la voiture;Transport;RACINE;Racine marron;racine2;01/06/2025;0.506;0;0
E05;Préférer les ampoules à basse consommation;Electricité;RACINE;Racine marron;racine2;01/06/2025;0.072803;0;0
E02;Ouvrir les volets et ne pas allumer la lumière quand il fait jour dehors. ou éteindre lorsque la lumière extérieure le permet;Electricité;RACINE;Racine marron;racine2;01/06/2025;0.027408;0;0
E10;Faire sécher son linge à l'air libre au lieu d'utiliser le sèche linge chaque fois qu'on peut;Electricité;RACINE;Racine marron;racine2;01/06/2025;0.413462;0;0
E01;Eteindre la lumière quand on quitte une pièce. quand on n’en a pas besoin;Electricité;RACINE;Racine marron;racine2;01/06/2025;0.027408;0;0
W03;Ne pas faire couler l’eau trop longtemps quand on se lave les mains;Eau;RACINE;Racine marron;racine13;13/06/2025;0.004964;12.6;0
W01;Prendre des douches rapides;Eau;RACINE;Racine marron;racine13;13/06/2025;0.25;224;0
W02;Utiliser une seule dose de savon;Eau;RACINE;Racine marron;racine13;13/06/2025;0.05;28;0
C05;Faire soi-même ses produits d’entretien pour éviter les emballages;Courses;RACINE;Racine marron;racine13;22/05/2025;0.006;0;0.03
D15;Economiser les mouchoirs en papier. l'essuie-tout et le papier toilette;Déchets;RACINE;Racine marron;racine13;22/05/2025;0.009591;0;0.8
D09;Faire du compost avec les déchets végétaux ou donner les restes alimentaires aux poules…;Déchets;RACINE;Racine marron;racine13;22/05/2025;0.0623;0;1.75
D06;Prendre soin de ses affaires pour les faire durer plus longtemps (reboucher les feutres… ne pas casser. ne pas lancer…);Déchets;RACINE;Racine marron;racine13;22/05/2025;0.017374;0;0.183462
D03;Ne pas jeter de déchets dans la nature (chewing-gums. sacs. canettes. bouteilles…);Déchets;RACINE;Racine marron;racine13;22/05/2025;0.424875;0;4.486538
D01;Limiter l'utilisation du papier : Utiliser les feuilles des 2 côtés / faire du brouillon / Utiliser l'ardoise pour chercher / Prendre du papier recyclé…;Déchets;RACINE;Racine marron;racine13;22/05/2025;0.009641;0;0.8
B02;Ne pas tuer les araignées. les insectes (les mettre dehors…);Biodiversité;RACINE;Racine marron;racine13;22/05/2025;0;0;0
W04;Tirer la petite chasse d’eau quand on fait pipi;Eau;RACINE;Racine marron;racine13;22/05/2025;0.006501;16.5;0
W02;Couper l’eau quand on se brosse les dents : mettre de l’eau dans un verre pour se rincer;Eau;RACINE;Racine marron;racine13;22/05/2025;0.05;28;0
W05;Prendre une douche plutôt qu'un bain;Eau;RACINE;Racine marron;racine13;22/05/2025;0.140658;357;0
T03;Préférer la marche ou le vélo plutôt que la voiture;Transport;RACINE;Racine marron;racine13;22/05/2025;0.506;0;0
E06;Préférer les piles rechargeables;Electricité;RACINE;Racine marron;racine13;22/05/2025;0.097538;0;0
E02;Ouvrir les volets et ne pas allumer la lumière quand il fait jour dehors. ou éteindre lorsque la lumière extérieure le permet;Electricité;RACINE;Racine marron;racine13;22/05/2025;0.027408;0;0
E10;Faire sécher son linge à l'air libre au lieu d'utiliser le sèche linge chaque fois qu'on peut;Electricité;RACINE;Racine marron;racine13;22/05/2025;0.413462;0;0
E01;Eteindre la lumière quand on quitte une pièce. quand on n’en a pas besoin;Electricité;RACINE;Racine marron;racine13;22/05/2025;0.027408;0;0
C05;Faire soi-même ses produits d’entretien pour éviter les emballages;Courses;RACINE;Racine marron;racine2;22/05/2025;0.006;0;0.03
D15;Economiser les mouchoirs en papier. l'essuie-tout et le papier toilette;Déchets;RACINE;Racine marron;racine2;22/05/2025;0.009591;0;0.8
D08;Utiliser les bacs de tri;Déchets;RACINE;Racine marron;racine2;22/05/2025;0.866962;0;0
D06;Prendre soin de ses affaires pour les faire durer plus longtemps (reboucher les feutres… ne pas casser. ne pas lancer…);Déchets;RACINE;Racine marron;racine2;22/05/2025;0.017374;0;0.183462
D01;Limiter l'utilisation du papier : Utiliser les feuilles des 2 côtés / faire du brouillon / Utiliser l'ardoise pour chercher / Prendre du papier recyclé…;Déchets;RACINE;Racine marron;racine2;22/05/2025;0.009641;0;0.8
B02;Ne pas tuer les araignées. les insectes (les mettre dehors…);Biodiversité;RACINE;Racine marron;racine2;22/05/2025;0;0;0
W07;Vider le reste de sa gourde dans les plantes;Eau;RACINE;Racine marron;racine2;22/05/2025;0;0.000013;0
W03;Ne pas faire couler l’eau trop longtemps quand on se lave les mains;Eau;RACINE;Racine marron;racine2;22/05/2025;0.004964;12.6;0
W01;Prendre des douches rapides;Eau;RACINE;Racine marron;racine2;22/05/2025;0.25;224;0
W02;Utiliser une seule dose de savon;Eau;RACINE;Racine marron;racine2;22/05/2025;0.05;28;0
T06;Couper le moteur de la voiture quand elle ne roule pas;Transport;RACINE;Racine marron;racine2;22/05/2025;1.518;0;0
E04;Eteindre les écrans (ordinateur. télévision. …) pour diminuer la consommation d’électricité;Electricité;RACINE;Racine marron;racine2;22/05/2025;0.15988;0;1
E11;Couvrir les casseroles lorsqu’on fait bouillir de l’eau ou pour cuire…;Electricité;RACINE;Racine marron;racine2;22/05/2025;0.00293;0;0
E08;Eteindre le chauffage lorsqu’on aère une pièce;Electricité;RACINE;Racine marron;racine2;22/05/2025;0.000173;0;0
C06;Faire ses repas, gouter, compotes sois même plutôt que d’acheter des plats préparés;Courses;RACINE;Racine marron;racine13;22/05/2025;1.260407;0;0.180058
C03;Acheter des fruits ou légumes de saison;Courses;RACINE;Racine marron;racine13;22/05/2025;6.932;0;0
D10;Ne pas acheter de bouteilles en plastique : boire à la gourde;Déchets;RACINE;Racine marron;racine13;22/05/2025;0.54243;0;0.21
D08;Utiliser les bacs de tri;Déchets;RACINE;Racine marron;racine13;22/05/2025;0.866962;0;0
D04;Ramasser les papiers et les déchets par terre pour les mettre à la poubelle;Déchets;RACINE;Racine marron;racine13;22/05/2025;0.00947;0;0.1
D02;Tout manger ce qu’il y a dans nos assiettes (cantine/maison);Déchets;RACINE;Racine marron;racine13;22/05/2025;2.453511;0;1.390385
B04;Faire un jardin potager;Biodiversité;RACINE;Racine marron;racine13;22/05/2025;4.48;0;0
W07;Vider le reste de sa gourde dans les plantes;Eau;RACINE;Racine marron;racine13;22/05/2025;0;0.000013;0
W03;Ne pas faire couler l’eau trop longtemps quand on se lave les mains;Eau;RACINE;Racine marron;racine13;22/05/2025;0.004964;12.6;0
W01;Prendre des douches rapides;Eau;RACINE;Racine marron;racine13;22/05/2025;0.25;224;0
W02;Utiliser une seule dose de savon;Eau;RACINE;Racine marron;racine13;22/05/2025;0.05;28;0
T06;Couper le moteur de la voiture quand elle ne roule pas;Transport;RACINE;Racine marron;racine13;22/05/2025;1.518;0;0
E05;Préférer les ampoules à basse consommation;Electricité;RACINE;Racine marron;racine13;22/05/2025;0.072803;0;0
E11;Couvrir les casseroles lorsqu’on fait bouillir de l’eau ou pour cuire…;Electricité;RACINE;Racine marron;racine13;22/05/2025;0.00293;0;0
E08;Eteindre le chauffage lorsqu’on aère une pièce;Electricité;RACINE;Racine marron;racine13;22/05/2025;0.000173;0;0
C06;Faire ses repas, gouter, compotes sois même plutôt que d’acheter des plats préparés;Courses;RACINE;Racine marron;racine2;22/05/2025;1.260407;0;0.180058
C03;Acheter des fruits ou légumes de saison;Courses;RACINE;Racine marron;racine2;22/05/2025;6.932;0;0
D10;Ne pas acheter de bouteilles en plastique : boire à la gourde;Déchets;RACINE;Racine marron;racine2;22/05/2025;0.54243;0;0.21
D07;Vendre ou donner les vêtements. les objets. les jouets dont on ne veut plus (trop petits…);Déchets;RACINE;Racine marron;racine2;22/05/2025;0.017374;2500;0
D03;Ne pas jeter de déchets dans la nature (chewing-gums. sacs. canettes. bouteilles…);Déchets;RACINE;Racine marron;racine2;22/05/2025;0.424875;0;4.486538
B03;Donner à manger aux oiseaux dans son jardin ou sur son balcon;Biodiversité;RACINE;Racine marron;racine2;22/05/2025;0;0;0
B01;Na pas cueillir de plante dans la nature;Biodiversité;RACINE;Racine marron;racine2;22/05/2025;0;0;0
W04;Tirer la petite chasse d’eau quand on fait pipi;Eau;RACINE;Racine marron;racine2;22/05/2025;0.006501;16.5;0
W02;Couper l’eau quand on se brosse les dents : mettre de l’eau dans un verre pour se rincer;Eau;RACINE;Racine marron;racine2;22/05/2025;0.05;28;0
W05;Prendre une douche plutôt qu'un bain;Eau;RACINE;Racine marron;racine2;22/05/2025;0.140658;357;0
T03;Préférer la marche ou le vélo plutôt que la voiture;Transport;RACINE;Racine marron;racine2;22/05/2025;0.506;0;0
E05;Préférer les ampoules à basse consommation;Electricité;RACINE;Racine marron;racine2;22/05/2025;0.072803;0;0
E02;Ouvrir les volets et ne pas allumer la lumière quand il fait jour dehors. ou éteindre lorsque la lumière extérieure le permet;Electricité;RACINE;Racine marron;racine2;22/05/2025;0.027408;0;0
E10;Faire sécher son linge à l'air libre au lieu d'utiliser le sèche linge chaque fois qu'on peut;Electricité;RACINE;Racine marron;racine2;22/05/2025;0.413462;0;0
E01;Eteindre la lumière quand on quitte une pièce. quand on n’en a pas besoin;Electricité;RACINE;Racine marron;racine2;22/05/2025;0.027408;0;0
T06;Couper le moteur de la voiture quand elle ne roule pas;Transport;RACINE;Racine marron;racine13;13/06/2025;1.518;0;0
E06;Préférer les piles rechargeables;Electricité;RACINE;Racine marron;racine13;13/06/2025;0.097538;0;0
E04;Eteindre les écrans (ordinateur. télévision. …) pour diminuer la consommation d’électricité;Electricité;RACINE;Racine marron;racine13;13/06/2025;0.15988;0;1
E11;Couvrir les casseroles lorsqu’on fait bouillir de l’eau ou pour cuire…;Electricité;RACINE;Racine marron;racine13;13/06/2025;0.00293;0;0
E08;Eteindre le chauffage lorsqu’on aère une pièce;Electricité;RACINE;Racine marron;racine13;13/06/2025;0.000173;0;0
C05;Faire soi-même ses produits d’entretien pour éviter les emballages;Courses;RACINE;Racine marron;racine13;13/06/2025;0.006;0;0.03
D11;Acheter des produits en vrac. éviter les emballages individuels…;Déchets;RACINE;Racine marron;racine13;13/06/2025;0.38;0;0.67
D10;Ne pas acheter de bouteilles en plastique : boire à la gourde;Déchets;RACINE;Racine marron;racine13;13/06/2025;0.54243;0;0.21
D08;Utiliser les bacs de tri;Déchets;RACINE;Racine marron;racine13;13/06/2025;0.866962;0;0
D06;Prendre soin de ses affaires pour les faire durer plus longtemps (reboucher les feutres… ne pas casser. ne pas lancer…);Déchets;RACINE;Racine marron;racine13;13/06/2025;0.017374;0;0.183462
D03;Ne pas jeter de déchets dans la nature (chewing-gums. sacs. canettes. bouteilles…);Déchets;RACINE;Racine marron;racine13;13/06/2025;0.424875;0;4.486538
D01;Limiter l'utilisation du papier : Utiliser les feuilles des 2 côtés / faire du brouillon / Utiliser l'ardoise pour chercher / Prendre du papier recyclé…;Déchets;RACINE;Racine marron;racine13;13/06/2025;0.009641;0;0.8
B03;Donner à manger aux oiseaux dans son jardin ou sur son balcon;Biodiversité;RACINE;Racine marron;racine13;13/06/2025;0;0;0
B01;Na pas cueillir de plante dans la nature;Biodiversité;RACINE;Racine marron;racine13;13/06/2025;0;0;0
W04;Tirer la petite chasse d’eau quand on fait pipi;Eau;RACINE;Racine marron;racine13;13/06/2025;0.006501;16.5;0
W02;Couper l’eau quand on se brosse les dents : mettre de l’eau dans un verre pour se rincer;Eau;RACINE;Racine marron;racine13;13/06/2025;0.05;28;0
W05;Prendre une douche plutôt qu'un bain;Eau;RACINE;Racine marron;racine13;13/06/2025;0.140658;357;0
T03;Préférer la marche ou le vélo plutôt que la voiture;Transport;RACINE;Racine marron;racine13;13/06/2025;0.506;0;0
T04;Faire du covoiturage;Transport;RACINE;Racine marron;racine13;13/06/2025;0.506;0;0
E05;Préférer les ampoules à basse consommation;Electricité;RACINE;Racine marron;racine13;13/06/2025;0.072803;0;0
E02;Ouvrir les volets et ne pas allumer la lumière quand il fait jour dehors. ou éteindre lorsque la lumière extérieure le permet;Electricité;RACINE;Racine marron;racine13;13/06/2025;0.027408;0;0
E10;Faire sécher son linge à l'air libre au lieu d'utiliser le sèche linge chaque fois qu'on peut;Electricité;RACINE;Racine marron;racine13;13/06/2025;0.413462;0;0
E01;Eteindre la lumière quand on quitte une pièce. quand on n’en a pas besoin;Electricité;RACINE;Racine marron;racine13;13/06/2025;0.027408;0;0
C03;Acheter des fruits ou légumes de saison;Courses;BRANCHE;Branche verte;branche12;10/04/2025;6.932;0;0
D15;Economiser les mouchoirs en papier. l'essuie-tout et le papier toilette;Déchets;BRANCHE;Branche verte;branche12;10/04/2025;0.009591;0;0.8
D08;Utiliser les bacs de tri;Déchets;BRANCHE;Branche verte;branche12;10/04/2025;0.866962;0;0
D07;Vendre ou donner les vêtements. les objets. les jouets dont on ne veut plus (trop petits…);Déchets;BRANCHE;Branche verte;branche12;10/04/2025;0.017374;2500;0
D06;Prendre soin de ses affaires pour les faire durer plus longtemps (reboucher les feutres… ne pas casser. ne pas lancer…);Déchets;BRANCHE;Branche verte;branche12;10/04/2025;0.017374;0;0.183462
D04;Ramasser les papiers et les déchets par terre pour les mettre à la poubelle;Déchets;BRANCHE;Branche verte;branche12;10/04/2025;0.00947;0;0.1
D03;Ne pas jeter de déchets dans la nature (chewing-gums. sacs. canettes. bouteilles…);Déchets;BRANCHE;Branche verte;branche12;10/04/2025;0.424875;0;4.486538
D01;Limiter l'utilisation du papier : Utiliser les feuilles des 2 côtés / faire du brouillon / Utiliser l'ardoise pour chercher / Prendre du papier recyclé…;Déchets;BRANCHE;Branche verte;branche12;10/04/2025;0.009641;0;0.8
W07;Vider le reste de sa gourde dans les plantes;Eau;BRANCHE;Branche verte;branche12;10/04/2025;0;0.000013;0
W04;Tirer la petite chasse d’eau quand on fait pipi;Eau;BRANCHE;Branche verte;branche12;10/04/2025;0.006501;16.5;0
W03;Ne pas faire couler l’eau trop longtemps quand on se lave les mains;Eau;BRANCHE;Branche verte;branche12;10/04/2025;0.004964;12.6;0
W02;Couper l’eau quand on se brosse les dents : mettre de l’eau dans un verre pour se rincer;Eau;BRANCHE;Branche verte;branche12;10/04/2025;0.05;28;0
W05;Prendre une douche plutôt qu'un bain;Eau;BRANCHE;Branche verte;branche12;10/04/2025;0.140658;357;0
T03;Préférer la marche ou le vélo plutôt que la voiture;Transport;BRANCHE;Branche verte;branche12;10/04/2025;0.506;0;0
T06;Couper le moteur de la voiture quand elle ne roule pas;Transport;BRANCHE;Branche verte;branche12;10/04/2025;1.518;0;0
E05;Préférer les ampoules à basse consommation;Electricité;BRANCHE;Branche verte;branche12;10/04/2025;0.072803;0;0
E04;Eteindre les écrans (ordinateur. télévision. …) pour diminuer la consommation d’électricité;Electricité;BRANCHE;Branche verte;branche12;10/04/2025;0.15988;0;1
E02;Ouvrir les volets et ne pas allumer la lumière quand il fait jour dehors. ou éteindre lorsque la lumière extérieure le permet;Electricité;BRANCHE;Branche verte;branche12;10/04/2025;0.027408;0;0
E08;Eteindre le chauffage lorsqu’on aère une pièce;Electricité;BRANCHE;Branche verte;branche12;10/04/2025;0.000173;0;0
E01;Eteindre la lumière quand on quitte une pièce. quand on n’en a pas besoin;Electricité;BRANCHE;Branche verte;branche12;10/04/2025;0.027408;0;0
C03;Acheter des fruits ou légumes de saison;Courses;BRANCHE;Branche verte;branche9;10/04/2025;6.932;0;0
D11;Acheter des produits en vrac. éviter les emballages individuels…;Déchets;BRANCHE;Branche verte;branche9;10/04/2025;0.38;0;0.67
D10;Ne pas acheter de bouteilles en plastique : boire à la gourde;Déchets;BRANCHE;Branche verte;branche9;10/04/2025;0.54243;0;0.21
D08;Utiliser les bacs de tri;Déchets;BRANCHE;Branche verte;branche9;10/04/2025;0.866962;0;0
D07;Vendre ou donner les vêtements. les objets. les jouets dont on ne veut plus (trop petits…);Déchets;BRANCHE;Branche verte;branche9;10/04/2025;0.017374;2500;0
D09;Faire du compost avec les déchets végétaux ou donner les restes alimentaires aux poules…;Déchets;BRANCHE;Branche verte;branche7;10/04/2025;0.0623;0;1.75
D08;Utiliser les bacs de tri;Déchets;BRANCHE;Branche verte;branche7;10/04/2025;0.866962;0;0
D07;Vendre ou donner les vêtements. les objets. les jouets dont on ne veut plus (trop petits…);Déchets;BRANCHE;Branche verte;branche7;10/04/2025;0.017374;2500;0
D04;Ramasser les papiers et les déchets par terre pour les mettre à la poubelle;Déchets;BRANCHE;Branche verte;branche7;10/04/2025;0.00947;0;0.1
D03;Ne pas jeter de déchets dans la nature (chewing-gums. sacs. canettes. bouteilles…);Déchets;BRANCHE;Branche verte;branche7;10/04/2025;0.424875;0;4.486538
D02;Tout manger ce qu’il y a dans nos assiettes (cantine/maison);Déchets;BRANCHE;Branche verte;branche7;10/04/2025;2.453511;0;1.390385
B04;Faire un jardin potager;Biodiversité;BRANCHE;Branche verte;branche7;10/04/2025;4.48;0;0
B03;Donner à manger aux oiseaux dans son jardin ou sur son balcon;Biodiversité;BRANCHE;Branche verte;branche7;10/04/2025;0;0;0
W04;Tirer la petite chasse d’eau quand on fait pipi;Eau;BRANCHE;Branche verte;branche7;10/04/2025;0.006501;16.5;0
W03;Ne pas faire couler l’eau trop longtemps quand on se lave les mains;Eau;BRANCHE;Branche verte;branche7;10/04/2025;0.004964;12.6;0
W02;Couper l’eau quand on se brosse les dents : mettre de l’eau dans un verre pour se rincer;Eau;BRANCHE;Branche verte;branche7;10/04/2025;0.05;28;0
T03;Préférer la marche ou le vélo plutôt que la voiture;Transport;BRANCHE;Branche verte;branche7;10/04/2025;0.506;0;0
T06;Couper le moteur de la voiture quand elle ne roule pas;Transport;BRANCHE;Branche verte;branche7;10/04/2025;1.518;0;0
T04;Faire du covoiturage;Transport;BRANCHE;Branche verte;branche7;10/04/2025;0.506;0;0
E05;Préférer les ampoules à basse consommation;Electricité;BRANCHE;Branche verte;branche7;10/04/2025;0.072803;0;0
E02;Ouvrir les volets et ne pas allumer la lumière quand il fait jour dehors. ou éteindre lorsque la lumière extérieure le permet;Electricité;BRANCHE;Branche verte;branche7;10/04/2025;0.027408;0;0
E01;Eteindre la lumière quand on quitte une pièce. quand on n’en a pas besoin;Electricité;BRANCHE;Branche verte;branche7;10/04/2025;0.027408;0;0
D15;Economiser les mouchoirs en papier. l'essuie-tout et le papier toilette;Déchets;BRANCHE;Branche verte;branche7;11/04/2025;0.009591;0;0.8
D10;Ne pas acheter de bouteilles en plastique : boire à la gourde;Déchets;BRANCHE;Branche verte;branche7;11/04/2025;0.54243;0;0.21
T03;Préférer la marche ou le vélo plutôt que la voiture;Transport;BRANCHE;Branche verte;branche6;11/04/2025;0.506;0;0
T06;Couper le moteur de la voiture quand elle ne roule pas;Transport;BRANCHE;Branche verte;branche6;11/04/2025;1.518;0;0
W07;Vider le reste de sa gourde dans les plantes;Eau;BRANCHE;Branche verte;branche6;11/04/2025;0;0.000013;0
W04;Tirer la petite chasse d’eau quand on fait pipi;Eau;BRANCHE;Branche verte;branche6;11/04/2025;0.006501;16.5;0
W03;Ne pas faire couler l’eau trop longtemps quand on se lave les mains;Eau;BRANCHE;Branche verte;branche6;11/04/2025;0.004964;12.6;0
W02;Couper l’eau quand on se brosse les dents : mettre de l’eau dans un verre pour se rincer;Eau;BRANCHE;Branche verte;branche6;11/04/2025;0.05;28;0
W01;Prendre des douches rapides;Eau;BRANCHE;Branche verte;branche6;11/04/2025;0.25;224;0
W05;Prendre une douche plutôt qu'un bain;Eau;BRANCHE;Branche verte;branche6;11/04/2025;0.140658;357;0
W02;Utiliser une seule dose de savon;Eau;BRANCHE;Branche verte;branche6;11/04/2025;0.05;28;0
B04;Faire un jardin potager;Biodiversité;BRANCHE;Branche verte;branche6;11/04/2025;4.48;0;0
B02;Ne pas tuer les araignées. les insectes (les mettre dehors…);Biodiversité;BRANCHE;Branche verte;branche6;11/04/2025;0;0;0
B03;Donner à manger aux oiseaux dans son jardin ou sur son balcon;Biodiversité;BRANCHE;Branche verte;branche6;11/04/2025;0;0;0
B01;Na pas cueillir de plante dans la nature;Biodiversité;BRANCHE;Branche verte;branche6;11/04/2025;0;0;0
D11;Acheter des produits en vrac. éviter les emballages individuels…;Déchets;BRANCHE;Branche verte;branche6;11/04/2025;0.38;0;0.67
D15;Economiser les mouchoirs en papier. l'essuie-tout et le papier toilette;Déchets;BRANCHE;Branche verte;branche6;11/04/2025;0.009591;0;0.8
D10;Ne pas acheter de bouteilles en plastique : boire à la gourde;Déchets;BRANCHE;Branche verte;branche6;11/04/2025;0.54243;0;0.21
D09;Faire du compost avec les déchets végétaux ou donner les restes alimentaires aux poules…;Déchets;BRANCHE;Branche verte;branche6;11/04/2025;0.0623;0;1.75
D08;Utiliser les bacs de tri;Déchets;BRANCHE;Branche verte;branche6;11/04/2025;0.866962;0;0
D07;Vendre ou donner les vêtements. les objets. les jouets dont on ne veut plus (trop petits…);Déchets;BRANCHE;Branche verte;branche6;11/04/2025;0.017374;2500;0
D03;Ne pas jeter de déchets dans la nature (chewing-gums. sacs. canettes. bouteilles…);Déchets;BRANCHE;Branche verte;branche6;11/04/2025;0.424875;0;4.486538
D06;Prendre soin de ses affaires pour les faire durer plus longtemps (reboucher les feutres… ne pas casser. ne pas lancer…);Déchets;BRANCHE;Branche verte;branche6;11/04/2025;0.017374;0;0.183462
D04;Ramasser les papiers et les déchets par terre pour les mettre à la poubelle;Déchets;BRANCHE;Branche verte;branche6;11/04/2025;0.00947;0;0.1
D02;Tout manger ce qu’il y a dans nos assiettes (cantine/maison);Déchets;BRANCHE;Branche verte;branche6;11/04/2025;2.453511;0;1.390385
C06;Faire ses repas, gouter, compotes sois même plutôt que d’acheter des plats préparés;Courses;BRANCHE;Branche verte;branche6;11/04/2025;1.260407;0;0.180058
C05;Faire soi-même ses produits d’entretien pour éviter les emballages;Courses;BRANCHE;Branche verte;branche6;11/04/2025;0.006;0;0.03
C03;Acheter des fruits ou légumes de saison;Courses;BRANCHE;Branche verte;branche6;11/04/2025;6.932;0;0
E06;Préférer les piles rechargeables;Electricité;BRANCHE;Branche verte;branche6;11/04/2025;0.097538;0;0
E05;Préférer les ampoules à basse consommation;Electricité;BRANCHE;Branche verte;branche6;11/04/2025;0.072803;0;0
E04;Eteindre les écrans (ordinateur. télévision. …) pour diminuer la consommation d’électricité;Electricité;BRANCHE;Branche verte;branche6;11/04/2025;0.15988;0;1
E02;Ouvrir les volets et ne pas allumer la lumière quand il fait jour dehors. ou éteindre lorsque la lumière extérieure le permet;Electricité;BRANCHE;Branche verte;branche6;11/04/2025;0.027408;0;0
E10;Faire sécher son linge à l'air libre au lieu d'utiliser le sèche linge chaque fois qu'on peut;Electricité;BRANCHE;Branche verte;branche6;11/04/2025;0.413462;0;0
E08;Eteindre le chauffage lorsqu’on aère une pièce;Electricité;BRANCHE;Branche verte;branche6;11/04/2025;0.000173;0;0
E01;Eteindre la lumière quand on quitte une pièce. quand on n’en a pas besoin;Electricité;BRANCHE;Branche verte;branche6;11/04/2025;0.027408;0;0
D15;Economiser les mouchoirs en papier. l'essuie-tout et le papier toilette;Déchets;BRANCHE;Branche verte;branche9;12/04/2025;0.009591;0;0.8
D06;Prendre soin de ses affaires pour les faire durer plus longtemps (reboucher les feutres… ne pas casser. ne pas lancer…);Déchets;BRANCHE;Branche verte;branche9;12/04/2025;0.017374;0;0.183462
D04;Ramasser les papiers et les déchets par terre pour les mettre à la poubelle;Déchets;BRANCHE;Branche verte;branche9;12/04/2025;0.00947;0;0.1
D03;Ne pas jeter de déchets dans la nature (chewing-gums. sacs. canettes. bouteilles…);Déchets;BRANCHE;Branche verte;branche9;12/04/2025;0.424875;0;4.486538
B04;Faire un jardin potager;Biodiversité;BRANCHE;Branche verte;branche9;12/04/2025;4.48;0;0
B03;Donner à manger aux oiseaux dans son jardin ou sur son balcon;Biodiversité;BRANCHE;Branche verte;branche9;12/04/2025;0;0;0
B02;Ne pas tuer les araignées. les insectes (les mettre dehors…);Biodiversité;BRANCHE;Branche verte;branche9;12/04/2025;0;0;0
W07;Vider le reste de sa gourde dans les plantes;Eau;BRANCHE;Branche verte;branche9;12/04/2025;0;0.000013;0
W04;Tirer la petite chasse d’eau quand on fait pipi;Eau;BRANCHE;Branche verte;branche9;12/04/2025;0.006501;16.5;0
W03;Ne pas faire couler l’eau trop longtemps quand on se lave les mains;Eau;BRANCHE;Branche verte;branche9;12/04/2025;0.004964;12.6;0
W02;Couper l’eau quand on se brosse les dents : mettre de l’eau dans un verre pour se rincer;Eau;BRANCHE;Branche verte;branche9;12/04/2025;0.05;28;0
W01;Prendre des douches rapides;Eau;BRANCHE;Branche verte;branche9;12/04/2025;0.25;224;0
D02;Tout manger ce qu’il y a dans nos assiettes (cantine/maison);Déchets;BRANCHE;Branche verte;branche9;12/04/2025;2.453511;0;1.390385
D01;Limiter l'utilisation du papier : Utiliser les feuilles des 2 côtés / faire du brouillon / Utiliser l'ardoise pour chercher / Prendre du papier recyclé…;Déchets;BRANCHE;Branche verte;branche9;12/04/2025;0.009641;0;0.8
W05;Prendre une douche plutôt qu'un bain;Eau;BRANCHE;Branche verte;branche9;12/04/2025;0.140658;357;0
W02;Utiliser une seule dose de savon;Eau;BRANCHE;Branche verte;branche9;12/04/2025;0.05;28;0
T06;Couper le moteur de la voiture quand elle ne roule pas;Transport;BRANCHE;Branche verte;branche9;12/04/2025;1.518;0;0
T04;Faire du covoiturage;Transport;BRANCHE;Branche verte;branche9;12/04/2025;0.506;0;0
E06;Préférer les piles rechargeables;Electricité;BRANCHE;Branche verte;branche9;12/04/2025;0.097538;0;0
E05;Préférer les ampoules à basse consommation;Electricité;BRANCHE;Branche verte;branche9;12/04/2025;0.072803;0;0
E04;Eteindre les écrans (ordinateur. télévision. …) pour diminuer la consommation d’électricité;Electricité;BRANCHE;Branche verte;branche9;12/04/2025;0.15988;0;1
E02;Ouvrir les volets et ne pas allumer la lumière quand il fait jour dehors. ou éteindre lorsque la lumière extérieure le permet;Electricité;BRANCHE;Branche verte;branche9;12/04/2025;0.027408;0;0
E11;Couvrir les casseroles lorsqu’on fait bouillir de l’eau ou pour cuire…;Electricité;BRANCHE;Branche verte;branche9;12/04/2025;0.00293;0;0
E10;Faire sécher son linge à l'air libre au lieu d'utiliser le sèche linge chaque fois qu'on peut;Electricité;BRANCHE;Branche verte;branche9;12/04/2025;0.413462;0;0
E08;Eteindre le chauffage lorsqu’on aère une pièce;Electricité;BRANCHE;Branche verte;branche9;12/04/2025;0.000173;0;0
E01;Eteindre la lumière quand on quitte une pièce. quand on n’en a pas besoin;Electricité;BRANCHE;Branche verte;branche9;12/04/2025;0.027408;0;0
D11;Acheter des produits en vrac. éviter les emballages individuels…;Déchets;BRANCHE;Branche verte;branche9;09/06/2025;0.38;0;0.67
D10;Ne pas acheter de bouteilles en plastique : boire à la gourde;Déchets;BRANCHE;Branche verte;branche9;09/06/2025;0.54243;0;0.21
D08;Utiliser les bacs de tri;Déchets;BRANCHE;Branche verte;branche9;09/06/2025;0.866962;0;0
D06;Prendre soin de ses affaires pour les faire durer plus longtemps (reboucher les feutres… ne pas casser. ne pas lancer…);Déchets;BRANCHE;Branche verte;branche9;09/06/2025;0.017374;0;0.183462
D03;Ne pas jeter de déchets dans la nature (chewing-gums. sacs. canettes. bouteilles…);Déchets;BRANCHE;Branche verte;branche9;09/06/2025;0.424875;0;4.486538
D01;Limiter l'utilisation du papier : Utiliser les feuilles des 2 côtés / faire du brouillon / Utiliser l'ardoise pour chercher / Prendre du papier recyclé…;Déchets;BRANCHE;Branche verte;branche9;09/06/2025;0.009641;0;0.8
B03;Donner à manger aux oiseaux dans son jardin ou sur son balcon;Biodiversité;BRANCHE;Branche verte;branche9;09/06/2025;0;0;0
B01;Na pas cueillir de plante dans la nature;Biodiversité;BRANCHE;Branche verte;branche9;09/06/2025;0;0;0
W04;Tirer la petite chasse d’eau quand on fait pipi;Eau;BRANCHE;Branche verte;branche9;09/06/2025;0.006501;16.5;0
W02;Couper l’eau quand on se brosse les dents : mettre de l’eau dans un verre pour se rincer;Eau;BRANCHE;Branche verte;branche9;09/06/2025;0.05;28;0
W05;Prendre une douche plutôt qu'un bain;Eau;BRANCHE;Branche verte;branche9;09/06/2025;0.140658;357;0
T03;Préférer la marche ou le vélo plutôt que la voiture;Transport;BRANCHE;Branche verte;branche9;09/06/2025;0.506;0;0
E06;Préférer les piles rechargeables;Electricité;BRANCHE;Branche verte;branche9;09/06/2025;0.097538;0;0
E04;Eteindre les écrans (ordinateur. télévision. …) pour diminuer la consommation d’électricité;Electricité;BRANCHE;Branche verte;branche9;09/06/2025;0.15988;0;1
E11;Couvrir les casseroles lorsqu’on fait bouillir de l’eau ou pour cuire…;Electricité;BRANCHE;Branche verte;branche9;09/06/2025;0.00293;0;0
E08;Eteindre le chauffage lorsqu’on aère une pièce;Electricité;BRANCHE;Branche verte;branche9;09/06/2025;0.000173;0;0
T06;Couper le moteur de la voiture quand elle ne roule pas;Transport;BRANCHE;Branche verte;branche9;15/06/2025;1.518;0;0
E05;Préférer les ampoules à basse consommation;Electricité;BRANCHE;Branche verte;branche9;15/06/2025;0.072803;0;0
E02;Ouvrir les volets et ne pas allumer la lumière quand il fait jour dehors. ou éteindre lorsque la lumière extérieure le permet;Electricité;BRANCHE;Branche verte;branche9;15/06/2025;0.027408;0;0
E10;Faire sécher son linge à l'air libre au lieu d'utiliser le sèche linge chaque fois qu'on peut;Electricité;BRANCHE;Branche verte;branche9;15/06/2025;0.413462;0;0
E01;Eteindre la lumière quand on quitte une pièce. quand on n’en a pas besoin;Electricité;BRANCHE;Branche verte;branche9;15/06/2025;0.027408;0;0
T04;Faire du covoiturage;Transport;BRANCHE;Branche verte;branche4;13/04/2025;0.506;0;0
T06;Couper le moteur de la voiture quand elle ne roule pas;Transport;BRANCHE;Branche verte;branche4;13/04/2025;1.518;0;0
T03;Préférer la marche ou le vélo plutôt que la voiture;Transport;BRANCHE;Branche verte;branche4;13/04/2025;0.506;0;0
C05;Faire soi-même ses produits d’entretien pour éviter les emballages;Courses;BRANCHE;Branche verte;branche15;14/04/2025;0.006;0;0.03
D10;Ne pas acheter de bouteilles en plastique : boire à la gourde;Déchets;BRANCHE;Branche verte;branche15;14/04/2025;0.54243;0;0.21
D08;Utiliser les bacs de tri;Déchets;BRANCHE;Branche verte;branche15;14/04/2025;0.866962;0;0
D06;Prendre soin de ses affaires pour les faire durer plus longtemps (reboucher les feutres… ne pas casser. ne pas lancer…);Déchets;BRANCHE;Branche verte;branche15;14/04/2025;0.017374;0;0.183462
D03;Ne pas jeter de déchets dans la nature (chewing-gums. sacs. canettes. bouteilles…);Déchets;BRANCHE;Branche verte;branche15;14/04/2025;0.424875;0;4.486538
D11;Acheter des produits en vrac. éviter les emballages individuels…;Déchets;BRANCHE;Branche verte;branche9;19/05/2025;0.38;0;0.67
D10;Ne pas acheter de bouteilles en plastique : boire à la gourde;Déchets;BRANCHE;Branche verte;branche9;19/05/2025;0.54243;0;0.21
D08;Utiliser les bacs de tri;Déchets;BRANCHE;Branche verte;branche9;19/05/2025;0.866962;0;0
D06;Prendre soin de ses affaires pour les faire durer plus longtemps (reboucher les feutres… ne pas casser. ne pas lancer…);Déchets;BRANCHE;Branche verte;branche9;19/05/2025;0.017374;0;0.183462
D03;Ne pas jeter de déchets dans la nature (chewing-gums. sacs. canettes. bouteilles…);Déchets;BRANCHE;Branche verte;branche9;19/05/2025;0.424875;0;4.486538
B03;Donner à manger aux oiseaux dans son jardin ou sur son balcon;Biodiversité;BRANCHE;Branche verte;branche9;19/05/2025;0;0;0
W07;Vider le reste de sa gourde dans les plantes;Eau;BRANCHE;Branche verte;branche9;19/05/2025;0;0.000013;0
W03;Ne pas faire couler l’eau trop longtemps quand on se lave les mains;Eau;BRANCHE;Branche verte;branche9;19/05/2025;0.004964;12.6;0
W01;Prendre des douches rapides;Eau;BRANCHE;Branche verte;branche9;19/05/2025;0.25;224;0
W02;Utiliser une seule dose de savon;Eau;BRANCHE;Branche verte;branche9;19/05/2025;0.05;28;0
T06;Couper le moteur de la voiture quand elle ne roule pas;Transport;BRANCHE;Branche verte;branche9;19/05/2025;1.518;0;0
E05;Préférer les ampoules à basse consommation;Electricité;BRANCHE;Branche verte;branche9;19/05/2025;0.072803;0;0
E02;Ouvrir les volets et ne pas allumer la lumière quand il fait jour dehors. ou éteindre lorsque la lumière extérieure le permet;Electricité;BRANCHE;Branche verte;branche9;19/05/2025;0.027408;0;0
E10;Faire sécher son linge à l'air libre au lieu d'utiliser le sèche linge chaque fois qu'on peut;Electricité;BRANCHE;Branche verte;branche9;19/05/2025;0.413462;0;0
E01;Eteindre la lumière quand on quitte une pièce. quand on n’en a pas besoin;Electricité;BRANCHE;Branche verte;branche9;19/05/2025;0.027408;0;0
D03;Ne pas jeter de déchets dans la nature (chewing-gums. sacs. canettes. bouteilles…);Déchets;BRANCHE;Branche verte;branche10;19/05/2025;0.424875;0;4.486538
D01;Limiter l'utilisation du papier : Utiliser les feuilles des 2 côtés / faire du brouillon / Utiliser l'ardoise pour chercher / Prendre du papier recyclé…;Déchets;BRANCHE;Branche verte;branche10;19/05/2025;0.009641;0;0.8
C03;Acheter des fruits ou légumes de saison;Courses;BRANCHE;Branche verte;branche9;09/06/2025;6.932;0;0
C06;Faire ses repas, gouter, compotes sois même plutôt que d’acheter des plats préparés;Courses;BRANCHE;Branche verte;branche15;14/04/2025;1.260407;0;0.180058
C03;Acheter des fruits ou légumes de saison;Courses;BRANCHE;Branche verte;branche15;14/04/2025;6.932;0;0
D09;Faire du compost avec les déchets végétaux ou donner les restes alimentaires aux poules…;Déchets;BRANCHE;Branche verte;branche15;14/04/2025;0.0623;0;1.75
D07;Vendre ou donner les vêtements. les objets. les jouets dont on ne veut plus (trop petits…);Déchets;BRANCHE;Branche verte;branche15;14/04/2025;0.017374;2500;0
D04;Ramasser les papiers et les déchets par terre pour les mettre à la poubelle;Déchets;BRANCHE;Branche verte;branche15;14/04/2025;0.00947;0;0.1
D02;Tout manger ce qu’il y a dans nos assiettes (cantine/maison);Déchets;BRANCHE;Branche verte;branche15;14/04/2025;2.453511;0;1.390385
D01;Limiter l'utilisation du papier : Utiliser les feuilles des 2 côtés / faire du brouillon / Utiliser l'ardoise pour chercher / Prendre du papier recyclé…;Déchets;BRANCHE;Branche verte;branche15;14/04/2025;0.009641;0;0.8
B04;Faire un jardin potager;Biodiversité;BRANCHE;Branche verte;branche15;14/04/2025;4.48;0;0
W07;Vider le reste de sa gourde dans les plantes;Eau;BRANCHE;Branche verte;branche15;14/04/2025;0;0.000013;0
W04;Tirer la petite chasse d’eau quand on fait pipi;Eau;BRANCHE;Branche verte;branche15;14/04/2025;0.006501;16.5;0
W03;Ne pas faire couler l’eau trop longtemps quand on se lave les mains;Eau;BRANCHE;Branche verte;branche15;14/04/2025;0.004964;12.6;0
W02;Couper l’eau quand on se brosse les dents : mettre de l’eau dans un verre pour se rincer;Eau;BRANCHE;Branche verte;branche15;14/04/2025;0.05;28;0
W01;Prendre des douches rapides;Eau;BRANCHE;Branche verte;branche15;14/04/2025;0.25;224;0
W05;Prendre une douche plutôt qu'un bain;Eau;BRANCHE;Branche verte;branche15;14/04/2025;0.140658;357;0
W02;Utiliser une seule dose de savon;Eau;BRANCHE;Branche verte;branche15;14/04/2025;0.05;28;0
T06;Couper le moteur de la voiture quand elle ne roule pas;Transport;BRANCHE;Branche verte;branche15;14/04/2025;1.518;0;0
E05;Préférer les ampoules à basse consommation;Electricité;BRANCHE;Branche verte;branche15;14/04/2025;0.072803;0;0
E04;Eteindre les écrans (ordinateur. télévision. …) pour diminuer la consommation d’électricité;Electricité;BRANCHE;Branche verte;branche15;14/04/2025;0.15988;0;1
E02;Ouvrir les volets et ne pas allumer la lumière quand il fait jour dehors. ou éteindre lorsque la lumière extérieure le permet;Electricité;BRANCHE;Branche verte;branche15;14/04/2025;0.027408;0;0
E11;Couvrir les casseroles lorsqu’on fait bouillir de l’eau ou pour cuire…;Electricité;BRANCHE;Branche verte;branche15;14/04/2025;0.00293;0;0
E10;Faire sécher son linge à l'air libre au lieu d'utiliser le sèche linge chaque fois qu'on peut;Electricité;BRANCHE;Branche verte;branche15;14/04/2025;0.413462;0;0
E08;Eteindre le chauffage lorsqu’on aère une pièce;Electricité;BRANCHE;Branche verte;branche15;14/04/2025;0.000173;0;0
E01;Eteindre la lumière quand on quitte une pièce. quand on n’en a pas besoin;Electricité;BRANCHE;Branche verte;branche15;14/04/2025;0.027408;0;0
T04;Faire du covoiturage;Transport;BRANCHE;Branche verte;branche10;18/05/2025;0.506;0;0
C03;Acheter des fruits ou légumes de saison;Courses;BRANCHE;Branche verte;branche9;19/05/2025;6.932;0;0
D15;Economiser les mouchoirs en papier. l'essuie-tout et le papier toilette;Déchets;BRANCHE;Branche verte;branche9;19/05/2025;0.009591;0;0.8
D09;Faire du compost avec les déchets végétaux ou donner les restes alimentaires aux poules…;Déchets;BRANCHE;Branche verte;branche9;19/05/2025;0.0623;0;1.75
D07;Vendre ou donner les vêtements. les objets. les jouets dont on ne veut plus (trop petits…);Déchets;BRANCHE;Branche verte;branche9;19/05/2025;0.017374;2500;0
D04;Ramasser les papiers et les déchets par terre pour les mettre à la poubelle;Déchets;BRANCHE;Branche verte;branche9;19/05/2025;0.00947;0;0.1
D01;Limiter l'utilisation du papier : Utiliser les feuilles des 2 côtés / faire du brouillon / Utiliser l'ardoise pour chercher / Prendre du papier recyclé…;Déchets;BRANCHE;Branche verte;branche9;19/05/2025;0.009641;0;0.8
B01;Na pas cueillir de plante dans la nature;Biodiversité;BRANCHE;Branche verte;branche9;19/05/2025;0;0;0
W04;Tirer la petite chasse d’eau quand on fait pipi;Eau;BRANCHE;Branche verte;branche9;19/05/2025;0.006501;16.5;0
W02;Couper l’eau quand on se brosse les dents : mettre de l’eau dans un verre pour se rincer;Eau;BRANCHE;Branche verte;branche9;19/05/2025;0.05;28;0
W05;Prendre une douche plutôt qu'un bain;Eau;BRANCHE;Branche verte;branche9;19/05/2025;0.140658;357;0
T03;Préférer la marche ou le vélo plutôt que la voiture;Transport;BRANCHE;Branche verte;branche9;19/05/2025;0.506;0;0
E06;Préférer les piles rechargeables;Electricité;BRANCHE;Branche verte;branche9;19/05/2025;0.097538;0;0
E04;Eteindre les écrans (ordinateur. télévision. …) pour diminuer la consommation d’électricité;Electricité;BRANCHE;Branche verte;branche9;19/05/2025;0.15988;0;1
E11;Couvrir les casseroles lorsqu’on fait bouillir de l’eau ou pour cuire…;Electricité;BRANCHE;Branche verte;branche9;19/05/2025;0.00293;0;0
E08;Eteindre le chauffage lorsqu’on aère une pièce;Electricité;BRANCHE;Branche verte;branche9;19/05/2025;0.000173;0;0
D11;Acheter des produits en vrac. éviter les emballages individuels…;Déchets;BRANCHE;Branche verte;branche10;19/05/2025;0.38;0;0.67
D02;Tout manger ce qu’il y a dans nos assiettes (cantine/maison);Déchets;BRANCHE;Branche verte;branche10;19/05/2025;2.453511;0;1.390385
D09;Faire du compost avec les déchets végétaux ou donner les restes alimentaires aux poules…;Déchets;BRANCHE;Branche verte;branche10;19/05/2025;0.0623;0;1.75
D15;Economiser les mouchoirs en papier. l'essuie-tout et le papier toilette;Déchets;BRANCHE;Branche verte;branche9;09/06/2025;0.009591;0;0.8
C06;Faire ses repas, gouter, compotes sois même plutôt que d’acheter des plats préparés;Courses;BRANCHE;Branche verte;branche9;12/05/2025;1.260407;0;0.180058
D15;Economiser les mouchoirs en papier. l'essuie-tout et le papier toilette;Déchets;BRANCHE;Branche verte;branche9;12/05/2025;0.009591;0;0.8
B04;Faire un jardin potager;Biodiversité;BRANCHE;Branche verte;branche9;12/05/2025;4.48;0;0
B02;Ne pas tuer les araignées. les insectes (les mettre dehors…);Biodiversité;BRANCHE;Branche verte;branche9;12/05/2025;0;0;0
W07;Vider le reste de sa gourde dans les plantes;Eau;BRANCHE;Branche verte;branche9;12/05/2025;0;0.000013;0
W03;Ne pas faire couler l’eau trop longtemps quand on se lave les mains;Eau;BRANCHE;Branche verte;branche9;12/05/2025;0.004964;12.6;0
W01;Prendre des douches rapides;Eau;BRANCHE;Branche verte;branche9;12/05/2025;0.25;224;0
W02;Utiliser une seule dose de savon;Eau;BRANCHE;Branche verte;branche9;12/05/2025;0.05;28;0
T06;Couper le moteur de la voiture quand elle ne roule pas;Transport;BRANCHE;Branche verte;branche9;12/05/2025;1.518;0;0
E05;Préférer les ampoules à basse consommation;Electricité;BRANCHE;Branche verte;branche9;12/05/2025;0.072803;0;0
E02;Ouvrir les volets et ne pas allumer la lumière quand il fait jour dehors. ou éteindre lorsque la lumière extérieure le permet;Electricité;BRANCHE;Branche verte;branche9;12/05/2025;0.027408;0;0
E10;Faire sécher son linge à l'air libre au lieu d'utiliser le sèche linge chaque fois qu'on peut;Electricité;BRANCHE;Branche verte;branche9;12/05/2025;0.413462;0;0
E01;Eteindre la lumière quand on quitte une pièce. quand on n’en a pas besoin;Electricité;BRANCHE;Branche verte;branche9;12/05/2025;0.027408;0;0
D07;Vendre ou donner les vêtements. les objets. les jouets dont on ne veut plus (trop petits…);Déchets;BRANCHE;Branche verte;branche9;12/05/2025;0.017374;2500;0
D04;Ramasser les papiers et les déchets par terre pour les mettre à la poubelle;Déchets;BRANCHE;Branche verte;branche9;12/05/2025;0.00947;0;0.1
D02;Tout manger ce qu’il y a dans nos assiettes (cantine/maison);Déchets;BRANCHE;Branche verte;branche9;12/05/2025;2.453511;0;1.390385
D09;Faire du compost avec les déchets végétaux ou donner les restes alimentaires aux poules…;Déchets;BRANCHE;Branche verte;branche9;09/06/2025;0.0623;0;1.75
D07;Vendre ou donner les vêtements. les objets. les jouets dont on ne veut plus (trop petits…);Déchets;BRANCHE;Branche verte;branche9;09/06/2025;0.017374;2500;0
D04;Ramasser les papiers et les déchets par terre pour les mettre à la poubelle;Déchets;BRANCHE;Branche verte;branche9;09/06/2025;0.00947;0;0.1
D02;Tout manger ce qu’il y a dans nos assiettes (cantine/maison);Déchets;BRANCHE;Branche verte;branche9;09/06/2025;2.453511;0;1.390385
B04;Faire un jardin potager;Biodiversité;BRANCHE;Branche verte;branche9;09/06/2025;4.48;0;0
B02;Ne pas tuer les araignées. les insectes (les mettre dehors…);Biodiversité;BRANCHE;Branche verte;branche9;09/06/2025;0;0;0
W07;Vider le reste de sa gourde dans les plantes;Eau;BRANCHE;Branche verte;branche9;09/06/2025;0;0.000013;0
W03;Ne pas faire couler l’eau trop longtemps quand on se lave les mains;Eau;BRANCHE;Branche verte;branche9;09/06/2025;0.004964;12.6;0
W01;Prendre des douches rapides;Eau;BRANCHE;Branche verte;branche9;09/06/2025;0.25;224;0
W02;Utiliser une seule dose de savon;Eau;BRANCHE;Branche verte;branche9;09/06/2025;0.05;28;0
T06;Couper le moteur de la voiture quand elle ne roule pas;Transport;BRANCHE;Branche verte;branche9;09/06/2025;1.518;0;0
E05;Préférer les ampoules à basse consommation;Electricité;BRANCHE;Branche verte;branche9;09/06/2025;0.072803;0;0
E02;Ouvrir les volets et ne pas allumer la lumière quand il fait jour dehors. ou éteindre lorsque la lumière extérieure le permet;Electricité;BRANCHE;Branche verte;branche9;09/06/2025;0.027408;0;0
E10;Faire sécher son linge à l'air libre au lieu d'utiliser le sèche linge chaque fois qu'on peut;Electricité;BRANCHE;Branche verte;branche9;09/06/2025;0.413462;0;0
E01;Eteindre la lumière quand on quitte une pièce. quand on n’en a pas besoin;Electricité;BRANCHE;Branche verte;branche9;09/06/2025;0.027408;0;0
C03;Acheter des fruits ou légumes de saison;Courses;BRANCHE;Branche verte;branche9;12/05/2025;6.932;0;0
D10;Ne pas acheter de bouteilles en plastique : boire à la gourde;Déchets;BRANCHE;Branche verte;branche9;12/05/2025;0.54243;0;0.21
B03;Donner à manger aux oiseaux dans son jardin ou sur son balcon;Biodiversité;BRANCHE;Branche verte;branche9;12/05/2025;0;0;0
B01;Na pas cueillir de plante dans la nature;Biodiversité;BRANCHE;Branche verte;branche9;12/05/2025;0;0;0
W04;Tirer la petite chasse d’eau quand on fait pipi;Eau;BRANCHE;Branche verte;branche9;12/05/2025;0.006501;16.5;0
W02;Couper l’eau quand on se brosse les dents : mettre de l’eau dans un verre pour se rincer;Eau;BRANCHE;Branche verte;branche9;12/05/2025;0.05;28;0
W05;Prendre une douche plutôt qu'un bain;Eau;BRANCHE;Branche verte;branche9;12/05/2025;0.140658;357;0
T03;Préférer la marche ou le vélo plutôt que la voiture;Transport;BRANCHE;Branche verte;branche9;12/05/2025;0.506;0;0
E06;Préférer les piles rechargeables;Electricité;BRANCHE;Branche verte;branche9;12/05/2025;0.097538;0;0
E04;Eteindre les écrans (ordinateur. télévision. …) pour diminuer la consommation d’électricité;Electricité;BRANCHE;Branche verte;branche9;12/05/2025;0.15988;0;1
E11;Couvrir les casseroles lorsqu’on fait bouillir de l’eau ou pour cuire…;Electricité;BRANCHE;Branche verte;branche9;12/05/2025;0.00293;0;0
E08;Eteindre le chauffage lorsqu’on aère une pièce;Electricité;BRANCHE;Branche verte;branche9;12/05/2025;0.000173;0;0
D08;Utiliser les bacs de tri;Déchets;BRANCHE;Branche verte;branche9;12/05/2025;0.866962;0;0
D06;Prendre soin de ses affaires pour les faire durer plus longtemps (reboucher les feutres… ne pas casser. ne pas lancer…);Déchets;BRANCHE;Branche verte;branche9;12/05/2025;0.017374;0;0.183462
D03;Ne pas jeter de déchets dans la nature (chewing-gums. sacs. canettes. bouteilles…);Déchets;BRANCHE;Branche verte;branche9;12/05/2025;0.424875;0;4.486538
D01;Limiter l'utilisation du papier : Utiliser les feuilles des 2 côtés / faire du brouillon / Utiliser l'ardoise pour chercher / Prendre du papier recyclé…;Déchets;BRANCHE;Branche verte;branche9;12/05/2025;0.009641;0;0.8
C03;Acheter des fruits ou légumes de saison;Courses;BRANCHE;Branche verte;branche10;14/05/2025;6.932;0;0
D04;Ramasser les papiers et les déchets par terre pour les mettre à la poubelle;Déchets;BRANCHE;Branche verte;branche10;14/05/2025;0.00947;0;0.1
D07;Vendre ou donner les vêtements. les objets. les jouets dont on ne veut plus (trop petits…);Déchets;BRANCHE;Branche verte;branche10;14/05/2025;0.017374;2500;0
D15;Economiser les mouchoirs en papier. l'essuie-tout et le papier toilette;Déchets;BRANCHE;Branche verte;branche10;14/05/2025;0.009591;0;0.8
E05;Préférer les ampoules à basse consommation;Electricité;BRANCHE;Branche verte;branche10;14/05/2025;0.072803;0;0
E02;Ouvrir les volets et ne pas allumer la lumière quand il fait jour dehors. ou éteindre lorsque la lumière extérieure le permet;Electricité;BRANCHE;Branche verte;branche10;14/05/2025;0.027408;0;0
E08;Eteindre le chauffage lorsqu’on aère une pièce;Electricité;BRANCHE;Branche verte;branche10;14/05/2025;0.000173;0;0
E11;Couvrir les casseroles lorsqu’on fait bouillir de l’eau ou pour cuire…;Electricité;BRANCHE;Branche verte;branche10;14/05/2025;0.00293;0;0
W07;Vider le reste de sa gourde dans les plantes;Eau;BRANCHE;Branche verte;branche10;14/05/2025;0;0.000013;0
W03;Ne pas faire couler l’eau trop longtemps quand on se lave les mains;Eau;BRANCHE;Branche verte;branche10;14/05/2025;0.004964;12.6;0
W02;Utiliser une seule dose de savon;Eau;BRANCHE;Branche verte;branche10;14/05/2025;0.05;28;0
W01;Prendre des douches rapides;Eau;BRANCHE;Branche verte;branche10;14/05/2025;0.25;224;0
B02;Ne pas tuer les araignées. les insectes (les mettre dehors…);Biodiversité;BRANCHE;Branche verte;branche10;14/05/2025;0;0;0
C06;Faire ses repas, gouter, compotes sois même plutôt que d’acheter des plats préparés;Courses;BRANCHE;Branche verte;branche13;16/04/2025;1.260407;0;0.180058
C03;Acheter des fruits ou légumes de saison;Courses;BRANCHE;Branche verte;branche13;16/04/2025;6.932;0;0
D10;Ne pas acheter de bouteilles en plastique : boire à la gourde;Déchets;BRANCHE;Branche verte;branche13;16/04/2025;0.54243;0;0.21
D08;Utiliser les bacs de tri;Déchets;BRANCHE;Branche verte;branche13;16/04/2025;0.866962;0;0
D07;Vendre ou donner les vêtements. les objets. les jouets dont on ne veut plus (trop petits…);Déchets;BRANCHE;Branche verte;branche13;16/04/2025;0.017374;2500;0
D06;Prendre soin de ses affaires pour les faire durer plus longtemps (reboucher les feutres… ne pas casser. ne pas lancer…);Déchets;BRANCHE;Branche verte;branche13;16/04/2025;0.017374;0;0.183462
D02;Tout manger ce qu’il y a dans nos assiettes (cantine/maison);Déchets;BRANCHE;Branche verte;branche13;16/04/2025;2.453511;0;1.390385
D03;Ne pas jeter de déchets dans la nature (chewing-gums. sacs. canettes. bouteilles…);Déchets;BRANCHE;Branche verte;branche13;16/04/2025;0.424875;0;4.486538
D01;Limiter l'utilisation du papier : Utiliser les feuilles des 2 côtés / faire du brouillon / Utiliser l'ardoise pour chercher / Prendre du papier recyclé…;Déchets;BRANCHE;Branche verte;branche13;16/04/2025;0.009641;0;0.8
B04;Faire un jardin potager;Biodiversité;BRANCHE;Branche verte;branche13;16/04/2025;4.48;0;0
B03;Donner à manger aux oiseaux dans son jardin ou sur son balcon;Biodiversité;BRANCHE;Branche verte;branche13;16/04/2025;0;0;0
W07;Vider le reste de sa gourde dans les plantes;Eau;BRANCHE;Branche verte;branche13;16/04/2025;0;0.000013;0
W05;Prendre une douche plutôt qu'un bain;Eau;BRANCHE;Branche verte;branche13;16/04/2025;0.140658;357;0
W04;Tirer la petite chasse d’eau quand on fait pipi;Eau;BRANCHE;Branche verte;branche13;16/04/2025;0.006501;16.5;0
T03;Préférer la marche ou le vélo plutôt que la voiture;Transport;BRANCHE;Branche verte;branche13;16/04/2025;0.506;0;0
T06;Couper le moteur de la voiture quand elle ne roule pas;Transport;BRANCHE;Branche verte;branche13;16/04/2025;1.518;0;0
E05;Préférer les ampoules à basse consommation;Electricité;BRANCHE;Branche verte;branche13;16/04/2025;0.072803;0;0
E02;Ouvrir les volets et ne pas allumer la lumière quand il fait jour dehors. ou éteindre lorsque la lumière extérieure le permet;Electricité;BRANCHE;Branche verte;branche13;16/04/2025;0.027408;0;0
E10;Faire sécher son linge à l'air libre au lieu d'utiliser le sèche linge chaque fois qu'on peut;Electricité;BRANCHE;Branche verte;branche13;16/04/2025;0.413462;0;0
E11;Couvrir les casseroles lorsqu’on fait bouillir de l’eau ou pour cuire…;Electricité;BRANCHE;Branche verte;branche13;16/04/2025;0.00293;0;0
E08;Eteindre le chauffage lorsqu’on aère une pièce;Electricité;BRANCHE;Branche verte;branche13;16/04/2025;0.000173;0;0
E01;Eteindre la lumière quand on quitte une pièce. quand on n’en a pas besoin;Electricité;BRANCHE;Branche verte;branche13;16/04/2025;0.027408;0;0
C06;Faire ses repas, gouter, compotes sois même plutôt que d’acheter des plats préparés;Courses;BRANCHE;Branche verte;branche2;20/04/2025;1.260407;0;0.180058
C03;Acheter des fruits ou légumes de saison;Courses;BRANCHE;Branche verte;branche2;20/04/2025;6.932;0;0
D10;Ne pas acheter de bouteilles en plastique : boire à la gourde;Déchets;BRANCHE;Branche verte;branche2;20/04/2025;0.54243;0;0.21
D09;Faire du compost avec les déchets végétaux ou donner les restes alimentaires aux poules…;Déchets;BRANCHE;Branche verte;branche2;20/04/2025;0.0623;0;1.75
D08;Utiliser les bacs de tri;Déchets;BRANCHE;Branche verte;branche2;20/04/2025;0.866962;0;0
D07;Vendre ou donner les vêtements. les objets. les jouets dont on ne veut plus (trop petits…);Déchets;BRANCHE;Branche verte;branche2;20/04/2025;0.017374;2500;0
D06;Prendre soin de ses affaires pour les faire durer plus longtemps (reboucher les feutres… ne pas casser. ne pas lancer…);Déchets;BRANCHE;Branche verte;branche2;20/04/2025;0.017374;0;0.183462
D04;Ramasser les papiers et les déchets par terre pour les mettre à la poubelle;Déchets;BRANCHE;Branche verte;branche2;20/04/2025;0.00947;0;0.1
W04;Tirer la petite chasse d’eau quand on fait pipi;Eau;BRANCHE;Branche verte;branche2;20/04/2025;0.006501;16.5;0
W05;Prendre une douche plutôt qu'un bain;Eau;BRANCHE;Branche verte;branche2;20/04/2025;0.140658;357;0
T03;Préférer la marche ou le vélo plutôt que la voiture;Transport;BRANCHE;Branche verte;branche2;20/04/2025;0.506;0;0
E05;Préférer les ampoules à basse consommation;Electricité;BRANCHE;Branche verte;branche2;20/04/2025;0.072803;0;0
E04;Eteindre les écrans (ordinateur. télévision. …) pour diminuer la consommation d’électricité;Electricité;BRANCHE;Branche verte;branche2;20/04/2025;0.15988;0;1
E02;Ouvrir les volets et ne pas allumer la lumière quand il fait jour dehors. ou éteindre lorsque la lumière extérieure le permet;Electricité;BRANCHE;Branche verte;branche2;20/04/2025;0.027408;0;0
E11;Couvrir les casseroles lorsqu’on fait bouillir de l’eau ou pour cuire…;Electricité;BRANCHE;Branche verte;branche2;20/04/2025;0.00293;0;0
E01;Eteindre la lumière quand on quitte une pièce. quand on n’en a pas besoin;Electricité;BRANCHE;Branche verte;branche2;20/04/2025;0.027408;0;0
B04;Faire un jardin potager;Biodiversité;BRANCHE;Branche verte;branche2;20/04/2025;4.48;0;0
D10;Ne pas acheter de bouteilles en plastique : boire à la gourde;Déchets;BRANCHE;Branche verte;branche10;14/05/2025;0.54243;0;0.21
D06;Prendre soin de ses affaires pour les faire durer plus longtemps (reboucher les feutres… ne pas casser. ne pas lancer…);Déchets;BRANCHE;Branche verte;branche10;14/05/2025;0.017374;0;0.183462
D08;Utiliser les bacs de tri;Déchets;BRANCHE;Branche verte;branche10;14/05/2025;0.866962;0;0
E06;Préférer les piles rechargeables;Electricité;BRANCHE;Branche verte;branche10;14/05/2025;0.097538;0;0
E04;Eteindre les écrans (ordinateur. télévision. …) pour diminuer la consommation d’électricité;Electricité;BRANCHE;Branche verte;branche10;14/05/2025;0.15988;0;1
E01;Eteindre la lumière quand on quitte une pièce. quand on n’en a pas besoin;Electricité;BRANCHE;Branche verte;branche10;14/05/2025;0.027408;0;0
E10;Faire sécher son linge à l'air libre au lieu d'utiliser le sèche linge chaque fois qu'on peut;Electricité;BRANCHE;Branche verte;branche10;14/05/2025;0.413462;0;0
T06;Couper le moteur de la voiture quand elle ne roule pas;Transport;BRANCHE;Branche verte;branche10;14/05/2025;1.518;0;0
W04;Tirer la petite chasse d’eau quand on fait pipi;Eau;BRANCHE;Branche verte;branche10;14/05/2025;0.006501;16.5;0
W02;Couper l’eau quand on se brosse les dents : mettre de l’eau dans un verre pour se rincer;Eau;BRANCHE;Branche verte;branche10;14/05/2025;0.05;28;0
W05;Prendre une douche plutôt qu'un bain;Eau;BRANCHE;Branche verte;branche10;14/05/2025;0.140658;357;0
B04;Faire un jardin potager;Biodiversité;BRANCHE;Branche verte;branche10;14/05/2025;4.48;0;0
B01;Na pas cueillir de plante dans la nature;Biodiversité;BRANCHE;Branche verte;branche10;14/05/2025;0;0;0
D11;Acheter des produits en vrac. éviter les emballages individuels…;Déchets;BRANCHE;Branche verte;branche9;02/06/2025;0.38;0;0.67
D10;Ne pas acheter de bouteilles en plastique : boire à la gourde;Déchets;BRANCHE;Branche verte;branche9;02/06/2025;0.54243;0;0.21
D08;Utiliser les bacs de tri;Déchets;BRANCHE;Branche verte;branche9;02/06/2025;0.866962;0;0
D06;Prendre soin de ses affaires pour les faire durer plus longtemps (reboucher les feutres… ne pas casser. ne pas lancer…);Déchets;BRANCHE;Branche verte;branche9;02/06/2025;0.017374;0;0.183462
D03;Ne pas jeter de déchets dans la nature (chewing-gums. sacs. canettes. bouteilles…);Déchets;BRANCHE;Branche verte;branche9;02/06/2025;0.424875;0;4.486538
D01;Limiter l'utilisation du papier : Utiliser les feuilles des 2 côtés / faire du brouillon / Utiliser l'ardoise pour chercher / Prendre du papier recyclé…;Déchets;BRANCHE;Branche verte;branche9;02/06/2025;0.009641;0;0.8
B03;Donner à manger aux oiseaux dans son jardin ou sur son balcon;Biodiversité;BRANCHE;Branche verte;branche9;02/06/2025;0;0;0
B01;Na pas cueillir de plante dans la nature;Biodiversité;BRANCHE;Branche verte;branche9;02/06/2025;0;0;0
W04;Tirer la petite chasse d’eau quand on fait pipi;Eau;BRANCHE;Branche verte;branche9;02/06/2025;0.006501;16.5;0
W02;Couper l’eau quand on se brosse les dents : mettre de l’eau dans un verre pour se rincer;Eau;BRANCHE;Branche verte;branche9;02/06/2025;0.05;28;0
W05;Prendre une douche plutôt qu'un bain;Eau;BRANCHE;Branche verte;branche9;02/06/2025;0.140658;357;0
C03;Acheter des fruits ou légumes de saison;Courses;BRANCHE;Branche verte;branche9;02/06/2025;6.932;0;0
D15;Economiser les mouchoirs en papier. l'essuie-tout et le papier toilette;Déchets;BRANCHE;Branche verte;branche9;02/06/2025;0.009591;0;0.8
D09;Faire du compost avec les déchets végétaux ou donner les restes alimentaires aux poules…;Déchets;BRANCHE;Branche verte;branche9;02/06/2025;0.0623;0;1.75
D07;Vendre ou donner les vêtements. les objets. les jouets dont on ne veut plus (trop petits…);Déchets;BRANCHE;Branche verte;branche9;02/06/2025;0.017374;2500;0
D04;Ramasser les papiers et les déchets par terre pour les mettre à la poubelle;Déchets;BRANCHE;Branche verte;branche9;02/06/2025;0.00947;0;0.1
D11;Acheter des produits en vrac. éviter les emballages individuels…;Déchets;BRANCHE;Branche verte;branche9;26/05/2025;0.38;0;0.67
D10;Ne pas acheter de bouteilles en plastique : boire à la gourde;Déchets;BRANCHE;Branche verte;branche9;26/05/2025;0.54243;0;0.21
D08;Utiliser les bacs de tri;Déchets;BRANCHE;Branche verte;branche9;26/05/2025;0.866962;0;0
D04;Ramasser les papiers et les déchets par terre pour les mettre à la poubelle;Déchets;BRANCHE;Branche verte;branche9;26/05/2025;0.00947;0;0.1
D02;Tout manger ce qu’il y a dans nos assiettes (cantine/maison);Déchets;BRANCHE;Branche verte;branche9;26/05/2025;2.453511;0;1.390385
B04;Faire un jardin potager;Biodiversité;BRANCHE;Branche verte;branche9;26/05/2025;4.48;0;0
B02;Ne pas tuer les araignées. les insectes (les mettre dehors…);Biodiversité;BRANCHE;Branche verte;branche9;26/05/2025;0;0;0
W07;Vider le reste de sa gourde dans les plantes;Eau;BRANCHE;Branche verte;branche9;26/05/2025;0;0.000013;0
W03;Ne pas faire couler l’eau trop longtemps quand on se lave les mains;Eau;BRANCHE;Branche verte;branche9;26/05/2025;0.004964;12.6;0
W01;Prendre des douches rapides;Eau;BRANCHE;Branche verte;branche9;26/05/2025;0.25;224;0
W02;Utiliser une seule dose de savon;Eau;BRANCHE;Branche verte;branche9;26/05/2025;0.05;28;0
E06;Préférer les piles rechargeables;Electricité;BRANCHE;Branche verte;branche9;26/05/2025;0.097538;0;0
E04;Eteindre les écrans (ordinateur. télévision. …) pour diminuer la consommation d’électricité;Electricité;BRANCHE;Branche verte;branche9;26/05/2025;0.15988;0;1
E11;Couvrir les casseroles lorsqu’on fait bouillir de l’eau ou pour cuire…;Electricité;BRANCHE;Branche verte;branche9;26/05/2025;0.00293;0;0
E08;Eteindre le chauffage lorsqu’on aère une pièce;Electricité;BRANCHE;Branche verte;branche9;26/05/2025;0.000173;0;0
D07;Vendre ou donner les vêtements. les objets. les jouets dont on ne veut plus (trop petits…);Déchets;BRANCHE;Branche verte;branche9;27/05/2025;0.017374;2500;0
C03;Acheter des fruits ou légumes de saison;Courses;BRANCHE;Branche verte;branche9;26/05/2025;6.932;0;0
D15;Economiser les mouchoirs en papier. l'essuie-tout et le papier toilette;Déchets;BRANCHE;Branche verte;branche9;26/05/2025;0.009591;0;0.8
D09;Faire du compost avec les déchets végétaux ou donner les restes alimentaires aux poules…;Déchets;BRANCHE;Branche verte;branche9;26/05/2025;0.0623;0;1.75
D06;Prendre soin de ses affaires pour les faire durer plus longtemps (reboucher les feutres… ne pas casser. ne pas lancer…);Déchets;BRANCHE;Branche verte;branche9;26/05/2025;0.017374;0;0.183462
D03;Ne pas jeter de déchets dans la nature (chewing-gums. sacs. canettes. bouteilles…);Déchets;BRANCHE;Branche verte;branche9;26/05/2025;0.424875;0;4.486538
D01;Limiter l'utilisation du papier : Utiliser les feuilles des 2 côtés / faire du brouillon / Utiliser l'ardoise pour chercher / Prendre du papier recyclé…;Déchets;BRANCHE;Branche verte;branche9;26/05/2025;0.009641;0;0.8
B03;Donner à manger aux oiseaux dans son jardin ou sur son balcon;Biodiversité;BRANCHE;Branche verte;branche9;26/05/2025;0;0;0
B01;Na pas cueillir de plante dans la nature;Biodiversité;BRANCHE;Branche verte;branche9;26/05/2025;0;0;0
W04;Tirer la petite chasse d’eau quand on fait pipi;Eau;BRANCHE;Branche verte;branche9;26/05/2025;0.006501;16.5;0
W02;Couper l’eau quand on se brosse les dents : mettre de l’eau dans un verre pour se rincer;Eau;BRANCHE;Branche verte;branche9;26/05/2025;0.05;28;0
W05;Prendre une douche plutôt qu'un bain;Eau;BRANCHE;Branche verte;branche9;26/05/2025;0.140658;357;0
T06;Couper le moteur de la voiture quand elle ne roule pas;Transport;BRANCHE;Branche verte;branche9;26/05/2025;1.518;0;0
E05;Préférer les ampoules à basse consommation;Electricité;BRANCHE;Branche verte;branche9;26/05/2025;0.072803;0;0
E02;Ouvrir les volets et ne pas allumer la lumière quand il fait jour dehors. ou éteindre lorsque la lumière extérieure le permet;Electricité;BRANCHE;Branche verte;branche9;26/05/2025;0.027408;0;0
E10;Faire sécher son linge à l'air libre au lieu d'utiliser le sèche linge chaque fois qu'on peut;Electricité;BRANCHE;Branche verte;branche9;26/05/2025;0.413462;0;0
E01;Eteindre la lumière quand on quitte une pièce. quand on n’en a pas besoin;Electricité;BRANCHE;Branche verte;branche9;26/05/2025;0.027408;0;0
B04;Faire un jardin potager;Biodiversité;BRANCHE;Branche verte;branche9;15/06/2025;4.48;0;0
B01;Na pas cueillir de plante dans la nature;Biodiversité;BRANCHE;Branche verte;branche9;15/06/2025;0;0;0
W07;Vider le reste de sa gourde dans les plantes;Eau;BRANCHE;Branche verte;branche9;15/06/2025;0;0.000013;0
W03;Ne pas faire couler l’eau trop longtemps quand on se lave les mains;Eau;BRANCHE;Branche verte;branche9;15/06/2025;0.004964;12.6;0
W01;Prendre des douches rapides;Eau;BRANCHE;Branche verte;branche9;15/06/2025;0.25;224;0
W02;Utiliser une seule dose de savon;Eau;BRANCHE;Branche verte;branche9;15/06/2025;0.05;28;0
D02;Tout manger ce qu’il y a dans nos assiettes (cantine/maison);Déchets;BRANCHE;Branche verte;branche9;02/06/2025;2.453511;0;1.390385
B04;Faire un jardin potager;Biodiversité;BRANCHE;Branche verte;branche9;02/06/2025;4.48;0;0
B02;Ne pas tuer les araignées. les insectes (les mettre dehors…);Biodiversité;BRANCHE;Branche verte;branche9;02/06/2025;0;0;0
W07;Vider le reste de sa gourde dans les plantes;Eau;BRANCHE;Branche verte;branche9;02/06/2025;0;0.000013;0
W03;Ne pas faire couler l’eau trop longtemps quand on se lave les mains;Eau;BRANCHE;Branche verte;branche9;02/06/2025;0.004964;12.6;0
W01;Prendre des douches rapides;Eau;BRANCHE;Branche verte;branche9;02/06/2025;0.25;224;0
W02;Utiliser une seule dose de savon;Eau;BRANCHE;Branche verte;branche9;02/06/2025;0.05;28;0
T06;Couper le moteur de la voiture quand elle ne roule pas;Transport;BRANCHE;Branche verte;branche9;02/06/2025;1.518;0;0
E06;Préférer les piles rechargeables;Electricité;BRANCHE;Branche verte;branche9;02/06/2025;0.097538;0;0
E05;Préférer les ampoules à basse consommation;Electricité;BRANCHE;Branche verte;branche9;02/06/2025;0.072803;0;0
E04;Eteindre les écrans (ordinateur. télévision. …) pour diminuer la consommation d’électricité;Electricité;BRANCHE;Branche verte;branche9;02/06/2025;0.15988;0;1
E02;Ouvrir les volets et ne pas allumer la lumière quand il fait jour dehors. ou éteindre lorsque la lumière extérieure le permet;Electricité;BRANCHE;Branche verte;branche9;02/06/2025;0.027408;0;0
E11;Couvrir les casseroles lorsqu’on fait bouillir de l’eau ou pour cuire…;Electricité;BRANCHE;Branche verte;branche9;02/06/2025;0.00293;0;0
E10;Faire sécher son linge à l'air libre au lieu d'utiliser le sèche linge chaque fois qu'on peut;Electricité;BRANCHE;Branche verte;branche9;02/06/2025;0.413462;0;0
E08;Eteindre le chauffage lorsqu’on aère une pièce;Electricité;BRANCHE;Branche verte;branche9;02/06/2025;0.000173;0;0
E01;Eteindre la lumière quand on quitte une pièce. quand on n’en a pas besoin;Electricité;BRANCHE;Branche verte;branche9;02/06/2025;0.027408;0;0
E06;Préférer les piles rechargeables;Electricité;BRANCHE;Branche verte;branche9;15/06/2025;0.097538;0;0
E04;Eteindre les écrans (ordinateur. télévision. …) pour diminuer la consommation d’électricité;Electricité;BRANCHE;Branche verte;branche9;15/06/2025;0.15988;0;1
E11;Couvrir les casseroles lorsqu’on fait bouillir de l’eau ou pour cuire…;Electricité;BRANCHE;Branche verte;branche9;15/06/2025;0.00293;0;0
E08;Eteindre le chauffage lorsqu’on aère une pièce;Electricité;BRANCHE;Branche verte;branche9;15/06/2025;0.000173;0;0
D11;Acheter des produits en vrac. éviter les emballages individuels…;Déchets;BRANCHE;Branche verte;branche9;15/06/2025;0.38;0;0.67
D10;Ne pas acheter de bouteilles en plastique : boire à la gourde;Déchets;BRANCHE;Branche verte;branche9;15/06/2025;0.54243;0;0.21
D08;Utiliser les bacs de tri;Déchets;BRANCHE;Branche verte;branche9;15/06/2025;0.866962;0;0
D06;Prendre soin de ses affaires pour les faire durer plus longtemps (reboucher les feutres… ne pas casser. ne pas lancer…);Déchets;BRANCHE;Branche verte;branche9;15/06/2025;0.017374;0;0.183462
D03;Ne pas jeter de déchets dans la nature (chewing-gums. sacs. canettes. bouteilles…);Déchets;BRANCHE;Branche verte;branche9;15/06/2025;0.424875;0;4.486538
D01;Limiter l'utilisation du papier : Utiliser les feuilles des 2 côtés / faire du brouillon / Utiliser l'ardoise pour chercher / Prendre du papier recyclé…;Déchets;BRANCHE;Branche verte;branche9;15/06/2025;0.009641;0;0.8
B03;Donner à manger aux oiseaux dans son jardin ou sur son balcon;Biodiversité;BRANCHE;Branche verte;branche9;15/06/2025;0;0;0
B02;Ne pas tuer les araignées. les insectes (les mettre dehors…);Biodiversité;BRANCHE;Branche verte;branche9;15/06/2025;0;0;0
W04;Tirer la petite chasse d’eau quand on fait pipi;Eau;BRANCHE;Branche verte;branche9;15/06/2025;0.006501;16.5;0
W02;Couper l’eau quand on se brosse les dents : mettre de l’eau dans un verre pour se rincer;Eau;BRANCHE;Branche verte;branche9;15/06/2025;0.05;28;0
W05;Prendre une douche plutôt qu'un bain;Eau;BRANCHE;Branche verte;branche9;15/06/2025;0.140658;357;0
C03;Acheter des fruits ou légumes de saison;Courses;BRANCHE;Branche verte;branche9;15/06/2025;6.932;0;0
D15;Economiser les mouchoirs en papier. l'essuie-tout et le papier toilette;Déchets;BRANCHE;Branche verte;branche9;15/06/2025;0.009591;0;0.8
D09;Faire du compost avec les déchets végétaux ou donner les restes alimentaires aux poules…;Déchets;BRANCHE;Branche verte;branche9;15/06/2025;0.0623;0;1.75
D07;Vendre ou donner les vêtements. les objets. les jouets dont on ne veut plus (trop petits…);Déchets;BRANCHE;Branche verte;branche9;15/06/2025;0.017374;2500;0
D04;Ramasser les papiers et les déchets par terre pour les mettre à la poubelle;Déchets;BRANCHE;Branche verte;branche9;15/06/2025;0.00947;0;0.1
D02;Tout manger ce qu’il y a dans nos assiettes (cantine/maison);Déchets;BRANCHE;Branche verte;branche9;15/06/2025;2.453511;0;1.390385
C06;Faire ses repas, gouter, compotes sois même plutôt que d’acheter des plats préparés;Courses;GRAINE;Graine jaune;graine1;11/04/2025;1.260407;0;0.180058
C03;Acheter des fruits ou légumes de saison;Courses;GRAINE;Graine jaune;graine1;11/04/2025;6.932;0;0
D15;Economiser les mouchoirs en papier. l'essuie-tout et le papier toilette;Déchets;GRAINE;Graine jaune;graine1;11/04/2025;0.009591;0;0.8
D10;Ne pas acheter de bouteilles en plastique : boire à la gourde;Déchets;GRAINE;Graine jaune;graine1;11/04/2025;0.54243;0;0.21
D09;Faire du compost avec les déchets végétaux ou donner les restes alimentaires aux poules…;Déchets;GRAINE;Graine jaune;graine1;11/04/2025;0.0623;0;1.75
D08;Utiliser les bacs de tri;Déchets;GRAINE;Graine jaune;graine1;11/04/2025;0.866962;0;0
D07;Vendre ou donner les vêtements. les objets. les jouets dont on ne veut plus (trop petits…);Déchets;GRAINE;Graine jaune;graine1;11/04/2025;0.017374;2500;0
D06;Prendre soin de ses affaires pour les faire durer plus longtemps (reboucher les feutres… ne pas casser. ne pas lancer…);Déchets;GRAINE;Graine jaune;graine1;11/04/2025;0.017374;0;0.183462
D04;Ramasser les papiers et les déchets par terre pour les mettre à la poubelle;Déchets;GRAINE;Graine jaune;graine1;11/04/2025;0.00947;0;0.1
D03;Ne pas jeter de déchets dans la nature (chewing-gums. sacs. canettes. bouteilles…);Déchets;GRAINE;Graine jaune;graine1;11/04/2025;0.424875;0;4.486538
D02;Tout manger ce qu’il y a dans nos assiettes (cantine/maison);Déchets;GRAINE;Graine jaune;graine1;11/04/2025;2.453511;0;1.390385
D01;Limiter l'utilisation du papier : Utiliser les feuilles des 2 côtés / faire du brouillon / Utiliser l'ardoise pour chercher / Prendre du papier recyclé…;Déchets;GRAINE;Graine jaune;graine1;11/04/2025;0.009641;0;0.8
B04;Faire un jardin potager;Biodiversité;GRAINE;Graine jaune;graine1;11/04/2025;4.48;0;0
B02;Ne pas tuer les araignées. les insectes (les mettre dehors…);Biodiversité;GRAINE;Graine jaune;graine1;11/04/2025;0;0;0
B01;Na pas cueillir de plante dans la nature;Biodiversité;GRAINE;Graine jaune;graine1;11/04/2025;0;0;0
W07;Vider le reste de sa gourde dans les plantes;Eau;GRAINE;Graine jaune;graine1;11/04/2025;0;0.000013;0
W04;Tirer la petite chasse d’eau quand on fait pipi;Eau;GRAINE;Graine jaune;graine1;11/04/2025;0.006501;16.5;0
W03;Ne pas faire couler l’eau trop longtemps quand on se lave les mains;Eau;GRAINE;Graine jaune;graine1;11/04/2025;0.004964;12.6;0
W02;Couper l’eau quand on se brosse les dents : mettre de l’eau dans un verre pour se rincer;Eau;GRAINE;Graine jaune;graine1;11/04/2025;0.05;28;0
W01;Prendre des douches rapides;Eau;GRAINE;Graine jaune;graine1;11/04/2025;0.25;224;0
W05;Prendre une douche plutôt qu'un bain;Eau;GRAINE;Graine jaune;graine1;11/04/2025;0.140658;357;0
W02;Utiliser une seule dose de savon;Eau;GRAINE;Graine jaune;graine1;11/04/2025;0.05;28;0
T03;Préférer la marche ou le vélo plutôt que la voiture;Transport;GRAINE;Graine jaune;graine1;11/04/2025;0.506;0;0
T06;Couper le moteur de la voiture quand elle ne roule pas;Transport;GRAINE;Graine jaune;graine1;11/04/2025;1.518;0;0
E06;Préférer les piles rechargeables;Electricité;GRAINE;Graine jaune;graine1;11/04/2025;0.097538;0;0
E05;Préférer les ampoules à basse consommation;Electricité;GRAINE;Graine jaune;graine1;11/04/2025;0.072803;0;0
E04;Eteindre les écrans (ordinateur. télévision. …) pour diminuer la consommation d’électricité;Electricité;GRAINE;Graine jaune;graine1;11/04/2025;0.15988;0;1
E02;Ouvrir les volets et ne pas allumer la lumière quand il fait jour dehors. ou éteindre lorsque la lumière extérieure le permet;Electricité;GRAINE;Graine jaune;graine1;11/04/2025;0.027408;0;0
E10;Faire sécher son linge à l'air libre au lieu d'utiliser le sèche linge chaque fois qu'on peut;Electricité;GRAINE;Graine jaune;graine1;11/04/2025;0.413462;0;0
E08;Eteindre le chauffage lorsqu’on aère une pièce;Electricité;GRAINE;Graine jaune;graine1;11/04/2025;0.000173;0;0
E01;Eteindre la lumière quand on quitte une pièce. quand on n’en a pas besoin;Electricité;GRAINE;Graine jaune;graine1;11/04/2025;0.027408;0;0
C05;Faire soi-même ses produits d’entretien pour éviter les emballages;Courses;GRAINE;Graine jaune;graine13;11/04/2025;0.006;0;0.03
C03;Acheter des fruits ou légumes de saison;Courses;GRAINE;Graine jaune;graine13;11/04/2025;6.932;0;0
D10;Ne pas acheter de bouteilles en plastique : boire à la gourde;Déchets;GRAINE;Graine jaune;graine13;11/04/2025;0.54243;0;0.21
D08;Utiliser les bacs de tri;Déchets;GRAINE;Graine jaune;graine13;11/04/2025;0.866962;0;0
D07;Vendre ou donner les vêtements. les objets. les jouets dont on ne veut plus (trop petits…);Déchets;GRAINE;Graine jaune;graine13;11/04/2025;0.017374;2500;0
D04;Ramasser les papiers et les déchets par terre pour les mettre à la poubelle;Déchets;GRAINE;Graine jaune;graine13;11/04/2025;0.00947;0;0.1
D03;Ne pas jeter de déchets dans la nature (chewing-gums. sacs. canettes. bouteilles…);Déchets;GRAINE;Graine jaune;graine13;11/04/2025;0.424875;0;4.486538
B02;Ne pas tuer les araignées. les insectes (les mettre dehors…);Biodiversité;GRAINE;Graine jaune;graine13;11/04/2025;0;0;0
W03;Ne pas faire couler l’eau trop longtemps quand on se lave les mains;Eau;GRAINE;Graine jaune;graine13;11/04/2025;0.004964;12.6;0
W02;Couper l’eau quand on se brosse les dents : mettre de l’eau dans un verre pour se rincer;Eau;GRAINE;Graine jaune;graine13;11/04/2025;0.05;28;0
T03;Préférer la marche ou le vélo plutôt que la voiture;Transport;GRAINE;Graine jaune;graine13;11/04/2025;0.506;0;0
T06;Couper le moteur de la voiture quand elle ne roule pas;Transport;GRAINE;Graine jaune;graine13;11/04/2025;1.518;0;0
E05;Préférer les ampoules à basse consommation;Electricité;GRAINE;Graine jaune;graine13;11/04/2025;0.072803;0;0
E04;Eteindre les écrans (ordinateur. télévision. …) pour diminuer la consommation d’électricité;Electricité;GRAINE;Graine jaune;graine13;11/04/2025;0.15988;0;1
E02;Ouvrir les volets et ne pas allumer la lumière quand il fait jour dehors. ou éteindre lorsque la lumière extérieure le permet;Electricité;GRAINE;Graine jaune;graine13;11/04/2025;0.027408;0;0
E11;Couvrir les casseroles lorsqu’on fait bouillir de l’eau ou pour cuire…;Electricité;GRAINE;Graine jaune;graine13;11/04/2025;0.00293;0;0
E10;Faire sécher son linge à l'air libre au lieu d'utiliser le sèche linge chaque fois qu'on peut;Electricité;GRAINE;Graine jaune;graine13;11/04/2025;0.413462;0;0
E01;Eteindre la lumière quand on quitte une pièce. quand on n’en a pas besoin;Electricité;GRAINE;Graine jaune;graine13;11/04/2025;0.027408;0;0
D10;Ne pas acheter de bouteilles en plastique : boire à la gourde;Déchets;GRAINE;Graine jaune;graine9;12/04/2025;0.54243;0;0.21
D08;Utiliser les bacs de tri;Déchets;GRAINE;Graine jaune;graine9;12/04/2025;0.866962;0;0
D03;Ne pas jeter de déchets dans la nature (chewing-gums. sacs. canettes. bouteilles…);Déchets;GRAINE;Graine jaune;graine9;12/04/2025;0.424875;0;4.486538
D01;Limiter l'utilisation du papier : Utiliser les feuilles des 2 côtés / faire du brouillon / Utiliser l'ardoise pour chercher / Prendre du papier recyclé…;Déchets;GRAINE;Graine jaune;graine9;12/04/2025;0.009641;0;0.8
B01;Na pas cueillir de plante dans la nature;Biodiversité;GRAINE;Graine jaune;graine9;12/04/2025;0;0;0
W03;Ne pas faire couler l’eau trop longtemps quand on se lave les mains;Eau;GRAINE;Graine jaune;graine9;12/04/2025;0.004964;12.6;0
E04;Eteindre les écrans (ordinateur. télévision. …) pour diminuer la consommation d’électricité;Electricité;GRAINE;Graine jaune;graine9;12/04/2025;0.15988;0;1
E11;Couvrir les casseroles lorsqu’on fait bouillir de l’eau ou pour cuire…;Electricité;GRAINE;Graine jaune;graine9;12/04/2025;0.00293;0;0
E08;Eteindre le chauffage lorsqu’on aère une pièce;Electricité;GRAINE;Graine jaune;graine9;12/04/2025;0.000173;0;0
C05;Faire soi-même ses produits d’entretien pour éviter les emballages;Courses;GRAINE;Graine jaune;graine6;13/04/2025;0.006;0;0.03
C05;Faire soi-même ses produits d’entretien pour éviter les emballages;Courses;GRAINE;Graine jaune;graine11;04/05/2025;0.006;0;0.03
D11;Acheter des produits en vrac. éviter les emballages individuels…;Déchets;GRAINE;Graine jaune;graine11;04/05/2025;0.38;0;0.67
W04;Tirer la petite chasse d’eau quand on fait pipi;Eau;GRAINE;Graine jaune;graine6;13/04/2025;0.006501;16.5;0
W02;Couper l’eau quand on se brosse les dents : mettre de l’eau dans un verre pour se rincer;Eau;GRAINE;Graine jaune;graine6;13/04/2025;0.05;28;0
W05;Prendre une douche plutôt qu'un bain;Eau;GRAINE;Graine jaune;graine6;13/04/2025;0.140658;357;0
D08;Utiliser les bacs de tri;Déchets;GRAINE;Graine jaune;graine6;13/04/2025;0.866962;0;0
D06;Prendre soin de ses affaires pour les faire durer plus longtemps (reboucher les feutres… ne pas casser. ne pas lancer…);Déchets;GRAINE;Graine jaune;graine6;13/04/2025;0.017374;0;0.183462
D02;Tout manger ce qu’il y a dans nos assiettes (cantine/maison);Déchets;GRAINE;Graine jaune;graine6;13/04/2025;2.453511;0;1.390385
D10;Ne pas acheter de bouteilles en plastique : boire à la gourde;Déchets;GRAINE;Graine jaune;graine11;04/05/2025;0.54243;0;0.21
D08;Utiliser les bacs de tri;Déchets;GRAINE;Graine jaune;graine11;04/05/2025;0.866962;0;0
D06;Prendre soin de ses affaires pour les faire durer plus longtemps (reboucher les feutres… ne pas casser. ne pas lancer…);Déchets;GRAINE;Graine jaune;graine11;04/05/2025;0.017374;0;0.183462
D03;Ne pas jeter de déchets dans la nature (chewing-gums. sacs. canettes. bouteilles…);Déchets;GRAINE;Graine jaune;graine11;04/05/2025;0.424875;0;4.486538
D01;Limiter l'utilisation du papier : Utiliser les feuilles des 2 côtés / faire du brouillon / Utiliser l'ardoise pour chercher / Prendre du papier recyclé…;Déchets;GRAINE;Graine jaune;graine11;04/05/2025;0.009641;0;0.8
B02;Ne pas tuer les araignées. les insectes (les mettre dehors…);Biodiversité;GRAINE;Graine jaune;graine11;04/05/2025;0;0;0
W07;Vider le reste de sa gourde dans les plantes;Eau;GRAINE;Graine jaune;graine11;04/05/2025;0;0.000013;0
W03;Ne pas faire couler l’eau trop longtemps quand on se lave les mains;Eau;GRAINE;Graine jaune;graine11;04/05/2025;0.004964;12.6;0
W01;Prendre des douches rapides;Eau;GRAINE;Graine jaune;graine11;04/05/2025;0.25;224;0
W02;Utiliser une seule dose de savon;Eau;GRAINE;Graine jaune;graine11;04/05/2025;0.05;28;0
T06;Couper le moteur de la voiture quand elle ne roule pas;Transport;GRAINE;Graine jaune;graine11;04/05/2025;1.518;0;0
E05;Préférer les ampoules à basse consommation;Electricité;GRAINE;Graine jaune;graine11;04/05/2025;0.072803;0;0
E02;Ouvrir les volets et ne pas allumer la lumière quand il fait jour dehors. ou éteindre lorsque la lumière extérieure le permet;Electricité;GRAINE;Graine jaune;graine11;04/05/2025;0.027408;0;0
E10;Faire sécher son linge à l'air libre au lieu d'utiliser le sèche linge chaque fois qu'on peut;Electricité;GRAINE;Graine jaune;graine11;04/05/2025;0.413462;0;0
E01;Eteindre la lumière quand on quitte une pièce. quand on n’en a pas besoin;Electricité;GRAINE;Graine jaune;graine11;04/05/2025;0.027408;0;0
W03;Ne pas faire couler l’eau trop longtemps quand on se lave les mains;Eau;GRAINE;Graine jaune;graine8;14/05/2025;0.004964;12.6;0
W01;Prendre des douches rapides;Eau;GRAINE;Graine jaune;graine8;14/05/2025;0.25;224;0
W02;Utiliser une seule dose de savon;Eau;GRAINE;Graine jaune;graine8;14/05/2025;0.05;28;0
T06;Couper le moteur de la voiture quand elle ne roule pas;Transport;GRAINE;Graine jaune;graine8;14/05/2025;1.518;0;0
E06;Préférer les piles rechargeables;Electricité;GRAINE;Graine jaune;graine8;14/05/2025;0.097538;0;0
E04;Eteindre les écrans (ordinateur. télévision. …) pour diminuer la consommation d’électricité;Electricité;GRAINE;Graine jaune;graine8;14/05/2025;0.15988;0;1
E11;Couvrir les casseroles lorsqu’on fait bouillir de l’eau ou pour cuire…;Electricité;GRAINE;Graine jaune;graine8;14/05/2025;0.00293;0;0
E08;Eteindre le chauffage lorsqu’on aère une pièce;Electricité;GRAINE;Graine jaune;graine8;14/05/2025;0.000173;0;0
C03;Acheter des fruits ou légumes de saison;Courses;GRAINE;Graine jaune;graine10;16/06/2025;6.932;0;0
D15;Economiser les mouchoirs en papier. l'essuie-tout et le papier toilette;Déchets;GRAINE;Graine jaune;graine10;16/06/2025;0.009591;0;0.8
D09;Faire du compost avec les déchets végétaux ou donner les restes alimentaires aux poules…;Déchets;GRAINE;Graine jaune;graine10;16/06/2025;0.0623;0;1.75
D01;Limiter l'utilisation du papier : Utiliser les feuilles des 2 côtés / faire du brouillon / Utiliser l'ardoise pour chercher / Prendre du papier recyclé…;Déchets;GRAINE;Graine jaune;graine10;16/06/2025;0.009641;0;0.8
D03;Ne pas jeter de déchets dans la nature (chewing-gums. sacs. canettes. bouteilles…);Déchets;GRAINE;Graine jaune;graine10;16/06/2025;0.424875;0;4.486538
B03;Donner à manger aux oiseaux dans son jardin ou sur son balcon;Biodiversité;GRAINE;Graine jaune;graine10;16/06/2025;0;0;0
W07;Vider le reste de sa gourde dans les plantes;Eau;GRAINE;Graine jaune;graine10;16/06/2025;0;0.000013;0
W03;Ne pas faire couler l’eau trop longtemps quand on se lave les mains;Eau;GRAINE;Graine jaune;graine10;16/06/2025;0.004964;12.6;0
B01;Na pas cueillir de plante dans la nature;Biodiversité;GRAINE;Graine jaune;graine10;16/06/2025;0;0;0
W05;Prendre une douche plutôt qu'un bain;Eau;GRAINE;Graine jaune;graine10;16/06/2025;0.140658;357;0
T03;Préférer la marche ou le vélo plutôt que la voiture;Transport;GRAINE;Graine jaune;graine10;16/06/2025;0.506;0;0
D02;Tout manger ce qu’il y a dans nos assiettes (cantine/maison);Déchets;GRAINE;Graine jaune;graine9;12/04/2025;2.453511;0;1.390385
B02;Ne pas tuer les araignées. les insectes (les mettre dehors…);Biodiversité;GRAINE;Graine jaune;graine9;12/04/2025;0;0;0
W04;Tirer la petite chasse d’eau quand on fait pipi;Eau;GRAINE;Graine jaune;graine9;12/04/2025;0.006501;16.5;0
W02;Utiliser une seule dose de savon;Eau;GRAINE;Graine jaune;graine9;12/04/2025;0.05;28;0
E02;Ouvrir les volets et ne pas allumer la lumière quand il fait jour dehors. ou éteindre lorsque la lumière extérieure le permet;Electricité;GRAINE;Graine jaune;graine9;12/04/2025;0.027408;0;0
E10;Faire sécher son linge à l'air libre au lieu d'utiliser le sèche linge chaque fois qu'on peut;Electricité;GRAINE;Graine jaune;graine9;12/04/2025;0.413462;0;0
C03;Acheter des fruits ou légumes de saison;Courses;GRAINE;Graine jaune;graine6;13/04/2025;6.932;0;0
W07;Vider le reste de sa gourde dans les plantes;Eau;GRAINE;Graine jaune;graine6;13/04/2025;0;0.000013;0
W03;Ne pas faire couler l’eau trop longtemps quand on se lave les mains;Eau;GRAINE;Graine jaune;graine6;13/04/2025;0.004964;12.6;0
W01;Prendre des douches rapides;Eau;GRAINE;Graine jaune;graine6;13/04/2025;0.25;224;0
D09;Faire du compost avec les déchets végétaux ou donner les restes alimentaires aux poules…;Déchets;GRAINE;Graine jaune;graine6;13/04/2025;0.0623;0;1.75
D07;Vendre ou donner les vêtements. les objets. les jouets dont on ne veut plus (trop petits…);Déchets;GRAINE;Graine jaune;graine6;13/04/2025;0.017374;2500;0
D03;Ne pas jeter de déchets dans la nature (chewing-gums. sacs. canettes. bouteilles…);Déchets;GRAINE;Graine jaune;graine6;13/04/2025;0.424875;0;4.486538
B04;Faire un jardin potager;Biodiversité;GRAINE;Graine jaune;graine6;13/04/2025;4.48;0;0
B03;Donner à manger aux oiseaux dans son jardin ou sur son balcon;Biodiversité;GRAINE;Graine jaune;graine6;13/04/2025;0;0;0
T03;Préférer la marche ou le vélo plutôt que la voiture;Transport;GRAINE;Graine jaune;graine6;13/04/2025;0.506;0;0
E06;Préférer les piles rechargeables;Electricité;GRAINE;Graine jaune;graine6;13/04/2025;0.097538;0;0
E05;Préférer les ampoules à basse consommation;Electricité;GRAINE;Graine jaune;graine6;13/04/2025;0.072803;0;0
E04;Eteindre les écrans (ordinateur. télévision. …) pour diminuer la consommation d’électricité;Electricité;GRAINE;Graine jaune;graine6;13/04/2025;0.15988;0;1
E11;Couvrir les casseroles lorsqu’on fait bouillir de l’eau ou pour cuire…;Electricité;GRAINE;Graine jaune;graine6;13/04/2025;0.00293;0;0
E10;Faire sécher son linge à l'air libre au lieu d'utiliser le sèche linge chaque fois qu'on peut;Electricité;GRAINE;Graine jaune;graine6;13/04/2025;0.413462;0;0
E08;Eteindre le chauffage lorsqu’on aère une pièce;Electricité;GRAINE;Graine jaune;graine6;13/04/2025;0.000173;0;0
D09;Faire du compost avec les déchets végétaux ou donner les restes alimentaires aux poules…;Déchets;GRAINE;Graine jaune;graine7;13/04/2025;0.0623;0;1.75
D08;Utiliser les bacs de tri;Déchets;GRAINE;Graine jaune;graine7;13/04/2025;0.866962;0;0
D07;Vendre ou donner les vêtements. les objets. les jouets dont on ne veut plus (trop petits…);Déchets;GRAINE;Graine jaune;graine7;13/04/2025;0.017374;2500;0
C06;Faire ses repas, gouter, compotes sois même plutôt que d’acheter des plats préparés;Courses;GRAINE;Graine jaune;graine16;13/04/2025;1.260407;0;0.180058
C03;Acheter des fruits ou légumes de saison;Courses;GRAINE;Graine jaune;graine16;13/04/2025;6.932;0;0
D11;Acheter des produits en vrac. éviter les emballages individuels…;Déchets;GRAINE;Graine jaune;graine16;13/04/2025;0.38;0;0.67
D15;Economiser les mouchoirs en papier. l'essuie-tout et le papier toilette;Déchets;GRAINE;Graine jaune;graine16;13/04/2025;0.009591;0;0.8
D10;Ne pas acheter de bouteilles en plastique : boire à la gourde;Déchets;GRAINE;Graine jaune;graine16;13/04/2025;0.54243;0;0.21
D08;Utiliser les bacs de tri;Déchets;GRAINE;Graine jaune;graine16;13/04/2025;0.866962;0;0
D07;Vendre ou donner les vêtements. les objets. les jouets dont on ne veut plus (trop petits…);Déchets;GRAINE;Graine jaune;graine16;13/04/2025;0.017374;2500;0
D04;Ramasser les papiers et les déchets par terre pour les mettre à la poubelle;Déchets;GRAINE;Graine jaune;graine16;13/04/2025;0.00947;0;0.1
D03;Ne pas jeter de déchets dans la nature (chewing-gums. sacs. canettes. bouteilles…);Déchets;GRAINE;Graine jaune;graine16;13/04/2025;0.424875;0;4.486538
D01;Limiter l'utilisation du papier : Utiliser les feuilles des 2 côtés / faire du brouillon / Utiliser l'ardoise pour chercher / Prendre du papier recyclé…;Déchets;GRAINE;Graine jaune;graine16;13/04/2025;0.009641;0;0.8
B04;Faire un jardin potager;Biodiversité;GRAINE;Graine jaune;graine16;13/04/2025;4.48;0;0
B03;Donner à manger aux oiseaux dans son jardin ou sur son balcon;Biodiversité;GRAINE;Graine jaune;graine16;13/04/2025;0;0;0
B01;Na pas cueillir de plante dans la nature;Biodiversité;GRAINE;Graine jaune;graine16;13/04/2025;0;0;0
W04;Tirer la petite chasse d’eau quand on fait pipi;Eau;GRAINE;Graine jaune;graine16;13/04/2025;0.006501;16.5;0
W03;Ne pas faire couler l’eau trop longtemps quand on se lave les mains;Eau;GRAINE;Graine jaune;graine16;13/04/2025;0.004964;12.6;0
W02;Couper l’eau quand on se brosse les dents : mettre de l’eau dans un verre pour se rincer;Eau;GRAINE;Graine jaune;graine16;13/04/2025;0.05;28;0
W01;Prendre des douches rapides;Eau;GRAINE;Graine jaune;graine16;13/04/2025;0.25;224;0
W05;Prendre une douche plutôt qu'un bain;Eau;GRAINE;Graine jaune;graine16;13/04/2025;0.140658;357;0
W02;Utiliser une seule dose de savon;Eau;GRAINE;Graine jaune;graine16;13/04/2025;0.05;28;0
T06;Couper le moteur de la voiture quand elle ne roule pas;Transport;GRAINE;Graine jaune;graine16;13/04/2025;1.518;0;0
E06;Préférer les piles rechargeables;Electricité;GRAINE;Graine jaune;graine16;13/04/2025;0.097538;0;0
E05;Préférer les ampoules à basse consommation;Electricité;GRAINE;Graine jaune;graine16;13/04/2025;0.072803;0;0
E04;Eteindre les écrans (ordinateur. télévision. …) pour diminuer la consommation d’électricité;Electricité;GRAINE;Graine jaune;graine16;13/04/2025;0.15988;0;1
E02;Ouvrir les volets et ne pas allumer la lumière quand il fait jour dehors. ou éteindre lorsque la lumière extérieure le permet;Electricité;GRAINE;Graine jaune;graine16;13/04/2025;0.027408;0;0
E11;Couvrir les casseroles lorsqu’on fait bouillir de l’eau ou pour cuire…;Electricité;GRAINE;Graine jaune;graine16;13/04/2025;0.00293;0;0
E10;Faire sécher son linge à l'air libre au lieu d'utiliser le sèche linge chaque fois qu'on peut;Electricité;GRAINE;Graine jaune;graine16;13/04/2025;0.413462;0;0
E08;Eteindre le chauffage lorsqu’on aère une pièce;Electricité;GRAINE;Graine jaune;graine16;13/04/2025;0.000173;0;0
D15;Economiser les mouchoirs en papier. l'essuie-tout et le papier toilette;Déchets;GRAINE;Graine jaune;graine10;13/04/2025;0.009591;0;0.8
D10;Ne pas acheter de bouteilles en plastique : boire à la gourde;Déchets;GRAINE;Graine jaune;graine10;13/04/2025;0.54243;0;0.21
D08;Utiliser les bacs de tri;Déchets;GRAINE;Graine jaune;graine10;13/04/2025;0.866962;0;0
D03;Ne pas jeter de déchets dans la nature (chewing-gums. sacs. canettes. bouteilles…);Déchets;GRAINE;Graine jaune;graine10;13/04/2025;0.424875;0;4.486538
C03;Acheter des fruits ou légumes de saison;Courses;GRAINE;Graine jaune;graine10;13/04/2025;6.932;0;0
D04;Ramasser les papiers et les déchets par terre pour les mettre à la poubelle;Déchets;GRAINE;Graine jaune;graine10;13/04/2025;0.00947;0;0.1
D02;Tout manger ce qu’il y a dans nos assiettes (cantine/maison);Déchets;GRAINE;Graine jaune;graine10;13/04/2025;2.453511;0;1.390385
D01;Limiter l'utilisation du papier : Utiliser les feuilles des 2 côtés / faire du brouillon / Utiliser l'ardoise pour chercher / Prendre du papier recyclé…;Déchets;GRAINE;Graine jaune;graine10;13/04/2025;0.009641;0;0.8
B02;Ne pas tuer les araignées. les insectes (les mettre dehors…);Biodiversité;GRAINE;Graine jaune;graine10;13/04/2025;0;0;0
B01;Na pas cueillir de plante dans la nature;Biodiversité;GRAINE;Graine jaune;graine10;13/04/2025;0;0;0
W04;Tirer la petite chasse d’eau quand on fait pipi;Eau;GRAINE;Graine jaune;graine10;13/04/2025;0.006501;16.5;0
W03;Ne pas faire couler l’eau trop longtemps quand on se lave les mains;Eau;GRAINE;Graine jaune;graine10;13/04/2025;0.004964;12.6;0
W05;Prendre une douche plutôt qu'un bain;Eau;GRAINE;Graine jaune;graine10;13/04/2025;0.140658;357;0
W02;Utiliser une seule dose de savon;Eau;GRAINE;Graine jaune;graine10;13/04/2025;0.05;28;0
T03;Préférer la marche ou le vélo plutôt que la voiture;Transport;GRAINE;Graine jaune;graine10;13/04/2025;0.506;0;0
E04;Eteindre les écrans (ordinateur. télévision. …) pour diminuer la consommation d’électricité;Electricité;GRAINE;Graine jaune;graine10;13/04/2025;0.15988;0;1
E02;Ouvrir les volets et ne pas allumer la lumière quand il fait jour dehors. ou éteindre lorsque la lumière extérieure le permet;Electricité;GRAINE;Graine jaune;graine10;13/04/2025;0.027408;0;0
E11;Couvrir les casseroles lorsqu’on fait bouillir de l’eau ou pour cuire…;Electricité;GRAINE;Graine jaune;graine10;13/04/2025;0.00293;0;0
E01;Eteindre la lumière quand on quitte une pièce. quand on n’en a pas besoin;Electricité;GRAINE;Graine jaune;graine10;13/04/2025;0.027408;0;0
C06;Faire ses repas, gouter, compotes sois même plutôt que d’acheter des plats préparés;Courses;GRAINE;Graine jaune;graine10;13/04/2025;1.260407;0;0.180058
C06;Faire ses repas, gouter, compotes sois même plutôt que d’acheter des plats préparés;Courses;GRAINE;Graine jaune;graine12;04/05/2025;1.260407;0;0.180058
C06;Faire ses repas, gouter, compotes sois même plutôt que d’acheter des plats préparés;Courses;GRAINE;Graine jaune;graine10;04/05/2025;1.260407;0;0.180058
D15;Economiser les mouchoirs en papier. l'essuie-tout et le papier toilette;Déchets;GRAINE;Graine jaune;graine10;04/05/2025;0.009591;0;0.8
D08;Utiliser les bacs de tri;Déchets;GRAINE;Graine jaune;graine10;04/05/2025;0.866962;0;0
D04;Ramasser les papiers et les déchets par terre pour les mettre à la poubelle;Déchets;GRAINE;Graine jaune;graine10;04/05/2025;0.00947;0;0.1
D02;Tout manger ce qu’il y a dans nos assiettes (cantine/maison);Déchets;GRAINE;Graine jaune;graine10;04/05/2025;2.453511;0;1.390385
B02;Ne pas tuer les araignées. les insectes (les mettre dehors…);Biodiversité;GRAINE;Graine jaune;graine10;04/05/2025;0;0;0
B01;Na pas cueillir de plante dans la nature;Biodiversité;GRAINE;Graine jaune;graine10;04/05/2025;0;0;0
W04;Tirer la petite chasse d’eau quand on fait pipi;Eau;GRAINE;Graine jaune;graine10;04/05/2025;0.006501;16.5;0
W02;Couper l’eau quand on se brosse les dents : mettre de l’eau dans un verre pour se rincer;Eau;GRAINE;Graine jaune;graine10;04/05/2025;0.05;28;0
W02;Utiliser une seule dose de savon;Eau;GRAINE;Graine jaune;graine10;04/05/2025;0.05;28;0
T04;Faire du covoiturage;Transport;GRAINE;Graine jaune;graine10;04/05/2025;0.506;0;0
E02;Ouvrir les volets et ne pas allumer la lumière quand il fait jour dehors. ou éteindre lorsque la lumière extérieure le permet;Electricité;GRAINE;Graine jaune;graine10;04/05/2025;0.027408;0;0
E10;Faire sécher son linge à l'air libre au lieu d'utiliser le sèche linge chaque fois qu'on peut;Electricité;GRAINE;Graine jaune;graine10;04/05/2025;0.413462;0;0
B04;Faire un jardin potager;Biodiversité;GRAINE;Graine jaune;graine12;19/05/2025;4.48;0;0
T03;Préférer la marche ou le vélo plutôt que la voiture;Transport;GRAINE;Graine jaune;graine12;19/05/2025;0.506;0;0
E06;Préférer les piles rechargeables;Electricité;GRAINE;Graine jaune;graine12;19/05/2025;0.097538;0;0
E04;Eteindre les écrans (ordinateur. télévision. …) pour diminuer la consommation d’électricité;Electricité;GRAINE;Graine jaune;graine12;19/05/2025;0.15988;0;1
E08;Eteindre le chauffage lorsqu’on aère une pièce;Electricité;GRAINE;Graine jaune;graine12;19/05/2025;0.000173;0;0
C06;Faire ses repas, gouter, compotes sois même plutôt que d’acheter des plats préparés;Courses;GRAINE;Graine jaune;graine11;19/05/2025;1.260407;0;0.180058
C03;Acheter des fruits ou légumes de saison;Courses;GRAINE;Graine jaune;graine11;19/05/2025;6.932;0;0
D15;Economiser les mouchoirs en papier. l'essuie-tout et le papier toilette;Déchets;GRAINE;Graine jaune;graine11;19/05/2025;0.009591;0;0.8
D08;Utiliser les bacs de tri;Déchets;GRAINE;Graine jaune;graine11;19/05/2025;0.866962;0;0
D06;Prendre soin de ses affaires pour les faire durer plus longtemps (reboucher les feutres… ne pas casser. ne pas lancer…);Déchets;GRAINE;Graine jaune;graine11;19/05/2025;0.017374;0;0.183462
C03;Acheter des fruits ou légumes de saison;Courses;GRAINE;Graine jaune;graine12;04/05/2025;6.932;0;0
C03;Acheter des fruits ou légumes de saison;Courses;GRAINE;Graine jaune;graine10;04/05/2025;6.932;0;0
D10;Ne pas acheter de bouteilles en plastique : boire à la gourde;Déchets;GRAINE;Graine jaune;graine10;04/05/2025;0.54243;0;0.21
D07;Vendre ou donner les vêtements. les objets. les jouets dont on ne veut plus (trop petits…);Déchets;GRAINE;Graine jaune;graine10;04/05/2025;0.017374;2500;0
D03;Ne pas jeter de déchets dans la nature (chewing-gums. sacs. canettes. bouteilles…);Déchets;GRAINE;Graine jaune;graine10;04/05/2025;0.424875;0;4.486538
T06;Couper le moteur de la voiture quand elle ne roule pas;Transport;GRAINE;Graine jaune;graine10;15/04/2025;1.518;0;0
D11;Acheter des produits en vrac. éviter les emballages individuels…;Déchets;GRAINE;Graine jaune;graine10;15/04/2025;0.38;0;0.67
D01;Limiter l'utilisation du papier : Utiliser les feuilles des 2 côtés / faire du brouillon / Utiliser l'ardoise pour chercher / Prendre du papier recyclé…;Déchets;GRAINE;Graine jaune;graine10;04/05/2025;0.009641;0;0.8
B03;Donner à manger aux oiseaux dans son jardin ou sur son balcon;Biodiversité;GRAINE;Graine jaune;graine10;04/05/2025;0;0;0
W07;Vider le reste de sa gourde dans les plantes;Eau;GRAINE;Graine jaune;graine10;04/05/2025;0;0.000013;0
W03;Ne pas faire couler l’eau trop longtemps quand on se lave les mains;Eau;GRAINE;Graine jaune;graine10;04/05/2025;0.004964;12.6;0
W05;Prendre une douche plutôt qu'un bain;Eau;GRAINE;Graine jaune;graine10;04/05/2025;0.140658;357;0
T03;Préférer la marche ou le vélo plutôt que la voiture;Transport;GRAINE;Graine jaune;graine10;04/05/2025;0.506;0;0
E04;Eteindre les écrans (ordinateur. télévision. …) pour diminuer la consommation d’électricité;Electricité;GRAINE;Graine jaune;graine10;04/05/2025;0.15988;0;1
E11;Couvrir les casseroles lorsqu’on fait bouillir de l’eau ou pour cuire…;Electricité;GRAINE;Graine jaune;graine10;04/05/2025;0.00293;0;0
E01;Eteindre la lumière quand on quitte une pièce. quand on n’en a pas besoin;Electricité;GRAINE;Graine jaune;graine10;04/05/2025;0.027408;0;0
B02;Ne pas tuer les araignées. les insectes (les mettre dehors…);Biodiversité;GRAINE;Graine jaune;graine12;19/05/2025;0;0;0
T06;Couper le moteur de la voiture quand elle ne roule pas;Transport;GRAINE;Graine jaune;graine12;19/05/2025;1.518;0;0
E05;Préférer les ampoules à basse consommation;Electricité;GRAINE;Graine jaune;graine12;19/05/2025;0.072803;0;0
E10;Faire sécher son linge à l'air libre au lieu d'utiliser le sèche linge chaque fois qu'on peut;Electricité;GRAINE;Graine jaune;graine12;19/05/2025;0.413462;0;0
C06;Faire ses repas, gouter, compotes sois même plutôt que d’acheter des plats préparés;Courses;GRAINE;Graine jaune;graine12;19/05/2025;1.260407;0;0.180058
W02;Utiliser une seule dose de savon;Eau;GRAINE;Graine jaune;graine12;19/05/2025;0.05;28;0
C05;Faire soi-même ses produits d’entretien pour éviter les emballages;Courses;GRAINE;Graine jaune;graine11;19/05/2025;0.006;0;0.03
D11;Acheter des produits en vrac. éviter les emballages individuels…;Déchets;GRAINE;Graine jaune;graine11;19/05/2025;0.38;0;0.67
D10;Ne pas acheter de bouteilles en plastique : boire à la gourde;Déchets;GRAINE;Graine jaune;graine11;19/05/2025;0.54243;0;0.21
D07;Vendre ou donner les vêtements. les objets. les jouets dont on ne veut plus (trop petits…);Déchets;GRAINE;Graine jaune;graine11;19/05/2025;0.017374;2500;0
C03;Acheter des fruits ou légumes de saison;Courses;GRAINE;Graine jaune;graine10;11/05/2025;6.932;0;0
D15;Economiser les mouchoirs en papier. l'essuie-tout et le papier toilette;Déchets;GRAINE;Graine jaune;graine10;11/05/2025;0.009591;0;0.8
D08;Utiliser les bacs de tri;Déchets;GRAINE;Graine jaune;graine10;11/05/2025;0.866962;0;0
D04;Ramasser les papiers et les déchets par terre pour les mettre à la poubelle;Déchets;GRAINE;Graine jaune;graine10;11/05/2025;0.00947;0;0.1
D02;Tout manger ce qu’il y a dans nos assiettes (cantine/maison);Déchets;GRAINE;Graine jaune;graine10;11/05/2025;2.453511;0;1.390385
C03;Acheter des fruits ou légumes de saison;Courses;GRAINE;Graine jaune;graine8;12/05/2025;6.932;0;0
D08;Utiliser les bacs de tri;Déchets;GRAINE;Graine jaune;graine8;12/05/2025;0.866962;0;0
D06;Prendre soin de ses affaires pour les faire durer plus longtemps (reboucher les feutres… ne pas casser. ne pas lancer…);Déchets;GRAINE;Graine jaune;graine8;12/05/2025;0.017374;0;0.183462
D03;Ne pas jeter de déchets dans la nature (chewing-gums. sacs. canettes. bouteilles…);Déchets;GRAINE;Graine jaune;graine8;12/05/2025;0.424875;0;4.486538
W03;Ne pas faire couler l’eau trop longtemps quand on se lave les mains;Eau;GRAINE;Graine jaune;graine8;12/05/2025;0.004964;12.6;0
W01;Prendre des douches rapides;Eau;GRAINE;Graine jaune;graine8;12/05/2025;0.25;224;0
D04;Ramasser les papiers et les déchets par terre pour les mettre à la poubelle;Déchets;GRAINE;Graine jaune;graine11;19/05/2025;0.00947;0;0.1
D02;Tout manger ce qu’il y a dans nos assiettes (cantine/maison);Déchets;GRAINE;Graine jaune;graine11;19/05/2025;2.453511;0;1.390385
B04;Faire un jardin potager;Biodiversité;GRAINE;Graine jaune;graine11;19/05/2025;4.48;0;0
B02;Ne pas tuer les araignées. les insectes (les mettre dehors…);Biodiversité;GRAINE;Graine jaune;graine11;19/05/2025;0;0;0
W07;Vider le reste de sa gourde dans les plantes;Eau;GRAINE;Graine jaune;graine11;19/05/2025;0;0.000013;0
W03;Ne pas faire couler l’eau trop longtemps quand on se lave les mains;Eau;GRAINE;Graine jaune;graine11;19/05/2025;0.004964;12.6;0
W01;Prendre des douches rapides;Eau;GRAINE;Graine jaune;graine11;19/05/2025;0.25;224;0
W02;Utiliser une seule dose de savon;Eau;GRAINE;Graine jaune;graine11;19/05/2025;0.05;28;0
T06;Couper le moteur de la voiture quand elle ne roule pas;Transport;GRAINE;Graine jaune;graine11;19/05/2025;1.518;0;0
E05;Préférer les ampoules à basse consommation;Electricité;GRAINE;Graine jaune;graine11;19/05/2025;0.072803;0;0
E02;Ouvrir les volets et ne pas allumer la lumière quand il fait jour dehors. ou éteindre lorsque la lumière extérieure le permet;Electricité;GRAINE;Graine jaune;graine11;19/05/2025;0.027408;0;0
E10;Faire sécher son linge à l'air libre au lieu d'utiliser le sèche linge chaque fois qu'on peut;Electricité;GRAINE;Graine jaune;graine11;19/05/2025;0.413462;0;0
E01;Eteindre la lumière quand on quitte une pièce. quand on n’en a pas besoin;Electricité;GRAINE;Graine jaune;graine11;19/05/2025;0.027408;0;0
W01;Prendre des douches rapides;Eau;GRAINE;Graine jaune;graine12;20/05/2025;0.25;224;0
W02;Couper l’eau quand on se brosse les dents : mettre de l’eau dans un verre pour se rincer;Eau;GRAINE;Graine jaune;graine12;20/05/2025;0.05;28;0
W04;Tirer la petite chasse d’eau quand on fait pipi;Eau;GRAINE;Graine jaune;graine12;20/05/2025;0.006501;16.5;0
D06;Prendre soin de ses affaires pour les faire durer plus longtemps (reboucher les feutres… ne pas casser. ne pas lancer…);Déchets;GRAINE;Graine jaune;graine11;01/06/2025;0.017374;0;0.183462
D04;Ramasser les papiers et les déchets par terre pour les mettre à la poubelle;Déchets;GRAINE;Graine jaune;graine11;01/06/2025;0.00947;0;0.1
D03;Ne pas jeter de déchets dans la nature (chewing-gums. sacs. canettes. bouteilles…);Déchets;GRAINE;Graine jaune;graine11;01/06/2025;0.424875;0;4.486538
D02;Tout manger ce qu’il y a dans nos assiettes (cantine/maison);Déchets;GRAINE;Graine jaune;graine11;01/06/2025;2.453511;0;1.390385
D01;Limiter l'utilisation du papier : Utiliser les feuilles des 2 côtés / faire du brouillon / Utiliser l'ardoise pour chercher / Prendre du papier recyclé…;Déchets;GRAINE;Graine jaune;graine11;01/06/2025;0.009641;0;0.8
B04;Faire un jardin potager;Biodiversité;GRAINE;Graine jaune;graine11;01/06/2025;4.48;0;0
B03;Donner à manger aux oiseaux dans son jardin ou sur son balcon;Biodiversité;GRAINE;Graine jaune;graine11;01/06/2025;0;0;0
B02;Ne pas tuer les araignées. les insectes (les mettre dehors…);Biodiversité;GRAINE;Graine jaune;graine11;01/06/2025;0;0;0
B01;Na pas cueillir de plante dans la nature;Biodiversité;GRAINE;Graine jaune;graine11;01/06/2025;0;0;0
W07;Vider le reste de sa gourde dans les plantes;Eau;GRAINE;Graine jaune;graine11;01/06/2025;0;0.000013;0
C06;Faire ses repas, gouter, compotes sois même plutôt que d’acheter des plats préparés;Courses;GRAINE;Graine jaune;graine11;09/06/2025;1.260407;0;0.180058
C03;Acheter des fruits ou légumes de saison;Courses;GRAINE;Graine jaune;graine11;09/06/2025;6.932;0;0
C06;Faire ses repas, gouter, compotes sois même plutôt que d’acheter des plats préparés;Courses;GRAINE;Graine jaune;graine10;11/05/2025;1.260407;0;0.180058
D11;Acheter des produits en vrac. éviter les emballages individuels…;Déchets;GRAINE;Graine jaune;graine10;11/05/2025;0.38;0;0.67
D10;Ne pas acheter de bouteilles en plastique : boire à la gourde;Déchets;GRAINE;Graine jaune;graine10;11/05/2025;0.54243;0;0.21
D06;Prendre soin de ses affaires pour les faire durer plus longtemps (reboucher les feutres… ne pas casser. ne pas lancer…);Déchets;GRAINE;Graine jaune;graine10;11/05/2025;0.017374;0;0.183462
D03;Ne pas jeter de déchets dans la nature (chewing-gums. sacs. canettes. bouteilles…);Déchets;GRAINE;Graine jaune;graine10;11/05/2025;0.424875;0;4.486538
D01;Limiter l'utilisation du papier : Utiliser les feuilles des 2 côtés / faire du brouillon / Utiliser l'ardoise pour chercher / Prendre du papier recyclé…;Déchets;GRAINE;Graine jaune;graine10;11/05/2025;0.009641;0;0.8
D15;Economiser les mouchoirs en papier. l'essuie-tout et le papier toilette;Déchets;GRAINE;Graine jaune;graine11;09/06/2025;0.009591;0;0.8
D15;Economiser les mouchoirs en papier. l'essuie-tout et le papier toilette;Déchets;GRAINE;Graine jaune;graine8;12/05/2025;0.009591;0;0.8
D09;Faire du compost avec les déchets végétaux ou donner les restes alimentaires aux poules…;Déchets;GRAINE;Graine jaune;graine11;09/06/2025;0.0623;0;1.75
D07;Vendre ou donner les vêtements. les objets. les jouets dont on ne veut plus (trop petits…);Déchets;GRAINE;Graine jaune;graine8;12/05/2025;0.017374;2500;0
D07;Vendre ou donner les vêtements. les objets. les jouets dont on ne veut plus (trop petits…);Déchets;GRAINE;Graine jaune;graine11;09/06/2025;0.017374;2500;0
D04;Ramasser les papiers et les déchets par terre pour les mettre à la poubelle;Déchets;GRAINE;Graine jaune;graine8;12/05/2025;0.00947;0;0.1
D01;Limiter l'utilisation du papier : Utiliser les feuilles des 2 côtés / faire du brouillon / Utiliser l'ardoise pour chercher / Prendre du papier recyclé…;Déchets;GRAINE;Graine jaune;graine8;12/05/2025;0.009641;0;0.8
W02;Couper l’eau quand on se brosse les dents : mettre de l’eau dans un verre pour se rincer;Eau;GRAINE;Graine jaune;graine8;12/05/2025;0.05;28;0
W05;Prendre une douche plutôt qu'un bain;Eau;GRAINE;Graine jaune;graine8;12/05/2025;0.140658;357;0
D03;Ne pas jeter de déchets dans la nature (chewing-gums. sacs. canettes. bouteilles…);Déchets;GRAINE;Graine jaune;graine11;19/05/2025;0.424875;0;4.486538
D01;Limiter l'utilisation du papier : Utiliser les feuilles des 2 côtés / faire du brouillon / Utiliser l'ardoise pour chercher / Prendre du papier recyclé…;Déchets;GRAINE;Graine jaune;graine11;19/05/2025;0.009641;0;0.8
B03;Donner à manger aux oiseaux dans son jardin ou sur son balcon;Biodiversité;GRAINE;Graine jaune;graine11;19/05/2025;0;0;0
B01;Na pas cueillir de plante dans la nature;Biodiversité;GRAINE;Graine jaune;graine11;19/05/2025;0;0;0
W04;Tirer la petite chasse d’eau quand on fait pipi;Eau;GRAINE;Graine jaune;graine11;19/05/2025;0.006501;16.5;0
W02;Couper l’eau quand on se brosse les dents : mettre de l’eau dans un verre pour se rincer;Eau;GRAINE;Graine jaune;graine11;19/05/2025;0.05;28;0
W05;Prendre une douche plutôt qu'un bain;Eau;GRAINE;Graine jaune;graine11;19/05/2025;0.140658;357;0
T03;Préférer la marche ou le vélo plutôt que la voiture;Transport;GRAINE;Graine jaune;graine11;19/05/2025;0.506;0;0
E06;Préférer les piles rechargeables;Electricité;GRAINE;Graine jaune;graine11;19/05/2025;0.097538;0;0
E04;Eteindre les écrans (ordinateur. télévision. …) pour diminuer la consommation d’électricité;Electricité;GRAINE;Graine jaune;graine11;19/05/2025;0.15988;0;1
E11;Couvrir les casseroles lorsqu’on fait bouillir de l’eau ou pour cuire…;Electricité;GRAINE;Graine jaune;graine11;19/05/2025;0.00293;0;0
E08;Eteindre le chauffage lorsqu’on aère une pièce;Electricité;GRAINE;Graine jaune;graine11;19/05/2025;0.000173;0;0
D04;Ramasser les papiers et les déchets par terre pour les mettre à la poubelle;Déchets;GRAINE;Graine jaune;graine11;09/06/2025;0.00947;0;0.1
W05;Prendre une douche plutôt qu'un bain;Eau;GRAINE;Graine jaune;graine12;20/05/2025;0.140658;357;0
W03;Ne pas faire couler l’eau trop longtemps quand on se lave les mains;Eau;GRAINE;Graine jaune;graine12;20/05/2025;0.004964;12.6;0
C06;Faire ses repas, gouter, compotes sois même plutôt que d’acheter des plats préparés;Courses;GRAINE;Graine jaune;graine11;27/04/2025;1.260407;0;0.180058
D11;Acheter des produits en vrac. éviter les emballages individuels…;Déchets;GRAINE;Graine jaune;graine11;27/04/2025;0.38;0;0.67
D10;Ne pas acheter de bouteilles en plastique : boire à la gourde;Déchets;GRAINE;Graine jaune;graine11;27/04/2025;0.54243;0;0.21
D08;Utiliser les bacs de tri;Déchets;GRAINE;Graine jaune;graine11;27/04/2025;0.866962;0;0
D06;Prendre soin de ses affaires pour les faire durer plus longtemps (reboucher les feutres… ne pas casser. ne pas lancer…);Déchets;GRAINE;Graine jaune;graine11;27/04/2025;0.017374;0;0.183462
D03;Ne pas jeter de déchets dans la nature (chewing-gums. sacs. canettes. bouteilles…);Déchets;GRAINE;Graine jaune;graine11;27/04/2025;0.424875;0;4.486538
D01;Limiter l'utilisation du papier : Utiliser les feuilles des 2 côtés / faire du brouillon / Utiliser l'ardoise pour chercher / Prendre du papier recyclé…;Déchets;GRAINE;Graine jaune;graine11;27/04/2025;0.009641;0;0.8
B02;Ne pas tuer les araignées. les insectes (les mettre dehors…);Biodiversité;GRAINE;Graine jaune;graine11;27/04/2025;0;0;0
W07;Vider le reste de sa gourde dans les plantes;Eau;GRAINE;Graine jaune;graine11;27/04/2025;0;0.000013;0
W03;Ne pas faire couler l’eau trop longtemps quand on se lave les mains;Eau;GRAINE;Graine jaune;graine11;27/04/2025;0.004964;12.6;0
C06;Faire ses repas, gouter, compotes sois même plutôt que d’acheter des plats préparés;Courses;GRAINE;Graine jaune;graine11;04/05/2025;1.260407;0;0.180058
W01;Prendre des douches rapides;Eau;GRAINE;Graine jaune;graine11;27/04/2025;0.25;224;0
W02;Utiliser une seule dose de savon;Eau;GRAINE;Graine jaune;graine11;27/04/2025;0.05;28;0
C03;Acheter des fruits ou légumes de saison;Courses;GRAINE;Graine jaune;graine11;04/05/2025;6.932;0;0
T06;Couper le moteur de la voiture quand elle ne roule pas;Transport;GRAINE;Graine jaune;graine11;27/04/2025;1.518;0;0
E05;Préférer les ampoules à basse consommation;Electricité;GRAINE;Graine jaune;graine11;27/04/2025;0.072803;0;0
E02;Ouvrir les volets et ne pas allumer la lumière quand il fait jour dehors. ou éteindre lorsque la lumière extérieure le permet;Electricité;GRAINE;Graine jaune;graine11;27/04/2025;0.027408;0;0
E10;Faire sécher son linge à l'air libre au lieu d'utiliser le sèche linge chaque fois qu'on peut;Electricité;GRAINE;Graine jaune;graine11;27/04/2025;0.413462;0;0
D15;Economiser les mouchoirs en papier. l'essuie-tout et le papier toilette;Déchets;GRAINE;Graine jaune;graine11;04/05/2025;0.009591;0;0.8
D09;Faire du compost avec les déchets végétaux ou donner les restes alimentaires aux poules…;Déchets;GRAINE;Graine jaune;graine11;04/05/2025;0.0623;0;1.75
D07;Vendre ou donner les vêtements. les objets. les jouets dont on ne veut plus (trop petits…);Déchets;GRAINE;Graine jaune;graine11;04/05/2025;0.017374;2500;0
D04;Ramasser les papiers et les déchets par terre pour les mettre à la poubelle;Déchets;GRAINE;Graine jaune;graine11;04/05/2025;0.00947;0;0.1
D02;Tout manger ce qu’il y a dans nos assiettes (cantine/maison);Déchets;GRAINE;Graine jaune;graine11;04/05/2025;2.453511;0;1.390385
B03;Donner à manger aux oiseaux dans son jardin ou sur son balcon;Biodiversité;GRAINE;Graine jaune;graine11;04/05/2025;0;0;0
B01;Na pas cueillir de plante dans la nature;Biodiversité;GRAINE;Graine jaune;graine11;04/05/2025;0;0;0
W04;Tirer la petite chasse d’eau quand on fait pipi;Eau;GRAINE;Graine jaune;graine11;04/05/2025;0.006501;16.5;0
W02;Couper l’eau quand on se brosse les dents : mettre de l’eau dans un verre pour se rincer;Eau;GRAINE;Graine jaune;graine11;04/05/2025;0.05;28;0
W05;Prendre une douche plutôt qu'un bain;Eau;GRAINE;Graine jaune;graine11;04/05/2025;0.140658;357;0
T03;Préférer la marche ou le vélo plutôt que la voiture;Transport;GRAINE;Graine jaune;graine11;04/05/2025;0.506;0;0
E06;Préférer les piles rechargeables;Electricité;GRAINE;Graine jaune;graine11;04/05/2025;0.097538;0;0
E04;Eteindre les écrans (ordinateur. télévision. …) pour diminuer la consommation d’électricité;Electricité;GRAINE;Graine jaune;graine11;04/05/2025;0.15988;0;1
E11;Couvrir les casseroles lorsqu’on fait bouillir de l’eau ou pour cuire…;Electricité;GRAINE;Graine jaune;graine11;04/05/2025;0.00293;0;0
E08;Eteindre le chauffage lorsqu’on aère une pièce;Electricité;GRAINE;Graine jaune;graine11;04/05/2025;0.000173;0;0
B01;Na pas cueillir de plante dans la nature;Biodiversité;GRAINE;Graine jaune;graine8;12/05/2025;0;0;0
E05;Préférer les ampoules à basse consommation;Electricité;GRAINE;Graine jaune;graine8;12/05/2025;0.072803;0;0
C05;Faire soi-même ses produits d’entretien pour éviter les emballages;Courses;GRAINE;Graine jaune;graine11;09/06/2025;0.006;0;0.03
E11;Couvrir les casseroles lorsqu’on fait bouillir de l’eau ou pour cuire…;Electricité;GRAINE;Graine jaune;graine8;12/05/2025;0.00293;0;0
E08;Eteindre le chauffage lorsqu’on aère une pièce;Electricité;GRAINE;Graine jaune;graine8;12/05/2025;0.000173;0;0
T06;Couper le moteur de la voiture quand elle ne roule pas;Transport;GRAINE;Graine jaune;graine8;12/05/2025;1.518;0;0
C03;Acheter des fruits ou légumes de saison;Courses;GRAINE;Graine jaune;graine11;12/05/2025;6.932;0;0
D15;Economiser les mouchoirs en papier. l'essuie-tout et le papier toilette;Déchets;GRAINE;Graine jaune;graine11;12/05/2025;0.009591;0;0.8
D08;Utiliser les bacs de tri;Déchets;GRAINE;Graine jaune;graine11;12/05/2025;0.866962;0;0
D06;Prendre soin de ses affaires pour les faire durer plus longtemps (reboucher les feutres… ne pas casser. ne pas lancer…);Déchets;GRAINE;Graine jaune;graine11;12/05/2025;0.017374;0;0.183462
D03;Ne pas jeter de déchets dans la nature (chewing-gums. sacs. canettes. bouteilles…);Déchets;GRAINE;Graine jaune;graine11;12/05/2025;0.424875;0;4.486538
D01;Limiter l'utilisation du papier : Utiliser les feuilles des 2 côtés / faire du brouillon / Utiliser l'ardoise pour chercher / Prendre du papier recyclé…;Déchets;GRAINE;Graine jaune;graine11;12/05/2025;0.009641;0;0.8
B03;Donner à manger aux oiseaux dans son jardin ou sur son balcon;Biodiversité;GRAINE;Graine jaune;graine11;12/05/2025;0;0;0
B01;Na pas cueillir de plante dans la nature;Biodiversité;GRAINE;Graine jaune;graine11;12/05/2025;0;0;0
W04;Tirer la petite chasse d’eau quand on fait pipi;Eau;GRAINE;Graine jaune;graine11;12/05/2025;0.006501;16.5;0
W02;Couper l’eau quand on se brosse les dents : mettre de l’eau dans un verre pour se rincer;Eau;GRAINE;Graine jaune;graine11;12/05/2025;0.05;28;0
W05;Prendre une douche plutôt qu'un bain;Eau;GRAINE;Graine jaune;graine11;12/05/2025;0.140658;357;0
T03;Préférer la marche ou le vélo plutôt que la voiture;Transport;GRAINE;Graine jaune;graine11;12/05/2025;0.506;0;0
E06;Préférer les piles rechargeables;Electricité;GRAINE;Graine jaune;graine11;12/05/2025;0.097538;0;0
E04;Eteindre les écrans (ordinateur. télévision. …) pour diminuer la consommation d’électricité;Electricité;GRAINE;Graine jaune;graine11;12/05/2025;0.15988;0;1
E11;Couvrir les casseroles lorsqu’on fait bouillir de l’eau ou pour cuire…;Electricité;GRAINE;Graine jaune;graine11;12/05/2025;0.00293;0;0
E08;Eteindre le chauffage lorsqu’on aère une pièce;Electricité;GRAINE;Graine jaune;graine11;12/05/2025;0.000173;0;0
B01;Na pas cueillir de plante dans la nature;Biodiversité;GRAINE;Graine jaune;graine10;12/05/2025;0;0;0
W04;Tirer la petite chasse d’eau quand on fait pipi;Eau;GRAINE;Graine jaune;graine10;12/05/2025;0.006501;16.5;0
W02;Couper l’eau quand on se brosse les dents : mettre de l’eau dans un verre pour se rincer;Eau;GRAINE;Graine jaune;graine10;12/05/2025;0.05;28;0
W05;Prendre une douche plutôt qu'un bain;Eau;GRAINE;Graine jaune;graine10;12/05/2025;0.140658;357;0
T03;Préférer la marche ou le vélo plutôt que la voiture;Transport;GRAINE;Graine jaune;graine10;12/05/2025;0.506;0;0
E05;Préférer les ampoules à basse consommation;Electricité;GRAINE;Graine jaune;graine10;12/05/2025;0.072803;0;0
E02;Ouvrir les volets et ne pas allumer la lumière quand il fait jour dehors. ou éteindre lorsque la lumière extérieure le permet;Electricité;GRAINE;Graine jaune;graine10;12/05/2025;0.027408;0;0
E10;Faire sécher son linge à l'air libre au lieu d'utiliser le sèche linge chaque fois qu'on peut;Electricité;GRAINE;Graine jaune;graine10;12/05/2025;0.413462;0;0
D11;Acheter des produits en vrac. éviter les emballages individuels…;Déchets;GRAINE;Graine jaune;graine11;09/06/2025;0.38;0;0.67
D10;Ne pas acheter de bouteilles en plastique : boire à la gourde;Déchets;GRAINE;Graine jaune;graine11;09/06/2025;0.54243;0;0.21
D15;Economiser les mouchoirs en papier. l'essuie-tout et le papier toilette;Déchets;GRAINE;Graine jaune;graine8;14/05/2025;0.009591;0;0.8
D08;Utiliser les bacs de tri;Déchets;GRAINE;Graine jaune;graine8;14/05/2025;0.866962;0;0
D06;Prendre soin de ses affaires pour les faire durer plus longtemps (reboucher les feutres… ne pas casser. ne pas lancer…);Déchets;GRAINE;Graine jaune;graine8;14/05/2025;0.017374;0;0.183462
D03;Ne pas jeter de déchets dans la nature (chewing-gums. sacs. canettes. bouteilles…);Déchets;GRAINE;Graine jaune;graine8;14/05/2025;0.424875;0;4.486538
D01;Limiter l'utilisation du papier : Utiliser les feuilles des 2 côtés / faire du brouillon / Utiliser l'ardoise pour chercher / Prendre du papier recyclé…;Déchets;GRAINE;Graine jaune;graine8;14/05/2025;0.009641;0;0.8
C03;Acheter des fruits ou légumes de saison;Courses;GRAINE;Graine jaune;graine8;14/05/2025;6.932;0;0
B01;Na pas cueillir de plante dans la nature;Biodiversité;GRAINE;Graine jaune;graine8;14/05/2025;0;0;0
W04;Tirer la petite chasse d’eau quand on fait pipi;Eau;GRAINE;Graine jaune;graine8;14/05/2025;0.006501;16.5;0
W02;Couper l’eau quand on se brosse les dents : mettre de l’eau dans un verre pour se rincer;Eau;GRAINE;Graine jaune;graine8;14/05/2025;0.05;28;0
W05;Prendre une douche plutôt qu'un bain;Eau;GRAINE;Graine jaune;graine8;14/05/2025;0.140658;357;0
T03;Préférer la marche ou le vélo plutôt que la voiture;Transport;GRAINE;Graine jaune;graine8;14/05/2025;0.506;0;0
T04;Faire du covoiturage;Transport;GRAINE;Graine jaune;graine8;14/05/2025;0.506;0;0
E05;Préférer les ampoules à basse consommation;Electricité;GRAINE;Graine jaune;graine8;14/05/2025;0.072803;0;0
E02;Ouvrir les volets et ne pas allumer la lumière quand il fait jour dehors. ou éteindre lorsque la lumière extérieure le permet;Electricité;GRAINE;Graine jaune;graine8;14/05/2025;0.027408;0;0
E10;Faire sécher son linge à l'air libre au lieu d'utiliser le sèche linge chaque fois qu'on peut;Electricité;GRAINE;Graine jaune;graine8;14/05/2025;0.413462;0;0
E01;Eteindre la lumière quand on quitte une pièce. quand on n’en a pas besoin;Electricité;GRAINE;Graine jaune;graine8;14/05/2025;0.027408;0;0
D08;Utiliser les bacs de tri;Déchets;GRAINE;Graine jaune;graine11;09/06/2025;0.866962;0;0
D06;Prendre soin de ses affaires pour les faire durer plus longtemps (reboucher les feutres… ne pas casser. ne pas lancer…);Déchets;GRAINE;Graine jaune;graine11;09/06/2025;0.017374;0;0.183462
D03;Ne pas jeter de déchets dans la nature (chewing-gums. sacs. canettes. bouteilles…);Déchets;GRAINE;Graine jaune;graine11;09/06/2025;0.424875;0;4.486538
D01;Limiter l'utilisation du papier : Utiliser les feuilles des 2 côtés / faire du brouillon / Utiliser l'ardoise pour chercher / Prendre du papier recyclé…;Déchets;GRAINE;Graine jaune;graine11;09/06/2025;0.009641;0;0.8
B03;Donner à manger aux oiseaux dans son jardin ou sur son balcon;Biodiversité;GRAINE;Graine jaune;graine11;09/06/2025;0;0;0
B01;Na pas cueillir de plante dans la nature;Biodiversité;GRAINE;Graine jaune;graine11;09/06/2025;0;0;0
W04;Tirer la petite chasse d’eau quand on fait pipi;Eau;GRAINE;Graine jaune;graine11;09/06/2025;0.006501;16.5;0
W02;Couper l’eau quand on se brosse les dents : mettre de l’eau dans un verre pour se rincer;Eau;GRAINE;Graine jaune;graine11;09/06/2025;0.05;28;0
W05;Prendre une douche plutôt qu'un bain;Eau;GRAINE;Graine jaune;graine11;09/06/2025;0.140658;357;0
T03;Préférer la marche ou le vélo plutôt que la voiture;Transport;GRAINE;Graine jaune;graine11;09/06/2025;0.506;0;0
E06;Préférer les piles rechargeables;Electricité;GRAINE;Graine jaune;graine11;09/06/2025;0.097538;0;0
E04;Eteindre les écrans (ordinateur. télévision. …) pour diminuer la consommation d’électricité;Electricité;GRAINE;Graine jaune;graine11;09/06/2025;0.15988;0;1
E11;Couvrir les casseroles lorsqu’on fait bouillir de l’eau ou pour cuire…;Electricité;GRAINE;Graine jaune;graine11;09/06/2025;0.00293;0;0
E08;Eteindre le chauffage lorsqu’on aère une pièce;Electricité;GRAINE;Graine jaune;graine11;09/06/2025;0.000173;0;0
C06;Faire ses repas, gouter, compotes sois même plutôt que d’acheter des plats préparés;Courses;GRAINE;Graine jaune;graine10;10/06/2025;1.260407;0;0.180058
D15;Economiser les mouchoirs en papier. l'essuie-tout et le papier toilette;Déchets;GRAINE;Graine jaune;graine10;10/06/2025;0.009591;0;0.8
D09;Faire du compost avec les déchets végétaux ou donner les restes alimentaires aux poules…;Déchets;GRAINE;Graine jaune;graine10;10/06/2025;0.0623;0;1.75
D06;Prendre soin de ses affaires pour les faire durer plus longtemps (reboucher les feutres… ne pas casser. ne pas lancer…);Déchets;GRAINE;Graine jaune;graine10;10/06/2025;0.017374;0;0.183462
D03;Ne pas jeter de déchets dans la nature (chewing-gums. sacs. canettes. bouteilles…);Déchets;GRAINE;Graine jaune;graine10;10/06/2025;0.424875;0;4.486538
D01;Limiter l'utilisation du papier : Utiliser les feuilles des 2 côtés / faire du brouillon / Utiliser l'ardoise pour chercher / Prendre du papier recyclé…;Déchets;GRAINE;Graine jaune;graine10;10/06/2025;0.009641;0;0.8
B02;Ne pas tuer les araignées. les insectes (les mettre dehors…);Biodiversité;GRAINE;Graine jaune;graine10;10/06/2025;0;0;0
W07;Vider le reste de sa gourde dans les plantes;Eau;GRAINE;Graine jaune;graine10;10/06/2025;0;0.000013;0
W03;Ne pas faire couler l’eau trop longtemps quand on se lave les mains;Eau;GRAINE;Graine jaune;graine10;10/06/2025;0.004964;12.6;0
W01;Prendre des douches rapides;Eau;GRAINE;Graine jaune;graine10;10/06/2025;0.25;224;0
W02;Utiliser une seule dose de savon;Eau;GRAINE;Graine jaune;graine10;10/06/2025;0.05;28;0
T06;Couper le moteur de la voiture quand elle ne roule pas;Transport;GRAINE;Graine jaune;graine10;10/06/2025;1.518;0;0
E04;Eteindre les écrans (ordinateur. télévision. …) pour diminuer la consommation d’électricité;Electricité;GRAINE;Graine jaune;graine10;10/06/2025;0.15988;0;1
E11;Couvrir les casseroles lorsqu’on fait bouillir de l’eau ou pour cuire…;Electricité;GRAINE;Graine jaune;graine10;10/06/2025;0.00293;0;0
E08;Eteindre le chauffage lorsqu’on aère une pièce;Electricité;GRAINE;Graine jaune;graine10;10/06/2025;0.000173;0;0
C06;Faire ses repas, gouter, compotes sois même plutôt que d’acheter des plats préparés;Courses;GRAINE;Graine jaune;graine1;10/06/2025;1.260407;0;0.180058
D15;Economiser les mouchoirs en papier. l'essuie-tout et le papier toilette;Déchets;GRAINE;Graine jaune;graine1;10/06/2025;0.009591;0;0.8
D08;Utiliser les bacs de tri;Déchets;GRAINE;Graine jaune;graine1;10/06/2025;0.866962;0;0
D06;Prendre soin de ses affaires pour les faire durer plus longtemps (reboucher les feutres… ne pas casser. ne pas lancer…);Déchets;GRAINE;Graine jaune;graine1;10/06/2025;0.017374;0;0.183462
D03;Ne pas jeter de déchets dans la nature (chewing-gums. sacs. canettes. bouteilles…);Déchets;GRAINE;Graine jaune;graine1;10/06/2025;0.424875;0;4.486538
D01;Limiter l'utilisation du papier : Utiliser les feuilles des 2 côtés / faire du brouillon / Utiliser l'ardoise pour chercher / Prendre du papier recyclé…;Déchets;GRAINE;Graine jaune;graine1;10/06/2025;0.009641;0;0.8
B02;Ne pas tuer les araignées. les insectes (les mettre dehors…);Biodiversité;GRAINE;Graine jaune;graine1;10/06/2025;0;0;0
W07;Vider le reste de sa gourde dans les plantes;Eau;GRAINE;Graine jaune;graine1;10/06/2025;0;0.000013;0
W03;Ne pas faire couler l’eau trop longtemps quand on se lave les mains;Eau;GRAINE;Graine jaune;graine1;10/06/2025;0.004964;12.6;0
W01;Prendre des douches rapides;Eau;GRAINE;Graine jaune;graine1;10/06/2025;0.25;224;0
W02;Utiliser une seule dose de savon;Eau;GRAINE;Graine jaune;graine1;10/06/2025;0.05;28;0
E06;Préférer les piles rechargeables;Electricité;GRAINE;Graine jaune;graine1;10/06/2025;0.097538;0;0
E02;Ouvrir les volets et ne pas allumer la lumière quand il fait jour dehors. ou éteindre lorsque la lumière extérieure le permet;Electricité;GRAINE;Graine jaune;graine1;10/06/2025;0.027408;0;0
C03;Acheter des fruits ou légumes de saison;Courses;GRAINE;Graine jaune;graine11;27/04/2025;6.932;0;0
D15;Economiser les mouchoirs en papier. l'essuie-tout et le papier toilette;Déchets;GRAINE;Graine jaune;graine11;27/04/2025;0.009591;0;0.8
D09;Faire du compost avec les déchets végétaux ou donner les restes alimentaires aux poules…;Déchets;GRAINE;Graine jaune;graine11;27/04/2025;0.0623;0;1.75
D07;Vendre ou donner les vêtements. les objets. les jouets dont on ne veut plus (trop petits…);Déchets;GRAINE;Graine jaune;graine11;27/04/2025;0.017374;2500;0
D04;Ramasser les papiers et les déchets par terre pour les mettre à la poubelle;Déchets;GRAINE;Graine jaune;graine11;27/04/2025;0.00947;0;0.1
D02;Tout manger ce qu’il y a dans nos assiettes (cantine/maison);Déchets;GRAINE;Graine jaune;graine11;27/04/2025;2.453511;0;1.390385
B03;Donner à manger aux oiseaux dans son jardin ou sur son balcon;Biodiversité;GRAINE;Graine jaune;graine11;27/04/2025;0;0;0
B01;Na pas cueillir de plante dans la nature;Biodiversité;GRAINE;Graine jaune;graine11;27/04/2025;0;0;0
W04;Tirer la petite chasse d’eau quand on fait pipi;Eau;GRAINE;Graine jaune;graine11;27/04/2025;0.006501;16.5;0
W02;Couper l’eau quand on se brosse les dents : mettre de l’eau dans un verre pour se rincer;Eau;GRAINE;Graine jaune;graine11;27/04/2025;0.05;28;0
W05;Prendre une douche plutôt qu'un bain;Eau;GRAINE;Graine jaune;graine11;27/04/2025;0.140658;357;0
T03;Préférer la marche ou le vélo plutôt que la voiture;Transport;GRAINE;Graine jaune;graine11;27/04/2025;0.506;0;0
E06;Préférer les piles rechargeables;Electricité;GRAINE;Graine jaune;graine11;27/04/2025;0.097538;0;0
E04;Eteindre les écrans (ordinateur. télévision. …) pour diminuer la consommation d’électricité;Electricité;GRAINE;Graine jaune;graine11;27/04/2025;0.15988;0;1
E11;Couvrir les casseroles lorsqu’on fait bouillir de l’eau ou pour cuire…;Electricité;GRAINE;Graine jaune;graine11;27/04/2025;0.00293;0;0
E08;Eteindre le chauffage lorsqu’on aère une pièce;Electricité;GRAINE;Graine jaune;graine11;27/04/2025;0.000173;0;0
E01;Eteindre la lumière quand on quitte une pièce. quand on n’en a pas besoin;Electricité;GRAINE;Graine jaune;graine11;27/04/2025;0.027408;0;0
D02;Tout manger ce qu’il y a dans nos assiettes (cantine/maison);Déchets;GRAINE;Graine jaune;graine11;09/06/2025;2.453511;0;1.390385
B04;Faire un jardin potager;Biodiversité;GRAINE;Graine jaune;graine11;09/06/2025;4.48;0;0
B02;Ne pas tuer les araignées. les insectes (les mettre dehors…);Biodiversité;GRAINE;Graine jaune;graine11;09/06/2025;0;0;0
W07;Vider le reste de sa gourde dans les plantes;Eau;GRAINE;Graine jaune;graine11;09/06/2025;0;0.000013;0
W03;Ne pas faire couler l’eau trop longtemps quand on se lave les mains;Eau;GRAINE;Graine jaune;graine11;09/06/2025;0.004964;12.6;0
W01;Prendre des douches rapides;Eau;GRAINE;Graine jaune;graine11;09/06/2025;0.25;224;0
W02;Utiliser une seule dose de savon;Eau;GRAINE;Graine jaune;graine11;09/06/2025;0.05;28;0
T06;Couper le moteur de la voiture quand elle ne roule pas;Transport;GRAINE;Graine jaune;graine11;09/06/2025;1.518;0;0
E05;Préférer les ampoules à basse consommation;Electricité;GRAINE;Graine jaune;graine11;09/06/2025;0.072803;0;0
E02;Ouvrir les volets et ne pas allumer la lumière quand il fait jour dehors. ou éteindre lorsque la lumière extérieure le permet;Electricité;GRAINE;Graine jaune;graine11;09/06/2025;0.027408;0;0
E10;Faire sécher son linge à l'air libre au lieu d'utiliser le sèche linge chaque fois qu'on peut;Electricité;GRAINE;Graine jaune;graine11;09/06/2025;0.413462;0;0
E01;Eteindre la lumière quand on quitte une pièce. quand on n’en a pas besoin;Electricité;GRAINE;Graine jaune;graine11;09/06/2025;0.027408;0;0
C03;Acheter des fruits ou légumes de saison;Courses;GRAINE;Graine jaune;graine10;10/06/2025;6.932;0;0
D08;Utiliser les bacs de tri;Déchets;GRAINE;Graine jaune;graine10;10/06/2025;0.866962;0;0
D10;Ne pas acheter de bouteilles en plastique : boire à la gourde;Déchets;GRAINE;Graine jaune;graine10;10/06/2025;0.54243;0;0.21
D04;Ramasser les papiers et les déchets par terre pour les mettre à la poubelle;Déchets;GRAINE;Graine jaune;graine10;10/06/2025;0.00947;0;0.1
D02;Tout manger ce qu’il y a dans nos assiettes (cantine/maison);Déchets;GRAINE;Graine jaune;graine10;10/06/2025;2.453511;0;1.390385
B03;Donner à manger aux oiseaux dans son jardin ou sur son balcon;Biodiversité;GRAINE;Graine jaune;graine10;10/06/2025;0;0;0
B01;Na pas cueillir de plante dans la nature;Biodiversité;GRAINE;Graine jaune;graine10;10/06/2025;0;0;0
W04;Tirer la petite chasse d’eau quand on fait pipi;Eau;GRAINE;Graine jaune;graine10;10/06/2025;0.006501;16.5;0
W02;Couper l’eau quand on se brosse les dents : mettre de l’eau dans un verre pour se rincer;Eau;GRAINE;Graine jaune;graine10;10/06/2025;0.05;28;0
W05;Prendre une douche plutôt qu'un bain;Eau;GRAINE;Graine jaune;graine10;10/06/2025;0.140658;357;0
T03;Préférer la marche ou le vélo plutôt que la voiture;Transport;GRAINE;Graine jaune;graine10;10/06/2025;0.506;0;0
E05;Préférer les ampoules à basse consommation;Electricité;GRAINE;Graine jaune;graine10;10/06/2025;0.072803;0;0
E02;Ouvrir les volets et ne pas allumer la lumière quand il fait jour dehors. ou éteindre lorsque la lumière extérieure le permet;Electricité;GRAINE;Graine jaune;graine10;10/06/2025;0.027408;0;0
E10;Faire sécher son linge à l'air libre au lieu d'utiliser le sèche linge chaque fois qu'on peut;Electricité;GRAINE;Graine jaune;graine10;10/06/2025;0.413462;0;0
E01;Eteindre la lumière quand on quitte une pièce. quand on n’en a pas besoin;Electricité;GRAINE;Graine jaune;graine10;10/06/2025;0.027408;0;0
C03;Acheter des fruits ou légumes de saison;Courses;GRAINE;Graine jaune;graine1;10/06/2025;6.932;0;0
D10;Ne pas acheter de bouteilles en plastique : boire à la gourde;Déchets;GRAINE;Graine jaune;graine1;10/06/2025;0.54243;0;0.21
D07;Vendre ou donner les vêtements. les objets. les jouets dont on ne veut plus (trop petits…);Déchets;GRAINE;Graine jaune;graine1;10/06/2025;0.017374;2500;0
D04;Ramasser les papiers et les déchets par terre pour les mettre à la poubelle;Déchets;GRAINE;Graine jaune;graine1;10/06/2025;0.00947;0;0.1
D02;Tout manger ce qu’il y a dans nos assiettes (cantine/maison);Déchets;GRAINE;Graine jaune;graine1;10/06/2025;2.453511;0;1.390385
B04;Faire un jardin potager;Biodiversité;GRAINE;Graine jaune;graine1;10/06/2025;4.48;0;0
B01;Na pas cueillir de plante dans la nature;Biodiversité;GRAINE;Graine jaune;graine1;10/06/2025;0;0;0
W04;Tirer la petite chasse d’eau quand on fait pipi;Eau;GRAINE;Graine jaune;graine1;10/06/2025;0.006501;16.5;0
W02;Couper l’eau quand on se brosse les dents : mettre de l’eau dans un verre pour se rincer;Eau;GRAINE;Graine jaune;graine1;10/06/2025;0.05;28;0
W05;Prendre une douche plutôt qu'un bain;Eau;GRAINE;Graine jaune;graine1;10/06/2025;0.140658;357;0
T03;Préférer la marche ou le vélo plutôt que la voiture;Transport;GRAINE;Graine jaune;graine10;18/04/2025;0.506;0;0
E01;Eteindre la lumière quand on quitte une pièce. quand on n’en a pas besoin;Electricité;GRAINE;Graine jaune;graine10;18/04/2025;0.027408;0;0
D08;Utiliser les bacs de tri;Déchets;GRAINE;Graine jaune;graine10;18/04/2025;0.866962;0;0
D04;Ramasser les papiers et les déchets par terre pour les mettre à la poubelle;Déchets;GRAINE;Graine jaune;graine10;18/04/2025;0.00947;0;0.1
D10;Ne pas acheter de bouteilles en plastique : boire à la gourde;Déchets;GRAINE;Graine jaune;graine10;18/04/2025;0.54243;0;0.21
D02;Tout manger ce qu’il y a dans nos assiettes (cantine/maison);Déchets;GRAINE;Graine jaune;graine10;18/04/2025;2.453511;0;1.390385
B02;Ne pas tuer les araignées. les insectes (les mettre dehors…);Biodiversité;GRAINE;Graine jaune;graine10;18/04/2025;0;0;0
B01;Na pas cueillir de plante dans la nature;Biodiversité;GRAINE;Graine jaune;graine10;18/04/2025;0;0;0
W04;Tirer la petite chasse d’eau quand on fait pipi;Eau;GRAINE;Graine jaune;graine10;18/04/2025;0.006501;16.5;0
W03;Ne pas faire couler l’eau trop longtemps quand on se lave les mains;Eau;GRAINE;Graine jaune;graine10;18/04/2025;0.004964;12.6;0
W02;Couper l’eau quand on se brosse les dents : mettre de l’eau dans un verre pour se rincer;Eau;GRAINE;Graine jaune;graine10;18/04/2025;0.05;28;0
W02;Utiliser une seule dose de savon;Eau;GRAINE;Graine jaune;graine10;18/04/2025;0.05;28;0
E04;Eteindre les écrans (ordinateur. télévision. …) pour diminuer la consommation d’électricité;Electricité;GRAINE;Graine jaune;graine10;18/04/2025;0.15988;0;1
E02;Ouvrir les volets et ne pas allumer la lumière quand il fait jour dehors. ou éteindre lorsque la lumière extérieure le permet;Electricité;GRAINE;Graine jaune;graine10;18/04/2025;0.027408;0;0
C06;Faire ses repas, gouter, compotes sois même plutôt que d’acheter des plats préparés;Courses;GRAINE;Graine jaune;graine10;18/04/2025;1.260407;0;0.180058
T06;Couper le moteur de la voiture quand elle ne roule pas;Transport;GRAINE;Graine jaune;graine11;18/04/2025;1.518;0;0
W07;Vider le reste de sa gourde dans les plantes;Eau;GRAINE;Graine jaune;graine11;18/04/2025;0;0.000013;0
W03;Ne pas faire couler l’eau trop longtemps quand on se lave les mains;Eau;GRAINE;Graine jaune;graine11;18/04/2025;0.004964;12.6;0
W02;Couper l’eau quand on se brosse les dents : mettre de l’eau dans un verre pour se rincer;Eau;GRAINE;Graine jaune;graine11;18/04/2025;0.05;28;0
W01;Prendre des douches rapides;Eau;GRAINE;Graine jaune;graine11;18/04/2025;0.25;224;0
W02;Utiliser une seule dose de savon;Eau;GRAINE;Graine jaune;graine11;18/04/2025;0.05;28;0
B03;Donner à manger aux oiseaux dans son jardin ou sur son balcon;Biodiversité;GRAINE;Graine jaune;graine11;18/04/2025;0;0;0
B01;Na pas cueillir de plante dans la nature;Biodiversité;GRAINE;Graine jaune;graine11;18/04/2025;0;0;0
D11;Acheter des produits en vrac. éviter les emballages individuels…;Déchets;GRAINE;Graine jaune;graine11;18/04/2025;0.38;0;0.67
D15;Economiser les mouchoirs en papier. l'essuie-tout et le papier toilette;Déchets;GRAINE;Graine jaune;graine11;18/04/2025;0.009591;0;0.8
D10;Ne pas acheter de bouteilles en plastique : boire à la gourde;Déchets;GRAINE;Graine jaune;graine11;18/04/2025;0.54243;0;0.21
C06;Faire ses repas, gouter, compotes sois même plutôt que d’acheter des plats préparés;Courses;GRAINE;Graine jaune;graine11;18/04/2025;1.260407;0;0.180058
C03;Acheter des fruits ou légumes de saison;Courses;GRAINE;Graine jaune;graine11;18/04/2025;6.932;0;0
E06;Préférer les piles rechargeables;Electricité;GRAINE;Graine jaune;graine11;18/04/2025;0.097538;0;0
E05;Préférer les ampoules à basse consommation;Electricité;GRAINE;Graine jaune;graine11;18/04/2025;0.072803;0;0
E04;Eteindre les écrans (ordinateur. télévision. …) pour diminuer la consommation d’électricité;Electricité;GRAINE;Graine jaune;graine11;18/04/2025;0.15988;0;1
E02;Ouvrir les volets et ne pas allumer la lumière quand il fait jour dehors. ou éteindre lorsque la lumière extérieure le permet;Electricité;GRAINE;Graine jaune;graine11;18/04/2025;0.027408;0;0
E11;Couvrir les casseroles lorsqu’on fait bouillir de l’eau ou pour cuire…;Electricité;GRAINE;Graine jaune;graine11;18/04/2025;0.00293;0;0
E01;Eteindre la lumière quand on quitte une pièce. quand on n’en a pas besoin;Electricité;GRAINE;Graine jaune;graine11;18/04/2025;0.027408;0;0
T03;Préférer la marche ou le vélo plutôt que la voiture;Transport;GRAINE;Graine jaune;graine11;18/04/2025;0.506;0;0
B02;Ne pas tuer les araignées. les insectes (les mettre dehors…);Biodiversité;GRAINE;Graine jaune;graine11;18/04/2025;0;0;0
E06;Préférer les piles rechargeables;Electricité;GRAINE;Graine jaune;graine8;12/05/2025;0.097538;0;0
E02;Ouvrir les volets et ne pas allumer la lumière quand il fait jour dehors. ou éteindre lorsque la lumière extérieure le permet;Electricité;GRAINE;Graine jaune;graine8;12/05/2025;0.027408;0;0
E10;Faire sécher son linge à l'air libre au lieu d'utiliser le sèche linge chaque fois qu'on peut;Electricité;GRAINE;Graine jaune;graine8;12/05/2025;0.413462;0;0
T03;Préférer la marche ou le vélo plutôt que la voiture;Transport;GRAINE;Graine jaune;graine8;12/05/2025;0.506;0;0
C06;Faire ses repas, gouter, compotes sois même plutôt que d’acheter des plats préparés;Courses;GRAINE;Graine jaune;graine11;12/05/2025;1.260407;0;0.180058
D11;Acheter des produits en vrac. éviter les emballages individuels…;Déchets;GRAINE;Graine jaune;graine11;12/05/2025;0.38;0;0.67
D10;Ne pas acheter de bouteilles en plastique : boire à la gourde;Déchets;GRAINE;Graine jaune;graine11;12/05/2025;0.54243;0;0.21
D07;Vendre ou donner les vêtements. les objets. les jouets dont on ne veut plus (trop petits…);Déchets;GRAINE;Graine jaune;graine11;12/05/2025;0.017374;2500;0
D04;Ramasser les papiers et les déchets par terre pour les mettre à la poubelle;Déchets;GRAINE;Graine jaune;graine11;12/05/2025;0.00947;0;0.1
D02;Tout manger ce qu’il y a dans nos assiettes (cantine/maison);Déchets;GRAINE;Graine jaune;graine11;12/05/2025;2.453511;0;1.390385
B04;Faire un jardin potager;Biodiversité;GRAINE;Graine jaune;graine11;12/05/2025;4.48;0;0
B02;Ne pas tuer les araignées. les insectes (les mettre dehors…);Biodiversité;GRAINE;Graine jaune;graine11;12/05/2025;0;0;0
W07;Vider le reste de sa gourde dans les plantes;Eau;GRAINE;Graine jaune;graine11;12/05/2025;0;0.000013;0
W03;Ne pas faire couler l’eau trop longtemps quand on se lave les mains;Eau;GRAINE;Graine jaune;graine11;12/05/2025;0.004964;12.6;0
W01;Prendre des douches rapides;Eau;GRAINE;Graine jaune;graine11;12/05/2025;0.25;224;0
W02;Utiliser une seule dose de savon;Eau;GRAINE;Graine jaune;graine11;12/05/2025;0.05;28;0
T06;Couper le moteur de la voiture quand elle ne roule pas;Transport;GRAINE;Graine jaune;graine11;12/05/2025;1.518;0;0
E05;Préférer les ampoules à basse consommation;Electricité;GRAINE;Graine jaune;graine11;12/05/2025;0.072803;0;0
E02;Ouvrir les volets et ne pas allumer la lumière quand il fait jour dehors. ou éteindre lorsque la lumière extérieure le permet;Electricité;GRAINE;Graine jaune;graine11;12/05/2025;0.027408;0;0
E10;Faire sécher son linge à l'air libre au lieu d'utiliser le sèche linge chaque fois qu'on peut;Electricité;GRAINE;Graine jaune;graine11;12/05/2025;0.413462;0;0
E01;Eteindre la lumière quand on quitte une pièce. quand on n’en a pas besoin;Electricité;GRAINE;Graine jaune;graine11;12/05/2025;0.027408;0;0
B02;Ne pas tuer les araignées. les insectes (les mettre dehors…);Biodiversité;GRAINE;Graine jaune;graine10;12/05/2025;0;0;0
W07;Vider le reste de sa gourde dans les plantes;Eau;GRAINE;Graine jaune;graine10;12/05/2025;0;0.000013;0
W03;Ne pas faire couler l’eau trop longtemps quand on se lave les mains;Eau;GRAINE;Graine jaune;graine10;12/05/2025;0.004964;12.6;0
W01;Prendre des douches rapides;Eau;GRAINE;Graine jaune;graine10;12/05/2025;0.25;224;0
W02;Utiliser une seule dose de savon;Eau;GRAINE;Graine jaune;graine10;12/05/2025;0.05;28;0
T06;Couper le moteur de la voiture quand elle ne roule pas;Transport;GRAINE;Graine jaune;graine10;12/05/2025;1.518;0;0
E04;Eteindre les écrans (ordinateur. télévision. …) pour diminuer la consommation d’électricité;Electricité;GRAINE;Graine jaune;graine10;12/05/2025;0.15988;0;1
E11;Couvrir les casseroles lorsqu’on fait bouillir de l’eau ou pour cuire…;Electricité;GRAINE;Graine jaune;graine10;12/05/2025;0.00293;0;0
E01;Eteindre la lumière quand on quitte une pièce. quand on n’en a pas besoin;Electricité;GRAINE;Graine jaune;graine10;12/05/2025;0.027408;0;0
D11;Acheter des produits en vrac. éviter les emballages individuels…;Déchets;GRAINE;Graine jaune;graine8;14/05/2025;0.38;0;0.67
D10;Ne pas acheter de bouteilles en plastique : boire à la gourde;Déchets;GRAINE;Graine jaune;graine8;14/05/2025;0.54243;0;0.21
D07;Vendre ou donner les vêtements. les objets. les jouets dont on ne veut plus (trop petits…);Déchets;GRAINE;Graine jaune;graine8;14/05/2025;0.017374;2500;0
D04;Ramasser les papiers et les déchets par terre pour les mettre à la poubelle;Déchets;GRAINE;Graine jaune;graine8;14/05/2025;0.00947;0;0.1
D02;Tout manger ce qu’il y a dans nos assiettes (cantine/maison);Déchets;GRAINE;Graine jaune;graine8;14/05/2025;2.453511;0;1.390385
C06;Faire ses repas, gouter, compotes sois même plutôt que d’acheter des plats préparés;Courses;GRAINE;Graine jaune;graine8;14/05/2025;1.260407;0;0.180058
B02;Ne pas tuer les araignées. les insectes (les mettre dehors…);Biodiversité;GRAINE;Graine jaune;graine8;14/05/2025;0;0;0
W07;Vider le reste de sa gourde dans les plantes;Eau;GRAINE;Graine jaune;graine8;14/05/2025;0;0.000013;0
T03;Préférer la marche ou le vélo plutôt que la voiture;Transport;GRAINE;Graine jaune;graine1;10/06/2025;0.506;0;0
E05;Préférer les ampoules à basse consommation;Electricité;GRAINE;Graine jaune;graine1;10/06/2025;0.072803;0;0
C03;Acheter des fruits ou légumes de saison;Courses;GRAINE;Graine jaune;graine1;11/06/2025;6.932;0;0
D15;Economiser les mouchoirs en papier. l'essuie-tout et le papier toilette;Déchets;GRAINE;Graine jaune;graine1;11/06/2025;0.009591;0;0.8
D08;Utiliser les bacs de tri;Déchets;GRAINE;Graine jaune;graine1;11/06/2025;0.866962;0;0
D06;Prendre soin de ses affaires pour les faire durer plus longtemps (reboucher les feutres… ne pas casser. ne pas lancer…);Déchets;GRAINE;Graine jaune;graine1;11/06/2025;0.017374;0;0.183462
D03;Ne pas jeter de déchets dans la nature (chewing-gums. sacs. canettes. bouteilles…);Déchets;GRAINE;Graine jaune;graine1;11/06/2025;0.424875;0;4.486538
D01;Limiter l'utilisation du papier : Utiliser les feuilles des 2 côtés / faire du brouillon / Utiliser l'ardoise pour chercher / Prendre du papier recyclé…;Déchets;GRAINE;Graine jaune;graine1;11/06/2025;0.009641;0;0.8
B01;Na pas cueillir de plante dans la nature;Biodiversité;GRAINE;Graine jaune;graine1;11/06/2025;0;0;0
W04;Tirer la petite chasse d’eau quand on fait pipi;Eau;GRAINE;Graine jaune;graine1;11/06/2025;0.006501;16.5;0
W02;Couper l’eau quand on se brosse les dents : mettre de l’eau dans un verre pour se rincer;Eau;GRAINE;Graine jaune;graine1;11/06/2025;0.05;28;0
W05;Prendre une douche plutôt qu'un bain;Eau;GRAINE;Graine jaune;graine1;11/06/2025;0.140658;357;0
T03;Préférer la marche ou le vélo plutôt que la voiture;Transport;GRAINE;Graine jaune;graine1;11/06/2025;0.506;0;0
E05;Préférer les ampoules à basse consommation;Electricité;GRAINE;Graine jaune;graine1;11/06/2025;0.072803;0;0
E02;Ouvrir les volets et ne pas allumer la lumière quand il fait jour dehors. ou éteindre lorsque la lumière extérieure le permet;Electricité;GRAINE;Graine jaune;graine1;11/06/2025;0.027408;0;0
E08;Eteindre le chauffage lorsqu’on aère une pièce;Electricité;GRAINE;Graine jaune;graine1;11/06/2025;0.000173;0;0
E10;Faire sécher son linge à l'air libre au lieu d'utiliser le sèche linge chaque fois qu'on peut;Electricité;GRAINE;Graine jaune;graine1;10/06/2025;0.413462;0;0
E01;Eteindre la lumière quand on quitte une pièce. quand on n’en a pas besoin;Electricité;GRAINE;Graine jaune;graine1;10/06/2025;0.027408;0;0
W04;Tirer la petite chasse d’eau quand on fait pipi;Eau;GRAINE;Graine jaune;graine11;01/06/2025;0.006501;16.5;0
W03;Ne pas faire couler l’eau trop longtemps quand on se lave les mains;Eau;GRAINE;Graine jaune;graine11;01/06/2025;0.004964;12.6;0
W02;Couper l’eau quand on se brosse les dents : mettre de l’eau dans un verre pour se rincer;Eau;GRAINE;Graine jaune;graine11;01/06/2025;0.05;28;0
W01;Prendre des douches rapides;Eau;GRAINE;Graine jaune;graine11;01/06/2025;0.25;224;0
W05;Prendre une douche plutôt qu'un bain;Eau;GRAINE;Graine jaune;graine11;01/06/2025;0.140658;357;0
W02;Utiliser une seule dose de savon;Eau;GRAINE;Graine jaune;graine11;01/06/2025;0.05;28;0
T03;Préférer la marche ou le vélo plutôt que la voiture;Transport;GRAINE;Graine jaune;graine11;01/06/2025;0.506;0;0
T06;Couper le moteur de la voiture quand elle ne roule pas;Transport;GRAINE;Graine jaune;graine11;01/06/2025;1.518;0;0
E06;Préférer les piles rechargeables;Electricité;GRAINE;Graine jaune;graine11;01/06/2025;0.097538;0;0
E05;Préférer les ampoules à basse consommation;Electricité;GRAINE;Graine jaune;graine11;01/06/2025;0.072803;0;0
E04;Eteindre les écrans (ordinateur. télévision. …) pour diminuer la consommation d’électricité;Electricité;GRAINE;Graine jaune;graine11;01/06/2025;0.15988;0;1
E02;Ouvrir les volets et ne pas allumer la lumière quand il fait jour dehors. ou éteindre lorsque la lumière extérieure le permet;Electricité;GRAINE;Graine jaune;graine11;01/06/2025;0.027408;0;0
E11;Couvrir les casseroles lorsqu’on fait bouillir de l’eau ou pour cuire…;Electricité;GRAINE;Graine jaune;graine11;01/06/2025;0.00293;0;0
E10;Faire sécher son linge à l'air libre au lieu d'utiliser le sèche linge chaque fois qu'on peut;Electricité;GRAINE;Graine jaune;graine11;01/06/2025;0.413462;0;0
E08;Eteindre le chauffage lorsqu’on aère une pièce;Electricité;GRAINE;Graine jaune;graine11;01/06/2025;0.000173;0;0
E01;Eteindre la lumière quand on quitte une pièce. quand on n’en a pas besoin;Electricité;GRAINE;Graine jaune;graine11;01/06/2025;0.027408;0;0
E08;Eteindre le chauffage lorsqu’on aère une pièce;Electricité;GRAINE;Graine jaune;graine1;10/06/2025;0.000173;0;0
D15;Economiser les mouchoirs en papier. l'essuie-tout et le papier toilette;Déchets;GRAINE;Graine jaune;graine10;23/05/2025;0.009591;0;0.8
D09;Faire du compost avec les déchets végétaux ou donner les restes alimentaires aux poules…;Déchets;GRAINE;Graine jaune;graine10;23/05/2025;0.0623;0;1.75
D06;Prendre soin de ses affaires pour les faire durer plus longtemps (reboucher les feutres… ne pas casser. ne pas lancer…);Déchets;GRAINE;Graine jaune;graine10;23/05/2025;0.017374;0;0.183462
D03;Ne pas jeter de déchets dans la nature (chewing-gums. sacs. canettes. bouteilles…);Déchets;GRAINE;Graine jaune;graine10;23/05/2025;0.424875;0;4.486538
D01;Limiter l'utilisation du papier : Utiliser les feuilles des 2 côtés / faire du brouillon / Utiliser l'ardoise pour chercher / Prendre du papier recyclé…;Déchets;GRAINE;Graine jaune;graine10;23/05/2025;0.009641;0;0.8
B02;Ne pas tuer les araignées. les insectes (les mettre dehors…);Biodiversité;GRAINE;Graine jaune;graine10;23/05/2025;0;0;0
W07;Vider le reste de sa gourde dans les plantes;Eau;GRAINE;Graine jaune;graine10;23/05/2025;0;0.000013;0
W03;Ne pas faire couler l’eau trop longtemps quand on se lave les mains;Eau;GRAINE;Graine jaune;graine10;23/05/2025;0.004964;12.6;0
W01;Prendre des douches rapides;Eau;GRAINE;Graine jaune;graine10;23/05/2025;0.25;224;0
T03;Préférer la marche ou le vélo plutôt que la voiture;Transport;GRAINE;Graine jaune;graine10;23/05/2025;0.506;0;0
E05;Préférer les ampoules à basse consommation;Electricité;GRAINE;Graine jaune;graine10;23/05/2025;0.072803;0;0
E02;Ouvrir les volets et ne pas allumer la lumière quand il fait jour dehors. ou éteindre lorsque la lumière extérieure le permet;Electricité;GRAINE;Graine jaune;graine10;23/05/2025;0.027408;0;0
E10;Faire sécher son linge à l'air libre au lieu d'utiliser le sèche linge chaque fois qu'on peut;Electricité;GRAINE;Graine jaune;graine10;23/05/2025;0.413462;0;0
W01;Prendre des douches rapides;Eau;GRAINE;Graine jaune;graine12;25/05/2025;0.25;224;0
W05;Prendre une douche plutôt qu'un bain;Eau;GRAINE;Graine jaune;graine12;25/05/2025;0.140658;357;0
B03;Donner à manger aux oiseaux dans son jardin ou sur son balcon;Biodiversité;GRAINE;Graine jaune;graine12;25/05/2025;0;0;0
T06;Couper le moteur de la voiture quand elle ne roule pas;Transport;GRAINE;Graine jaune;graine12;25/05/2025;1.518;0;0
C06;Faire ses repas, gouter, compotes sois même plutôt que d’acheter des plats préparés;Courses;GRAINE;Graine jaune;graine11;27/05/2025;1.260407;0;0.180058
C03;Acheter des fruits ou légumes de saison;Courses;GRAINE;Graine jaune;graine11;27/05/2025;6.932;0;0
D15;Economiser les mouchoirs en papier. l'essuie-tout et le papier toilette;Déchets;GRAINE;Graine jaune;graine11;27/05/2025;0.009591;0;0.8
D09;Faire du compost avec les déchets végétaux ou donner les restes alimentaires aux poules…;Déchets;GRAINE;Graine jaune;graine11;27/05/2025;0.0623;0;1.75
D07;Vendre ou donner les vêtements. les objets. les jouets dont on ne veut plus (trop petits…);Déchets;GRAINE;Graine jaune;graine11;27/05/2025;0.017374;2500;0
D04;Ramasser les papiers et les déchets par terre pour les mettre à la poubelle;Déchets;GRAINE;Graine jaune;graine11;27/05/2025;0.00947;0;0.1
D03;Ne pas jeter de déchets dans la nature (chewing-gums. sacs. canettes. bouteilles…);Déchets;GRAINE;Graine jaune;graine11;27/05/2025;0.424875;0;4.486538
D02;Tout manger ce qu’il y a dans nos assiettes (cantine/maison);Déchets;GRAINE;Graine jaune;graine11;27/05/2025;2.453511;0;1.390385
D01;Limiter l'utilisation du papier : Utiliser les feuilles des 2 côtés / faire du brouillon / Utiliser l'ardoise pour chercher / Prendre du papier recyclé…;Déchets;GRAINE;Graine jaune;graine11;27/05/2025;0.009641;0;0.8
B04;Faire un jardin potager;Biodiversité;GRAINE;Graine jaune;graine11;27/05/2025;4.48;0;0
B03;Donner à manger aux oiseaux dans son jardin ou sur son balcon;Biodiversité;GRAINE;Graine jaune;graine11;27/05/2025;0;0;0
B02;Ne pas tuer les araignées. les insectes (les mettre dehors…);Biodiversité;GRAINE;Graine jaune;graine11;27/05/2025;0;0;0
B01;Na pas cueillir de plante dans la nature;Biodiversité;GRAINE;Graine jaune;graine11;27/05/2025;0;0;0
W07;Vider le reste de sa gourde dans les plantes;Eau;GRAINE;Graine jaune;graine11;27/05/2025;0;0.000013;0
W04;Tirer la petite chasse d’eau quand on fait pipi;Eau;GRAINE;Graine jaune;graine11;27/05/2025;0.006501;16.5;0
W03;Ne pas faire couler l’eau trop longtemps quand on se lave les mains;Eau;GRAINE;Graine jaune;graine11;27/05/2025;0.004964;12.6;0
W02;Couper l’eau quand on se brosse les dents : mettre de l’eau dans un verre pour se rincer;Eau;GRAINE;Graine jaune;graine11;27/05/2025;0.05;28;0
W01;Prendre des douches rapides;Eau;GRAINE;Graine jaune;graine11;27/05/2025;0.25;224;0
W05;Prendre une douche plutôt qu'un bain;Eau;GRAINE;Graine jaune;graine11;27/05/2025;0.140658;357;0
W02;Utiliser une seule dose de savon;Eau;GRAINE;Graine jaune;graine11;27/05/2025;0.05;28;0
T03;Préférer la marche ou le vélo plutôt que la voiture;Transport;GRAINE;Graine jaune;graine11;27/05/2025;0.506;0;0
T06;Couper le moteur de la voiture quand elle ne roule pas;Transport;GRAINE;Graine jaune;graine11;27/05/2025;1.518;0;0
E06;Préférer les piles rechargeables;Electricité;GRAINE;Graine jaune;graine11;27/05/2025;0.097538;0;0
E05;Préférer les ampoules à basse consommation;Electricité;GRAINE;Graine jaune;graine11;27/05/2025;0.072803;0;0
E04;Eteindre les écrans (ordinateur. télévision. …) pour diminuer la consommation d’électricité;Electricité;GRAINE;Graine jaune;graine11;27/05/2025;0.15988;0;1
E02;Ouvrir les volets et ne pas allumer la lumière quand il fait jour dehors. ou éteindre lorsque la lumière extérieure le permet;Electricité;GRAINE;Graine jaune;graine11;27/05/2025;0.027408;0;0
E11;Couvrir les casseroles lorsqu’on fait bouillir de l’eau ou pour cuire…;Electricité;GRAINE;Graine jaune;graine11;27/05/2025;0.00293;0;0
E10;Faire sécher son linge à l'air libre au lieu d'utiliser le sèche linge chaque fois qu'on peut;Electricité;GRAINE;Graine jaune;graine11;27/05/2025;0.413462;0;0
E08;Eteindre le chauffage lorsqu’on aère une pièce;Electricité;GRAINE;Graine jaune;graine11;27/05/2025;0.000173;0;0
E01;Eteindre la lumière quand on quitte une pièce. quand on n’en a pas besoin;Electricité;GRAINE;Graine jaune;graine11;27/05/2025;0.027408;0;0
D10;Ne pas acheter de bouteilles en plastique : boire à la gourde;Déchets;GRAINE;Graine jaune;graine10;23/05/2025;0.54243;0;0.21
D08;Utiliser les bacs de tri;Déchets;GRAINE;Graine jaune;graine10;23/05/2025;0.866962;0;0
D04;Ramasser les papiers et les déchets par terre pour les mettre à la poubelle;Déchets;GRAINE;Graine jaune;graine10;23/05/2025;0.00947;0;0.1
D02;Tout manger ce qu’il y a dans nos assiettes (cantine/maison);Déchets;GRAINE;Graine jaune;graine10;23/05/2025;2.453511;0;1.390385
B03;Donner à manger aux oiseaux dans son jardin ou sur son balcon;Biodiversité;GRAINE;Graine jaune;graine10;23/05/2025;0;0;0
B01;Na pas cueillir de plante dans la nature;Biodiversité;GRAINE;Graine jaune;graine10;23/05/2025;0;0;0
W04;Tirer la petite chasse d’eau quand on fait pipi;Eau;GRAINE;Graine jaune;graine10;23/05/2025;0.006501;16.5;0
W02;Couper l’eau quand on se brosse les dents : mettre de l’eau dans un verre pour se rincer;Eau;GRAINE;Graine jaune;graine10;23/05/2025;0.05;28;0
W02;Utiliser une seule dose de savon;Eau;GRAINE;Graine jaune;graine10;23/05/2025;0.05;28;0
T04;Faire du covoiturage;Transport;GRAINE;Graine jaune;graine10;23/05/2025;0.506;0;0
E04;Eteindre les écrans (ordinateur. télévision. …) pour diminuer la consommation d’électricité;Electricité;GRAINE;Graine jaune;graine10;23/05/2025;0.15988;0;1
E11;Couvrir les casseroles lorsqu’on fait bouillir de l’eau ou pour cuire…;Electricité;GRAINE;Graine jaune;graine10;23/05/2025;0.00293;0;0
E01;Eteindre la lumière quand on quitte une pièce. quand on n’en a pas besoin;Electricité;GRAINE;Graine jaune;graine10;23/05/2025;0.027408;0;0
W07;Vider le reste de sa gourde dans les plantes;Eau;GRAINE;Graine jaune;graine12;25/05/2025;0;0.000013;0
T03;Préférer la marche ou le vélo plutôt que la voiture;Transport;GRAINE;Graine jaune;graine12;25/05/2025;0.506;0;0
W02;Couper l’eau quand on se brosse les dents : mettre de l’eau dans un verre pour se rincer;Eau;GRAINE;Graine jaune;graine12;23/05/2025;0.05;28;0
W02;Utiliser une seule dose de savon;Eau;GRAINE;Graine jaune;graine12;23/05/2025;0.05;28;0
B02;Ne pas tuer les araignées. les insectes (les mettre dehors…);Biodiversité;GRAINE;Graine jaune;graine12;23/05/2025;0;0;0
D11;Acheter des produits en vrac. éviter les emballages individuels…;Déchets;GRAINE;Graine jaune;graine12;23/05/2025;0.38;0;0.67
D10;Ne pas acheter de bouteilles en plastique : boire à la gourde;Déchets;GRAINE;Graine jaune;graine12;23/05/2025;0.54243;0;0.21
C05;Faire soi-même ses produits d’entretien pour éviter les emballages;Courses;GRAINE;Graine jaune;graine12;23/05/2025;0.006;0;0.03
E06;Préférer les piles rechargeables;Electricité;GRAINE;Graine jaune;graine12;23/05/2025;0.097538;0;0
E04;Eteindre les écrans (ordinateur. télévision. …) pour diminuer la consommation d’électricité;Electricité;GRAINE;Graine jaune;graine12;23/05/2025;0.15988;0;1
E11;Couvrir les casseroles lorsqu’on fait bouillir de l’eau ou pour cuire…;Electricité;GRAINE;Graine jaune;graine12;23/05/2025;0.00293;0;0
E08;Eteindre le chauffage lorsqu’on aère une pièce;Electricité;GRAINE;Graine jaune;graine12;23/05/2025;0.000173;0;0
D08;Utiliser les bacs de tri;Déchets;GRAINE;Graine jaune;graine12;23/05/2025;0.866962;0;0
D04;Ramasser les papiers et les déchets par terre pour les mettre à la poubelle;Déchets;GRAINE;Graine jaune;graine12;23/05/2025;0.00947;0;0.1
D01;Limiter l'utilisation du papier : Utiliser les feuilles des 2 côtés / faire du brouillon / Utiliser l'ardoise pour chercher / Prendre du papier recyclé…;Déchets;GRAINE;Graine jaune;graine12;23/05/2025;0.009641;0;0.8
C03;Acheter des fruits ou légumes de saison;Courses;GRAINE;Graine jaune;graine10;23/05/2025;6.932;0;0
B04;Faire un jardin potager;Biodiversité;GRAINE;Graine jaune;graine12;21/05/2025;4.48;0;0
W04;Tirer la petite chasse d’eau quand on fait pipi;Eau;GRAINE;Graine jaune;graine12;23/05/2025;0.006501;16.5;0
W03;Ne pas faire couler l’eau trop longtemps quand on se lave les mains;Eau;GRAINE;Graine jaune;graine12;23/05/2025;0.004964;12.6;0
B01;Na pas cueillir de plante dans la nature;Biodiversité;GRAINE;Graine jaune;graine12;23/05/2025;0;0;0
D15;Economiser les mouchoirs en papier. l'essuie-tout et le papier toilette;Déchets;GRAINE;Graine jaune;graine12;23/05/2025;0.009591;0;0.8
C06;Faire ses repas, gouter, compotes sois même plutôt que d’acheter des plats préparés;Courses;GRAINE;Graine jaune;graine12;23/05/2025;1.260407;0;0.180058
C03;Acheter des fruits ou légumes de saison;Courses;GRAINE;Graine jaune;graine12;23/05/2025;6.932;0;0
E05;Préférer les ampoules à basse consommation;Electricité;GRAINE;Graine jaune;graine12;23/05/2025;0.072803;0;0
E02;Ouvrir les volets et ne pas allumer la lumière quand il fait jour dehors. ou éteindre lorsque la lumière extérieure le permet;Electricité;GRAINE;Graine jaune;graine12;23/05/2025;0.027408;0;0
E10;Faire sécher son linge à l'air libre au lieu d'utiliser le sèche linge chaque fois qu'on peut;Electricité;GRAINE;Graine jaune;graine12;23/05/2025;0.413462;0;0
E01;Eteindre la lumière quand on quitte une pièce. quand on n’en a pas besoin;Electricité;GRAINE;Graine jaune;graine12;23/05/2025;0.027408;0;0
D07;Vendre ou donner les vêtements. les objets. les jouets dont on ne veut plus (trop petits…);Déchets;GRAINE;Graine jaune;graine12;23/05/2025;0.017374;2500;0
D03;Ne pas jeter de déchets dans la nature (chewing-gums. sacs. canettes. bouteilles…);Déchets;GRAINE;Graine jaune;graine12;23/05/2025;0.424875;0;4.486538
C06;Faire ses repas, gouter, compotes sois même plutôt que d’acheter des plats préparés;Courses;GRAINE;Graine jaune;graine10;23/05/2025;1.260407;0;0.180058
C05;Faire soi-même ses produits d’entretien pour éviter les emballages;Courses;GRAINE;Graine jaune;graine11;27/05/2025;0.006;0;0.03
D11;Acheter des produits en vrac. éviter les emballages individuels…;Déchets;GRAINE;Graine jaune;graine11;27/05/2025;0.38;0;0.67
D10;Ne pas acheter de bouteilles en plastique : boire à la gourde;Déchets;GRAINE;Graine jaune;graine11;27/05/2025;0.54243;0;0.21
D08;Utiliser les bacs de tri;Déchets;GRAINE;Graine jaune;graine11;27/05/2025;0.866962;0;0
D06;Prendre soin de ses affaires pour les faire durer plus longtemps (reboucher les feutres… ne pas casser. ne pas lancer…);Déchets;GRAINE;Graine jaune;graine11;27/05/2025;0.017374;0;0.183462
C06;Faire ses repas, gouter, compotes sois même plutôt que d’acheter des plats préparés;Courses;GRAINE;Graine jaune;graine11;01/06/2025;1.260407;0;0.180058
C03;Acheter des fruits ou légumes de saison;Courses;GRAINE;Graine jaune;graine11;01/06/2025;6.932;0;0
D11;Acheter des produits en vrac. éviter les emballages individuels…;Déchets;GRAINE;Graine jaune;graine11;01/06/2025;0.38;0;0.67
D15;Economiser les mouchoirs en papier. l'essuie-tout et le papier toilette;Déchets;GRAINE;Graine jaune;graine11;01/06/2025;0.009591;0;0.8
D10;Ne pas acheter de bouteilles en plastique : boire à la gourde;Déchets;GRAINE;Graine jaune;graine11;01/06/2025;0.54243;0;0.21
D09;Faire du compost avec les déchets végétaux ou donner les restes alimentaires aux poules…;Déchets;GRAINE;Graine jaune;graine11;01/06/2025;0.0623;0;1.75
D08;Utiliser les bacs de tri;Déchets;GRAINE;Graine jaune;graine11;01/06/2025;0.866962;0;0
D07;Vendre ou donner les vêtements. les objets. les jouets dont on ne veut plus (trop petits…);Déchets;GRAINE;Graine jaune;graine11;01/06/2025;0.017374;2500;0
C06;Faire ses repas, gouter, compotes sois même plutôt que d’acheter des plats préparés;Courses;GRAINE;Graine jaune;graine10;03/06/2025;1.260407;0;0.180058
C03;Acheter des fruits ou légumes de saison;Courses;GRAINE;Graine jaune;graine10;03/06/2025;6.932;0;0
D15;Economiser les mouchoirs en papier. l'essuie-tout et le papier toilette;Déchets;GRAINE;Graine jaune;graine10;03/06/2025;0.009591;0;0.8
D10;Ne pas acheter de bouteilles en plastique : boire à la gourde;Déchets;GRAINE;Graine jaune;graine10;03/06/2025;0.54243;0;0.21
D08;Utiliser les bacs de tri;Déchets;GRAINE;Graine jaune;graine10;03/06/2025;0.866962;0;0
D07;Vendre ou donner les vêtements. les objets. les jouets dont on ne veut plus (trop petits…);Déchets;GRAINE;Graine jaune;graine10;03/06/2025;0.017374;2500;0
D06;Prendre soin de ses affaires pour les faire durer plus longtemps (reboucher les feutres… ne pas casser. ne pas lancer…);Déchets;GRAINE;Graine jaune;graine10;03/06/2025;0.017374;0;0.183462
D04;Ramasser les papiers et les déchets par terre pour les mettre à la poubelle;Déchets;GRAINE;Graine jaune;graine10;03/06/2025;0.00947;0;0.1
D02;Tout manger ce qu’il y a dans nos assiettes (cantine/maison);Déchets;GRAINE;Graine jaune;graine10;03/06/2025;2.453511;0;1.390385
D03;Ne pas jeter de déchets dans la nature (chewing-gums. sacs. canettes. bouteilles…);Déchets;GRAINE;Graine jaune;graine10;03/06/2025;0.424875;0;4.486538
D01;Limiter l'utilisation du papier : Utiliser les feuilles des 2 côtés / faire du brouillon / Utiliser l'ardoise pour chercher / Prendre du papier recyclé…;Déchets;GRAINE;Graine jaune;graine10;03/06/2025;0.009641;0;0.8
B03;Donner à manger aux oiseaux dans son jardin ou sur son balcon;Biodiversité;GRAINE;Graine jaune;graine10;03/06/2025;0;0;0
B02;Ne pas tuer les araignées. les insectes (les mettre dehors…);Biodiversité;GRAINE;Graine jaune;graine10;03/06/2025;0;0;0
B01;Na pas cueillir de plante dans la nature;Biodiversité;GRAINE;Graine jaune;graine10;03/06/2025;0;0;0
W07;Vider le reste de sa gourde dans les plantes;Eau;GRAINE;Graine jaune;graine10;03/06/2025;0;0.000013;0
W04;Tirer la petite chasse d’eau quand on fait pipi;Eau;GRAINE;Graine jaune;graine10;03/06/2025;0.006501;16.5;0
W03;Ne pas faire couler l’eau trop longtemps quand on se lave les mains;Eau;GRAINE;Graine jaune;graine10;03/06/2025;0.004964;12.6;0
W02;Couper l’eau quand on se brosse les dents : mettre de l’eau dans un verre pour se rincer;Eau;GRAINE;Graine jaune;graine10;03/06/2025;0.05;28;0
W01;Prendre des douches rapides;Eau;GRAINE;Graine jaune;graine10;03/06/2025;0.25;224;0
W02;Utiliser une seule dose de savon;Eau;GRAINE;Graine jaune;graine10;03/06/2025;0.05;28;0
T03;Préférer la marche ou le vélo plutôt que la voiture;Transport;GRAINE;Graine jaune;graine10;03/06/2025;0.506;0;0
T06;Couper le moteur de la voiture quand elle ne roule pas;Transport;GRAINE;Graine jaune;graine10;03/06/2025;1.518;0;0
C06;Faire ses repas, gouter, compotes sois même plutôt que d’acheter des plats préparés;Courses;GRAINE;Graine jaune;graine10;16/06/2025;1.260407;0;0.180058
D11;Acheter des produits en vrac. éviter les emballages individuels…;Déchets;GRAINE;Graine jaune;graine10;16/06/2025;0.38;0;0.67
D10;Ne pas acheter de bouteilles en plastique : boire à la gourde;Déchets;GRAINE;Graine jaune;graine10;16/06/2025;0.54243;0;0.21
D08;Utiliser les bacs de tri;Déchets;GRAINE;Graine jaune;graine10;16/06/2025;0.866962;0;0
D02;Tout manger ce qu’il y a dans nos assiettes (cantine/maison);Déchets;GRAINE;Graine jaune;graine10;16/06/2025;2.453511;0;1.390385
D04;Ramasser les papiers et les déchets par terre pour les mettre à la poubelle;Déchets;GRAINE;Graine jaune;graine10;16/06/2025;0.00947;0;0.1
B02;Ne pas tuer les araignées. les insectes (les mettre dehors…);Biodiversité;GRAINE;Graine jaune;graine10;16/06/2025;0;0;0
W04;Tirer la petite chasse d’eau quand on fait pipi;Eau;GRAINE;Graine jaune;graine10;16/06/2025;0.006501;16.5;0
W02;Couper l’eau quand on se brosse les dents : mettre de l’eau dans un verre pour se rincer;Eau;GRAINE;Graine jaune;graine10;16/06/2025;0.05;28;0
W02;Utiliser une seule dose de savon;Eau;GRAINE;Graine jaune;graine10;16/06/2025;0.05;28;0
W01;Prendre des douches rapides;Eau;GRAINE;Graine jaune;graine10;16/06/2025;0.25;224;0
T04;Faire du covoiturage;Transport;GRAINE;Graine jaune;graine10;16/06/2025;0.506;0;0
E04;Eteindre les écrans (ordinateur. télévision. …) pour diminuer la consommation d’électricité;Electricité;GRAINE;Graine jaune;graine10;16/06/2025;0.15988;0;1
E11;Couvrir les casseroles lorsqu’on fait bouillir de l’eau ou pour cuire…;Electricité;GRAINE;Graine jaune;graine10;16/06/2025;0.00293;0;0
E01;Eteindre la lumière quand on quitte une pièce. quand on n’en a pas besoin;Electricité;GRAINE;Graine jaune;graine10;16/06/2025;0.027408;0;0
C06;Faire ses repas, gouter, compotes sois même plutôt que d’acheter des plats préparés;Courses;GRAINE;Graine jaune;graine11;15/06/2025;1.260407;0;0.180058
C05;Faire soi-même ses produits d’entretien pour éviter les emballages;Courses;GRAINE;Graine jaune;graine11;15/06/2025;0.006;0;0.03
D15;Economiser les mouchoirs en papier. l'essuie-tout et le papier toilette;Déchets;GRAINE;Graine jaune;graine11;15/06/2025;0.009591;0;0.8
D09;Faire du compost avec les déchets végétaux ou donner les restes alimentaires aux poules…;Déchets;GRAINE;Graine jaune;graine11;15/06/2025;0.0623;0;1.75
D07;Vendre ou donner les vêtements. les objets. les jouets dont on ne veut plus (trop petits…);Déchets;GRAINE;Graine jaune;graine11;15/06/2025;0.017374;2500;0
D04;Ramasser les papiers et les déchets par terre pour les mettre à la poubelle;Déchets;GRAINE;Graine jaune;graine11;15/06/2025;0.00947;0;0.1
D02;Tout manger ce qu’il y a dans nos assiettes (cantine/maison);Déchets;GRAINE;Graine jaune;graine11;15/06/2025;2.453511;0;1.390385
B04;Faire un jardin potager;Biodiversité;GRAINE;Graine jaune;graine11;15/06/2025;4.48;0;0
B02;Ne pas tuer les araignées. les insectes (les mettre dehors…);Biodiversité;GRAINE;Graine jaune;graine11;15/06/2025;0;0;0
W07;Vider le reste de sa gourde dans les plantes;Eau;GRAINE;Graine jaune;graine11;15/06/2025;0;0.000013;0
W03;Ne pas faire couler l’eau trop longtemps quand on se lave les mains;Eau;GRAINE;Graine jaune;graine11;15/06/2025;0.004964;12.6;0
W01;Prendre des douches rapides;Eau;GRAINE;Graine jaune;graine11;15/06/2025;0.25;224;0
W02;Utiliser une seule dose de savon;Eau;GRAINE;Graine jaune;graine11;15/06/2025;0.05;28;0
T06;Couper le moteur de la voiture quand elle ne roule pas;Transport;GRAINE;Graine jaune;graine11;15/06/2025;1.518;0;0
E05;Préférer les ampoules à basse consommation;Electricité;GRAINE;Graine jaune;graine11;15/06/2025;0.072803;0;0
E02;Ouvrir les volets et ne pas allumer la lumière quand il fait jour dehors. ou éteindre lorsque la lumière extérieure le permet;Electricité;GRAINE;Graine jaune;graine11;15/06/2025;0.027408;0;0
E10;Faire sécher son linge à l'air libre au lieu d'utiliser le sèche linge chaque fois qu'on peut;Electricité;GRAINE;Graine jaune;graine11;15/06/2025;0.413462;0;0
E01;Eteindre la lumière quand on quitte une pièce. quand on n’en a pas besoin;Electricité;GRAINE;Graine jaune;graine11;15/06/2025;0.027408;0;0
E05;Préférer les ampoules à basse consommation;Electricité;GRAINE;Graine jaune;graine10;16/06/2025;0.072803;0;0
E02;Ouvrir les volets et ne pas allumer la lumière quand il fait jour dehors. ou éteindre lorsque la lumière extérieure le permet;Electricité;GRAINE;Graine jaune;graine10;16/06/2025;0.027408;0;0
E10;Faire sécher son linge à l'air libre au lieu d'utiliser le sèche linge chaque fois qu'on peut;Electricité;GRAINE;Graine jaune;graine10;16/06/2025;0.413462;0;0
C06;Faire ses repas, gouter, compotes sois même plutôt que d’acheter des plats préparés;Courses;GRAINE;Graine jaune;graine1;11/06/2025;1.260407;0;0.180058
D11;Acheter des produits en vrac. éviter les emballages individuels…;Déchets;GRAINE;Graine jaune;graine1;11/06/2025;0.38;0;0.67
D10;Ne pas acheter de bouteilles en plastique : boire à la gourde;Déchets;GRAINE;Graine jaune;graine1;11/06/2025;0.54243;0;0.21
D07;Vendre ou donner les vêtements. les objets. les jouets dont on ne veut plus (trop petits…);Déchets;GRAINE;Graine jaune;graine1;11/06/2025;0.017374;2500;0
D04;Ramasser les papiers et les déchets par terre pour les mettre à la poubelle;Déchets;GRAINE;Graine jaune;graine1;11/06/2025;0.00947;0;0.1
D02;Tout manger ce qu’il y a dans nos assiettes (cantine/maison);Déchets;GRAINE;Graine jaune;graine1;11/06/2025;2.453511;0;1.390385
B04;Faire un jardin potager;Biodiversité;GRAINE;Graine jaune;graine1;11/06/2025;4.48;0;0
W07;Vider le reste de sa gourde dans les plantes;Eau;GRAINE;Graine jaune;graine1;11/06/2025;0;0.000013;0
W03;Ne pas faire couler l’eau trop longtemps quand on se lave les mains;Eau;GRAINE;Graine jaune;graine1;11/06/2025;0.004964;12.6;0
W01;Prendre des douches rapides;Eau;GRAINE;Graine jaune;graine1;11/06/2025;0.25;224;0
W02;Utiliser une seule dose de savon;Eau;GRAINE;Graine jaune;graine1;11/06/2025;0.05;28;0
E06;Préférer les piles rechargeables;Electricité;GRAINE;Graine jaune;graine1;11/06/2025;0.097538;0;0
E04;Eteindre les écrans (ordinateur. télévision. …) pour diminuer la consommation d’électricité;Electricité;GRAINE;Graine jaune;graine1;11/06/2025;0.15988;0;1
E10;Faire sécher son linge à l'air libre au lieu d'utiliser le sèche linge chaque fois qu'on peut;Electricité;GRAINE;Graine jaune;graine1;11/06/2025;0.413462;0;0
E01;Eteindre la lumière quand on quitte une pièce. quand on n’en a pas besoin;Electricité;GRAINE;Graine jaune;graine1;11/06/2025;0.027408;0;0
C03;Acheter des fruits ou légumes de saison;Courses;GRAINE;Graine jaune;graine11;15/06/2025;6.932;0;0
D11;Acheter des produits en vrac. éviter les emballages individuels…;Déchets;GRAINE;Graine jaune;graine11;15/06/2025;0.38;0;0.67
D10;Ne pas acheter de bouteilles en plastique : boire à la gourde;Déchets;GRAINE;Graine jaune;graine11;15/06/2025;0.54243;0;0.21
D08;Utiliser les bacs de tri;Déchets;GRAINE;Graine jaune;graine11;15/06/2025;0.866962;0;0
D06;Prendre soin de ses affaires pour les faire durer plus longtemps (reboucher les feutres… ne pas casser. ne pas lancer…);Déchets;GRAINE;Graine jaune;graine11;15/06/2025;0.017374;0;0.183462
D03;Ne pas jeter de déchets dans la nature (chewing-gums. sacs. canettes. bouteilles…);Déchets;GRAINE;Graine jaune;graine11;15/06/2025;0.424875;0;4.486538
D01;Limiter l'utilisation du papier : Utiliser les feuilles des 2 côtés / faire du brouillon / Utiliser l'ardoise pour chercher / Prendre du papier recyclé…;Déchets;GRAINE;Graine jaune;graine11;15/06/2025;0.009641;0;0.8
B03;Donner à manger aux oiseaux dans son jardin ou sur son balcon;Biodiversité;GRAINE;Graine jaune;graine11;15/06/2025;0;0;0
B01;Na pas cueillir de plante dans la nature;Biodiversité;GRAINE;Graine jaune;graine11;15/06/2025;0;0;0
W04;Tirer la petite chasse d’eau quand on fait pipi;Eau;GRAINE;Graine jaune;graine11;15/06/2025;0.006501;16.5;0
W02;Couper l’eau quand on se brosse les dents : mettre de l’eau dans un verre pour se rincer;Eau;GRAINE;Graine jaune;graine11;15/06/2025;0.05;28;0
W05;Prendre une douche plutôt qu'un bain;Eau;GRAINE;Graine jaune;graine11;15/06/2025;0.140658;357;0
T03;Préférer la marche ou le vélo plutôt que la voiture;Transport;GRAINE;Graine jaune;graine11;15/06/2025;0.506;0;0
E06;Préférer les piles rechargeables;Electricité;GRAINE;Graine jaune;graine11;15/06/2025;0.097538;0;0
E04;Eteindre les écrans (ordinateur. télévision. …) pour diminuer la consommation d’électricité;Electricité;GRAINE;Graine jaune;graine11;15/06/2025;0.15988;0;1
E11;Couvrir les casseroles lorsqu’on fait bouillir de l’eau ou pour cuire…;Electricité;GRAINE;Graine jaune;graine11;15/06/2025;0.00293;0;0
E08;Eteindre le chauffage lorsqu’on aère une pièce;Electricité;GRAINE;Graine jaune;graine11;15/06/2025;0.000173;0;0
C06;Faire ses repas, gouter, compotes sois même plutôt que d’acheter des plats préparés;Courses;GRAINE;Graine jaune;graine11;22/06/2025;1.260407;0;0.180058
C03;Acheter des fruits ou légumes de saison;Courses;GRAINE;Graine jaune;graine11;22/06/2025;6.932;0;0
D15;Economiser les mouchoirs en papier. l'essuie-tout et le papier toilette;Déchets;GRAINE;Graine jaune;graine11;22/06/2025;0.009591;0;0.8
D09;Faire du compost avec les déchets végétaux ou donner les restes alimentaires aux poules…;Déchets;GRAINE;Graine jaune;graine11;22/06/2025;0.0623;0;1.75
D07;Vendre ou donner les vêtements. les objets. les jouets dont on ne veut plus (trop petits…);Déchets;GRAINE;Graine jaune;graine11;22/06/2025;0.017374;2500;0
D04;Ramasser les papiers et les déchets par terre pour les mettre à la poubelle;Déchets;GRAINE;Graine jaune;graine11;22/06/2025;0.00947;0;0.1
D02;Tout manger ce qu’il y a dans nos assiettes (cantine/maison);Déchets;GRAINE;Graine jaune;graine11;22/06/2025;2.453511;0;1.390385
B04;Faire un jardin potager;Biodiversité;GRAINE;Graine jaune;graine11;22/06/2025;4.48;0;0
B02;Ne pas tuer les araignées. les insectes (les mettre dehors…);Biodiversité;GRAINE;Graine jaune;graine11;22/06/2025;0;0;0
W07;Vider le reste de sa gourde dans les plantes;Eau;GRAINE;Graine jaune;graine11;22/06/2025;0;0.000013;0
W03;Ne pas faire couler l’eau trop longtemps quand on se lave les mains;Eau;GRAINE;Graine jaune;graine11;22/06/2025;0.004964;12.6;0
W01;Prendre des douches rapides;Eau;GRAINE;Graine jaune;graine11;22/06/2025;0.25;224;0
W02;Utiliser une seule dose de savon;Eau;GRAINE;Graine jaune;graine11;22/06/2025;0.05;28;0
T06;Couper le moteur de la voiture quand elle ne roule pas;Transport;GRAINE;Graine jaune;graine11;22/06/2025;1.518;0;0
E05;Préférer les ampoules à basse consommation;Electricité;GRAINE;Graine jaune;graine11;22/06/2025;0.072803;0;0
E02;Ouvrir les volets et ne pas allumer la lumière quand il fait jour dehors. ou éteindre lorsque la lumière extérieure le permet;Electricité;GRAINE;Graine jaune;graine11;22/06/2025;0.027408;0;0
E08;Eteindre le chauffage lorsqu’on aère une pièce;Electricité;GRAINE;Graine jaune;graine11;22/06/2025;0.000173;0;0
E11;Couvrir les casseroles lorsqu’on fait bouillir de l’eau ou pour cuire…;Electricité;GRAINE;Graine jaune;graine11;22/06/2025;0.00293;0;0
C03;Acheter des fruits ou légumes de saison;Courses;GRAINE;Graine jaune;graine10;23/06/2025;6.932;0;0
D10;Ne pas acheter de bouteilles en plastique : boire à la gourde;Déchets;GRAINE;Graine jaune;graine10;23/06/2025;0.54243;0;0.21
D07;Vendre ou donner les vêtements. les objets. les jouets dont on ne veut plus (trop petits…);Déchets;GRAINE;Graine jaune;graine10;23/06/2025;0.017374;2500;0
D03;Ne pas jeter de déchets dans la nature (chewing-gums. sacs. canettes. bouteilles…);Déchets;GRAINE;Graine jaune;graine10;23/06/2025;0.424875;0;4.486538
D01;Limiter l'utilisation du papier : Utiliser les feuilles des 2 côtés / faire du brouillon / Utiliser l'ardoise pour chercher / Prendre du papier recyclé…;Déchets;GRAINE;Graine jaune;graine10;23/06/2025;0.009641;0;0.8
B02;Ne pas tuer les araignées. les insectes (les mettre dehors…);Biodiversité;GRAINE;Graine jaune;graine10;23/06/2025;0;0;0
W07;Vider le reste de sa gourde dans les plantes;Eau;GRAINE;Graine jaune;graine10;23/06/2025;0;0.000013;0
W03;Ne pas faire couler l’eau trop longtemps quand on se lave les mains;Eau;GRAINE;Graine jaune;graine10;23/06/2025;0.004964;12.6;0
W01;Prendre des douches rapides;Eau;GRAINE;Graine jaune;graine10;23/06/2025;0.25;224;0
W05;Prendre une douche plutôt qu'un bain;Eau;GRAINE;Graine jaune;graine10;23/06/2025;0.140658;357;0
T04;Faire du covoiturage;Transport;GRAINE;Graine jaune;graine10;23/06/2025;0.506;0;0
E04;Eteindre les écrans (ordinateur. télévision. …) pour diminuer la consommation d’électricité;Electricité;GRAINE;Graine jaune;graine10;23/06/2025;0.15988;0;1
E11;Couvrir les casseroles lorsqu’on fait bouillir de l’eau ou pour cuire…;Electricité;GRAINE;Graine jaune;graine10;23/06/2025;0.00293;0;0
E01;Eteindre la lumière quand on quitte une pièce. quand on n’en a pas besoin;Electricité;GRAINE;Graine jaune;graine10;23/06/2025;0.027408;0;0
C05;Faire soi-même ses produits d’entretien pour éviter les emballages;Courses;GRAINE;Graine jaune;graine11;22/06/2025;0.006;0;0.03
D11;Acheter des produits en vrac. éviter les emballages individuels…;Déchets;GRAINE;Graine jaune;graine11;22/06/2025;0.38;0;0.67
D10;Ne pas acheter de bouteilles en plastique : boire à la gourde;Déchets;GRAINE;Graine jaune;graine11;22/06/2025;0.54243;0;0.21
D08;Utiliser les bacs de tri;Déchets;GRAINE;Graine jaune;graine11;22/06/2025;0.866962;0;0
D06;Prendre soin de ses affaires pour les faire durer plus longtemps (reboucher les feutres… ne pas casser. ne pas lancer…);Déchets;GRAINE;Graine jaune;graine11;22/06/2025;0.017374;0;0.183462
D03;Ne pas jeter de déchets dans la nature (chewing-gums. sacs. canettes. bouteilles…);Déchets;GRAINE;Graine jaune;graine11;22/06/2025;0.424875;0;4.486538
D01;Limiter l'utilisation du papier : Utiliser les feuilles des 2 côtés / faire du brouillon / Utiliser l'ardoise pour chercher / Prendre du papier recyclé…;Déchets;GRAINE;Graine jaune;graine11;22/06/2025;0.009641;0;0.8
B03;Donner à manger aux oiseaux dans son jardin ou sur son balcon;Biodiversité;GRAINE;Graine jaune;graine11;22/06/2025;0;0;0
B01;Na pas cueillir de plante dans la nature;Biodiversité;GRAINE;Graine jaune;graine11;22/06/2025;0;0;0
W04;Tirer la petite chasse d’eau quand on fait pipi;Eau;GRAINE;Graine jaune;graine11;22/06/2025;0.006501;16.5;0
W02;Couper l’eau quand on se brosse les dents : mettre de l’eau dans un verre pour se rincer;Eau;GRAINE;Graine jaune;graine11;22/06/2025;0.05;28;0
W05;Prendre une douche plutôt qu'un bain;Eau;GRAINE;Graine jaune;graine11;22/06/2025;0.140658;357;0
T03;Préférer la marche ou le vélo plutôt que la voiture;Transport;GRAINE;Graine jaune;graine11;22/06/2025;0.506;0;0
E06;Préférer les piles rechargeables;Electricité;GRAINE;Graine jaune;graine11;22/06/2025;0.097538;0;0
E04;Eteindre les écrans (ordinateur. télévision. …) pour diminuer la consommation d’électricité;Electricité;GRAINE;Graine jaune;graine11;22/06/2025;0.15988;0;1
E10;Faire sécher son linge à l'air libre au lieu d'utiliser le sèche linge chaque fois qu'on peut;Electricité;GRAINE;Graine jaune;graine11;22/06/2025;0.413462;0;0
E01;Eteindre la lumière quand on quitte une pièce. quand on n’en a pas besoin;Electricité;GRAINE;Graine jaune;graine11;22/06/2025;0.027408;0;0
C06;Faire ses repas, gouter, compotes sois même plutôt que d’acheter des plats préparés;Courses;GRAINE;Graine jaune;graine10;23/06/2025;1.260407;0;0.180058
D15;Economiser les mouchoirs en papier. l'essuie-tout et le papier toilette;Déchets;GRAINE;Graine jaune;graine10;23/06/2025;0.009591;0;0.8
D08;Utiliser les bacs de tri;Déchets;GRAINE;Graine jaune;graine10;23/06/2025;0.866962;0;0
D04;Ramasser les papiers et les déchets par terre pour les mettre à la poubelle;Déchets;GRAINE;Graine jaune;graine10;23/06/2025;0.00947;0;0.1
D02;Tout manger ce qu’il y a dans nos assiettes (cantine/maison);Déchets;GRAINE;Graine jaune;graine10;23/06/2025;2.453511;0;1.390385
B03;Donner à manger aux oiseaux dans son jardin ou sur son balcon;Biodiversité;GRAINE;Graine jaune;graine10;23/06/2025;0;0;0
B01;Na pas cueillir de plante dans la nature;Biodiversité;GRAINE;Graine jaune;graine10;23/06/2025;0;0;0
W04;Tirer la petite chasse d’eau quand on fait pipi;Eau;GRAINE;Graine jaune;graine10;23/06/2025;0.006501;16.5;0
W02;Couper l’eau quand on se brosse les dents : mettre de l’eau dans un verre pour se rincer;Eau;GRAINE;Graine jaune;graine10;23/06/2025;0.05;28;0
W02;Utiliser une seule dose de savon;Eau;GRAINE;Graine jaune;graine10;23/06/2025;0.05;28;0
T03;Préférer la marche ou le vélo plutôt que la voiture;Transport;GRAINE;Graine jaune;graine10;23/06/2025;0.506;0;0
E05;Préférer les ampoules à basse consommation;Electricité;GRAINE;Graine jaune;graine10;23/06/2025;0.072803;0;0
E02;Ouvrir les volets et ne pas allumer la lumière quand il fait jour dehors. ou éteindre lorsque la lumière extérieure le permet;Electricité;GRAINE;Graine jaune;graine10;23/06/2025;0.027408;0;0
E10;Faire sécher son linge à l'air libre au lieu d'utiliser le sèche linge chaque fois qu'on peut;Electricité;GRAINE;Graine jaune;graine10;23/06/2025;0.413462;0;0
C03;Je consomme des fruits et légumes de saison;Courses;VIOLET;Groupe_Violet;girafe;18/02/2025;6.932;0;0
D10;Réutiliser des bouteilles vides.;Déchets;VIOLET;Groupe_Violet;girafe;18/02/2025;0.54243;0;0.21
B02;"Je n""embête pas les petites bêtes.";Biodiversité;VIOLET;Groupe_Violet;girafe;18/02/2025;0;0;0
D10;Utiliser moins de plastique pour faire les courses (ou les réutiliser).;Déchets;VIOLET;Groupe_Violet;girafe;18/02/2025;0.54243;0;0.21
W03;"Je ferme l""eau quand je me savonne.";Eau;VIOLET;Groupe_Violet;girafe;18/02/2025;0.004964;12.6;0
E01;J'éteins la lumière quand je quitte une pièce;Electricité;VIOLET;Groupe_Violet;girafe;18/02/2025;0.027408;0;0
D10;Réutiliser des bouteilles vides.;Déchets;VIOLET;Groupe_Violet;pingouin;18/02/2025;0.54243;0;0.21
D03;Je ne jette pas de déchet par terre.;Déchets;VIOLET;Groupe_Violet;pingouin;18/02/2025;0.424875;0;4.486538
B01;Je n'arrache pas les végétaux.;Biodiversité;VIOLET;Groupe_Violet;pingouin;18/02/2025;0;0;0
E01;J'éteins la lumière quand je quitte une pièce;Electricité;VIOLET;Groupe_Violet;pingouin;18/02/2025;0.027408;0;0
C03;Je consomme des fruits et légumes de saison;Courses;VIOLET;Groupe_Violet;dragon;19/02/2025;6.932;0;0
D10;Réutiliser des bouteilles vides.;Déchets;VIOLET;Groupe_Violet;dragon;19/02/2025;0.54243;0;0.21
D10;Utiliser moins de plastique pour faire les courses (ou les réutiliser).;Déchets;VIOLET;Groupe_Violet;dragon;19/02/2025;0.54243;0;0.21
B02;"Je n""embête pas les petites bêtes.";Biodiversité;VIOLET;Groupe_Violet;dragon;19/02/2025;0;0;0
W03;"Je ferme l""eau quand je me savonne.";Eau;VIOLET;Groupe_Violet;dragon;19/02/2025;0.004964;12.6;0
W03;"Ne pas gaspiller l""eau que l’on boit.";Eau;VIOLET;Groupe_Violet;dragon;19/02/2025;0.004964;12.6;0
E02;J’ouvre les volets/rideaux pour profiter de la lumière du jour.;Electricité;VIOLET;Groupe_Violet;dragon;19/02/2025;0.027408;0;0
D02;Éviter le gaspillage alimentaire : se servir moins, garder pour plus tard.;Déchets;VIOLET;Groupe_Violet;dragon;05/03/2025;2.453511;0;1.390385
D04;Dans l'enceinte de l'école, je ramasse les déchets que je vois.;Déchets;VIOLET;Groupe_Violet;dragon;05/03/2025;0.00947;0;0.1
D10;Utiliser moins de plastique pour faire les courses (ou les réutiliser).;Déchets;VIOLET;Groupe_Violet;dragon;05/03/2025;0.54243;0;0.21
B02;"Je n""embête pas les petites bêtes.";Biodiversité;VIOLET;Groupe_Violet;dragon;05/03/2025;0;0;0
W05;"Je prends une douche plutôt qu""un bain.";Eau;VIOLET;Groupe_Violet;dragon;05/03/2025;0.140658;357;0
T03;Remplacer la voiture lors de courts trajets : vélo, trottinette, à pied, transports en commun.;Transport;VIOLET;Groupe_Violet;dragon;05/03/2025;0.506;0;0
E01;J'éteins la lumière quand je quitte une pièce;Electricité;VIOLET;Groupe_Violet;dragon;05/03/2025;0.027408;0;0
D03;Je ne jette pas de déchet par terre.;Déchets;VIOLET;Groupe_Violet;dragon;01/03/2025;0.424875;0;4.486538
B02;"Je n""embête pas les petites bêtes.";Biodiversité;VIOLET;Groupe_Violet;dragon;01/03/2025;0;0;0
W05;"Je prends une douche plutôt qu""un bain.";Eau;VIOLET;Groupe_Violet;dragon;01/03/2025;0.140658;357;0
T03;Remplacer la voiture lors de courts trajets : vélo, trottinette, à pied, transports en commun.;Transport;VIOLET;Groupe_Violet;dragon;01/03/2025;0.506;0;0
E01;J'éteins la lumière quand je quitte une pièce;Electricité;VIOLET;Groupe_Violet;dragon;01/03/2025;0.027408;0;0
D02;Éviter le gaspillage alimentaire : se servir moins, garder pour plus tard.;Déchets;VIOLET;Groupe_Violet;paresseux;03/03/2025;2.453511;0;1.390385
D04;Dans l'enceinte de l'école, je ramasse les déchets que je vois.;Déchets;VIOLET;Groupe_Violet;paresseux;03/03/2025;0.00947;0;0.1
D03;Je ne jette pas de déchet par terre.;Déchets;VIOLET;Groupe_Violet;paresseux;03/03/2025;0.424875;0;4.486538
B01;Je n'arrache pas les végétaux.;Biodiversité;VIOLET;Groupe_Violet;paresseux;03/03/2025;0;0;0
W05;"Je prends une douche plutôt qu""un bain.";Eau;VIOLET;Groupe_Violet;paresseux;03/03/2025;0.140658;357;0
T03;Remplacer la voiture lors de courts trajets : vélo, trottinette, à pied, transports en commun.;Transport;VIOLET;Groupe_Violet;paresseux;03/03/2025;0.506;0;0
E01;J'éteins la lumière quand je quitte une pièce;Electricité;VIOLET;Groupe_Violet;paresseux;03/03/2025;0.027408;0;0
D02;Éviter le gaspillage alimentaire : se servir moins, garder pour plus tard.;Déchets;VIOLET;Groupe_Violet;licorne;04/03/2025;2.453511;0;1.390385
D10;Utiliser moins de plastique pour faire les courses (ou les réutiliser).;Déchets;VIOLET;Groupe_Violet;licorne;04/03/2025;0.54243;0;0.21
D03;Je ne jette pas de déchet par terre.;Déchets;VIOLET;Groupe_Violet;licorne;04/03/2025;0.424875;0;4.486538
B01;Je n'arrache pas les végétaux.;Biodiversité;VIOLET;Groupe_Violet;licorne;04/03/2025;0;0;0
W03;"Je ferme l""eau quand je me savonne.";Eau;VIOLET;Groupe_Violet;licorne;04/03/2025;0.004964;12.6;0
W03;"Ne pas gaspiller l""eau que l’on boit.";Eau;VIOLET;Groupe_Violet;licorne;04/03/2025;0.004964;12.6;0
E02;J’ouvre les volets/rideaux pour profiter de la lumière du jour.;Electricité;VIOLET;Groupe_Violet;licorne;04/03/2025;0.027408;0;0
D02;Éviter le gaspillage alimentaire : se servir moins, garder pour plus tard.;Déchets;VIOLET;Groupe_Violet;girafe;04/03/2025;2.453511;0;1.390385
D03;Je ne jette pas de déchet par terre.;Déchets;VIOLET;Groupe_Violet;girafe;04/03/2025;0.424875;0;4.486538
B01;Je n'arrache pas les végétaux.;Biodiversité;VIOLET;Groupe_Violet;girafe;04/03/2025;0;0;0
W03;"Je ferme l""eau quand je me savonne.";Eau;VIOLET;Groupe_Violet;girafe;04/03/2025;0.004964;12.6;0
T03;Remplacer la voiture lors de courts trajets : vélo, trottinette, à pied, transports en commun.;Transport;VIOLET;Groupe_Violet;girafe;04/03/2025;0.506;0;0
E01;J'éteins la lumière quand je quitte une pièce;Electricité;VIOLET;Groupe_Violet;girafe;04/03/2025;0.027408;0;0
C03;Je consomme des fruits et légumes de saison;Courses;VIOLET;Groupe_Violet;léopard;08/04/2025;6.932;0;0
D10;Réutiliser des bouteilles vides.;Déchets;VIOLET;Groupe_Violet;léopard;08/04/2025;0.54243;0;0.21
D03;Je ne jette pas de déchet par terre.;Déchets;VIOLET;Groupe_Violet;léopard;08/04/2025;0.424875;0;4.486538
W03;"Ne pas gaspiller l""eau que l’on boit.";Eau;VIOLET;Groupe_Violet;léopard;08/04/2025;0.004964;12.6;0
W03;"Je ferme l""eau quand je me savonne.";Eau;VIOLET;Groupe_Violet;léopard;08/04/2025;0.004964;12.6;0
E01;J'éteins la lumière quand je quitte une pièce;Electricité;VIOLET;Groupe_Violet;léopard;08/04/2025;0.027408;0;0
C03;Je consomme des fruits et légumes de saison;Courses;VIOLET;Groupe_Violet;chat;08/04/2025;6.932;0;0
D04;Dans l'enceinte de l'école, je ramasse les déchets que je vois.;Déchets;VIOLET;Groupe_Violet;chat;08/04/2025;0.00947;0;0.1
D03;Je ne jette pas de déchet par terre.;Déchets;VIOLET;Groupe_Violet;chat;08/04/2025;0.424875;0;4.486538
B01;Je n'arrache pas les végétaux.;Biodiversité;VIOLET;Groupe_Violet;chat;08/04/2025;0;0;0
W05;"Je prends une douche plutôt qu""un bain.";Eau;VIOLET;Groupe_Violet;chat;08/04/2025;0.140658;357;0
C03;Je consomme des fruits et légumes de saison;Courses;VIOLET;Groupe_Violet;perroquet;21/04/2025;6.932;0;0
D10;Réutiliser des bouteilles vides.;Déchets;VIOLET;Groupe_Violet;perroquet;21/04/2025;0.54243;0;0.21
D10;Utiliser moins de plastique pour faire les courses (ou les réutiliser).;Déchets;VIOLET;Groupe_Violet;perroquet;21/04/2025;0.54243;0;0.21
B02;"Je n""embête pas les petites bêtes.";Biodiversité;VIOLET;Groupe_Violet;perroquet;21/04/2025;0;0;0
W03;"Je ferme l""eau quand je me savonne.";Eau;VIOLET;Groupe_Violet;perroquet;21/04/2025;0.004964;12.6;0
W03;"Ne pas gaspiller l""eau que l’on boit.";Eau;VIOLET;Groupe_Violet;perroquet;21/04/2025;0.004964;12.6;0
E02;J’ouvre les volets/rideaux pour profiter de la lumière du jour.;Electricité;VIOLET;Groupe_Violet;perroquet;21/04/2025;0.027408;0;0
C03;Je consomme des fruits et légumes de saison;Courses;VIOLET;Groupe_Violet;paresseux;21/04/2025;6.932;0;0
D10;Réutiliser des bouteilles vides.;Déchets;VIOLET;Groupe_Violet;paresseux;21/04/2025;0.54243;0;0.21
B02;"Je n""embête pas les petites bêtes.";Biodiversité;VIOLET;Groupe_Violet;paresseux;21/04/2025;0;0;0
D10;Utiliser moins de plastique pour faire les courses (ou les réutiliser).;Déchets;VIOLET;Groupe_Violet;paresseux;21/04/2025;0.54243;0;0.21
W03;"Je ferme l""eau quand je me savonne.";Eau;VIOLET;Groupe_Violet;paresseux;21/04/2025;0.004964;12.6;0
W03;"Ne pas gaspiller l""eau que l’on boit.";Eau;VIOLET;Groupe_Violet;paresseux;21/04/2025;0.004964;12.6;0
E02;J’ouvre les volets/rideaux pour profiter de la lumière du jour.;Electricité;VIOLET;Groupe_Violet;paresseux;21/04/2025;0.027408;0;0
B02;"Je n""embête pas les petites bêtes.";Biodiversité;VIOLET;Groupe_Violet;suricate;21/04/2025;0;0;0
D03;Je ne jette pas de déchet par terre.;Déchets;VIOLET;Groupe_Violet;suricate;21/04/2025;0.424875;0;4.486538
C03;Je consomme des fruits et légumes de saison;Courses;VIOLET;Groupe_Violet;dragon;22/04/2025;6.932;0;0
D10;Réutiliser des bouteilles vides.;Déchets;VIOLET;Groupe_Violet;dragon;22/04/2025;0.54243;0;0.21
D10;Utiliser moins de plastique pour faire les courses (ou les réutiliser).;Déchets;VIOLET;Groupe_Violet;dragon;22/04/2025;0.54243;0;0.21
B01;Je n'arrache pas les végétaux.;Biodiversité;VIOLET;Groupe_Violet;dragon;22/04/2025;0;0;0
W03;"Je ferme l""eau quand je me savonne.";Eau;VIOLET;Groupe_Violet;dragon;22/04/2025;0.004964;12.6;0
W03;"Ne pas gaspiller l""eau que l’on boit.";Eau;VIOLET;Groupe_Violet;dragon;22/04/2025;0.004964;12.6;0
E02;J’ouvre les volets/rideaux pour profiter de la lumière du jour.;Electricité;VIOLET;Groupe_Violet;dragon;22/04/2025;0.027408;0;0
W05;"Je prends une douche plutôt qu""un bain.";Eau;VIOLET;Groupe_Violet;suricate;24/04/2025;0.140658;357;0
E01;J'éteins la lumière quand je quitte une pièce;Electricité;VIOLET;Groupe_Violet;suricate;24/04/2025;0.027408;0;0
D10;Réutiliser des bouteilles vides.;Déchets;VIOLET;Groupe_Violet;girafe;25/04/2025;0.54243;0;0.21
D03;Je ne jette pas de déchet par terre.;Déchets;VIOLET;Groupe_Violet;girafe;25/04/2025;0.424875;0;4.486538
B01;Je n'arrache pas les végétaux.;Biodiversité;VIOLET;Groupe_Violet;girafe;25/04/2025;0;0;0
W03;"Ne pas gaspiller l""eau que l’on boit.";Eau;VIOLET;Groupe_Violet;girafe;25/04/2025;0.004964;12.6;0
E01;J'éteins la lumière quand je quitte une pièce;Electricité;VIOLET;Groupe_Violet;girafe;25/04/2025;0.027408;0;0
D02;Éviter le gaspillage alimentaire : se servir moins, garder pour plus tard.;Déchets;VIOLET;Groupe_Violet;paresseux;27/04/2025;2.453511;0;1.390385
D04;Dans l'enceinte de l'école, je ramasse les déchets que je vois.;Déchets;VIOLET;Groupe_Violet;paresseux;27/04/2025;0.00947;0;0.1
D03;Je ne jette pas de déchet par terre.;Déchets;VIOLET;Groupe_Violet;paresseux;27/04/2025;0.424875;0;4.486538
B01;Je n'arrache pas les végétaux.;Biodiversité;VIOLET;Groupe_Violet;paresseux;27/04/2025;0;0;0
W05;"Je prends une douche plutôt qu""un bain.";Eau;VIOLET;Groupe_Violet;paresseux;27/04/2025;0.140658;357;0
C03;Je consomme des fruits et légumes de saison;Courses;VIOLET;Groupe_Violet;suricate;01/05/2025;6.932;0;0
B02;"Je n""embête pas les petites bêtes.";Biodiversité;VIOLET;Groupe_Violet;suricate;01/05/2025;0;0;0
D02;Éviter le gaspillage alimentaire : se servir moins, garder pour plus tard.;Déchets;VIOLET;Groupe_Violet;tortue;04/05/2025;2.453511;0;1.390385
D04;Dans l'enceinte de l'école, je ramasse les déchets que je vois.;Déchets;VIOLET;Groupe_Violet;tortue;04/05/2025;0.00947;0;0.1
D03;Je ne jette pas de déchet par terre.;Déchets;VIOLET;Groupe_Violet;tortue;04/05/2025;0.424875;0;4.486538
B01;Je n'arrache pas les végétaux.;Biodiversité;VIOLET;Groupe_Violet;tortue;04/05/2025;0;0;0
W05;"Je prends une douche plutôt qu""un bain.";Eau;VIOLET;Groupe_Violet;tortue;04/05/2025;0.140658;357;0
T03;Remplacer la voiture lors de courts trajets : vélo, trottinette, à pied, transports en commun.;Transport;VIOLET;Groupe_Violet;tortue;04/05/2025;0.506;0;0
E01;J'éteins la lumière quand je quitte une pièce;Electricité;VIOLET;Groupe_Violet;tortue;04/05/2025;0.027408;0;0
D02;Éviter le gaspillage alimentaire : se servir moins, garder pour plus tard.;Déchets;VIOLET;Groupe_Violet;paresseux;04/05/2025;2.453511;0;1.390385
D04;Dans l'enceinte de l'école, je ramasse les déchets que je vois.;Déchets;VIOLET;Groupe_Violet;paresseux;04/05/2025;0.00947;0;0.1
D03;Je ne jette pas de déchet par terre.;Déchets;VIOLET;Groupe_Violet;paresseux;04/05/2025;0.424875;0;4.486538
B01;Je n'arrache pas les végétaux.;Biodiversité;VIOLET;Groupe_Violet;paresseux;04/05/2025;0;0;0
W05;"Je prends une douche plutôt qu""un bain.";Eau;VIOLET;Groupe_Violet;paresseux;04/05/2025;0.140658;357;0
T03;Remplacer la voiture lors de courts trajets : vélo, trottinette, à pied, transports en commun.;Transport;VIOLET;Groupe_Violet;paresseux;04/05/2025;0.506;0;0
E01;J'éteins la lumière quand je quitte une pièce;Electricité;VIOLET;Groupe_Violet;paresseux;04/05/2025;0.027408;0;0
W03;"Ne pas gaspiller l""eau que l’on boit.";Eau;VIOLET;Groupe_Violet;poussin;18/05/2025;0.004964;12.6;0
E01;J'éteins la lumière quand je quitte une pièce;Electricité;VIOLET;Groupe_Violet;poussin;18/05/2025;0.027408;0;0
D02;Éviter le gaspillage alimentaire : se servir moins, garder pour plus tard.;Déchets;VIOLET;Groupe_Violet;tortue;19/05/2025;2.453511;0;1.390385
D04;Dans l'enceinte de l'école, je ramasse les déchets que je vois.;Déchets;VIOLET;Groupe_Violet;tortue;19/05/2025;0.00947;0;0.1
D03;Je ne jette pas de déchet par terre.;Déchets;VIOLET;Groupe_Violet;tortue;19/05/2025;0.424875;0;4.486538
B01;Je n'arrache pas les végétaux.;Biodiversité;VIOLET;Groupe_Violet;tortue;19/05/2025;0;0;0
W05;"Je prends une douche plutôt qu""un bain.";Eau;VIOLET;Groupe_Violet;tortue;19/05/2025;0.140658;357;0
T03;Remplacer la voiture lors de courts trajets : vélo, trottinette, à pied, transports en commun.;Transport;VIOLET;Groupe_Violet;tortue;19/05/2025;0.506;0;0
E01;J'éteins la lumière quand je quitte une pièce;Electricité;VIOLET;Groupe_Violet;tortue;19/05/2025;0.027408;0;0
C03;Je consomme des fruits et légumes de saison;Courses;VIOLET;Groupe_Violet;dragon;05/03/2025;6.932;0;0
D10;Réutiliser des bouteilles vides.;Déchets;VIOLET;Groupe_Violet;dragon;05/03/2025;0.54243;0;0.21
D03;Je ne jette pas de déchet par terre.;Déchets;VIOLET;Groupe_Violet;dragon;05/03/2025;0.424875;0;4.486538
B01;Je n'arrache pas les végétaux.;Biodiversité;VIOLET;Groupe_Violet;dragon;05/03/2025;0;0;0
W03;"Je ferme l""eau quand je me savonne.";Eau;VIOLET;Groupe_Violet;dragon;05/03/2025;0.004964;12.6;0
W03;"Ne pas gaspiller l""eau que l’on boit.";Eau;VIOLET;Groupe_Violet;dragon;05/03/2025;0.004964;12.6;0
E02;J’ouvre les volets/rideaux pour profiter de la lumière du jour.;Electricité;VIOLET;Groupe_Violet;dragon;05/03/2025;0.027408;0;0
D03;Je ne jette pas de déchet par terre.;Déchets;VIOLET;Groupe_Violet;suricate;27/02/2025;0.424875;0;4.486538
B01;Je n'arrache pas les végétaux.;Biodiversité;VIOLET;Groupe_Violet;suricate;27/02/2025;0;0;0
E02;J’ouvre les volets/rideaux pour profiter de la lumière du jour.;Electricité;VIOLET;Groupe_Violet;suricate;27/02/2025;0.027408;0;0
E01;J'éteins la lumière quand je quitte une pièce;Electricité;VIOLET;Groupe_Violet;suricate;27/02/2025;0.027408;0;0
C03;Je consomme des fruits et légumes de saison;Courses;VIOLET;Groupe_Violet;dragon;01/03/2025;6.932;0;0
D02;Éviter le gaspillage alimentaire : se servir moins, garder pour plus tard.;Déchets;VIOLET;Groupe_Violet;dragon;01/03/2025;2.453511;0;1.390385
D10;Réutiliser des bouteilles vides.;Déchets;VIOLET;Groupe_Violet;dragon;01/03/2025;0.54243;0;0.21
D04;Dans l'enceinte de l'école, je ramasse les déchets que je vois.;Déchets;VIOLET;Groupe_Violet;dragon;01/03/2025;0.00947;0;0.1
D10;Utiliser moins de plastique pour faire les courses (ou les réutiliser).;Déchets;VIOLET;Groupe_Violet;dragon;01/03/2025;0.54243;0;0.21
B01;Je n'arrache pas les végétaux.;Biodiversité;VIOLET;Groupe_Violet;dragon;01/03/2025;0;0;0
W03;"Je ferme l""eau quand je me savonne.";Eau;VIOLET;Groupe_Violet;dragon;01/03/2025;0.004964;12.6;0
W03;"Ne pas gaspiller l""eau que l’on boit.";Eau;VIOLET;Groupe_Violet;dragon;01/03/2025;0.004964;12.6;0
E02;J’ouvre les volets/rideaux pour profiter de la lumière du jour.;Electricité;VIOLET;Groupe_Violet;dragon;01/03/2025;0.027408;0;0
C03;Je consomme des fruits et légumes de saison;Courses;VIOLET;Groupe_Violet;paresseux;03/03/2025;6.932;0;0
D10;Réutiliser des bouteilles vides.;Déchets;VIOLET;Groupe_Violet;paresseux;03/03/2025;0.54243;0;0.21
D10;Utiliser moins de plastique pour faire les courses (ou les réutiliser).;Déchets;VIOLET;Groupe_Violet;paresseux;03/03/2025;0.54243;0;0.21
B02;"Je n""embête pas les petites bêtes.";Biodiversité;VIOLET;Groupe_Violet;paresseux;03/03/2025;0;0;0
W03;"Je ferme l""eau quand je me savonne.";Eau;VIOLET;Groupe_Violet;paresseux;03/03/2025;0.004964;12.6;0
W03;"Ne pas gaspiller l""eau que l’on boit.";Eau;VIOLET;Groupe_Violet;paresseux;03/03/2025;0.004964;12.6;0
E02;J’ouvre les volets/rideaux pour profiter de la lumière du jour.;Electricité;VIOLET;Groupe_Violet;paresseux;03/03/2025;0.027408;0;0
C03;Je consomme des fruits et légumes de saison;Courses;VIOLET;Groupe_Violet;licorne;04/03/2025;6.932;0;0
D10;Réutiliser des bouteilles vides.;Déchets;VIOLET;Groupe_Violet;licorne;04/03/2025;0.54243;0;0.21
D04;Dans l'enceinte de l'école, je ramasse les déchets que je vois.;Déchets;VIOLET;Groupe_Violet;licorne;04/03/2025;0.00947;0;0.1
T03;Remplacer la voiture lors de courts trajets : vélo, trottinette, à pied, transports en commun.;Transport;VIOLET;Groupe_Violet;licorne;04/03/2025;0.506;0;0
B02;"Je n""embête pas les petites bêtes.";Biodiversité;VIOLET;Groupe_Violet;licorne;04/03/2025;0;0;0
W05;"Je prends une douche plutôt qu""un bain.";Eau;VIOLET;Groupe_Violet;licorne;04/03/2025;0.140658;357;0
E01;J'éteins la lumière quand je quitte une pièce;Electricité;VIOLET;Groupe_Violet;licorne;04/03/2025;0.027408;0;0
C03;Je consomme des fruits et légumes de saison;Courses;VIOLET;Groupe_Violet;girafe;04/03/2025;6.932;0;0
D10;Utiliser moins de plastique pour faire les courses (ou les réutiliser).;Déchets;VIOLET;Groupe_Violet;girafe;04/03/2025;0.54243;0;0.21
D10;Réutiliser des bouteilles vides.;Déchets;VIOLET;Groupe_Violet;girafe;04/03/2025;0.54243;0;0.21
B02;"Je n""embête pas les petites bêtes.";Biodiversité;VIOLET;Groupe_Violet;girafe;04/03/2025;0;0;0
W03;"Ne pas gaspiller l""eau que l’on boit.";Eau;VIOLET;Groupe_Violet;girafe;04/03/2025;0.004964;12.6;0
E02;J’ouvre les volets/rideaux pour profiter de la lumière du jour.;Electricité;VIOLET;Groupe_Violet;girafe;04/03/2025;0.027408;0;0
D03;Je ne jette pas de déchet par terre.;Déchets;VIOLET;Groupe_Violet;suricate;08/03/2025;0.424875;0;4.486538
B02;"Je n""embête pas les petites bêtes.";Biodiversité;VIOLET;Groupe_Violet;suricate;08/03/2025;0;0;0
B01;Je n'arrache pas les végétaux.;Biodiversité;VIOLET;Groupe_Violet;suricate;08/03/2025;0;0;0
T03;Remplacer la voiture lors de courts trajets : vélo, trottinette, à pied, transports en commun.;Transport;VIOLET;Groupe_Violet;suricate;08/03/2025;0.506;0;0
W05;"Je prends une douche plutôt qu""un bain.";Eau;VIOLET;Groupe_Violet;licorne;08/03/2025;0.140658;357;0
W03;"Je ferme l""eau quand je me savonne.";Eau;VIOLET;Groupe_Violet;licorne;08/03/2025;0.004964;12.6;0
W03;"Ne pas gaspiller l""eau que l’on boit.";Eau;VIOLET;Groupe_Violet;licorne;08/03/2025;0.004964;12.6;0
C03;Je consomme des fruits et légumes de saison;Courses;VIOLET;Groupe_Violet;licorne;08/03/2025;6.932;0;0
D02;Éviter le gaspillage alimentaire : se servir moins, garder pour plus tard.;Déchets;VIOLET;Groupe_Violet;paresseux;09/03/2025;2.453511;0;1.390385
D10;Réutiliser des bouteilles vides.;Déchets;VIOLET;Groupe_Violet;paresseux;09/03/2025;0.54243;0;0.21
D10;Utiliser moins de plastique pour faire les courses (ou les réutiliser).;Déchets;VIOLET;Groupe_Violet;paresseux;09/03/2025;0.54243;0;0.21
D03;Je ne jette pas de déchet par terre.;Déchets;VIOLET;Groupe_Violet;paresseux;09/03/2025;0.424875;0;4.486538
B02;"Je n""embête pas les petites bêtes.";Biodiversité;VIOLET;Groupe_Violet;paresseux;09/03/2025;0;0;0
W03;"Je ferme l""eau quand je me savonne.";Eau;VIOLET;Groupe_Violet;paresseux;09/03/2025;0.004964;12.6;0
W05;"Je prends une douche plutôt qu""un bain.";Eau;VIOLET;Groupe_Violet;paresseux;09/03/2025;0.140658;357;0
W03;"Ne pas gaspiller l""eau que l’on boit.";Eau;VIOLET;Groupe_Violet;paresseux;09/03/2025;0.004964;12.6;0
T03;Remplacer la voiture lors de courts trajets : vélo, trottinette, à pied, transports en commun.;Transport;VIOLET;Groupe_Violet;paresseux;09/03/2025;0.506;0;0
E02;J’ouvre les volets/rideaux pour profiter de la lumière du jour.;Electricité;VIOLET;Groupe_Violet;paresseux;09/03/2025;0.027408;0;0
E01;J'éteins la lumière quand je quitte une pièce;Electricité;VIOLET;Groupe_Violet;paresseux;09/03/2025;0.027408;0;0
C03;Je consomme des fruits et légumes de saison;Courses;VIOLET;Groupe_Violet;paresseux;09/03/2025;6.932;0;0
D02;Éviter le gaspillage alimentaire : se servir moins, garder pour plus tard.;Déchets;VIOLET;Groupe_Violet;girafe;11/03/2025;2.453511;0;1.390385
D10;Réutiliser des bouteilles vides.;Déchets;VIOLET;Groupe_Violet;girafe;11/03/2025;0.54243;0;0.21
D03;Je ne jette pas de déchet par terre.;Déchets;VIOLET;Groupe_Violet;girafe;11/03/2025;0.424875;0;4.486538
D10;Utiliser moins de plastique pour faire les courses (ou les réutiliser).;Déchets;VIOLET;Groupe_Violet;girafe;11/03/2025;0.54243;0;0.21
B01;Je n'arrache pas les végétaux.;Biodiversité;VIOLET;Groupe_Violet;girafe;11/03/2025;0;0;0
W03;"Ne pas gaspiller l""eau que l’on boit.";Eau;VIOLET;Groupe_Violet;girafe;11/03/2025;0.004964;12.6;0
E02;J’ouvre les volets/rideaux pour profiter de la lumière du jour.;Electricité;VIOLET;Groupe_Violet;girafe;11/03/2025;0.027408;0;0
E01;J'éteins la lumière quand je quitte une pièce;Electricité;VIOLET;Groupe_Violet;girafe;11/03/2025;0.027408;0;0
D02;Éviter le gaspillage alimentaire : se servir moins, garder pour plus tard.;Déchets;VIOLET;Groupe_Violet;hamster;11/03/2025;2.453511;0;1.390385
D10;Réutiliser des bouteilles vides.;Déchets;VIOLET;Groupe_Violet;hamster;11/03/2025;0.54243;0;0.21
D03;Je ne jette pas de déchet par terre.;Déchets;VIOLET;Groupe_Violet;hamster;11/03/2025;0.424875;0;4.486538
B02;"Je n""embête pas les petites bêtes.";Biodiversité;VIOLET;Groupe_Violet;hamster;11/03/2025;0;0;0
B01;Je n'arrache pas les végétaux.;Biodiversité;VIOLET;Groupe_Violet;hamster;11/03/2025;0;0;0
W03;"Je ferme l""eau quand je me savonne.";Eau;VIOLET;Groupe_Violet;hamster;11/03/2025;0.004964;12.6;0
T03;Remplacer la voiture lors de courts trajets : vélo, trottinette, à pied, transports en commun.;Transport;VIOLET;Groupe_Violet;hamster;11/03/2025;0.506;0;0
E01;J'éteins la lumière quand je quitte une pièce;Electricité;VIOLET;Groupe_Violet;hamster;11/03/2025;0.027408;0;0
D03;Je ne jette pas de déchet par terre.;Déchets;VIOLET;Groupe_Violet;chaton;11/03/2025;0.424875;0;4.486538
D10;Utiliser moins de plastique pour faire les courses (ou les réutiliser).;Déchets;VIOLET;Groupe_Violet;chaton;11/03/2025;0.54243;0;0.21
B01;Je n'arrache pas les végétaux.;Biodiversité;VIOLET;Groupe_Violet;chaton;11/03/2025;0;0;0
W05;"Je prends une douche plutôt qu""un bain.";Eau;VIOLET;Groupe_Violet;chaton;11/03/2025;0.140658;357;0
E01;J'éteins la lumière quand je quitte une pièce;Electricité;VIOLET;Groupe_Violet;chaton;11/03/2025;0.027408;0;0
D02;Éviter le gaspillage alimentaire : se servir moins, garder pour plus tard.;Déchets;VIOLET;Groupe_Violet;dragon;12/03/2025;2.453511;0;1.390385
D04;Dans l'enceinte de l'école, je ramasse les déchets que je vois.;Déchets;VIOLET;Groupe_Violet;léopard;08/04/2025;0.00947;0;0.1
D02;Éviter le gaspillage alimentaire : se servir moins, garder pour plus tard.;Déchets;VIOLET;Groupe_Violet;léopard;08/04/2025;2.453511;0;1.390385
B02;"Je n""embête pas les petites bêtes.";Biodiversité;VIOLET;Groupe_Violet;léopard;08/04/2025;0;0;0
W05;"Je prends une douche plutôt qu""un bain.";Eau;VIOLET;Groupe_Violet;léopard;08/04/2025;0.140658;357;0
T03;Remplacer la voiture lors de courts trajets : vélo, trottinette, à pied, transports en commun.;Transport;VIOLET;Groupe_Violet;léopard;08/04/2025;0.506;0;0
E02;J’ouvre les volets/rideaux pour profiter de la lumière du jour.;Electricité;VIOLET;Groupe_Violet;léopard;08/04/2025;0.027408;0;0
D02;Éviter le gaspillage alimentaire : se servir moins, garder pour plus tard.;Déchets;VIOLET;Groupe_Violet;chat;08/04/2025;2.453511;0;1.390385
D10;Utiliser moins de plastique pour faire les courses (ou les réutiliser).;Déchets;VIOLET;Groupe_Violet;chat;08/04/2025;0.54243;0;0.21
B02;"Je n""embête pas les petites bêtes.";Biodiversité;VIOLET;Groupe_Violet;chat;08/04/2025;0;0;0
W03;"Je ferme l""eau quand je me savonne.";Eau;VIOLET;Groupe_Violet;chat;08/04/2025;0.004964;12.6;0
W03;"Ne pas gaspiller l""eau que l’on boit.";Eau;VIOLET;Groupe_Violet;chat;08/04/2025;0.004964;12.6;0
T03;Remplacer la voiture lors de courts trajets : vélo, trottinette, à pied, transports en commun.;Transport;VIOLET;Groupe_Violet;paresseux;27/04/2025;0.506;0;0
E01;J'éteins la lumière quand je quitte une pièce;Electricité;VIOLET;Groupe_Violet;paresseux;27/04/2025;0.027408;0;0
D02;Éviter le gaspillage alimentaire : se servir moins, garder pour plus tard.;Déchets;VIOLET;Groupe_Violet;dragon;28/04/2025;2.453511;0;1.390385
D04;Dans l'enceinte de l'école, je ramasse les déchets que je vois.;Déchets;VIOLET;Groupe_Violet;dragon;28/04/2025;0.00947;0;0.1
D03;Je ne jette pas de déchet par terre.;Déchets;VIOLET;Groupe_Violet;dragon;28/04/2025;0.424875;0;4.486538
B02;"Je n""embête pas les petites bêtes.";Biodiversité;VIOLET;Groupe_Violet;dragon;28/04/2025;0;0;0
W05;"Je prends une douche plutôt qu""un bain.";Eau;VIOLET;Groupe_Violet;dragon;28/04/2025;0.140658;357;0
T03;Remplacer la voiture lors de courts trajets : vélo, trottinette, à pied, transports en commun.;Transport;VIOLET;Groupe_Violet;dragon;28/04/2025;0.506;0;0
E01;J'éteins la lumière quand je quitte une pièce;Electricité;VIOLET;Groupe_Violet;dragon;28/04/2025;0.027408;0;0
D02;Éviter le gaspillage alimentaire : se servir moins, garder pour plus tard.;Déchets;VIOLET;Groupe_Violet;chat;15/05/2025;2.453511;0;1.390385
D04;Dans l'enceinte de l'école, je ramasse les déchets que je vois.;Déchets;VIOLET;Groupe_Violet;chat;15/05/2025;0.00947;0;0.1
D03;Je ne jette pas de déchet par terre.;Déchets;VIOLET;Groupe_Violet;chat;15/05/2025;0.424875;0;4.486538
B01;Je n'arrache pas les végétaux.;Biodiversité;VIOLET;Groupe_Violet;chat;15/05/2025;0;0;0
W03;"Ne pas gaspiller l""eau que l’on boit.";Eau;VIOLET;Groupe_Violet;chat;15/05/2025;0.004964;12.6;0
E02;J’ouvre les volets/rideaux pour profiter de la lumière du jour.;Electricité;VIOLET;Groupe_Violet;chat;15/05/2025;0.027408;0;0
E01;J'éteins la lumière quand je quitte une pièce;Electricité;VIOLET;Groupe_Violet;chat;15/05/2025;0.027408;0;0
B01;Je n'arrache pas les végétaux.;Biodiversité;VIOLET;Groupe_Violet;suricate;17/05/2025;0;0;0
C03;Je consomme des fruits et légumes de saison;Courses;VIOLET;Groupe_Violet;suricate;17/05/2025;6.932;0;0
W03;"Je ferme l""eau quand je me savonne.";Eau;VIOLET;Groupe_Violet;perroquet;17/05/2025;0.004964;12.6;0
W03;"Ne pas gaspiller l""eau que l’on boit.";Eau;VIOLET;Groupe_Violet;perroquet;17/05/2025;0.004964;12.6;0
D02;Éviter le gaspillage alimentaire : se servir moins, garder pour plus tard.;Déchets;VIOLET;Groupe_Violet;perroquet;17/05/2025;2.453511;0;1.390385
D04;Dans l'enceinte de l'école, je ramasse les déchets que je vois.;Déchets;VIOLET;Groupe_Violet;perroquet;17/05/2025;0.00947;0;0.1
D10;Utiliser moins de plastique pour faire les courses (ou les réutiliser).;Déchets;VIOLET;Groupe_Violet;perroquet;17/05/2025;0.54243;0;0.21
E01;J'éteins la lumière quand je quitte une pièce;Electricité;VIOLET;Groupe_Violet;perroquet;17/05/2025;0.027408;0;0
B01;Je n'arrache pas les végétaux.;Biodiversité;VIOLET;Groupe_Violet;perroquet;17/05/2025;0;0;0
C03;Je consomme des fruits et légumes de saison;Courses;VIOLET;Groupe_Violet;dragon;18/05/2025;6.932;0;0
D10;Réutiliser des bouteilles vides.;Déchets;VIOLET;Groupe_Violet;dragon;18/05/2025;0.54243;0;0.21
D10;Utiliser moins de plastique pour faire les courses (ou les réutiliser).;Déchets;VIOLET;Groupe_Violet;dragon;18/05/2025;0.54243;0;0.21
B02;"Je n""embête pas les petites bêtes.";Biodiversité;VIOLET;Groupe_Violet;dragon;18/05/2025;0;0;0
E02;J’ouvre les volets/rideaux pour profiter de la lumière du jour.;Electricité;VIOLET;Groupe_Violet;dragon;18/05/2025;0.027408;0;0
W03;"Je ferme l""eau quand je me savonne.";Eau;VIOLET;Groupe_Violet;dragon;18/05/2025;0.004964;12.6;0
W03;"Ne pas gaspiller l""eau que l’on boit.";Eau;VIOLET;Groupe_Violet;dragon;18/05/2025;0.004964;12.6;0
D02;Éviter le gaspillage alimentaire : se servir moins, garder pour plus tard.;Déchets;VIOLET;Groupe_Violet;paresseux;18/05/2025;2.453511;0;1.390385
D04;Dans l'enceinte de l'école, je ramasse les déchets que je vois.;Déchets;VIOLET;Groupe_Violet;paresseux;18/05/2025;0.00947;0;0.1
D03;Je ne jette pas de déchet par terre.;Déchets;VIOLET;Groupe_Violet;paresseux;18/05/2025;0.424875;0;4.486538
B01;Je n'arrache pas les végétaux.;Biodiversité;VIOLET;Groupe_Violet;paresseux;18/05/2025;0;0;0
W05;"Je prends une douche plutôt qu""un bain.";Eau;VIOLET;Groupe_Violet;paresseux;18/05/2025;0.140658;357;0
T03;Remplacer la voiture lors de courts trajets : vélo, trottinette, à pied, transports en commun.;Transport;VIOLET;Groupe_Violet;paresseux;18/05/2025;0.506;0;0
E02;J’ouvre les volets/rideaux pour profiter de la lumière du jour.;Electricité;VIOLET;Groupe_Violet;paresseux;18/05/2025;0.027408;0;0
C03;Je consomme des fruits et légumes de saison;Courses;VIOLET;Groupe_Violet;poussin;18/05/2025;6.932;0;0
D10;Réutiliser des bouteilles vides.;Déchets;VIOLET;Groupe_Violet;poussin;18/05/2025;0.54243;0;0.21
D10;Utiliser moins de plastique pour faire les courses (ou les réutiliser).;Déchets;VIOLET;Groupe_Violet;poussin;18/05/2025;0.54243;0;0.21
W03;"Je ferme l""eau quand je me savonne.";Eau;VIOLET;Groupe_Violet;poussin;18/05/2025;0.004964;12.6;0
W05;"Je prends une douche plutôt qu""un bain.";Eau;VIOLET;Groupe_Violet;poussin;18/05/2025;0.140658;357;0
E02;J’ouvre les volets/rideaux pour profiter de la lumière du jour.;Electricité;VIOLET;Groupe_Violet;poussin;18/05/2025;0.027408;0;0
C03;Je consomme des fruits et légumes de saison;Courses;VIOLET;Groupe_Violet;tortue;19/05/2025;6.932;0;0
D10;Réutiliser des bouteilles vides.;Déchets;VIOLET;Groupe_Violet;tortue;19/05/2025;0.54243;0;0.21
D10;Utiliser moins de plastique pour faire les courses (ou les réutiliser).;Déchets;VIOLET;Groupe_Violet;tortue;19/05/2025;0.54243;0;0.21
B02;"Je n""embête pas les petites bêtes.";Biodiversité;VIOLET;Groupe_Violet;tortue;19/05/2025;0;0;0
W03;"Je ferme l""eau quand je me savonne.";Eau;VIOLET;Groupe_Violet;tortue;19/05/2025;0.004964;12.6;0
W03;"Ne pas gaspiller l""eau que l’on boit.";Eau;VIOLET;Groupe_Violet;tortue;19/05/2025;0.004964;12.6;0
E02;J’ouvre les volets/rideaux pour profiter de la lumière du jour.;Electricité;VIOLET;Groupe_Violet;tortue;19/05/2025;0.027408;0;0
D02;Éviter le gaspillage alimentaire : se servir moins, garder pour plus tard.;Déchets;VIOLET;Groupe_Violet;chat;22/05/2025;2.453511;0;1.390385
D10;Réutiliser des bouteilles vides.;Déchets;VIOLET;Groupe_Violet;chat;22/05/2025;0.54243;0;0.21
D10;Utiliser moins de plastique pour faire les courses (ou les réutiliser).;Déchets;VIOLET;Groupe_Violet;chat;22/05/2025;0.54243;0;0.21
D03;Je ne jette pas de déchet par terre.;Déchets;VIOLET;Groupe_Violet;chat;22/05/2025;0.424875;0;4.486538
B02;"Je n""embête pas les petites bêtes.";Biodiversité;VIOLET;Groupe_Violet;chat;22/05/2025;0;0;0
B01;Je n'arrache pas les végétaux.;Biodiversité;VIOLET;Groupe_Violet;chat;22/05/2025;0;0;0
W03;"Je ferme l""eau quand je me savonne.";Eau;VIOLET;Groupe_Violet;chat;22/05/2025;0.004964;12.6;0
C03;Je consomme des fruits et légumes de saison;Courses;VIOLET;Groupe_Violet;écureuil;24/05/2025;6.932;0;0
D02;Éviter le gaspillage alimentaire : se servir moins, garder pour plus tard.;Déchets;VIOLET;Groupe_Violet;écureuil;24/05/2025;2.453511;0;1.390385
D10;Réutiliser des bouteilles vides.;Déchets;VIOLET;Groupe_Violet;écureuil;24/05/2025;0.54243;0;0.21
D10;Utiliser moins de plastique pour faire les courses (ou les réutiliser).;Déchets;VIOLET;Groupe_Violet;écureuil;24/05/2025;0.54243;0;0.21
D03;Je ne jette pas de déchet par terre.;Déchets;VIOLET;Groupe_Violet;écureuil;24/05/2025;0.424875;0;4.486538
B02;"Je n""embête pas les petites bêtes.";Biodiversité;VIOLET;Groupe_Violet;écureuil;24/05/2025;0;0;0
B01;Je n'arrache pas les végétaux.;Biodiversité;VIOLET;Groupe_Violet;écureuil;24/05/2025;0;0;0
W03;"Je ferme l""eau quand je me savonne.";Eau;VIOLET;Groupe_Violet;écureuil;24/05/2025;0.004964;12.6;0
W05;"Je prends une douche plutôt qu""un bain.";Eau;VIOLET;Groupe_Violet;écureuil;24/05/2025;0.140658;357;0
W03;"Ne pas gaspiller l""eau que l’on boit.";Eau;VIOLET;Groupe_Violet;écureuil;24/05/2025;0.004964;12.6;0
E02;J’ouvre les volets/rideaux pour profiter de la lumière du jour.;Electricité;VIOLET;Groupe_Violet;écureuil;24/05/2025;0.027408;0;0
E01;J'éteins la lumière quand je quitte une pièce;Electricité;VIOLET;Groupe_Violet;écureuil;24/05/2025;0.027408;0;0
C03;Je consomme des fruits et légumes de saison;Courses;VIOLET;Groupe_Violet;dragon;24/05/2025;6.932;0;0
D02;Éviter le gaspillage alimentaire : se servir moins, garder pour plus tard.;Déchets;VIOLET;Groupe_Violet;dragon;24/05/2025;2.453511;0;1.390385
D10;Réutiliser des bouteilles vides.;Déchets;VIOLET;Groupe_Violet;dragon;24/05/2025;0.54243;0;0.21
D04;Dans l'enceinte de l'école, je ramasse les déchets que je vois.;Déchets;VIOLET;Groupe_Violet;dragon;24/05/2025;0.00947;0;0.1
D10;Utiliser moins de plastique pour faire les courses (ou les réutiliser).;Déchets;VIOLET;Groupe_Violet;dragon;24/05/2025;0.54243;0;0.21
D03;Je ne jette pas de déchet par terre.;Déchets;VIOLET;Groupe_Violet;dragon;24/05/2025;0.424875;0;4.486538
B01;Je n'arrache pas les végétaux.;Biodiversité;VIOLET;Groupe_Violet;dragon;24/05/2025;0;0;0
W03;"Je ferme l""eau quand je me savonne.";Eau;VIOLET;Groupe_Violet;dragon;24/05/2025;0.004964;12.6;0
W05;"Je prends une douche plutôt qu""un bain.";Eau;VIOLET;Groupe_Violet;dragon;24/05/2025;0.140658;357;0
W03;"Ne pas gaspiller l""eau que l’on boit.";Eau;VIOLET;Groupe_Violet;dragon;24/05/2025;0.004964;12.6;0
T03;Remplacer la voiture lors de courts trajets : vélo, trottinette, à pied, transports en commun.;Transport;VIOLET;Groupe_Violet;dragon;24/05/2025;0.506;0;0
E02;J’ouvre les volets/rideaux pour profiter de la lumière du jour.;Electricité;VIOLET;Groupe_Violet;dragon;24/05/2025;0.027408;0;0
C03;Je consomme des fruits et légumes de saison;Courses;VIOLET;Groupe_Violet;suricate;24/05/2025;6.932;0;0
D03;Je ne jette pas de déchet par terre.;Déchets;VIOLET;Groupe_Violet;suricate;24/05/2025;0.424875;0;4.486538
B02;"Je n""embête pas les petites bêtes.";Biodiversité;VIOLET;Groupe_Violet;suricate;24/05/2025;0;0;0
B01;Je n'arrache pas les végétaux.;Biodiversité;VIOLET;Groupe_Violet;suricate;24/05/2025;0;0;0
W05;"Je prends une douche plutôt qu""un bain.";Eau;VIOLET;Groupe_Violet;hamster;11/03/2025;0.140658;357;0
W03;"Ne pas gaspiller l""eau que l’on boit.";Eau;VIOLET;Groupe_Violet;hamster;11/03/2025;0.004964;12.6;0
E02;J’ouvre les volets/rideaux pour profiter de la lumière du jour.;Electricité;VIOLET;Groupe_Violet;hamster;11/03/2025;0.027408;0;0
D10;Réutiliser des bouteilles vides.;Déchets;VIOLET;Groupe_Violet;chaton;11/03/2025;0.54243;0;0.21
D04;Dans l'enceinte de l'école, je ramasse les déchets que je vois.;Déchets;VIOLET;Groupe_Violet;chaton;11/03/2025;0.00947;0;0.1
B02;"Je n""embête pas les petites bêtes.";Biodiversité;VIOLET;Groupe_Violet;chaton;11/03/2025;0;0;0
W03;"Je ferme l""eau quand je me savonne.";Eau;VIOLET;Groupe_Violet;chaton;11/03/2025;0.004964;12.6;0
E02;J’ouvre les volets/rideaux pour profiter de la lumière du jour.;Electricité;VIOLET;Groupe_Violet;chaton;11/03/2025;0.027408;0;0
T03;Remplacer la voiture lors de courts trajets : vélo, trottinette, à pied, transports en commun.;Transport;VIOLET;Groupe_Violet;chat;08/04/2025;0.506;0;0
E01;J'éteins la lumière quand je quitte une pièce;Electricité;VIOLET;Groupe_Violet;chat;08/04/2025;0.027408;0;0
D02;Éviter le gaspillage alimentaire : se servir moins, garder pour plus tard.;Déchets;VIOLET;Groupe_Violet;hamster;08/04/2025;2.453511;0;1.390385
D03;Je ne jette pas de déchet par terre.;Déchets;VIOLET;Groupe_Violet;hamster;08/04/2025;0.424875;0;4.486538
D04;Dans l'enceinte de l'école, je ramasse les déchets que je vois.;Déchets;VIOLET;Groupe_Violet;hamster;08/04/2025;0.00947;0;0.1
B01;Je n'arrache pas les végétaux.;Biodiversité;VIOLET;Groupe_Violet;hamster;08/04/2025;0;0;0
W05;"Je prends une douche plutôt qu""un bain.";Eau;VIOLET;Groupe_Violet;hamster;08/04/2025;0.140658;357;0
T03;Remplacer la voiture lors de courts trajets : vélo, trottinette, à pied, transports en commun.;Transport;VIOLET;Groupe_Violet;hamster;08/04/2025;0.506;0;0
E01;J'éteins la lumière quand je quitte une pièce;Electricité;VIOLET;Groupe_Violet;hamster;08/04/2025;0.027408;0;0
D02;Éviter le gaspillage alimentaire : se servir moins, garder pour plus tard.;Déchets;VIOLET;Groupe_Violet;paresseux;13/04/2025;2.453511;0;1.390385
D04;Dans l'enceinte de l'école, je ramasse les déchets que je vois.;Déchets;VIOLET;Groupe_Violet;paresseux;13/04/2025;0.00947;0;0.1
D03;Je ne jette pas de déchet par terre.;Déchets;VIOLET;Groupe_Violet;paresseux;13/04/2025;0.424875;0;4.486538
B01;Je n'arrache pas les végétaux.;Biodiversité;VIOLET;Groupe_Violet;paresseux;13/04/2025;0;0;0
W05;"Je prends une douche plutôt qu""un bain.";Eau;VIOLET;Groupe_Violet;paresseux;13/04/2025;0.140658;357;0
T03;Remplacer la voiture lors de courts trajets : vélo, trottinette, à pied, transports en commun.;Transport;VIOLET;Groupe_Violet;paresseux;13/04/2025;0.506;0;0
E01;J'éteins la lumière quand je quitte une pièce;Electricité;VIOLET;Groupe_Violet;paresseux;13/04/2025;0.027408;0;0
D02;Éviter le gaspillage alimentaire : se servir moins, garder pour plus tard.;Déchets;VIOLET;Groupe_Violet;dragon;13/04/2025;2.453511;0;1.390385
D04;Dans l'enceinte de l'école, je ramasse les déchets que je vois.;Déchets;VIOLET;Groupe_Violet;dragon;13/04/2025;0.00947;0;0.1
D03;Je ne jette pas de déchet par terre.;Déchets;VIOLET;Groupe_Violet;dragon;13/04/2025;0.424875;0;4.486538
B02;"Je n""embête pas les petites bêtes.";Biodiversité;VIOLET;Groupe_Violet;dragon;13/04/2025;0;0;0
W05;"Je prends une douche plutôt qu""un bain.";Eau;VIOLET;Groupe_Violet;dragon;13/04/2025;0.140658;357;0
E02;J’ouvre les volets/rideaux pour profiter de la lumière du jour.;Electricité;VIOLET;Groupe_Violet;dragon;13/04/2025;0.027408;0;0
W03;"Ne pas gaspiller l""eau que l’on boit.";Eau;VIOLET;Groupe_Violet;dragon;13/04/2025;0.004964;12.6;0
E01;J'éteins la lumière quand je quitte une pièce;Electricité;VIOLET;Groupe_Violet;dragon;13/04/2025;0.027408;0;0
D02;Éviter le gaspillage alimentaire : se servir moins, garder pour plus tard.;Déchets;VIOLET;Groupe_Violet;écureuil;13/04/2025;2.453511;0;1.390385
D03;Je ne jette pas de déchet par terre.;Déchets;VIOLET;Groupe_Violet;écureuil;13/04/2025;0.424875;0;4.486538
W03;"Je ferme l""eau quand je me savonne.";Eau;VIOLET;Groupe_Violet;écureuil;13/04/2025;0.004964;12.6;0
W03;"Ne pas gaspiller l""eau que l’on boit.";Eau;VIOLET;Groupe_Violet;écureuil;13/04/2025;0.004964;12.6;0
E02;J’ouvre les volets/rideaux pour profiter de la lumière du jour.;Electricité;VIOLET;Groupe_Violet;écureuil;13/04/2025;0.027408;0;0
B01;Je n'arrache pas les végétaux.;Biodiversité;VIOLET;Groupe_Violet;suricate;13/04/2025;0;0;0
D03;Je ne jette pas de déchet par terre.;Déchets;VIOLET;Groupe_Violet;suricate;13/04/2025;0.424875;0;4.486538
C03;Je consomme des fruits et légumes de saison;Courses;VIOLET;Groupe_Violet;tortue;13/04/2025;6.932;0;0
D10;Réutiliser des bouteilles vides.;Déchets;VIOLET;Groupe_Violet;tortue;13/04/2025;0.54243;0;0.21
D10;Utiliser moins de plastique pour faire les courses (ou les réutiliser).;Déchets;VIOLET;Groupe_Violet;tortue;13/04/2025;0.54243;0;0.21
B02;"Je n""embête pas les petites bêtes.";Biodiversité;VIOLET;Groupe_Violet;tortue;13/04/2025;0;0;0
W03;"Je ferme l""eau quand je me savonne.";Eau;VIOLET;Groupe_Violet;tortue;13/04/2025;0.004964;12.6;0
W03;"Ne pas gaspiller l""eau que l’on boit.";Eau;VIOLET;Groupe_Violet;tortue;13/04/2025;0.004964;12.6;0
E02;J’ouvre les volets/rideaux pour profiter de la lumière du jour.;Electricité;VIOLET;Groupe_Violet;tortue;13/04/2025;0.027408;0;0
D02;Éviter le gaspillage alimentaire : se servir moins, garder pour plus tard.;Déchets;VIOLET;Groupe_Violet;girafe;15/04/2025;2.453511;0;1.390385
D03;Je ne jette pas de déchet par terre.;Déchets;VIOLET;Groupe_Violet;girafe;15/04/2025;0.424875;0;4.486538
B02;"Je n""embête pas les petites bêtes.";Biodiversité;VIOLET;Groupe_Violet;girafe;15/04/2025;0;0;0
W05;"Je prends une douche plutôt qu""un bain.";Eau;VIOLET;Groupe_Violet;girafe;15/04/2025;0.140658;357;0
W03;"Ne pas gaspiller l""eau que l’on boit.";Eau;VIOLET;Groupe_Violet;girafe;15/04/2025;0.004964;12.6;0
E02;J’ouvre les volets/rideaux pour profiter de la lumière du jour.;Electricité;VIOLET;Groupe_Violet;girafe;15/04/2025;0.027408;0;0
D02;Éviter le gaspillage alimentaire : se servir moins, garder pour plus tard.;Déchets;VIOLET;Groupe_Violet;poussin;15/04/2025;2.453511;0;1.390385
D04;Dans l'enceinte de l'école, je ramasse les déchets que je vois.;Déchets;VIOLET;Groupe_Violet;poussin;15/04/2025;0.00947;0;0.1
D03;Je ne jette pas de déchet par terre.;Déchets;VIOLET;Groupe_Violet;poussin;15/04/2025;0.424875;0;4.486538
B01;Je n'arrache pas les végétaux.;Biodiversité;VIOLET;Groupe_Violet;poussin;15/04/2025;0;0;0
W05;"Je prends une douche plutôt qu""un bain.";Eau;VIOLET;Groupe_Violet;poussin;15/04/2025;0.140658;357;0
E02;J’ouvre les volets/rideaux pour profiter de la lumière du jour.;Electricité;VIOLET;Groupe_Violet;poussin;15/04/2025;0.027408;0;0
C03;Je consomme des fruits et légumes de saison;Courses;VIOLET;Groupe_Violet;baleine;15/04/2025;6.932;0;0
D02;Éviter le gaspillage alimentaire : se servir moins, garder pour plus tard.;Déchets;VIOLET;Groupe_Violet;baleine;15/04/2025;2.453511;0;1.390385
B02;"Je n""embête pas les petites bêtes.";Biodiversité;VIOLET;Groupe_Violet;baleine;15/04/2025;0;0;0
T03;Remplacer la voiture lors de courts trajets : vélo, trottinette, à pied, transports en commun.;Transport;VIOLET;Groupe_Violet;baleine;15/04/2025;0.506;0;0
E02;J’ouvre les volets/rideaux pour profiter de la lumière du jour.;Electricité;VIOLET;Groupe_Violet;baleine;15/04/2025;0.027408;0;0
D02;Éviter le gaspillage alimentaire : se servir moins, garder pour plus tard.;Déchets;VIOLET;Groupe_Violet;jaguar;17/04/2025;2.453511;0;1.390385
D04;Dans l'enceinte de l'école, je ramasse les déchets que je vois.;Déchets;VIOLET;Groupe_Violet;jaguar;17/04/2025;0.00947;0;0.1
D03;Je ne jette pas de déchet par terre.;Déchets;VIOLET;Groupe_Violet;jaguar;17/04/2025;0.424875;0;4.486538
W03;"Je ferme l""eau quand je me savonne.";Eau;VIOLET;Groupe_Violet;jaguar;17/04/2025;0.004964;12.6;0
E02;J’ouvre les volets/rideaux pour profiter de la lumière du jour.;Electricité;VIOLET;Groupe_Violet;jaguar;17/04/2025;0.027408;0;0
C03;Je consomme des fruits et légumes de saison;Courses;VIOLET;Groupe_Violet;jaguar;04/05/2025;6.932;0;0
D10;Réutiliser des bouteilles vides.;Déchets;VIOLET;Groupe_Violet;jaguar;04/05/2025;0.54243;0;0.21
D04;Dans l'enceinte de l'école, je ramasse les déchets que je vois.;Déchets;VIOLET;Groupe_Violet;jaguar;04/05/2025;0.00947;0;0.1
B01;Je n'arrache pas les végétaux.;Biodiversité;VIOLET;Groupe_Violet;jaguar;04/05/2025;0;0;0
W03;"Ne pas gaspiller l""eau que l’on boit.";Eau;VIOLET;Groupe_Violet;jaguar;04/05/2025;0.004964;12.6;0
D02;Éviter le gaspillage alimentaire : se servir moins, garder pour plus tard.;Déchets;VIOLET;Groupe_Violet;jaguar;04/05/2025;2.453511;0;1.390385
D10;Réutiliser des bouteilles vides.;Déchets;VIOLET;Groupe_Violet;chat;05/05/2025;0.54243;0;0.21
D10;Utiliser moins de plastique pour faire les courses (ou les réutiliser).;Déchets;VIOLET;Groupe_Violet;chat;05/05/2025;0.54243;0;0.21
B02;"Je n""embête pas les petites bêtes.";Biodiversité;VIOLET;Groupe_Violet;chat;05/05/2025;0;0;0
T03;Remplacer la voiture lors de courts trajets : vélo, trottinette, à pied, transports en commun.;Transport;VIOLET;Groupe_Violet;chat;05/05/2025;0.506;0;0
C03;Je consomme des fruits et légumes de saison;Courses;VIOLET;Groupe_Violet;dragon;12/03/2025;6.932;0;0
D10;Réutiliser des bouteilles vides.;Déchets;VIOLET;Groupe_Violet;dragon;12/03/2025;0.54243;0;0.21
D10;Utiliser moins de plastique pour faire les courses (ou les réutiliser).;Déchets;VIOLET;Groupe_Violet;dragon;12/03/2025;0.54243;0;0.21
E01;J'éteins la lumière quand je quitte une pièce;Electricité;VIOLET;Groupe_Violet;chat;05/05/2025;0.027408;0;0
D02;Éviter le gaspillage alimentaire : se servir moins, garder pour plus tard.;Déchets;VIOLET;Groupe_Violet;girafe;06/05/2025;2.453511;0;1.390385
B01;Je n'arrache pas les végétaux.;Biodiversité;VIOLET;Groupe_Violet;girafe;06/05/2025;0;0;0
W03;"Ne pas gaspiller l""eau que l’on boit.";Eau;VIOLET;Groupe_Violet;girafe;06/05/2025;0.004964;12.6;0
E01;J'éteins la lumière quand je quitte une pièce;Electricité;VIOLET;Groupe_Violet;girafe;06/05/2025;0.027408;0;0
D03;Je ne jette pas de déchet par terre.;Déchets;VIOLET;Groupe_Violet;poussin;06/05/2025;0.424875;0;4.486538
B02;"Je n""embête pas les petites bêtes.";Biodiversité;VIOLET;Groupe_Violet;poussin;06/05/2025;0;0;0
W05;"Je prends une douche plutôt qu""un bain.";Eau;VIOLET;Groupe_Violet;poussin;06/05/2025;0.140658;357;0
E01;J'éteins la lumière quand je quitte une pièce;Electricité;VIOLET;Groupe_Violet;poussin;06/05/2025;0.027408;0;0
B02;"Je n""embête pas les petites bêtes.";Biodiversité;VIOLET;Groupe_Violet;suricate;10/05/2025;0;0;0
W05;"Je prends une douche plutôt qu""un bain.";Eau;VIOLET;Groupe_Violet;suricate;10/05/2025;0.140658;357;0
D03;Je ne jette pas de déchet par terre.;Déchets;VIOLET;Groupe_Violet;dragon;12/03/2025;0.424875;0;4.486538
B01;Je n'arrache pas les végétaux.;Biodiversité;VIOLET;Groupe_Violet;dragon;12/03/2025;0;0;0
B02;"Je n""embête pas les petites bêtes.";Biodiversité;VIOLET;Groupe_Violet;dragon;12/03/2025;0;0;0
W03;"Je ferme l""eau quand je me savonne.";Eau;VIOLET;Groupe_Violet;dragon;12/03/2025;0.004964;12.6;0
W03;"Ne pas gaspiller l""eau que l’on boit.";Eau;VIOLET;Groupe_Violet;dragon;12/03/2025;0.004964;12.6;0
T03;Remplacer la voiture lors de courts trajets : vélo, trottinette, à pied, transports en commun.;Transport;VIOLET;Groupe_Violet;dragon;12/03/2025;0.506;0;0
E02;J’ouvre les volets/rideaux pour profiter de la lumière du jour.;Electricité;VIOLET;Groupe_Violet;dragon;12/03/2025;0.027408;0;0
E01;J'éteins la lumière quand je quitte une pièce;Electricité;VIOLET;Groupe_Violet;dragon;12/03/2025;0.027408;0;0
C03;Je consomme des fruits et légumes de saison;Courses;VIOLET;Groupe_Violet;chat;14/03/2025;6.932;0;0
D02;Éviter le gaspillage alimentaire : se servir moins, garder pour plus tard.;Déchets;VIOLET;Groupe_Violet;chat;14/03/2025;2.453511;0;1.390385
D04;Dans l'enceinte de l'école, je ramasse les déchets que je vois.;Déchets;VIOLET;Groupe_Violet;chat;14/03/2025;0.00947;0;0.1
D10;Utiliser moins de plastique pour faire les courses (ou les réutiliser).;Déchets;VIOLET;Groupe_Violet;chat;14/03/2025;0.54243;0;0.21
D03;Je ne jette pas de déchet par terre.;Déchets;VIOLET;Groupe_Violet;chat;14/03/2025;0.424875;0;4.486538
B02;"Je n""embête pas les petites bêtes.";Biodiversité;VIOLET;Groupe_Violet;chat;14/03/2025;0;0;0
B01;Je n'arrache pas les végétaux.;Biodiversité;VIOLET;Groupe_Violet;chat;14/03/2025;0;0;0
W03;"Je ferme l""eau quand je me savonne.";Eau;VIOLET;Groupe_Violet;chat;14/03/2025;0.004964;12.6;0
W05;"Je prends une douche plutôt qu""un bain.";Eau;VIOLET;Groupe_Violet;chat;14/03/2025;0.140658;357;0
W03;"Ne pas gaspiller l""eau que l’on boit.";Eau;VIOLET;Groupe_Violet;chat;14/03/2025;0.004964;12.6;0
T03;Remplacer la voiture lors de courts trajets : vélo, trottinette, à pied, transports en commun.;Transport;VIOLET;Groupe_Violet;chat;14/03/2025;0.506;0;0
E02;J’ouvre les volets/rideaux pour profiter de la lumière du jour.;Electricité;VIOLET;Groupe_Violet;chat;14/03/2025;0.027408;0;0
E01;J'éteins la lumière quand je quitte une pièce;Electricité;VIOLET;Groupe_Violet;chat;14/03/2025;0.027408;0;0
C03;Je consomme des fruits et légumes de saison;Courses;VIOLET;Groupe_Violet;perroquet;15/03/2025;6.932;0;0
B02;"Je n""embête pas les petites bêtes.";Biodiversité;VIOLET;Groupe_Violet;perroquet;15/03/2025;0;0;0
B01;Je n'arrache pas les végétaux.;Biodiversité;VIOLET;Groupe_Violet;perroquet;15/03/2025;0;0;0
D10;Réutiliser des bouteilles vides.;Déchets;VIOLET;Groupe_Violet;perroquet;15/03/2025;0.54243;0;0.21
D04;Dans l'enceinte de l'école, je ramasse les déchets que je vois.;Déchets;VIOLET;Groupe_Violet;perroquet;15/03/2025;0.00947;0;0.1
D10;Utiliser moins de plastique pour faire les courses (ou les réutiliser).;Déchets;VIOLET;Groupe_Violet;perroquet;15/03/2025;0.54243;0;0.21
D03;Je ne jette pas de déchet par terre.;Déchets;VIOLET;Groupe_Violet;perroquet;15/03/2025;0.424875;0;4.486538
D02;Éviter le gaspillage alimentaire : se servir moins, garder pour plus tard.;Déchets;VIOLET;Groupe_Violet;perroquet;15/03/2025;2.453511;0;1.390385
W03;"Je ferme l""eau quand je me savonne.";Eau;VIOLET;Groupe_Violet;perroquet;15/03/2025;0.004964;12.6;0
W05;"Je prends une douche plutôt qu""un bain.";Eau;VIOLET;Groupe_Violet;perroquet;15/03/2025;0.140658;357;0
T03;Remplacer la voiture lors de courts trajets : vélo, trottinette, à pied, transports en commun.;Transport;VIOLET;Groupe_Violet;perroquet;15/03/2025;0.506;0;0
E02;J’ouvre les volets/rideaux pour profiter de la lumière du jour.;Electricité;VIOLET;Groupe_Violet;perroquet;15/03/2025;0.027408;0;0
E01;J'éteins la lumière quand je quitte une pièce;Electricité;VIOLET;Groupe_Violet;perroquet;15/03/2025;0.027408;0;0
C03;Je consomme des fruits et légumes de saison;Courses;VIOLET;Groupe_Violet;paresseux;16/03/2025;6.932;0;0
D02;Éviter le gaspillage alimentaire : se servir moins, garder pour plus tard.;Déchets;VIOLET;Groupe_Violet;paresseux;16/03/2025;2.453511;0;1.390385
D10;Réutiliser des bouteilles vides.;Déchets;VIOLET;Groupe_Violet;paresseux;16/03/2025;0.54243;0;0.21
D04;Dans l'enceinte de l'école, je ramasse les déchets que je vois.;Déchets;VIOLET;Groupe_Violet;paresseux;16/03/2025;0.00947;0;0.1
D10;Utiliser moins de plastique pour faire les courses (ou les réutiliser).;Déchets;VIOLET;Groupe_Violet;paresseux;16/03/2025;0.54243;0;0.21
D03;Je ne jette pas de déchet par terre.;Déchets;VIOLET;Groupe_Violet;paresseux;16/03/2025;0.424875;0;4.486538
B02;"Je n""embête pas les petites bêtes.";Biodiversité;VIOLET;Groupe_Violet;paresseux;16/03/2025;0;0;0
B01;Je n'arrache pas les végétaux.;Biodiversité;VIOLET;Groupe_Violet;paresseux;16/03/2025;0;0;0
W05;"Je prends une douche plutôt qu""un bain.";Eau;VIOLET;Groupe_Violet;paresseux;16/03/2025;0.140658;357;0
W03;"Ne pas gaspiller l""eau que l’on boit.";Eau;VIOLET;Groupe_Violet;paresseux;16/03/2025;0.004964;12.6;0
W03;"Je ferme l""eau quand je me savonne.";Eau;VIOLET;Groupe_Violet;paresseux;16/03/2025;0.004964;12.6;0
T03;Remplacer la voiture lors de courts trajets : vélo, trottinette, à pied, transports en commun.;Transport;VIOLET;Groupe_Violet;paresseux;16/03/2025;0.506;0;0
E02;J’ouvre les volets/rideaux pour profiter de la lumière du jour.;Electricité;VIOLET;Groupe_Violet;paresseux;16/03/2025;0.027408;0;0
E01;J'éteins la lumière quand je quitte une pièce;Electricité;VIOLET;Groupe_Violet;paresseux;16/03/2025;0.027408;0;0
T03;Remplacer la voiture lors de courts trajets : vélo, trottinette, à pied, transports en commun.;Transport;VIOLET;Groupe_Violet;baleine;16/03/2025;0.506;0;0
E02;J’ouvre les volets/rideaux pour profiter de la lumière du jour.;Electricité;VIOLET;Groupe_Violet;baleine;16/03/2025;0.027408;0;0
E01;J'éteins la lumière quand je quitte une pièce;Electricité;VIOLET;Groupe_Violet;baleine;16/03/2025;0.027408;0;0
C03;Je consomme des fruits et légumes de saison;Courses;VIOLET;Groupe_Violet;baleine;16/03/2025;6.932;0;0
D02;Éviter le gaspillage alimentaire : se servir moins, garder pour plus tard.;Déchets;VIOLET;Groupe_Violet;baleine;16/03/2025;2.453511;0;1.390385
D10;Réutiliser des bouteilles vides.;Déchets;VIOLET;Groupe_Violet;baleine;16/03/2025;0.54243;0;0.21
D04;Dans l'enceinte de l'école, je ramasse les déchets que je vois.;Déchets;VIOLET;Groupe_Violet;baleine;16/03/2025;0.00947;0;0.1
D03;Je ne jette pas de déchet par terre.;Déchets;VIOLET;Groupe_Violet;baleine;16/03/2025;0.424875;0;4.486538
D10;Utiliser moins de plastique pour faire les courses (ou les réutiliser).;Déchets;VIOLET;Groupe_Violet;baleine;16/03/2025;0.54243;0;0.21
B02;"Je n""embête pas les petites bêtes.";Biodiversité;VIOLET;Groupe_Violet;baleine;16/03/2025;0;0;0
B01;Je n'arrache pas les végétaux.;Biodiversité;VIOLET;Groupe_Violet;baleine;16/03/2025;0;0;0
W03;"Je ferme l""eau quand je me savonne.";Eau;VIOLET;Groupe_Violet;baleine;16/03/2025;0.004964;12.6;0
W05;"Je prends une douche plutôt qu""un bain.";Eau;VIOLET;Groupe_Violet;baleine;16/03/2025;0.140658;357;0
W03;"Ne pas gaspiller l""eau que l’on boit.";Eau;VIOLET;Groupe_Violet;baleine;16/03/2025;0.004964;12.6;0
D04;Dans l'enceinte de l'école, je ramasse les déchets que je vois.;Déchets;VIOLET;Groupe_Violet;suricate;18/03/2025;0.00947;0;0.1
D10;Utiliser moins de plastique pour faire les courses (ou les réutiliser).;Déchets;VIOLET;Groupe_Violet;suricate;18/03/2025;0.54243;0;0.21
D03;Je ne jette pas de déchet par terre.;Déchets;VIOLET;Groupe_Violet;suricate;18/03/2025;0.424875;0;4.486538
W03;"Je ferme l""eau quand je me savonne.";Eau;VIOLET;Groupe_Violet;suricate;18/03/2025;0.004964;12.6;0
T03;Remplacer la voiture lors de courts trajets : vélo, trottinette, à pied, transports en commun.;Transport;VIOLET;Groupe_Violet;suricate;18/03/2025;0.506;0;0
C03;Je consomme des fruits et légumes de saison;Courses;VIOLET;Groupe_Violet;girafe;18/03/2025;6.932;0;0
D03;Je ne jette pas de déchet par terre.;Déchets;VIOLET;Groupe_Violet;girafe;18/03/2025;0.424875;0;4.486538
D10;Utiliser moins de plastique pour faire les courses (ou les réutiliser).;Déchets;VIOLET;Groupe_Violet;girafe;18/03/2025;0.54243;0;0.21
D10;Réutiliser des bouteilles vides.;Déchets;VIOLET;Groupe_Violet;girafe;18/03/2025;0.54243;0;0.21
D02;Éviter le gaspillage alimentaire : se servir moins, garder pour plus tard.;Déchets;VIOLET;Groupe_Violet;girafe;18/03/2025;2.453511;0;1.390385
B02;"Je n""embête pas les petites bêtes.";Biodiversité;VIOLET;Groupe_Violet;girafe;18/03/2025;0;0;0
B01;Je n'arrache pas les végétaux.;Biodiversité;VIOLET;Groupe_Violet;girafe;18/03/2025;0;0;0
W03;"Ne pas gaspiller l""eau que l’on boit.";Eau;VIOLET;Groupe_Violet;girafe;18/03/2025;0.004964;12.6;0
E02;J’ouvre les volets/rideaux pour profiter de la lumière du jour.;Electricité;VIOLET;Groupe_Violet;girafe;18/03/2025;0.027408;0;0
E01;J'éteins la lumière quand je quitte une pièce;Electricité;VIOLET;Groupe_Violet;girafe;18/03/2025;0.027408;0;0
C03;Je consomme des fruits et légumes de saison;Courses;VIOLET;Groupe_Violet;écureuil;18/03/2025;6.932;0;0
D02;Éviter le gaspillage alimentaire : se servir moins, garder pour plus tard.;Déchets;VIOLET;Groupe_Violet;écureuil;18/03/2025;2.453511;0;1.390385
D10;Réutiliser des bouteilles vides.;Déchets;VIOLET;Groupe_Violet;écureuil;18/03/2025;0.54243;0;0.21
D10;Utiliser moins de plastique pour faire les courses (ou les réutiliser).;Déchets;VIOLET;Groupe_Violet;écureuil;18/03/2025;0.54243;0;0.21
D03;Je ne jette pas de déchet par terre.;Déchets;VIOLET;Groupe_Violet;écureuil;18/03/2025;0.424875;0;4.486538
B02;"Je n""embête pas les petites bêtes.";Biodiversité;VIOLET;Groupe_Violet;écureuil;18/03/2025;0;0;0
B01;Je n'arrache pas les végétaux.;Biodiversité;VIOLET;Groupe_Violet;écureuil;18/03/2025;0;0;0
W03;"Ne pas gaspiller l""eau que l’on boit.";Eau;VIOLET;Groupe_Violet;écureuil;18/03/2025;0.004964;12.6;0
W05;"Je prends une douche plutôt qu""un bain.";Eau;VIOLET;Groupe_Violet;écureuil;18/03/2025;0.140658;357;0
W03;"Je ferme l""eau quand je me savonne.";Eau;VIOLET;Groupe_Violet;écureuil;18/03/2025;0.004964;12.6;0
T03;Remplacer la voiture lors de courts trajets : vélo, trottinette, à pied, transports en commun.;Transport;VIOLET;Groupe_Violet;écureuil;18/03/2025;0.506;0;0
E01;J'éteins la lumière quand je quitte une pièce;Electricité;VIOLET;Groupe_Violet;écureuil;18/03/2025;0.027408;0;0
E02;J’ouvre les volets/rideaux pour profiter de la lumière du jour.;Electricité;VIOLET;Groupe_Violet;écureuil;18/03/2025;0.027408;0;0
E02;J’ouvre les volets/rideaux pour profiter de la lumière du jour.;Electricité;VIOLET;Groupe_Violet;suricate;22/03/2025;0.027408;0;0
B02;"Je n""embête pas les petites bêtes.";Biodiversité;VIOLET;Groupe_Violet;suricate;22/03/2025;0;0;0
D02;Éviter le gaspillage alimentaire : se servir moins, garder pour plus tard.;Déchets;VIOLET;Groupe_Violet;paresseux;22/03/2025;2.453511;0;1.390385
D04;Dans l'enceinte de l'école, je ramasse les déchets que je vois.;Déchets;VIOLET;Groupe_Violet;paresseux;22/03/2025;0.00947;0;0.1
D03;Je ne jette pas de déchet par terre.;Déchets;VIOLET;Groupe_Violet;paresseux;22/03/2025;0.424875;0;4.486538
B01;Je n'arrache pas les végétaux.;Biodiversité;VIOLET;Groupe_Violet;paresseux;22/03/2025;0;0;0
W05;"Je prends une douche plutôt qu""un bain.";Eau;VIOLET;Groupe_Violet;paresseux;22/03/2025;0.140658;357;0
E02;J’ouvre les volets/rideaux pour profiter de la lumière du jour.;Electricité;VIOLET;Groupe_Violet;paresseux;22/03/2025;0.027408;0;0
C03;Je consomme des fruits et légumes de saison;Courses;VIOLET;Groupe_Violet;paresseux;22/03/2025;6.932;0;0
D02;Éviter le gaspillage alimentaire : se servir moins, garder pour plus tard.;Déchets;VIOLET;Groupe_Violet;dragon;23/03/2025;2.453511;0;1.390385
D04;Dans l'enceinte de l'école, je ramasse les déchets que je vois.;Déchets;VIOLET;Groupe_Violet;dragon;23/03/2025;0.00947;0;0.1
D03;Je ne jette pas de déchet par terre.;Déchets;VIOLET;Groupe_Violet;dragon;23/03/2025;0.424875;0;4.486538
B02;"Je n""embête pas les petites bêtes.";Biodiversité;VIOLET;Groupe_Violet;dragon;23/03/2025;0;0;0
W05;"Je prends une douche plutôt qu""un bain.";Eau;VIOLET;Groupe_Violet;dragon;23/03/2025;0.140658;357;0
T03;Remplacer la voiture lors de courts trajets : vélo, trottinette, à pied, transports en commun.;Transport;VIOLET;Groupe_Violet;dragon;23/03/2025;0.506;0;0
E02;J’ouvre les volets/rideaux pour profiter de la lumière du jour.;Electricité;VIOLET;Groupe_Violet;chat;08/04/2025;0.027408;0;0
C03;Je consomme des fruits et légumes de saison;Courses;VIOLET;Groupe_Violet;hamster;08/04/2025;6.932;0;0
E01;J'éteins la lumière quand je quitte une pièce;Electricité;VIOLET;Groupe_Violet;dragon;23/03/2025;0.027408;0;0
D10;Réutiliser des bouteilles vides.;Déchets;VIOLET;Groupe_Violet;hamster;08/04/2025;0.54243;0;0.21
D10;Réutiliser des bouteilles vides.;Déchets;VIOLET;Groupe_Violet;girafe;24/03/2025;0.54243;0;0.21
D10;Utiliser moins de plastique pour faire les courses (ou les réutiliser).;Déchets;VIOLET;Groupe_Violet;hamster;08/04/2025;0.54243;0;0.21
D10;Utiliser moins de plastique pour faire les courses (ou les réutiliser).;Déchets;VIOLET;Groupe_Violet;girafe;24/03/2025;0.54243;0;0.21
B02;"Je n""embête pas les petites bêtes.";Biodiversité;VIOLET;Groupe_Violet;girafe;24/03/2025;0;0;0
W03;"Je ferme l""eau quand je me savonne.";Eau;VIOLET;Groupe_Violet;girafe;24/03/2025;0.004964;12.6;0
E01;J'éteins la lumière quand je quitte une pièce;Electricité;VIOLET;Groupe_Violet;girafe;24/03/2025;0.027408;0;0
D02;Éviter le gaspillage alimentaire : se servir moins, garder pour plus tard.;Déchets;VIOLET;Groupe_Violet;licorne;25/03/2025;2.453511;0;1.390385
D10;Utiliser moins de plastique pour faire les courses (ou les réutiliser).;Déchets;VIOLET;Groupe_Violet;licorne;25/03/2025;0.54243;0;0.21
D03;Je ne jette pas de déchet par terre.;Déchets;VIOLET;Groupe_Violet;licorne;25/03/2025;0.424875;0;4.486538
B01;Je n'arrache pas les végétaux.;Biodiversité;VIOLET;Groupe_Violet;licorne;25/03/2025;0;0;0
W03;"Ne pas gaspiller l""eau que l’on boit.";Eau;VIOLET;Groupe_Violet;licorne;25/03/2025;0.004964;12.6;0
T03;Remplacer la voiture lors de courts trajets : vélo, trottinette, à pied, transports en commun.;Transport;VIOLET;Groupe_Violet;licorne;25/03/2025;0.506;0;0
E01;J'éteins la lumière quand je quitte une pièce;Electricité;VIOLET;Groupe_Violet;licorne;25/03/2025;0.027408;0;0
B02;"Je n""embête pas les petites bêtes.";Biodiversité;VIOLET;Groupe_Violet;hamster;08/04/2025;0;0;0
W03;"Je ferme l""eau quand je me savonne.";Eau;VIOLET;Groupe_Violet;hamster;08/04/2025;0.004964;12.6;0
W03;"Ne pas gaspiller l""eau que l’on boit.";Eau;VIOLET;Groupe_Violet;hamster;08/04/2025;0.004964;12.6;0
E02;J’ouvre les volets/rideaux pour profiter de la lumière du jour.;Electricité;VIOLET;Groupe_Violet;hamster;08/04/2025;0.027408;0;0
D02;Éviter le gaspillage alimentaire : se servir moins, garder pour plus tard.;Déchets;VIOLET;Groupe_Violet;chat;26/03/2025;2.453511;0;1.390385
D10;Utiliser moins de plastique pour faire les courses (ou les réutiliser).;Déchets;VIOLET;Groupe_Violet;chat;26/03/2025;0.54243;0;0.21
B02;"Je n""embête pas les petites bêtes.";Biodiversité;VIOLET;Groupe_Violet;chat;26/03/2025;0;0;0
W03;"Je ferme l""eau quand je me savonne.";Eau;VIOLET;Groupe_Violet;chat;26/03/2025;0.004964;12.6;0
W03;"Ne pas gaspiller l""eau que l’on boit.";Eau;VIOLET;Groupe_Violet;chat;26/03/2025;0.004964;12.6;0
E02;J’ouvre les volets/rideaux pour profiter de la lumière du jour.;Electricité;VIOLET;Groupe_Violet;chat;26/03/2025;0.027408;0;0
D02;Éviter le gaspillage alimentaire : se servir moins, garder pour plus tard.;Déchets;VIOLET;Groupe_Violet;dragon;26/03/2025;2.453511;0;1.390385
D04;Dans l'enceinte de l'école, je ramasse les déchets que je vois.;Déchets;VIOLET;Groupe_Violet;dragon;26/03/2025;0.00947;0;0.1
D03;Je ne jette pas de déchet par terre.;Déchets;VIOLET;Groupe_Violet;dragon;26/03/2025;0.424875;0;4.486538
B02;"Je n""embête pas les petites bêtes.";Biodiversité;VIOLET;Groupe_Violet;dragon;26/03/2025;0;0;0
W05;"Je prends une douche plutôt qu""un bain.";Eau;VIOLET;Groupe_Violet;dragon;26/03/2025;0.140658;357;0
T03;Remplacer la voiture lors de courts trajets : vélo, trottinette, à pied, transports en commun.;Transport;VIOLET;Groupe_Violet;dragon;26/03/2025;0.506;0;0
E01;J'éteins la lumière quand je quitte une pièce;Electricité;VIOLET;Groupe_Violet;dragon;26/03/2025;0.027408;0;0
C03;Je consomme des fruits et légumes de saison;Courses;VIOLET;Groupe_Violet;paresseux;13/04/2025;6.932;0;0
D10;Réutiliser des bouteilles vides.;Déchets;VIOLET;Groupe_Violet;paresseux;13/04/2025;0.54243;0;0.21
D10;Utiliser moins de plastique pour faire les courses (ou les réutiliser).;Déchets;VIOLET;Groupe_Violet;paresseux;13/04/2025;0.54243;0;0.21
B02;"Je n""embête pas les petites bêtes.";Biodiversité;VIOLET;Groupe_Violet;paresseux;13/04/2025;0;0;0
W03;"Je ferme l""eau quand je me savonne.";Eau;VIOLET;Groupe_Violet;paresseux;13/04/2025;0.004964;12.6;0
W03;"Ne pas gaspiller l""eau que l’on boit.";Eau;VIOLET;Groupe_Violet;paresseux;13/04/2025;0.004964;12.6;0
E02;J’ouvre les volets/rideaux pour profiter de la lumière du jour.;Electricité;VIOLET;Groupe_Violet;paresseux;13/04/2025;0.027408;0;0
C03;Je consomme des fruits et légumes de saison;Courses;VIOLET;Groupe_Violet;dragon;13/04/2025;6.932;0;0
D10;Réutiliser des bouteilles vides.;Déchets;VIOLET;Groupe_Violet;dragon;13/04/2025;0.54243;0;0.21
D10;Utiliser moins de plastique pour faire les courses (ou les réutiliser).;Déchets;VIOLET;Groupe_Violet;dragon;13/04/2025;0.54243;0;0.21
B01;Je n'arrache pas les végétaux.;Biodiversité;VIOLET;Groupe_Violet;dragon;13/04/2025;0;0;0
W03;"Je ferme l""eau quand je me savonne.";Eau;VIOLET;Groupe_Violet;dragon;13/04/2025;0.004964;12.6;0
T03;Remplacer la voiture lors de courts trajets : vélo, trottinette, à pied, transports en commun.;Transport;VIOLET;Groupe_Violet;dragon;13/04/2025;0.506;0;0
C03;Je consomme des fruits et légumes de saison;Courses;VIOLET;Groupe_Violet;écureuil;13/04/2025;6.932;0;0
D10;Utiliser moins de plastique pour faire les courses (ou les réutiliser).;Déchets;VIOLET;Groupe_Violet;écureuil;13/04/2025;0.54243;0;0.21
B02;"Je n""embête pas les petites bêtes.";Biodiversité;VIOLET;Groupe_Violet;écureuil;13/04/2025;0;0;0
W05;"Je prends une douche plutôt qu""un bain.";Eau;VIOLET;Groupe_Violet;écureuil;13/04/2025;0.140658;357;0
T03;Remplacer la voiture lors de courts trajets : vélo, trottinette, à pied, transports en commun.;Transport;VIOLET;Groupe_Violet;écureuil;13/04/2025;0.506;0;0
E01;J'éteins la lumière quand je quitte une pièce;Electricité;VIOLET;Groupe_Violet;écureuil;13/04/2025;0.027408;0;0
B02;"Je n""embête pas les petites bêtes.";Biodiversité;VIOLET;Groupe_Violet;suricate;13/04/2025;0;0;0
D02;Éviter le gaspillage alimentaire : se servir moins, garder pour plus tard.;Déchets;VIOLET;Groupe_Violet;tortue;13/04/2025;2.453511;0;1.390385
D04;Dans l'enceinte de l'école, je ramasse les déchets que je vois.;Déchets;VIOLET;Groupe_Violet;tortue;13/04/2025;0.00947;0;0.1
D03;Je ne jette pas de déchet par terre.;Déchets;VIOLET;Groupe_Violet;tortue;13/04/2025;0.424875;0;4.486538
B01;Je n'arrache pas les végétaux.;Biodiversité;VIOLET;Groupe_Violet;tortue;13/04/2025;0;0;0
W05;"Je prends une douche plutôt qu""un bain.";Eau;VIOLET;Groupe_Violet;tortue;13/04/2025;0.140658;357;0
T03;Remplacer la voiture lors de courts trajets : vélo, trottinette, à pied, transports en commun.;Transport;VIOLET;Groupe_Violet;tortue;13/04/2025;0.506;0;0
E01;J'éteins la lumière quand je quitte une pièce;Electricité;VIOLET;Groupe_Violet;tortue;13/04/2025;0.027408;0;0
D10;Réutiliser des bouteilles vides.;Déchets;VIOLET;Groupe_Violet;girafe;15/04/2025;0.54243;0;0.21
D10;Utiliser moins de plastique pour faire les courses (ou les réutiliser).;Déchets;VIOLET;Groupe_Violet;girafe;15/04/2025;0.54243;0;0.21
B01;Je n'arrache pas les végétaux.;Biodiversité;VIOLET;Groupe_Violet;girafe;15/04/2025;0;0;0
W03;"Je ferme l""eau quand je me savonne.";Eau;VIOLET;Groupe_Violet;girafe;15/04/2025;0.004964;12.6;0
E01;J'éteins la lumière quand je quitte une pièce;Electricité;VIOLET;Groupe_Violet;girafe;15/04/2025;0.027408;0;0
C03;Je consomme des fruits et légumes de saison;Courses;VIOLET;Groupe_Violet;poussin;15/04/2025;6.932;0;0
D10;Réutiliser des bouteilles vides.;Déchets;VIOLET;Groupe_Violet;poussin;15/04/2025;0.54243;0;0.21
D10;Utiliser moins de plastique pour faire les courses (ou les réutiliser).;Déchets;VIOLET;Groupe_Violet;poussin;15/04/2025;0.54243;0;0.21
B02;"Je n""embête pas les petites bêtes.";Biodiversité;VIOLET;Groupe_Violet;poussin;15/04/2025;0;0;0
W03;"Je ferme l""eau quand je me savonne.";Eau;VIOLET;Groupe_Violet;poussin;15/04/2025;0.004964;12.6;0
W03;"Ne pas gaspiller l""eau que l’on boit.";Eau;VIOLET;Groupe_Violet;poussin;15/04/2025;0.004964;12.6;0
E01;J'éteins la lumière quand je quitte une pièce;Electricité;VIOLET;Groupe_Violet;poussin;15/04/2025;0.027408;0;0
D10;Réutiliser des bouteilles vides.;Déchets;VIOLET;Groupe_Violet;baleine;15/04/2025;0.54243;0;0.21
D03;Je ne jette pas de déchet par terre.;Déchets;VIOLET;Groupe_Violet;baleine;15/04/2025;0.424875;0;4.486538
W03;"Je ferme l""eau quand je me savonne.";Eau;VIOLET;Groupe_Violet;baleine;15/04/2025;0.004964;12.6;0
E01;J'éteins la lumière quand je quitte une pièce;Electricité;VIOLET;Groupe_Violet;baleine;15/04/2025;0.027408;0;0
E01;J'éteins la lumière quand je quitte une pièce;Electricité;VIOLET;Groupe_Violet;suricate;22/03/2025;0.027408;0;0
B01;Je n'arrache pas les végétaux.;Biodiversité;VIOLET;Groupe_Violet;suricate;22/03/2025;0;0;0
D10;Réutiliser des bouteilles vides.;Déchets;VIOLET;Groupe_Violet;paresseux;22/03/2025;0.54243;0;0.21
D10;Utiliser moins de plastique pour faire les courses (ou les réutiliser).;Déchets;VIOLET;Groupe_Violet;paresseux;22/03/2025;0.54243;0;0.21
B02;"Je n""embête pas les petites bêtes.";Biodiversité;VIOLET;Groupe_Violet;paresseux;22/03/2025;0;0;0
W03;"Je ferme l""eau quand je me savonne.";Eau;VIOLET;Groupe_Violet;paresseux;22/03/2025;0.004964;12.6;0
W03;"Ne pas gaspiller l""eau que l’on boit.";Eau;VIOLET;Groupe_Violet;paresseux;22/03/2025;0.004964;12.6;0
E01;J'éteins la lumière quand je quitte une pièce;Electricité;VIOLET;Groupe_Violet;paresseux;22/03/2025;0.027408;0;0
C03;Je consomme des fruits et légumes de saison;Courses;VIOLET;Groupe_Violet;dragon;23/03/2025;6.932;0;0
D10;Réutiliser des bouteilles vides.;Déchets;VIOLET;Groupe_Violet;dragon;23/03/2025;0.54243;0;0.21
D10;Utiliser moins de plastique pour faire les courses (ou les réutiliser).;Déchets;VIOLET;Groupe_Violet;dragon;23/03/2025;0.54243;0;0.21
B01;Je n'arrache pas les végétaux.;Biodiversité;VIOLET;Groupe_Violet;dragon;23/03/2025;0;0;0
W03;"Je ferme l""eau quand je me savonne.";Eau;VIOLET;Groupe_Violet;dragon;23/03/2025;0.004964;12.6;0
W03;"Ne pas gaspiller l""eau que l’on boit.";Eau;VIOLET;Groupe_Violet;dragon;23/03/2025;0.004964;12.6;0
E02;J’ouvre les volets/rideaux pour profiter de la lumière du jour.;Electricité;VIOLET;Groupe_Violet;dragon;23/03/2025;0.027408;0;0
C03;Je consomme des fruits et légumes de saison;Courses;VIOLET;Groupe_Violet;girafe;24/03/2025;6.932;0;0
D02;Éviter le gaspillage alimentaire : se servir moins, garder pour plus tard.;Déchets;VIOLET;Groupe_Violet;girafe;24/03/2025;2.453511;0;1.390385
D03;Je ne jette pas de déchet par terre.;Déchets;VIOLET;Groupe_Violet;girafe;24/03/2025;0.424875;0;4.486538
B01;Je n'arrache pas les végétaux.;Biodiversité;VIOLET;Groupe_Violet;girafe;24/03/2025;0;0;0
W03;"Ne pas gaspiller l""eau que l’on boit.";Eau;VIOLET;Groupe_Violet;girafe;24/03/2025;0.004964;12.6;0
E02;J’ouvre les volets/rideaux pour profiter de la lumière du jour.;Electricité;VIOLET;Groupe_Violet;girafe;24/03/2025;0.027408;0;0
D10;Réutiliser des bouteilles vides.;Déchets;VIOLET;Groupe_Violet;licorne;25/03/2025;0.54243;0;0.21
D04;Dans l'enceinte de l'école, je ramasse les déchets que je vois.;Déchets;VIOLET;Groupe_Violet;licorne;25/03/2025;0.00947;0;0.1
B02;"Je n""embête pas les petites bêtes.";Biodiversité;VIOLET;Groupe_Violet;licorne;25/03/2025;0;0;0
W05;"Je prends une douche plutôt qu""un bain.";Eau;VIOLET;Groupe_Violet;licorne;25/03/2025;0.140658;357;0
W03;"Je ferme l""eau quand je me savonne.";Eau;VIOLET;Groupe_Violet;licorne;25/03/2025;0.004964;12.6;0
E02;J’ouvre les volets/rideaux pour profiter de la lumière du jour.;Electricité;VIOLET;Groupe_Violet;licorne;25/03/2025;0.027408;0;0
C03;Je consomme des fruits et légumes de saison;Courses;VIOLET;Groupe_Violet;chat;26/03/2025;6.932;0;0
D04;Dans l'enceinte de l'école, je ramasse les déchets que je vois.;Déchets;VIOLET;Groupe_Violet;chat;26/03/2025;0.00947;0;0.1
D03;Je ne jette pas de déchet par terre.;Déchets;VIOLET;Groupe_Violet;chat;26/03/2025;0.424875;0;4.486538
B01;Je n'arrache pas les végétaux.;Biodiversité;VIOLET;Groupe_Violet;chat;26/03/2025;0;0;0
W05;"Je prends une douche plutôt qu""un bain.";Eau;VIOLET;Groupe_Violet;chat;26/03/2025;0.140658;357;0
T03;Remplacer la voiture lors de courts trajets : vélo, trottinette, à pied, transports en commun.;Transport;VIOLET;Groupe_Violet;chat;26/03/2025;0.506;0;0
C03;Je consomme des fruits et légumes de saison;Courses;VIOLET;Groupe_Violet;dragon;26/03/2025;6.932;0;0
D10;Réutiliser des bouteilles vides.;Déchets;VIOLET;Groupe_Violet;dragon;26/03/2025;0.54243;0;0.21
D10;Utiliser moins de plastique pour faire les courses (ou les réutiliser).;Déchets;VIOLET;Groupe_Violet;dragon;26/03/2025;0.54243;0;0.21
B01;Je n'arrache pas les végétaux.;Biodiversité;VIOLET;Groupe_Violet;dragon;26/03/2025;0;0;0
W03;"Je ferme l""eau quand je me savonne.";Eau;VIOLET;Groupe_Violet;dragon;26/03/2025;0.004964;12.6;0
W03;"Ne pas gaspiller l""eau que l’on boit.";Eau;VIOLET;Groupe_Violet;dragon;26/03/2025;0.004964;12.6;0
E02;J’ouvre les volets/rideaux pour profiter de la lumière du jour.;Electricité;VIOLET;Groupe_Violet;dragon;26/03/2025;0.027408;0;0
D04;Dans l'enceinte de l'école, je ramasse les déchets que je vois.;Déchets;VIOLET;Groupe_Violet;suricate;29/03/2025;0.00947;0;0.1
D10;Utiliser moins de plastique pour faire les courses (ou les réutiliser).;Déchets;VIOLET;Groupe_Violet;suricate;29/03/2025;0.54243;0;0.21
D03;Je ne jette pas de déchet par terre.;Déchets;VIOLET;Groupe_Violet;suricate;29/03/2025;0.424875;0;4.486538
B02;"Je n""embête pas les petites bêtes.";Biodiversité;VIOLET;Groupe_Violet;suricate;29/03/2025;0;0;0
W03;"Ne pas gaspiller l""eau que l’on boit.";Eau;VIOLET;Groupe_Violet;suricate;29/03/2025;0.004964;12.6;0
E01;J'éteins la lumière quand je quitte une pièce;Electricité;VIOLET;Groupe_Violet;chat;30/03/2025;0.027408;0;0
C03;Je consomme des fruits et légumes de saison;Courses;VIOLET;Groupe_Violet;girafe;30/03/2025;6.932;0;0
D10;Utiliser moins de plastique pour faire les courses (ou les réutiliser).;Déchets;VIOLET;Groupe_Violet;girafe;30/03/2025;0.54243;0;0.21
D02;Éviter le gaspillage alimentaire : se servir moins, garder pour plus tard.;Déchets;VIOLET;Groupe_Violet;girafe;30/03/2025;2.453511;0;1.390385
D10;Réutiliser des bouteilles vides.;Déchets;VIOLET;Groupe_Violet;girafe;30/03/2025;0.54243;0;0.21
D03;Je ne jette pas de déchet par terre.;Déchets;VIOLET;Groupe_Violet;girafe;30/03/2025;0.424875;0;4.486538
B02;"Je n""embête pas les petites bêtes.";Biodiversité;VIOLET;Groupe_Violet;girafe;30/03/2025;0;0;0
B01;Je n'arrache pas les végétaux.;Biodiversité;VIOLET;Groupe_Violet;girafe;30/03/2025;0;0;0
W05;"Je prends une douche plutôt qu""un bain.";Eau;VIOLET;Groupe_Violet;girafe;30/03/2025;0.140658;357;0
W03;"Je ferme l""eau quand je me savonne.";Eau;VIOLET;Groupe_Violet;girafe;30/03/2025;0.004964;12.6;0
W03;"Ne pas gaspiller l""eau que l’on boit.";Eau;VIOLET;Groupe_Violet;girafe;30/03/2025;0.004964;12.6;0
E02;J’ouvre les volets/rideaux pour profiter de la lumière du jour.;Electricité;VIOLET;Groupe_Violet;girafe;30/03/2025;0.027408;0;0
E01;J'éteins la lumière quand je quitte une pièce;Electricité;VIOLET;Groupe_Violet;girafe;30/03/2025;0.027408;0;0
C03;Je consomme des fruits et légumes de saison;Courses;VIOLET;Groupe_Violet;paresseux;30/03/2025;6.932;0;0
D10;Réutiliser des bouteilles vides.;Déchets;VIOLET;Groupe_Violet;paresseux;30/03/2025;0.54243;0;0.21
D04;Dans l'enceinte de l'école, je ramasse les déchets que je vois.;Déchets;VIOLET;Groupe_Violet;paresseux;30/03/2025;0.00947;0;0.1
D10;Utiliser moins de plastique pour faire les courses (ou les réutiliser).;Déchets;VIOLET;Groupe_Violet;paresseux;30/03/2025;0.54243;0;0.21
D03;Je ne jette pas de déchet par terre.;Déchets;VIOLET;Groupe_Violet;paresseux;30/03/2025;0.424875;0;4.486538
B02;"Je n""embête pas les petites bêtes.";Biodiversité;VIOLET;Groupe_Violet;paresseux;30/03/2025;0;0;0
B01;Je n'arrache pas les végétaux.;Biodiversité;VIOLET;Groupe_Violet;paresseux;30/03/2025;0;0;0
W03;"Je ferme l""eau quand je me savonne.";Eau;VIOLET;Groupe_Violet;paresseux;30/03/2025;0.004964;12.6;0
W05;"Je prends une douche plutôt qu""un bain.";Eau;VIOLET;Groupe_Violet;paresseux;30/03/2025;0.140658;357;0
C03;Je consomme des fruits et légumes de saison;Courses;VIOLET;Groupe_Violet;tortue;30/03/2025;6.932;0;0
W03;"Ne pas gaspiller l""eau que l’on boit.";Eau;VIOLET;Groupe_Violet;paresseux;30/03/2025;0.004964;12.6;0
D02;Éviter le gaspillage alimentaire : se servir moins, garder pour plus tard.;Déchets;VIOLET;Groupe_Violet;tortue;30/03/2025;2.453511;0;1.390385
D10;Réutiliser des bouteilles vides.;Déchets;VIOLET;Groupe_Violet;tortue;30/03/2025;0.54243;0;0.21
T03;Remplacer la voiture lors de courts trajets : vélo, trottinette, à pied, transports en commun.;Transport;VIOLET;Groupe_Violet;paresseux;30/03/2025;0.506;0;0
D04;Dans l'enceinte de l'école, je ramasse les déchets que je vois.;Déchets;VIOLET;Groupe_Violet;tortue;30/03/2025;0.00947;0;0.1
D10;Utiliser moins de plastique pour faire les courses (ou les réutiliser).;Déchets;VIOLET;Groupe_Violet;tortue;30/03/2025;0.54243;0;0.21
D03;Je ne jette pas de déchet par terre.;Déchets;VIOLET;Groupe_Violet;tortue;30/03/2025;0.424875;0;4.486538
B02;"Je n""embête pas les petites bêtes.";Biodiversité;VIOLET;Groupe_Violet;tortue;30/03/2025;0;0;0
B01;Je n'arrache pas les végétaux.;Biodiversité;VIOLET;Groupe_Violet;tortue;30/03/2025;0;0;0
E02;J’ouvre les volets/rideaux pour profiter de la lumière du jour.;Electricité;VIOLET;Groupe_Violet;paresseux;30/03/2025;0.027408;0;0
E01;J'éteins la lumière quand je quitte une pièce;Electricité;VIOLET;Groupe_Violet;paresseux;30/03/2025;0.027408;0;0
W05;"Je prends une douche plutôt qu""un bain.";Eau;VIOLET;Groupe_Violet;tortue;30/03/2025;0.140658;357;0
W03;"Ne pas gaspiller l""eau que l’on boit.";Eau;VIOLET;Groupe_Violet;tortue;30/03/2025;0.004964;12.6;0
W03;"Je ferme l""eau quand je me savonne.";Eau;VIOLET;Groupe_Violet;tortue;30/03/2025;0.004964;12.6;0
T03;Remplacer la voiture lors de courts trajets : vélo, trottinette, à pied, transports en commun.;Transport;VIOLET;Groupe_Violet;tortue;30/03/2025;0.506;0;0
E02;J’ouvre les volets/rideaux pour profiter de la lumière du jour.;Electricité;VIOLET;Groupe_Violet;tortue;30/03/2025;0.027408;0;0
E01;J'éteins la lumière quand je quitte une pièce;Electricité;VIOLET;Groupe_Violet;tortue;30/03/2025;0.027408;0;0
C03;Je consomme des fruits et légumes de saison;Courses;VIOLET;Groupe_Violet;jaguar;03/04/2025;6.932;0;0
D02;Éviter le gaspillage alimentaire : se servir moins, garder pour plus tard.;Déchets;VIOLET;Groupe_Violet;jaguar;03/04/2025;2.453511;0;1.390385
D10;Réutiliser des bouteilles vides.;Déchets;VIOLET;Groupe_Violet;jaguar;03/04/2025;0.54243;0;0.21
D04;Dans l'enceinte de l'école, je ramasse les déchets que je vois.;Déchets;VIOLET;Groupe_Violet;jaguar;03/04/2025;0.00947;0;0.1
D10;Utiliser moins de plastique pour faire les courses (ou les réutiliser).;Déchets;VIOLET;Groupe_Violet;jaguar;03/04/2025;0.54243;0;0.21
D03;Je ne jette pas de déchet par terre.;Déchets;VIOLET;Groupe_Violet;jaguar;03/04/2025;0.424875;0;4.486538
B02;"Je n""embête pas les petites bêtes.";Biodiversité;VIOLET;Groupe_Violet;jaguar;03/04/2025;0;0;0
W03;"Je ferme l""eau quand je me savonne.";Eau;VIOLET;Groupe_Violet;jaguar;03/04/2025;0.004964;12.6;0
T03;Remplacer la voiture lors de courts trajets : vélo, trottinette, à pied, transports en commun.;Transport;VIOLET;Groupe_Violet;jaguar;03/04/2025;0.506;0;0
D02;Éviter le gaspillage alimentaire : se servir moins, garder pour plus tard.;Déchets;VIOLET;Groupe_Violet;dragon;05/04/2025;2.453511;0;1.390385
D04;Dans l'enceinte de l'école, je ramasse les déchets que je vois.;Déchets;VIOLET;Groupe_Violet;dragon;05/04/2025;0.00947;0;0.1
D03;Je ne jette pas de déchet par terre.;Déchets;VIOLET;Groupe_Violet;dragon;05/04/2025;0.424875;0;4.486538
B02;"Je n""embête pas les petites bêtes.";Biodiversité;VIOLET;Groupe_Violet;dragon;05/04/2025;0;0;0
W05;"Je prends une douche plutôt qu""un bain.";Eau;VIOLET;Groupe_Violet;dragon;05/04/2025;0.140658;357;0
T03;Remplacer la voiture lors de courts trajets : vélo, trottinette, à pied, transports en commun.;Transport;VIOLET;Groupe_Violet;dragon;05/04/2025;0.506;0;0
E01;J'éteins la lumière quand je quitte une pièce;Electricité;VIOLET;Groupe_Violet;dragon;05/04/2025;0.027408;0;0
D02;Éviter le gaspillage alimentaire : se servir moins, garder pour plus tard.;Déchets;VIOLET;Groupe_Violet;licorne;05/04/2025;2.453511;0;1.390385
C03;Je consomme des fruits et légumes de saison;Courses;VIOLET;Groupe_Violet;jaguar;17/04/2025;6.932;0;0
D10;Réutiliser des bouteilles vides.;Déchets;VIOLET;Groupe_Violet;jaguar;17/04/2025;0.54243;0;0.21
D10;Utiliser moins de plastique pour faire les courses (ou les réutiliser).;Déchets;VIOLET;Groupe_Violet;jaguar;17/04/2025;0.54243;0;0.21
B02;"Je n""embête pas les petites bêtes.";Biodiversité;VIOLET;Groupe_Violet;jaguar;17/04/2025;0;0;0
W03;"Ne pas gaspiller l""eau que l’on boit.";Eau;VIOLET;Groupe_Violet;jaguar;17/04/2025;0.004964;12.6;0
D10;Utiliser moins de plastique pour faire les courses (ou les réutiliser).;Déchets;VIOLET;Groupe_Violet;jaguar;04/05/2025;0.54243;0;0.21
D03;Je ne jette pas de déchet par terre.;Déchets;VIOLET;Groupe_Violet;jaguar;04/05/2025;0.424875;0;4.486538
B02;"Je n""embête pas les petites bêtes.";Biodiversité;VIOLET;Groupe_Violet;jaguar;04/05/2025;0;0;0
W03;"Je ferme l""eau quand je me savonne.";Eau;VIOLET;Groupe_Violet;jaguar;04/05/2025;0.004964;12.6;0
E02;J’ouvre les volets/rideaux pour profiter de la lumière du jour.;Electricité;VIOLET;Groupe_Violet;jaguar;04/05/2025;0.027408;0;0
C03;Je consomme des fruits et légumes de saison;Courses;VIOLET;Groupe_Violet;chat;05/05/2025;6.932;0;0
D04;Dans l'enceinte de l'école, je ramasse les déchets que je vois.;Déchets;VIOLET;Groupe_Violet;chat;05/05/2025;0.00947;0;0.1
D03;Je ne jette pas de déchet par terre.;Déchets;VIOLET;Groupe_Violet;chat;05/05/2025;0.424875;0;4.486538
B01;Je n'arrache pas les végétaux.;Biodiversité;VIOLET;Groupe_Violet;chat;05/05/2025;0;0;0
E02;J’ouvre les volets/rideaux pour profiter de la lumière du jour.;Electricité;VIOLET;Groupe_Violet;chat;05/05/2025;0.027408;0;0
D10;Réutiliser des bouteilles vides.;Déchets;VIOLET;Groupe_Violet;girafe;06/05/2025;0.54243;0;0.21
D10;Utiliser moins de plastique pour faire les courses (ou les réutiliser).;Déchets;VIOLET;Groupe_Violet;girafe;06/05/2025;0.54243;0;0.21
W05;"Je prends une douche plutôt qu""un bain.";Eau;VIOLET;Groupe_Violet;girafe;06/05/2025;0.140658;357;0
E02;J’ouvre les volets/rideaux pour profiter de la lumière du jour.;Electricité;VIOLET;Groupe_Violet;girafe;06/05/2025;0.027408;0;0
D10;Réutiliser des bouteilles vides.;Déchets;VIOLET;Groupe_Violet;poussin;06/05/2025;0.54243;0;0.21
D04;Dans l'enceinte de l'école, je ramasse les déchets que je vois.;Déchets;VIOLET;Groupe_Violet;poussin;06/05/2025;0.00947;0;0.1
B01;Je n'arrache pas les végétaux.;Biodiversité;VIOLET;Groupe_Violet;poussin;06/05/2025;0;0;0
W03;"Je ferme l""eau quand je me savonne.";Eau;VIOLET;Groupe_Violet;poussin;06/05/2025;0.004964;12.6;0
E02;J’ouvre les volets/rideaux pour profiter de la lumière du jour.;Electricité;VIOLET;Groupe_Violet;poussin;06/05/2025;0.027408;0;0
B01;Je n'arrache pas les végétaux.;Biodiversité;VIOLET;Groupe_Violet;suricate;10/05/2025;0;0;0
W03;"Ne pas gaspiller l""eau que l’on boit.";Eau;VIOLET;Groupe_Violet;suricate;10/05/2025;0.004964;12.6;0
D02;Éviter le gaspillage alimentaire : se servir moins, garder pour plus tard.;Déchets;VIOLET;Groupe_Violet;dragon;10/05/2025;2.453511;0;1.390385
D04;Dans l'enceinte de l'école, je ramasse les déchets que je vois.;Déchets;VIOLET;Groupe_Violet;dragon;10/05/2025;0.00947;0;0.1
D03;Je ne jette pas de déchet par terre.;Déchets;VIOLET;Groupe_Violet;dragon;10/05/2025;0.424875;0;4.486538
B02;"Je n""embête pas les petites bêtes.";Biodiversité;VIOLET;Groupe_Violet;dragon;10/05/2025;0;0;0
W05;"Je prends une douche plutôt qu""un bain.";Eau;VIOLET;Groupe_Violet;dragon;10/05/2025;0.140658;357;0
T03;Remplacer la voiture lors de courts trajets : vélo, trottinette, à pied, transports en commun.;Transport;VIOLET;Groupe_Violet;dragon;10/05/2025;0.506;0;0
E01;J'éteins la lumière quand je quitte une pièce;Electricité;VIOLET;Groupe_Violet;dragon;10/05/2025;0.027408;0;0
D02;Éviter le gaspillage alimentaire : se servir moins, garder pour plus tard.;Déchets;VIOLET;Groupe_Violet;tortue;11/05/2025;2.453511;0;1.390385
D04;Dans l'enceinte de l'école, je ramasse les déchets que je vois.;Déchets;VIOLET;Groupe_Violet;tortue;11/05/2025;0.00947;0;0.1
D03;Je ne jette pas de déchet par terre.;Déchets;VIOLET;Groupe_Violet;tortue;11/05/2025;0.424875;0;4.486538
B01;Je n'arrache pas les végétaux.;Biodiversité;VIOLET;Groupe_Violet;tortue;11/05/2025;0;0;0
W05;"Je prends une douche plutôt qu""un bain.";Eau;VIOLET;Groupe_Violet;tortue;11/05/2025;0.140658;357;0
T03;Remplacer la voiture lors de courts trajets : vélo, trottinette, à pied, transports en commun.;Transport;VIOLET;Groupe_Violet;tortue;11/05/2025;0.506;0;0
E01;J'éteins la lumière quand je quitte une pièce;Electricité;VIOLET;Groupe_Violet;tortue;11/05/2025;0.027408;0;0
D02;Éviter le gaspillage alimentaire : se servir moins, garder pour plus tard.;Déchets;VIOLET;Groupe_Violet;paresseux;11/05/2025;2.453511;0;1.390385
D04;Dans l'enceinte de l'école, je ramasse les déchets que je vois.;Déchets;VIOLET;Groupe_Violet;paresseux;11/05/2025;0.00947;0;0.1
D03;Je ne jette pas de déchet par terre.;Déchets;VIOLET;Groupe_Violet;paresseux;11/05/2025;0.424875;0;4.486538
B01;Je n'arrache pas les végétaux.;Biodiversité;VIOLET;Groupe_Violet;paresseux;11/05/2025;0;0;0
W05;"Je prends une douche plutôt qu""un bain.";Eau;VIOLET;Groupe_Violet;paresseux;11/05/2025;0.140658;357;0
T03;Remplacer la voiture lors de courts trajets : vélo, trottinette, à pied, transports en commun.;Transport;VIOLET;Groupe_Violet;paresseux;11/05/2025;0.506;0;0
E01;J'éteins la lumière quand je quitte une pièce;Electricité;VIOLET;Groupe_Violet;paresseux;11/05/2025;0.027408;0;0
C03;Je consomme des fruits et légumes de saison;Courses;VIOLET;Groupe_Violet;girafe;13/05/2025;6.932;0;0
D03;Je ne jette pas de déchet par terre.;Déchets;VIOLET;Groupe_Violet;girafe;13/05/2025;0.424875;0;4.486538
D10;Utiliser moins de plastique pour faire les courses (ou les réutiliser).;Déchets;VIOLET;Groupe_Violet;girafe;13/05/2025;0.54243;0;0.21
B01;Je n'arrache pas les végétaux.;Biodiversité;VIOLET;Groupe_Violet;girafe;13/05/2025;0;0;0
W03;"Ne pas gaspiller l""eau que l’on boit.";Eau;VIOLET;Groupe_Violet;girafe;13/05/2025;0.004964;12.6;0
E01;J'éteins la lumière quand je quitte une pièce;Electricité;VIOLET;Groupe_Violet;girafe;13/05/2025;0.027408;0;0
D10;Réutiliser des bouteilles vides.;Déchets;VIOLET;Groupe_Violet;dauphin;13/05/2025;0.54243;0;0.21
D04;Dans l'enceinte de l'école, je ramasse les déchets que je vois.;Déchets;VIOLET;Groupe_Violet;dauphin;13/05/2025;0.00947;0;0.1
B02;"Je n""embête pas les petites bêtes.";Biodiversité;VIOLET;Groupe_Violet;dauphin;13/05/2025;0;0;0
W03;"Je ferme l""eau quand je me savonne.";Eau;VIOLET;Groupe_Violet;dauphin;13/05/2025;0.004964;12.6;0
W03;"Ne pas gaspiller l""eau que l’on boit.";Eau;VIOLET;Groupe_Violet;dauphin;13/05/2025;0.004964;12.6;0
C03;Je consomme des fruits et légumes de saison;Courses;VIOLET;Groupe_Violet;chat;15/05/2025;6.932;0;0
D10;Réutiliser des bouteilles vides.;Déchets;VIOLET;Groupe_Violet;chat;15/05/2025;0.54243;0;0.21
D10;Utiliser moins de plastique pour faire les courses (ou les réutiliser).;Déchets;VIOLET;Groupe_Violet;chat;15/05/2025;0.54243;0;0.21
B02;"Je n""embête pas les petites bêtes.";Biodiversité;VIOLET;Groupe_Violet;chat;15/05/2025;0;0;0
W05;"Je prends une douche plutôt qu""un bain.";Eau;VIOLET;Groupe_Violet;chat;15/05/2025;0.140658;357;0
T03;Remplacer la voiture lors de courts trajets : vélo, trottinette, à pied, transports en commun.;Transport;VIOLET;Groupe_Violet;chat;15/05/2025;0.506;0;0
W03;"Je ferme l""eau quand je me savonne.";Eau;VIOLET;Groupe_Violet;chat;15/05/2025;0.004964;12.6;0
B02;"Je n""embête pas les petites bêtes.";Biodiversité;VIOLET;Groupe_Violet;suricate;17/05/2025;0;0;0
D02;Éviter le gaspillage alimentaire : se servir moins, garder pour plus tard.;Déchets;VIOLET;Groupe_Violet;licorne;17/05/2025;2.453511;0;1.390385
W05;"Je prends une douche plutôt qu""un bain.";Eau;VIOLET;Groupe_Violet;perroquet;17/05/2025;0.140658;357;0
T03;Remplacer la voiture lors de courts trajets : vélo, trottinette, à pied, transports en commun.;Transport;VIOLET;Groupe_Violet;perroquet;17/05/2025;0.506;0;0
D10;Réutiliser des bouteilles vides.;Déchets;VIOLET;Groupe_Violet;perroquet;17/05/2025;0.54243;0;0.21
D03;Je ne jette pas de déchet par terre.;Déchets;VIOLET;Groupe_Violet;perroquet;17/05/2025;0.424875;0;4.486538
E02;J’ouvre les volets/rideaux pour profiter de la lumière du jour.;Electricité;VIOLET;Groupe_Violet;perroquet;17/05/2025;0.027408;0;0
B02;"Je n""embête pas les petites bêtes.";Biodiversité;VIOLET;Groupe_Violet;perroquet;17/05/2025;0;0;0
C03;Je consomme des fruits et légumes de saison;Courses;VIOLET;Groupe_Violet;perroquet;17/05/2025;6.932;0;0
D02;Éviter le gaspillage alimentaire : se servir moins, garder pour plus tard.;Déchets;VIOLET;Groupe_Violet;dragon;18/05/2025;2.453511;0;1.390385
D04;Dans l'enceinte de l'école, je ramasse les déchets que je vois.;Déchets;VIOLET;Groupe_Violet;dragon;18/05/2025;0.00947;0;0.1
D03;Je ne jette pas de déchet par terre.;Déchets;VIOLET;Groupe_Violet;dragon;18/05/2025;0.424875;0;4.486538
B01;Je n'arrache pas les végétaux.;Biodiversité;VIOLET;Groupe_Violet;dragon;18/05/2025;0;0;0
E01;J'éteins la lumière quand je quitte une pièce;Electricité;VIOLET;Groupe_Violet;dragon;18/05/2025;0.027408;0;0
W05;"Je prends une douche plutôt qu""un bain.";Eau;VIOLET;Groupe_Violet;dragon;18/05/2025;0.140658;357;0
T03;Remplacer la voiture lors de courts trajets : vélo, trottinette, à pied, transports en commun.;Transport;VIOLET;Groupe_Violet;dragon;18/05/2025;0.506;0;0
D10;Réutiliser des bouteilles vides.;Déchets;VIOLET;Groupe_Violet;paresseux;18/05/2025;0.54243;0;0.21
D10;Utiliser moins de plastique pour faire les courses (ou les réutiliser).;Déchets;VIOLET;Groupe_Violet;paresseux;18/05/2025;0.54243;0;0.21
B02;"Je n""embête pas les petites bêtes.";Biodiversité;VIOLET;Groupe_Violet;paresseux;18/05/2025;0;0;0
W03;"Je ferme l""eau quand je me savonne.";Eau;VIOLET;Groupe_Violet;paresseux;18/05/2025;0.004964;12.6;0
W03;"Ne pas gaspiller l""eau que l’on boit.";Eau;VIOLET;Groupe_Violet;paresseux;18/05/2025;0.004964;12.6;0
E01;J'éteins la lumière quand je quitte une pièce;Electricité;VIOLET;Groupe_Violet;paresseux;18/05/2025;0.027408;0;0
C03;Je consomme des fruits et légumes de saison;Courses;VIOLET;Groupe_Violet;paresseux;18/05/2025;6.932;0;0
D02;Éviter le gaspillage alimentaire : se servir moins, garder pour plus tard.;Déchets;VIOLET;Groupe_Violet;poussin;18/05/2025;2.453511;0;1.390385
D04;Dans l'enceinte de l'école, je ramasse les déchets que je vois.;Déchets;VIOLET;Groupe_Violet;poussin;18/05/2025;0.00947;0;0.1
D03;Je ne jette pas de déchet par terre.;Déchets;VIOLET;Groupe_Violet;poussin;18/05/2025;0.424875;0;4.486538
B01;Je n'arrache pas les végétaux.;Biodiversité;VIOLET;Groupe_Violet;poussin;18/05/2025;0;0;0
W03;"Ne pas gaspiller l""eau que l’on boit.";Eau;VIOLET;Groupe_Violet;jaguar;03/04/2025;0.004964;12.6;0
E02;J’ouvre les volets/rideaux pour profiter de la lumière du jour.;Electricité;VIOLET;Groupe_Violet;jaguar;03/04/2025;0.027408;0;0
C03;Je consomme des fruits et légumes de saison;Courses;VIOLET;Groupe_Violet;dragon;05/04/2025;6.932;0;0
D10;Réutiliser des bouteilles vides.;Déchets;VIOLET;Groupe_Violet;dragon;05/04/2025;0.54243;0;0.21
D10;Utiliser moins de plastique pour faire les courses (ou les réutiliser).;Déchets;VIOLET;Groupe_Violet;dragon;05/04/2025;0.54243;0;0.21
B01;Je n'arrache pas les végétaux.;Biodiversité;VIOLET;Groupe_Violet;dragon;05/04/2025;0;0;0
W03;"Je ferme l""eau quand je me savonne.";Eau;VIOLET;Groupe_Violet;dragon;05/04/2025;0.004964;12.6;0
W03;"Ne pas gaspiller l""eau que l’on boit.";Eau;VIOLET;Groupe_Violet;dragon;05/04/2025;0.004964;12.6;0
E02;J’ouvre les volets/rideaux pour profiter de la lumière du jour.;Electricité;VIOLET;Groupe_Violet;dragon;05/04/2025;0.027408;0;0
C03;Je consomme des fruits et légumes de saison;Courses;VIOLET;Groupe_Violet;licorne;05/04/2025;6.932;0;0
D02;Éviter le gaspillage alimentaire : se servir moins, garder pour plus tard.;Déchets;VIOLET;Groupe_Violet;perroquet;21/04/2025;2.453511;0;1.390385
D04;Dans l'enceinte de l'école, je ramasse les déchets que je vois.;Déchets;VIOLET;Groupe_Violet;perroquet;21/04/2025;0.00947;0;0.1
D03;Je ne jette pas de déchet par terre.;Déchets;VIOLET;Groupe_Violet;perroquet;21/04/2025;0.424875;0;4.486538
B01;Je n'arrache pas les végétaux.;Biodiversité;VIOLET;Groupe_Violet;perroquet;21/04/2025;0;0;0
W05;"Je prends une douche plutôt qu""un bain.";Eau;VIOLET;Groupe_Violet;perroquet;21/04/2025;0.140658;357;0
T03;Remplacer la voiture lors de courts trajets : vélo, trottinette, à pied, transports en commun.;Transport;VIOLET;Groupe_Violet;perroquet;21/04/2025;0.506;0;0
E01;J'éteins la lumière quand je quitte une pièce;Electricité;VIOLET;Groupe_Violet;perroquet;21/04/2025;0.027408;0;0
D02;Éviter le gaspillage alimentaire : se servir moins, garder pour plus tard.;Déchets;VIOLET;Groupe_Violet;paresseux;21/04/2025;2.453511;0;1.390385
D04;Dans l'enceinte de l'école, je ramasse les déchets que je vois.;Déchets;VIOLET;Groupe_Violet;paresseux;21/04/2025;0.00947;0;0.1
B01;Je n'arrache pas les végétaux.;Biodiversité;VIOLET;Groupe_Violet;paresseux;21/04/2025;0;0;0
D03;Je ne jette pas de déchet par terre.;Déchets;VIOLET;Groupe_Violet;paresseux;21/04/2025;0.424875;0;4.486538
W05;"Je prends une douche plutôt qu""un bain.";Eau;VIOLET;Groupe_Violet;paresseux;21/04/2025;0.140658;357;0
T03;Remplacer la voiture lors de courts trajets : vélo, trottinette, à pied, transports en commun.;Transport;VIOLET;Groupe_Violet;paresseux;21/04/2025;0.506;0;0
E01;J'éteins la lumière quand je quitte une pièce;Electricité;VIOLET;Groupe_Violet;paresseux;21/04/2025;0.027408;0;0
B01;Je n'arrache pas les végétaux.;Biodiversité;VIOLET;Groupe_Violet;suricate;21/04/2025;0;0;0
W03;"Je ferme l""eau quand je me savonne.";Eau;VIOLET;Groupe_Violet;suricate;21/04/2025;0.004964;12.6;0
D02;Éviter le gaspillage alimentaire : se servir moins, garder pour plus tard.;Déchets;VIOLET;Groupe_Violet;dragon;22/04/2025;2.453511;0;1.390385
D04;Dans l'enceinte de l'école, je ramasse les déchets que je vois.;Déchets;VIOLET;Groupe_Violet;dragon;22/04/2025;0.00947;0;0.1
D03;Je ne jette pas de déchet par terre.;Déchets;VIOLET;Groupe_Violet;dragon;22/04/2025;0.424875;0;4.486538
B02;"Je n""embête pas les petites bêtes.";Biodiversité;VIOLET;Groupe_Violet;dragon;22/04/2025;0;0;0
W05;"Je prends une douche plutôt qu""un bain.";Eau;VIOLET;Groupe_Violet;dragon;22/04/2025;0.140658;357;0
T03;Remplacer la voiture lors de courts trajets : vélo, trottinette, à pied, transports en commun.;Transport;VIOLET;Groupe_Violet;dragon;22/04/2025;0.506;0;0
E01;J'éteins la lumière quand je quitte une pièce;Electricité;VIOLET;Groupe_Violet;dragon;22/04/2025;0.027408;0;0
E02;J’ouvre les volets/rideaux pour profiter de la lumière du jour.;Electricité;VIOLET;Groupe_Violet;suricate;24/04/2025;0.027408;0;0
D02;Éviter le gaspillage alimentaire : se servir moins, garder pour plus tard.;Déchets;VIOLET;Groupe_Violet;girafe;25/04/2025;2.453511;0;1.390385
D10;Utiliser moins de plastique pour faire les courses (ou les réutiliser).;Déchets;VIOLET;Groupe_Violet;girafe;25/04/2025;0.54243;0;0.21
B02;"Je n""embête pas les petites bêtes.";Biodiversité;VIOLET;Groupe_Violet;girafe;25/04/2025;0;0;0
W05;"Je prends une douche plutôt qu""un bain.";Eau;VIOLET;Groupe_Violet;girafe;25/04/2025;0.140658;357;0
E02;J’ouvre les volets/rideaux pour profiter de la lumière du jour.;Electricité;VIOLET;Groupe_Violet;girafe;25/04/2025;0.027408;0;0
C03;Je consomme des fruits et légumes de saison;Courses;VIOLET;Groupe_Violet;paresseux;27/04/2025;6.932;0;0
D10;Réutiliser des bouteilles vides.;Déchets;VIOLET;Groupe_Violet;paresseux;27/04/2025;0.54243;0;0.21
D10;Utiliser moins de plastique pour faire les courses (ou les réutiliser).;Déchets;VIOLET;Groupe_Violet;paresseux;27/04/2025;0.54243;0;0.21
B02;"Je n""embête pas les petites bêtes.";Biodiversité;VIOLET;Groupe_Violet;paresseux;27/04/2025;0;0;0
W03;"Je ferme l""eau quand je me savonne.";Eau;VIOLET;Groupe_Violet;paresseux;27/04/2025;0.004964;12.6;0
W03;"Ne pas gaspiller l""eau que l’on boit.";Eau;VIOLET;Groupe_Violet;paresseux;27/04/2025;0.004964;12.6;0
E02;J’ouvre les volets/rideaux pour profiter de la lumière du jour.;Electricité;VIOLET;Groupe_Violet;paresseux;27/04/2025;0.027408;0;0
C03;Je consomme des fruits et légumes de saison;Courses;VIOLET;Groupe_Violet;dragon;28/04/2025;6.932;0;0
D10;Réutiliser des bouteilles vides.;Déchets;VIOLET;Groupe_Violet;dragon;28/04/2025;0.54243;0;0.21
D10;Utiliser moins de plastique pour faire les courses (ou les réutiliser).;Déchets;VIOLET;Groupe_Violet;dragon;28/04/2025;0.54243;0;0.21
B01;Je n'arrache pas les végétaux.;Biodiversité;VIOLET;Groupe_Violet;dragon;28/04/2025;0;0;0
W03;"Je ferme l""eau quand je me savonne.";Eau;VIOLET;Groupe_Violet;dragon;28/04/2025;0.004964;12.6;0
W03;"Ne pas gaspiller l""eau que l’on boit.";Eau;VIOLET;Groupe_Violet;dragon;28/04/2025;0.004964;12.6;0
E02;J’ouvre les volets/rideaux pour profiter de la lumière du jour.;Electricité;VIOLET;Groupe_Violet;dragon;28/04/2025;0.027408;0;0
D03;Je ne jette pas de déchet par terre.;Déchets;VIOLET;Groupe_Violet;suricate;01/05/2025;0.424875;0;4.486538
C03;Je consomme des fruits et légumes de saison;Courses;VIOLET;Groupe_Violet;tortue;04/05/2025;6.932;0;0
D10;Réutiliser des bouteilles vides.;Déchets;VIOLET;Groupe_Violet;tortue;04/05/2025;0.54243;0;0.21
D10;Utiliser moins de plastique pour faire les courses (ou les réutiliser).;Déchets;VIOLET;Groupe_Violet;tortue;04/05/2025;0.54243;0;0.21
B02;"Je n""embête pas les petites bêtes.";Biodiversité;VIOLET;Groupe_Violet;tortue;04/05/2025;0;0;0
W03;"Je ferme l""eau quand je me savonne.";Eau;VIOLET;Groupe_Violet;tortue;04/05/2025;0.004964;12.6;0
W03;"Ne pas gaspiller l""eau que l’on boit.";Eau;VIOLET;Groupe_Violet;tortue;04/05/2025;0.004964;12.6;0
E02;J’ouvre les volets/rideaux pour profiter de la lumière du jour.;Electricité;VIOLET;Groupe_Violet;tortue;04/05/2025;0.027408;0;0
C03;Je consomme des fruits et légumes de saison;Courses;VIOLET;Groupe_Violet;paresseux;04/05/2025;6.932;0;0
D10;Réutiliser des bouteilles vides.;Déchets;VIOLET;Groupe_Violet;paresseux;04/05/2025;0.54243;0;0.21
D10;Utiliser moins de plastique pour faire les courses (ou les réutiliser).;Déchets;VIOLET;Groupe_Violet;paresseux;04/05/2025;0.54243;0;0.21
B02;"Je n""embête pas les petites bêtes.";Biodiversité;VIOLET;Groupe_Violet;paresseux;04/05/2025;0;0;0
W03;"Je ferme l""eau quand je me savonne.";Eau;VIOLET;Groupe_Violet;paresseux;04/05/2025;0.004964;12.6;0
W03;"Ne pas gaspiller l""eau que l’on boit.";Eau;VIOLET;Groupe_Violet;paresseux;04/05/2025;0.004964;12.6;0
E02;J’ouvre les volets/rideaux pour profiter de la lumière du jour.;Electricité;VIOLET;Groupe_Violet;paresseux;04/05/2025;0.027408;0;0
C03;Je consomme des fruits et légumes de saison;Courses;VIOLET;Groupe_Violet;dragon;10/05/2025;6.932;0;0
D10;Réutiliser des bouteilles vides.;Déchets;VIOLET;Groupe_Violet;dragon;10/05/2025;0.54243;0;0.21
D10;Utiliser moins de plastique pour faire les courses (ou les réutiliser).;Déchets;VIOLET;Groupe_Violet;dragon;10/05/2025;0.54243;0;0.21
B01;Je n'arrache pas les végétaux.;Biodiversité;VIOLET;Groupe_Violet;dragon;10/05/2025;0;0;0
W03;"Je ferme l""eau quand je me savonne.";Eau;VIOLET;Groupe_Violet;dragon;10/05/2025;0.004964;12.6;0
W03;"Ne pas gaspiller l""eau que l’on boit.";Eau;VIOLET;Groupe_Violet;dragon;10/05/2025;0.004964;12.6;0
E02;J’ouvre les volets/rideaux pour profiter de la lumière du jour.;Electricité;VIOLET;Groupe_Violet;dragon;10/05/2025;0.027408;0;0
C03;Je consomme des fruits et légumes de saison;Courses;VIOLET;Groupe_Violet;tortue;11/05/2025;6.932;0;0
D10;Réutiliser des bouteilles vides.;Déchets;VIOLET;Groupe_Violet;tortue;11/05/2025;0.54243;0;0.21
D10;Utiliser moins de plastique pour faire les courses (ou les réutiliser).;Déchets;VIOLET;Groupe_Violet;tortue;11/05/2025;0.54243;0;0.21
B02;"Je n""embête pas les petites bêtes.";Biodiversité;VIOLET;Groupe_Violet;tortue;11/05/2025;0;0;0
W03;"Je ferme l""eau quand je me savonne.";Eau;VIOLET;Groupe_Violet;tortue;11/05/2025;0.004964;12.6;0
W03;"Ne pas gaspiller l""eau que l’on boit.";Eau;VIOLET;Groupe_Violet;tortue;11/05/2025;0.004964;12.6;0
E02;J’ouvre les volets/rideaux pour profiter de la lumière du jour.;Electricité;VIOLET;Groupe_Violet;tortue;11/05/2025;0.027408;0;0
C03;Je consomme des fruits et légumes de saison;Courses;VIOLET;Groupe_Violet;paresseux;11/05/2025;6.932;0;0
D10;Réutiliser des bouteilles vides.;Déchets;VIOLET;Groupe_Violet;paresseux;11/05/2025;0.54243;0;0.21
D10;Utiliser moins de plastique pour faire les courses (ou les réutiliser).;Déchets;VIOLET;Groupe_Violet;paresseux;11/05/2025;0.54243;0;0.21
B02;"Je n""embête pas les petites bêtes.";Biodiversité;VIOLET;Groupe_Violet;paresseux;11/05/2025;0;0;0
W03;"Je ferme l""eau quand je me savonne.";Eau;VIOLET;Groupe_Violet;paresseux;11/05/2025;0.004964;12.6;0
W03;"Ne pas gaspiller l""eau que l’on boit.";Eau;VIOLET;Groupe_Violet;paresseux;11/05/2025;0.004964;12.6;0
E02;J’ouvre les volets/rideaux pour profiter de la lumière du jour.;Electricité;VIOLET;Groupe_Violet;paresseux;11/05/2025;0.027408;0;0
D02;Éviter le gaspillage alimentaire : se servir moins, garder pour plus tard.;Déchets;VIOLET;Groupe_Violet;girafe;13/05/2025;2.453511;0;1.390385
D10;Réutiliser des bouteilles vides.;Déchets;VIOLET;Groupe_Violet;girafe;13/05/2025;0.54243;0;0.21
B02;"Je n""embête pas les petites bêtes.";Biodiversité;VIOLET;Groupe_Violet;girafe;13/05/2025;0;0;0
W03;"Je ferme l""eau quand je me savonne.";Eau;VIOLET;Groupe_Violet;girafe;13/05/2025;0.004964;12.6;0
E02;J’ouvre les volets/rideaux pour profiter de la lumière du jour.;Electricité;VIOLET;Groupe_Violet;girafe;13/05/2025;0.027408;0;0
C03;Je consomme des fruits et légumes de saison;Courses;VIOLET;Groupe_Violet;dauphin;13/05/2025;6.932;0;0
D03;Je ne jette pas de déchet par terre.;Déchets;VIOLET;Groupe_Violet;dauphin;13/05/2025;0.424875;0;4.486538
D10;Utiliser moins de plastique pour faire les courses (ou les réutiliser).;Déchets;VIOLET;Groupe_Violet;dauphin;13/05/2025;0.54243;0;0.21
B01;Je n'arrache pas les végétaux.;Biodiversité;VIOLET;Groupe_Violet;dauphin;13/05/2025;0;0;0
W05;"Je prends une douche plutôt qu""un bain.";Eau;VIOLET;Groupe_Violet;dauphin;13/05/2025;0.140658;357;0
E02;J’ouvre les volets/rideaux pour profiter de la lumière du jour.;Electricité;VIOLET;Groupe_Violet;dauphin;13/05/2025;0.027408;0;0
W05;"Je prends une douche plutôt qu""un bain.";Eau;VIOLET;Groupe_Violet;chat;22/05/2025;0.140658;357;0
W03;"Ne pas gaspiller l""eau que l’on boit.";Eau;VIOLET;Groupe_Violet;chat;22/05/2025;0.004964;12.6;0
T03;Remplacer la voiture lors de courts trajets : vélo, trottinette, à pied, transports en commun.;Transport;VIOLET;Groupe_Violet;chat;22/05/2025;0.506;0;0
E02;J’ouvre les volets/rideaux pour profiter de la lumière du jour.;Electricité;VIOLET;Groupe_Violet;chat;22/05/2025;0.027408;0;0
E01;J'éteins la lumière quand je quitte une pièce;Electricité;VIOLET;Groupe_Violet;chat;22/05/2025;0.027408;0;0
D04;Dans l'enceinte de l'école, je ramasse les déchets que je vois.;Déchets;VIOLET;Groupe_Violet;chat;22/05/2025;0.00947;0;0.1
C03;Je consomme des fruits et légumes de saison;Courses;VIOLET;Groupe_Violet;chat;22/05/2025;6.932;0;0
C03;Je consomme des fruits et légumes de saison;Courses;VIOLET;Groupe_Violet;paresseux;25/05/2025;6.932;0;0
D10;Réutiliser des bouteilles vides.;Déchets;VIOLET;Groupe_Violet;paresseux;25/05/2025;0.54243;0;0.21
D10;Utiliser moins de plastique pour faire les courses (ou les réutiliser).;Déchets;VIOLET;Groupe_Violet;paresseux;25/05/2025;0.54243;0;0.21
B02;"Je n""embête pas les petites bêtes.";Biodiversité;VIOLET;Groupe_Violet;paresseux;25/05/2025;0;0;0
W03;"Je ferme l""eau quand je me savonne.";Eau;VIOLET;Groupe_Violet;paresseux;25/05/2025;0.004964;12.6;0
W03;"Ne pas gaspiller l""eau que l’on boit.";Eau;VIOLET;Groupe_Violet;paresseux;25/05/2025;0.004964;12.6;0
E01;J'éteins la lumière quand je quitte une pièce;Electricité;VIOLET;Groupe_Violet;paresseux;25/05/2025;0.027408;0;0
C03;Je consomme des fruits et légumes de saison;Courses;VIOLET;Groupe_Violet;tortue;25/05/2025;6.932;0;0
D10;Réutiliser des bouteilles vides.;Déchets;VIOLET;Groupe_Violet;tortue;25/05/2025;0.54243;0;0.21
D10;Utiliser moins de plastique pour faire les courses (ou les réutiliser).;Déchets;VIOLET;Groupe_Violet;tortue;25/05/2025;0.54243;0;0.21
B02;"Je n""embête pas les petites bêtes.";Biodiversité;VIOLET;Groupe_Violet;tortue;25/05/2025;0;0;0
W03;"Je ferme l""eau quand je me savonne.";Eau;VIOLET;Groupe_Violet;tortue;25/05/2025;0.004964;12.6;0
W03;"Ne pas gaspiller l""eau que l’on boit.";Eau;VIOLET;Groupe_Violet;tortue;25/05/2025;0.004964;12.6;0
E02;J’ouvre les volets/rideaux pour profiter de la lumière du jour.;Electricité;VIOLET;Groupe_Violet;tortue;25/05/2025;0.027408;0;0
W05;"Je prends une douche plutôt qu""un bain.";Eau;VIOLET;Groupe_Violet;perroquet;05/06/2025;0.140658;357;0
T03;Remplacer la voiture lors de courts trajets : vélo, trottinette, à pied, transports en commun.;Transport;VIOLET;Groupe_Violet;perroquet;05/06/2025;0.506;0;0
D02;Éviter le gaspillage alimentaire : se servir moins, garder pour plus tard.;Déchets;VIOLET;Groupe_Violet;perroquet;05/06/2025;2.453511;0;1.390385
D03;Je ne jette pas de déchet par terre.;Déchets;VIOLET;Groupe_Violet;perroquet;05/06/2025;0.424875;0;4.486538
D04;Dans l'enceinte de l'école, je ramasse les déchets que je vois.;Déchets;VIOLET;Groupe_Violet;perroquet;05/06/2025;0.00947;0;0.1
E02;J’ouvre les volets/rideaux pour profiter de la lumière du jour.;Electricité;VIOLET;Groupe_Violet;perroquet;05/06/2025;0.027408;0;0
B02;"Je n""embête pas les petites bêtes.";Biodiversité;VIOLET;Groupe_Violet;perroquet;05/06/2025;0;0;0
C03;Je consomme des fruits et légumes de saison;Courses;VIOLET;Groupe_Violet;dragon;29/05/2025;6.932;0;0
D10;Réutiliser des bouteilles vides.;Déchets;VIOLET;Groupe_Violet;dragon;29/05/2025;0.54243;0;0.21
D10;Utiliser moins de plastique pour faire les courses (ou les réutiliser).;Déchets;VIOLET;Groupe_Violet;dragon;29/05/2025;0.54243;0;0.21
B02;"Je n""embête pas les petites bêtes.";Biodiversité;VIOLET;Groupe_Violet;dragon;29/05/2025;0;0;0
W03;"Je ferme l""eau quand je me savonne.";Eau;VIOLET;Groupe_Violet;dragon;29/05/2025;0.004964;12.6;0
W03;"Ne pas gaspiller l""eau que l’on boit.";Eau;VIOLET;Groupe_Violet;dragon;29/05/2025;0.004964;12.6;0
E01;J'éteins la lumière quand je quitte une pièce;Electricité;VIOLET;Groupe_Violet;dragon;29/05/2025;0.027408;0;0
D10;Réutiliser des bouteilles vides.;Déchets;VIOLET;Groupe_Violet;jaguar;31/05/2025;0.54243;0;0.21
D10;Utiliser moins de plastique pour faire les courses (ou les réutiliser).;Déchets;VIOLET;Groupe_Violet;jaguar;31/05/2025;0.54243;0;0.21
B02;"Je n""embête pas les petites bêtes.";Biodiversité;VIOLET;Groupe_Violet;jaguar;31/05/2025;0;0;0
W03;"Ne pas gaspiller l""eau que l’on boit.";Eau;VIOLET;Groupe_Violet;jaguar;31/05/2025;0.004964;12.6;0
C03;Je consomme des fruits et légumes de saison;Courses;VIOLET;Groupe_Violet;suricate;31/05/2025;6.932;0;0
D03;Je ne jette pas de déchet par terre.;Déchets;VIOLET;Groupe_Violet;suricate;31/05/2025;0.424875;0;4.486538
B01;Je n'arrache pas les végétaux.;Biodiversité;VIOLET;Groupe_Violet;suricate;31/05/2025;0;0;0
D02;Éviter le gaspillage alimentaire : se servir moins, garder pour plus tard.;Déchets;VIOLET;Groupe_Violet;tortue;01/06/2025;2.453511;0;1.390385
D04;Dans l'enceinte de l'école, je ramasse les déchets que je vois.;Déchets;VIOLET;Groupe_Violet;tortue;01/06/2025;0.00947;0;0.1
D03;Je ne jette pas de déchet par terre.;Déchets;VIOLET;Groupe_Violet;tortue;01/06/2025;0.424875;0;4.486538
B01;Je n'arrache pas les végétaux.;Biodiversité;VIOLET;Groupe_Violet;tortue;01/06/2025;0;0;0
W05;"Je prends une douche plutôt qu""un bain.";Eau;VIOLET;Groupe_Violet;tortue;01/06/2025;0.140658;357;0
T03;Remplacer la voiture lors de courts trajets : vélo, trottinette, à pied, transports en commun.;Transport;VIOLET;Groupe_Violet;tortue;01/06/2025;0.506;0;0
E01;J'éteins la lumière quand je quitte une pièce;Electricité;VIOLET;Groupe_Violet;tortue;01/06/2025;0.027408;0;0
D02;Éviter le gaspillage alimentaire : se servir moins, garder pour plus tard.;Déchets;VIOLET;Groupe_Violet;paresseux;01/06/2025;2.453511;0;1.390385
D04;Dans l'enceinte de l'école, je ramasse les déchets que je vois.;Déchets;VIOLET;Groupe_Violet;paresseux;01/06/2025;0.00947;0;0.1
D03;Je ne jette pas de déchet par terre.;Déchets;VIOLET;Groupe_Violet;paresseux;01/06/2025;0.424875;0;4.486538
B01;Je n'arrache pas les végétaux.;Biodiversité;VIOLET;Groupe_Violet;paresseux;01/06/2025;0;0;0
W05;"Je prends une douche plutôt qu""un bain.";Eau;VIOLET;Groupe_Violet;paresseux;01/06/2025;0.140658;357;0
T03;Remplacer la voiture lors de courts trajets : vélo, trottinette, à pied, transports en commun.;Transport;VIOLET;Groupe_Violet;paresseux;01/06/2025;0.506;0;0
E01;J'éteins la lumière quand je quitte une pièce;Electricité;VIOLET;Groupe_Violet;paresseux;01/06/2025;0.027408;0;0
D02;Éviter le gaspillage alimentaire : se servir moins, garder pour plus tard.;Déchets;VIOLET;Groupe_Violet;girafe;02/06/2025;2.453511;0;1.390385
D10;Utiliser moins de plastique pour faire les courses (ou les réutiliser).;Déchets;VIOLET;Groupe_Violet;girafe;02/06/2025;0.54243;0;0.21
B02;"Je n""embête pas les petites bêtes.";Biodiversité;VIOLET;Groupe_Violet;girafe;02/06/2025;0;0;0
W05;"Je prends une douche plutôt qu""un bain.";Eau;VIOLET;Groupe_Violet;girafe;02/06/2025;0.140658;357;0
W03;"Je ferme l""eau quand je me savonne.";Eau;VIOLET;Groupe_Violet;girafe;02/06/2025;0.004964;12.6;0
E01;J'éteins la lumière quand je quitte une pièce;Electricité;VIOLET;Groupe_Violet;girafe;02/06/2025;0.027408;0;0
D02;Éviter le gaspillage alimentaire : se servir moins, garder pour plus tard.;Déchets;VIOLET;Groupe_Violet;chat;02/06/2025;2.453511;0;1.390385
D04;Dans l'enceinte de l'école, je ramasse les déchets que je vois.;Déchets;VIOLET;Groupe_Violet;chat;02/06/2025;0.00947;0;0.1
D03;Je ne jette pas de déchet par terre.;Déchets;VIOLET;Groupe_Violet;chat;02/06/2025;0.424875;0;4.486538
B01;Je n'arrache pas les végétaux.;Biodiversité;VIOLET;Groupe_Violet;chat;02/06/2025;0;0;0
W05;"Je prends une douche plutôt qu""un bain.";Eau;VIOLET;Groupe_Violet;chat;02/06/2025;0.140658;357;0
T03;Remplacer la voiture lors de courts trajets : vélo, trottinette, à pied, transports en commun.;Transport;VIOLET;Groupe_Violet;chat;02/06/2025;0.506;0;0
E01;J'éteins la lumière quand je quitte une pièce;Electricité;VIOLET;Groupe_Violet;chat;02/06/2025;0.027408;0;0
D10;Réutiliser des bouteilles vides.;Déchets;VIOLET;Groupe_Violet;poussin;03/06/2025;0.54243;0;0.21
D03;Je ne jette pas de déchet par terre.;Déchets;VIOLET;Groupe_Violet;poussin;03/06/2025;0.424875;0;4.486538
B01;Je n'arrache pas les végétaux.;Biodiversité;VIOLET;Groupe_Violet;poussin;03/06/2025;0;0;0
W03;"Je ferme l""eau quand je me savonne.";Eau;VIOLET;Groupe_Violet;poussin;03/06/2025;0.004964;12.6;0
E01;J'éteins la lumière quand je quitte une pièce;Electricité;VIOLET;Groupe_Violet;poussin;03/06/2025;0.027408;0;0
D02;Éviter le gaspillage alimentaire : se servir moins, garder pour plus tard.;Déchets;VIOLET;Groupe_Violet;paresseux;25/05/2025;2.453511;0;1.390385
D04;Dans l'enceinte de l'école, je ramasse les déchets que je vois.;Déchets;VIOLET;Groupe_Violet;paresseux;25/05/2025;0.00947;0;0.1
D03;Je ne jette pas de déchet par terre.;Déchets;VIOLET;Groupe_Violet;paresseux;25/05/2025;0.424875;0;4.486538
B01;Je n'arrache pas les végétaux.;Biodiversité;VIOLET;Groupe_Violet;paresseux;25/05/2025;0;0;0
W05;"Je prends une douche plutôt qu""un bain.";Eau;VIOLET;Groupe_Violet;paresseux;25/05/2025;0.140658;357;0
T03;Remplacer la voiture lors de courts trajets : vélo, trottinette, à pied, transports en commun.;Transport;VIOLET;Groupe_Violet;paresseux;25/05/2025;0.506;0;0
E02;J’ouvre les volets/rideaux pour profiter de la lumière du jour.;Electricité;VIOLET;Groupe_Violet;paresseux;25/05/2025;0.027408;0;0
D02;Éviter le gaspillage alimentaire : se servir moins, garder pour plus tard.;Déchets;VIOLET;Groupe_Violet;tortue;25/05/2025;2.453511;0;1.390385
D04;Dans l'enceinte de l'école, je ramasse les déchets que je vois.;Déchets;VIOLET;Groupe_Violet;tortue;25/05/2025;0.00947;0;0.1
D03;Je ne jette pas de déchet par terre.;Déchets;VIOLET;Groupe_Violet;tortue;25/05/2025;0.424875;0;4.486538
B01;Je n'arrache pas les végétaux.;Biodiversité;VIOLET;Groupe_Violet;tortue;25/05/2025;0;0;0
W05;"Je prends une douche plutôt qu""un bain.";Eau;VIOLET;Groupe_Violet;tortue;25/05/2025;0.140658;357;0
T03;Remplacer la voiture lors de courts trajets : vélo, trottinette, à pied, transports en commun.;Transport;VIOLET;Groupe_Violet;tortue;25/05/2025;0.506;0;0
E01;J'éteins la lumière quand je quitte une pièce;Electricité;VIOLET;Groupe_Violet;tortue;25/05/2025;0.027408;0;0
W03;"Je ferme l""eau quand je me savonne.";Eau;VIOLET;Groupe_Violet;perroquet;05/06/2025;0.004964;12.6;0
W03;"Ne pas gaspiller l""eau que l’on boit.";Eau;VIOLET;Groupe_Violet;perroquet;05/06/2025;0.004964;12.6;0
C03;Je consomme des fruits et légumes de saison;Courses;VIOLET;Groupe_Violet;perroquet;05/06/2025;6.932;0;0
D10;Utiliser moins de plastique pour faire les courses (ou les réutiliser).;Déchets;VIOLET;Groupe_Violet;perroquet;05/06/2025;0.54243;0;0.21
D10;Réutiliser des bouteilles vides.;Déchets;VIOLET;Groupe_Violet;perroquet;05/06/2025;0.54243;0;0.21
E01;J'éteins la lumière quand je quitte une pièce;Electricité;VIOLET;Groupe_Violet;perroquet;05/06/2025;0.027408;0;0
B01;Je n'arrache pas les végétaux.;Biodiversité;VIOLET;Groupe_Violet;perroquet;05/06/2025;0;0;0
C03;Je consomme des fruits et légumes de saison;Courses;VIOLET;Groupe_Violet;suricate;07/06/2025;6.932;0;0
D04;Dans l'enceinte de l'école, je ramasse les déchets que je vois.;Déchets;VIOLET;Groupe_Violet;suricate;07/06/2025;0.00947;0;0.1
D03;Je ne jette pas de déchet par terre.;Déchets;VIOLET;Groupe_Violet;suricate;07/06/2025;0.424875;0;4.486538
B01;Je n'arrache pas les végétaux.;Biodiversité;VIOLET;Groupe_Violet;suricate;07/06/2025;0;0;0
W05;"Je prends une douche plutôt qu""un bain.";Eau;VIOLET;Groupe_Violet;suricate;07/06/2025;0.140658;357;0
D02;Éviter le gaspillage alimentaire : se servir moins, garder pour plus tard.;Déchets;VIOLET;Groupe_Violet;dragon;08/06/2025;2.453511;0;1.390385
D10;Réutiliser des bouteilles vides.;Déchets;VIOLET;Groupe_Violet;dragon;08/06/2025;0.54243;0;0.21
D04;Dans l'enceinte de l'école, je ramasse les déchets que je vois.;Déchets;VIOLET;Groupe_Violet;dragon;08/06/2025;0.00947;0;0.1
D10;Utiliser moins de plastique pour faire les courses (ou les réutiliser).;Déchets;VIOLET;Groupe_Violet;dragon;08/06/2025;0.54243;0;0.21
D03;Je ne jette pas de déchet par terre.;Déchets;VIOLET;Groupe_Violet;dragon;08/06/2025;0.424875;0;4.486538
B01;Je n'arrache pas les végétaux.;Biodiversité;VIOLET;Groupe_Violet;dragon;08/06/2025;0;0;0
B02;"Je n""embête pas les petites bêtes.";Biodiversité;VIOLET;Groupe_Violet;dragon;08/06/2025;0;0;0
W03;"Je ferme l""eau quand je me savonne.";Eau;VIOLET;Groupe_Violet;dragon;08/06/2025;0.004964;12.6;0
W05;"Je prends une douche plutôt qu""un bain.";Eau;VIOLET;Groupe_Violet;dragon;08/06/2025;0.140658;357;0
W03;"Ne pas gaspiller l""eau que l’on boit.";Eau;VIOLET;Groupe_Violet;dragon;08/06/2025;0.004964;12.6;0
T03;Remplacer la voiture lors de courts trajets : vélo, trottinette, à pied, transports en commun.;Transport;VIOLET;Groupe_Violet;dragon;08/06/2025;0.506;0;0
E02;J’ouvre les volets/rideaux pour profiter de la lumière du jour.;Electricité;VIOLET;Groupe_Violet;dragon;08/06/2025;0.027408;0;0
E01;J'éteins la lumière quand je quitte une pièce;Electricité;VIOLET;Groupe_Violet;dragon;08/06/2025;0.027408;0;0
C03;Je consomme des fruits et légumes de saison;Courses;VIOLET;Groupe_Violet;paresseux;08/06/2025;6.932;0;0
D02;Éviter le gaspillage alimentaire : se servir moins, garder pour plus tard.;Déchets;VIOLET;Groupe_Violet;paresseux;08/06/2025;2.453511;0;1.390385
D10;Réutiliser des bouteilles vides.;Déchets;VIOLET;Groupe_Violet;paresseux;08/06/2025;0.54243;0;0.21
D04;Dans l'enceinte de l'école, je ramasse les déchets que je vois.;Déchets;VIOLET;Groupe_Violet;paresseux;08/06/2025;0.00947;0;0.1
D10;Utiliser moins de plastique pour faire les courses (ou les réutiliser).;Déchets;VIOLET;Groupe_Violet;paresseux;08/06/2025;0.54243;0;0.21
D03;Je ne jette pas de déchet par terre.;Déchets;VIOLET;Groupe_Violet;paresseux;08/06/2025;0.424875;0;4.486538
B02;"Je n""embête pas les petites bêtes.";Biodiversité;VIOLET;Groupe_Violet;paresseux;08/06/2025;0;0;0
B01;Je n'arrache pas les végétaux.;Biodiversité;VIOLET;Groupe_Violet;paresseux;08/06/2025;0;0;0
W03;"Je ferme l""eau quand je me savonne.";Eau;VIOLET;Groupe_Violet;paresseux;08/06/2025;0.004964;12.6;0
W05;"Je prends une douche plutôt qu""un bain.";Eau;VIOLET;Groupe_Violet;paresseux;08/06/2025;0.140658;357;0
W03;"Ne pas gaspiller l""eau que l’on boit.";Eau;VIOLET;Groupe_Violet;paresseux;08/06/2025;0.004964;12.6;0
T03;Remplacer la voiture lors de courts trajets : vélo, trottinette, à pied, transports en commun.;Transport;VIOLET;Groupe_Violet;paresseux;08/06/2025;0.506;0;0
E02;J’ouvre les volets/rideaux pour profiter de la lumière du jour.;Electricité;VIOLET;Groupe_Violet;paresseux;08/06/2025;0.027408;0;0
E01;J'éteins la lumière quand je quitte une pièce;Electricité;VIOLET;Groupe_Violet;paresseux;08/06/2025;0.027408;0;0
C03;Je consomme des fruits et légumes de saison;Courses;VIOLET;Groupe_Violet;tortue;09/06/2025;6.932;0;0
D02;Éviter le gaspillage alimentaire : se servir moins, garder pour plus tard.;Déchets;VIOLET;Groupe_Violet;tortue;09/06/2025;2.453511;0;1.390385
D10;Réutiliser des bouteilles vides.;Déchets;VIOLET;Groupe_Violet;tortue;09/06/2025;0.54243;0;0.21
D04;Dans l'enceinte de l'école, je ramasse les déchets que je vois.;Déchets;VIOLET;Groupe_Violet;tortue;09/06/2025;0.00947;0;0.1
D10;Utiliser moins de plastique pour faire les courses (ou les réutiliser).;Déchets;VIOLET;Groupe_Violet;tortue;09/06/2025;0.54243;0;0.21
D03;Je ne jette pas de déchet par terre.;Déchets;VIOLET;Groupe_Violet;tortue;09/06/2025;0.424875;0;4.486538
B02;"Je n""embête pas les petites bêtes.";Biodiversité;VIOLET;Groupe_Violet;tortue;09/06/2025;0;0;0
B01;Je n'arrache pas les végétaux.;Biodiversité;VIOLET;Groupe_Violet;tortue;09/06/2025;0;0;0
W03;"Je ferme l""eau quand je me savonne.";Eau;VIOLET;Groupe_Violet;tortue;09/06/2025;0.004964;12.6;0
W05;"Je prends une douche plutôt qu""un bain.";Eau;VIOLET;Groupe_Violet;tortue;09/06/2025;0.140658;357;0
W03;"Ne pas gaspiller l""eau que l’on boit.";Eau;VIOLET;Groupe_Violet;tortue;09/06/2025;0.004964;12.6;0
T03;Remplacer la voiture lors de courts trajets : vélo, trottinette, à pied, transports en commun.;Transport;VIOLET;Groupe_Violet;tortue;09/06/2025;0.506;0;0
E02;J’ouvre les volets/rideaux pour profiter de la lumière du jour.;Electricité;VIOLET;Groupe_Violet;tortue;09/06/2025;0.027408;0;0
E01;J'éteins la lumière quand je quitte une pièce;Electricité;VIOLET;Groupe_Violet;tortue;09/06/2025;0.027408;0;0
C03;Je consomme des fruits et légumes de saison;Courses;VIOLET;Groupe_Violet;poussin;10/06/2025;6.932;0;0
D02;Éviter le gaspillage alimentaire : se servir moins, garder pour plus tard.;Déchets;VIOLET;Groupe_Violet;poussin;10/06/2025;2.453511;0;1.390385
D10;Réutiliser des bouteilles vides.;Déchets;VIOLET;Groupe_Violet;poussin;10/06/2025;0.54243;0;0.21
D04;Dans l'enceinte de l'école, je ramasse les déchets que je vois.;Déchets;VIOLET;Groupe_Violet;poussin;10/06/2025;0.00947;0;0.1
D10;Utiliser moins de plastique pour faire les courses (ou les réutiliser).;Déchets;VIOLET;Groupe_Violet;poussin;10/06/2025;0.54243;0;0.21
D03;Je ne jette pas de déchet par terre.;Déchets;VIOLET;Groupe_Violet;poussin;10/06/2025;0.424875;0;4.486538
B02;"Je n""embête pas les petites bêtes.";Biodiversité;VIOLET;Groupe_Violet;poussin;10/06/2025;0;0;0
D02;Éviter le gaspillage alimentaire : se servir moins, garder pour plus tard.;Déchets;VIOLET;Groupe_Violet;dragon;29/05/2025;2.453511;0;1.390385
B01;Je n'arrache pas les végétaux.;Biodiversité;VIOLET;Groupe_Violet;poussin;10/06/2025;0;0;0
W05;"Je prends une douche plutôt qu""un bain.";Eau;VIOLET;Groupe_Violet;poussin;10/06/2025;0.140658;357;0
E02;J’ouvre les volets/rideaux pour profiter de la lumière du jour.;Electricité;VIOLET;Groupe_Violet;poussin;10/06/2025;0.027408;0;0
C03;Je consomme des fruits et légumes de saison;Courses;VIOLET;Groupe_Violet;jaguar;12/06/2025;6.932;0;0
D10;Réutiliser des bouteilles vides.;Déchets;VIOLET;Groupe_Violet;jaguar;12/06/2025;0.54243;0;0.21
D10;Utiliser moins de plastique pour faire les courses (ou les réutiliser).;Déchets;VIOLET;Groupe_Violet;jaguar;12/06/2025;0.54243;0;0.21
B02;"Je n""embête pas les petites bêtes.";Biodiversité;VIOLET;Groupe_Violet;jaguar;12/06/2025;0;0;0
W03;"Ne pas gaspiller l""eau que l’on boit.";Eau;VIOLET;Groupe_Violet;jaguar;12/06/2025;0.004964;12.6;0
C03;Je consomme des fruits et légumes de saison;Courses;VIOLET;Groupe_Violet;paresseux;15/06/2025;6.932;0;0
D10;Réutiliser des bouteilles vides.;Déchets;VIOLET;Groupe_Violet;paresseux;15/06/2025;0.54243;0;0.21
D10;Utiliser moins de plastique pour faire les courses (ou les réutiliser).;Déchets;VIOLET;Groupe_Violet;paresseux;15/06/2025;0.54243;0;0.21
B02;"Je n""embête pas les petites bêtes.";Biodiversité;VIOLET;Groupe_Violet;paresseux;15/06/2025;0;0;0
W03;"Je ferme l""eau quand je me savonne.";Eau;VIOLET;Groupe_Violet;paresseux;15/06/2025;0.004964;12.6;0
W03;"Ne pas gaspiller l""eau que l’on boit.";Eau;VIOLET;Groupe_Violet;paresseux;15/06/2025;0.004964;12.6;0
E02;J’ouvre les volets/rideaux pour profiter de la lumière du jour.;Electricité;VIOLET;Groupe_Violet;paresseux;15/06/2025;0.027408;0;0
D10;Réutiliser des bouteilles vides.;Déchets;VIOLET;Groupe_Violet;chat;15/06/2025;0.54243;0;0.21
D10;Utiliser moins de plastique pour faire les courses (ou les réutiliser).;Déchets;VIOLET;Groupe_Violet;chat;15/06/2025;0.54243;0;0.21
B02;"Je n""embête pas les petites bêtes.";Biodiversité;VIOLET;Groupe_Violet;chat;15/06/2025;0;0;0
W05;"Je prends une douche plutôt qu""un bain.";Eau;VIOLET;Groupe_Violet;chat;15/06/2025;0.140658;357;0
E02;J’ouvre les volets/rideaux pour profiter de la lumière du jour.;Electricité;VIOLET;Groupe_Violet;chat;15/06/2025;0.027408;0;0
D02;Éviter le gaspillage alimentaire : se servir moins, garder pour plus tard.;Déchets;VIOLET;Groupe_Violet;tortue;15/06/2025;2.453511;0;1.390385
D04;Dans l'enceinte de l'école, je ramasse les déchets que je vois.;Déchets;VIOLET;Groupe_Violet;tortue;15/06/2025;0.00947;0;0.1
D03;Je ne jette pas de déchet par terre.;Déchets;VIOLET;Groupe_Violet;tortue;15/06/2025;0.424875;0;4.486538
B01;Je n'arrache pas les végétaux.;Biodiversité;VIOLET;Groupe_Violet;tortue;15/06/2025;0;0;0
W05;"Je prends une douche plutôt qu""un bain.";Eau;VIOLET;Groupe_Violet;tortue;15/06/2025;0.140658;357;0
T03;Remplacer la voiture lors de courts trajets : vélo, trottinette, à pied, transports en commun.;Transport;VIOLET;Groupe_Violet;tortue;15/06/2025;0.506;0;0
E01;J'éteins la lumière quand je quitte une pièce;Electricité;VIOLET;Groupe_Violet;tortue;15/06/2025;0.027408;0;0
D02;Éviter le gaspillage alimentaire : se servir moins, garder pour plus tard.;Déchets;VIOLET;Groupe_Violet;poussin;16/06/2025;2.453511;0;1.390385
D04;Dans l'enceinte de l'école, je ramasse les déchets que je vois.;Déchets;VIOLET;Groupe_Violet;poussin;16/06/2025;0.00947;0;0.1
D03;Je ne jette pas de déchet par terre.;Déchets;VIOLET;Groupe_Violet;poussin;16/06/2025;0.424875;0;4.486538
B01;Je n'arrache pas les végétaux.;Biodiversité;VIOLET;Groupe_Violet;poussin;16/06/2025;0;0;0
W05;"Je prends une douche plutôt qu""un bain.";Eau;VIOLET;Groupe_Violet;poussin;16/06/2025;0.140658;357;0
E02;J’ouvre les volets/rideaux pour profiter de la lumière du jour.;Electricité;VIOLET;Groupe_Violet;poussin;16/06/2025;0.027408;0;0
C03;Je consomme des fruits et légumes de saison;Courses;VIOLET;Groupe_Violet;suricate;16/06/2025;6.932;0;0
D03;Je ne jette pas de déchet par terre.;Déchets;VIOLET;Groupe_Violet;suricate;16/06/2025;0.424875;0;4.486538
W05;"Je prends une douche plutôt qu""un bain.";Eau;VIOLET;Groupe_Violet;suricate;16/06/2025;0.140658;357;0
W03;"Je ferme l""eau quand je me savonne.";Eau;VIOLET;Groupe_Violet;poussin;10/06/2025;0.004964;12.6;0
W03;"Ne pas gaspiller l""eau que l’on boit.";Eau;VIOLET;Groupe_Violet;poussin;10/06/2025;0.004964;12.6;0
E01;J'éteins la lumière quand je quitte une pièce;Electricité;VIOLET;Groupe_Violet;poussin;10/06/2025;0.027408;0;0
C03;Je consomme des fruits et légumes de saison;Courses;VIOLET;Groupe_Violet;dragon;10/06/2025;6.932;0;0
D04;Dans l'enceinte de l'école, je ramasse les déchets que je vois.;Déchets;VIOLET;Groupe_Violet;dragon;29/05/2025;0.00947;0;0.1
D03;Je ne jette pas de déchet par terre.;Déchets;VIOLET;Groupe_Violet;dragon;29/05/2025;0.424875;0;4.486538
B01;Je n'arrache pas les végétaux.;Biodiversité;VIOLET;Groupe_Violet;dragon;29/05/2025;0;0;0
W05;"Je prends une douche plutôt qu""un bain.";Eau;VIOLET;Groupe_Violet;dragon;29/05/2025;0.140658;357;0
E02;J’ouvre les volets/rideaux pour profiter de la lumière du jour.;Electricité;VIOLET;Groupe_Violet;dragon;29/05/2025;0.027408;0;0
C03;Je consomme des fruits et légumes de saison;Courses;VIOLET;Groupe_Violet;jaguar;31/05/2025;6.932;0;0
D04;Dans l'enceinte de l'école, je ramasse les déchets que je vois.;Déchets;VIOLET;Groupe_Violet;jaguar;31/05/2025;0.00947;0;0.1
D03;Je ne jette pas de déchet par terre.;Déchets;VIOLET;Groupe_Violet;jaguar;31/05/2025;0.424875;0;4.486538
W03;"Je ferme l""eau quand je me savonne.";Eau;VIOLET;Groupe_Violet;jaguar;31/05/2025;0.004964;12.6;0
E02;J’ouvre les volets/rideaux pour profiter de la lumière du jour.;Electricité;VIOLET;Groupe_Violet;jaguar;31/05/2025;0.027408;0;0
D10;Utiliser moins de plastique pour faire les courses (ou les réutiliser).;Déchets;VIOLET;Groupe_Violet;suricate;31/05/2025;0.54243;0;0.21
B02;"Je n""embête pas les petites bêtes.";Biodiversité;VIOLET;Groupe_Violet;suricate;31/05/2025;0;0;0
C03;Je consomme des fruits et légumes de saison;Courses;VIOLET;Groupe_Violet;tortue;01/06/2025;6.932;0;0
D10;Réutiliser des bouteilles vides.;Déchets;VIOLET;Groupe_Violet;tortue;01/06/2025;0.54243;0;0.21
D10;Utiliser moins de plastique pour faire les courses (ou les réutiliser).;Déchets;VIOLET;Groupe_Violet;tortue;01/06/2025;0.54243;0;0.21
B02;"Je n""embête pas les petites bêtes.";Biodiversité;VIOLET;Groupe_Violet;tortue;01/06/2025;0;0;0
W03;"Je ferme l""eau quand je me savonne.";Eau;VIOLET;Groupe_Violet;tortue;01/06/2025;0.004964;12.6;0
W03;"Ne pas gaspiller l""eau que l’on boit.";Eau;VIOLET;Groupe_Violet;tortue;01/06/2025;0.004964;12.6;0
E02;J’ouvre les volets/rideaux pour profiter de la lumière du jour.;Electricité;VIOLET;Groupe_Violet;tortue;01/06/2025;0.027408;0;0
C03;Je consomme des fruits et légumes de saison;Courses;VIOLET;Groupe_Violet;paresseux;01/06/2025;6.932;0;0
D10;Réutiliser des bouteilles vides.;Déchets;VIOLET;Groupe_Violet;paresseux;01/06/2025;0.54243;0;0.21
D10;Utiliser moins de plastique pour faire les courses (ou les réutiliser).;Déchets;VIOLET;Groupe_Violet;paresseux;01/06/2025;0.54243;0;0.21
B02;"Je n""embête pas les petites bêtes.";Biodiversité;VIOLET;Groupe_Violet;paresseux;01/06/2025;0;0;0
W03;"Je ferme l""eau quand je me savonne.";Eau;VIOLET;Groupe_Violet;paresseux;01/06/2025;0.004964;12.6;0
W03;"Ne pas gaspiller l""eau que l’on boit.";Eau;VIOLET;Groupe_Violet;paresseux;01/06/2025;0.004964;12.6;0
E02;J’ouvre les volets/rideaux pour profiter de la lumière du jour.;Electricité;VIOLET;Groupe_Violet;paresseux;01/06/2025;0.027408;0;0
C03;Je consomme des fruits et légumes de saison;Courses;VIOLET;Groupe_Violet;girafe;02/06/2025;6.932;0;0
D10;Réutiliser des bouteilles vides.;Déchets;VIOLET;Groupe_Violet;girafe;02/06/2025;0.54243;0;0.21
D03;Je ne jette pas de déchet par terre.;Déchets;VIOLET;Groupe_Violet;girafe;02/06/2025;0.424875;0;4.486538
B01;Je n'arrache pas les végétaux.;Biodiversité;VIOLET;Groupe_Violet;girafe;02/06/2025;0;0;0
W03;"Ne pas gaspiller l""eau que l’on boit.";Eau;VIOLET;Groupe_Violet;girafe;02/06/2025;0.004964;12.6;0
E02;J’ouvre les volets/rideaux pour profiter de la lumière du jour.;Electricité;VIOLET;Groupe_Violet;girafe;02/06/2025;0.027408;0;0
C03;Je consomme des fruits et légumes de saison;Courses;VIOLET;Groupe_Violet;chat;02/06/2025;6.932;0;0
D10;Réutiliser des bouteilles vides.;Déchets;VIOLET;Groupe_Violet;chat;02/06/2025;0.54243;0;0.21
D10;Utiliser moins de plastique pour faire les courses (ou les réutiliser).;Déchets;VIOLET;Groupe_Violet;chat;02/06/2025;0.54243;0;0.21
B02;"Je n""embête pas les petites bêtes.";Biodiversité;VIOLET;Groupe_Violet;chat;02/06/2025;0;0;0
W03;"Je ferme l""eau quand je me savonne.";Eau;VIOLET;Groupe_Violet;chat;02/06/2025;0.004964;12.6;0
W03;"Ne pas gaspiller l""eau que l’on boit.";Eau;VIOLET;Groupe_Violet;chat;02/06/2025;0.004964;12.6;0
E02;J’ouvre les volets/rideaux pour profiter de la lumière du jour.;Electricité;VIOLET;Groupe_Violet;chat;02/06/2025;0.027408;0;0
C03;Je consomme des fruits et légumes de saison;Courses;VIOLET;Groupe_Violet;poussin;03/06/2025;6.932;0;0
D04;Dans l'enceinte de l'école, je ramasse les déchets que je vois.;Déchets;VIOLET;Groupe_Violet;poussin;03/06/2025;0.00947;0;0.1
B02;"Je n""embête pas les petites bêtes.";Biodiversité;VIOLET;Groupe_Violet;poussin;03/06/2025;0;0;0
W05;"Je prends une douche plutôt qu""un bain.";Eau;VIOLET;Groupe_Violet;poussin;03/06/2025;0.140658;357;0
E02;J’ouvre les volets/rideaux pour profiter de la lumière du jour.;Electricité;VIOLET;Groupe_Violet;poussin;03/06/2025;0.027408;0;0
D02;Éviter le gaspillage alimentaire : se servir moins, garder pour plus tard.;Déchets;VIOLET;Groupe_Violet;jaguar;12/06/2025;2.453511;0;1.390385
D04;Dans l'enceinte de l'école, je ramasse les déchets que je vois.;Déchets;VIOLET;Groupe_Violet;jaguar;12/06/2025;0.00947;0;0.1
D03;Je ne jette pas de déchet par terre.;Déchets;VIOLET;Groupe_Violet;jaguar;12/06/2025;0.424875;0;4.486538
W03;"Je ferme l""eau quand je me savonne.";Eau;VIOLET;Groupe_Violet;jaguar;12/06/2025;0.004964;12.6;0
E02;J’ouvre les volets/rideaux pour profiter de la lumière du jour.;Electricité;VIOLET;Groupe_Violet;jaguar;12/06/2025;0.027408;0;0
D02;Éviter le gaspillage alimentaire : se servir moins, garder pour plus tard.;Déchets;VIOLET;Groupe_Violet;paresseux;15/06/2025;2.453511;0;1.390385
D04;Dans l'enceinte de l'école, je ramasse les déchets que je vois.;Déchets;VIOLET;Groupe_Violet;paresseux;15/06/2025;0.00947;0;0.1
D03;Je ne jette pas de déchet par terre.;Déchets;VIOLET;Groupe_Violet;paresseux;15/06/2025;0.424875;0;4.486538
B01;Je n'arrache pas les végétaux.;Biodiversité;VIOLET;Groupe_Violet;paresseux;15/06/2025;0;0;0
W05;"Je prends une douche plutôt qu""un bain.";Eau;VIOLET;Groupe_Violet;paresseux;15/06/2025;0.140658;357;0
T03;Remplacer la voiture lors de courts trajets : vélo, trottinette, à pied, transports en commun.;Transport;VIOLET;Groupe_Violet;paresseux;15/06/2025;0.506;0;0
E01;J'éteins la lumière quand je quitte une pièce;Electricité;VIOLET;Groupe_Violet;paresseux;15/06/2025;0.027408;0;0
D02;Éviter le gaspillage alimentaire : se servir moins, garder pour plus tard.;Déchets;VIOLET;Groupe_Violet;chat;15/06/2025;2.453511;0;1.390385
D04;Dans l'enceinte de l'école, je ramasse les déchets que je vois.;Déchets;VIOLET;Groupe_Violet;chat;15/06/2025;0.00947;0;0.1
D03;Je ne jette pas de déchet par terre.;Déchets;VIOLET;Groupe_Violet;chat;15/06/2025;0.424875;0;4.486538
B01;Je n'arrache pas les végétaux.;Biodiversité;VIOLET;Groupe_Violet;chat;15/06/2025;0;0;0
W03;"Je ferme l""eau quand je me savonne.";Eau;VIOLET;Groupe_Violet;chat;15/06/2025;0.004964;12.6;0
W03;"Ne pas gaspiller l""eau que l’on boit.";Eau;VIOLET;Groupe_Violet;chat;15/06/2025;0.004964;12.6;0
T03;Remplacer la voiture lors de courts trajets : vélo, trottinette, à pied, transports en commun.;Transport;VIOLET;Groupe_Violet;chat;15/06/2025;0.506;0;0
E01;J'éteins la lumière quand je quitte une pièce;Electricité;VIOLET;Groupe_Violet;chat;15/06/2025;0.027408;0;0
C03;Je consomme des fruits et légumes de saison;Courses;VIOLET;Groupe_Violet;tortue;15/06/2025;6.932;0;0
D10;Réutiliser des bouteilles vides.;Déchets;VIOLET;Groupe_Violet;tortue;15/06/2025;0.54243;0;0.21
D10;Utiliser moins de plastique pour faire les courses (ou les réutiliser).;Déchets;VIOLET;Groupe_Violet;tortue;15/06/2025;0.54243;0;0.21
B02;"Je n""embête pas les petites bêtes.";Biodiversité;VIOLET;Groupe_Violet;tortue;15/06/2025;0;0;0
W03;"Je ferme l""eau quand je me savonne.";Eau;VIOLET;Groupe_Violet;tortue;15/06/2025;0.004964;12.6;0
W03;"Ne pas gaspiller l""eau que l’on boit.";Eau;VIOLET;Groupe_Violet;tortue;15/06/2025;0.004964;12.6;0
E02;J’ouvre les volets/rideaux pour profiter de la lumière du jour.;Electricité;VIOLET;Groupe_Violet;tortue;15/06/2025;0.027408;0;0
C03;Je consomme des fruits et légumes de saison;Courses;VIOLET;Groupe_Violet;poussin;16/06/2025;6.932;0;0
D10;Réutiliser des bouteilles vides.;Déchets;VIOLET;Groupe_Violet;poussin;16/06/2025;0.54243;0;0.21
D10;Utiliser moins de plastique pour faire les courses (ou les réutiliser).;Déchets;VIOLET;Groupe_Violet;poussin;16/06/2025;0.54243;0;0.21
B02;"Je n""embête pas les petites bêtes.";Biodiversité;VIOLET;Groupe_Violet;poussin;16/06/2025;0;0;0
W03;"Je ferme l""eau quand je me savonne.";Eau;VIOLET;Groupe_Violet;poussin;16/06/2025;0.004964;12.6;0
W03;"Ne pas gaspiller l""eau que l’on boit.";Eau;VIOLET;Groupe_Violet;poussin;16/06/2025;0.004964;12.6;0
E01;J'éteins la lumière quand je quitte une pièce;Electricité;VIOLET;Groupe_Violet;poussin;16/06/2025;0.027408;0;0
D04;Dans l'enceinte de l'école, je ramasse les déchets que je vois.;Déchets;VIOLET;Groupe_Violet;suricate;16/06/2025;0.00947;0;0.1
B02;"Je n""embête pas les petites bêtes.";Biodiversité;VIOLET;Groupe_Violet;suricate;16/06/2025;0;0;0
C03;Je consomme des fruits et légumes de saison;Courses;VIOLET;Groupe_Violet;jaguar;18/06/2025;6.932;0;0
D02;Éviter le gaspillage alimentaire : se servir moins, garder pour plus tard.;Déchets;VIOLET;Groupe_Violet;jaguar;18/06/2025;2.453511;0;1.390385
D10;Réutiliser des bouteilles vides.;Déchets;VIOLET;Groupe_Violet;jaguar;18/06/2025;0.54243;0;0.21
D04;Dans l'enceinte de l'école, je ramasse les déchets que je vois.;Déchets;VIOLET;Groupe_Violet;jaguar;18/06/2025;0.00947;0;0.1
D10;Utiliser moins de plastique pour faire les courses (ou les réutiliser).;Déchets;VIOLET;Groupe_Violet;jaguar;18/06/2025;0.54243;0;0.21
D03;Je ne jette pas de déchet par terre.;Déchets;VIOLET;Groupe_Violet;jaguar;18/06/2025;0.424875;0;4.486538
B02;"Je n""embête pas les petites bêtes.";Biodiversité;VIOLET;Groupe_Violet;jaguar;18/06/2025;0;0;0
W03;"Je ferme l""eau quand je me savonne.";Eau;VIOLET;Groupe_Violet;jaguar;18/06/2025;0.004964;12.6;0
W03;"Ne pas gaspiller l""eau que l’on boit.";Eau;VIOLET;Groupe_Violet;jaguar;18/06/2025;0.004964;12.6;0
T03;Remplacer la voiture lors de courts trajets : vélo, trottinette, à pied, transports en commun.;Transport;VIOLET;Groupe_Violet;jaguar;18/06/2025;0.506;0;0
E02;J’ouvre les volets/rideaux pour profiter de la lumière du jour.;Electricité;VIOLET;Groupe_Violet;jaguar;18/06/2025;0.027408;0;0
E01;J'éteins la lumière quand je quitte une pièce;Electricité;VIOLET;Groupe_Violet;jaguar;18/06/2025;0.027408;0;0
W05;"Je prends une douche plutôt qu""un bain.";Eau;VIOLET;Groupe_Violet;jaguar;18/06/2025;0.140658;357;0
C03;Je consomme des fruits et légumes de saison;Courses;VIOLET;Groupe_Violet;suricate;21/06/2025;6.932;0;0
D04;Dans l'enceinte de l'école, je ramasse les déchets que je vois.;Déchets;VIOLET;Groupe_Violet;suricate;21/06/2025;0.00947;0;0.1
D03;Je ne jette pas de déchet par terre.;Déchets;VIOLET;Groupe_Violet;suricate;21/06/2025;0.424875;0;4.486538
W05;"Je prends une douche plutôt qu""un bain.";Eau;VIOLET;Groupe_Violet;suricate;21/06/2025;0.140658;357;0
C03;Je consomme des fruits et légumes de saison;Courses;VIOLET;Groupe_Violet;chat;22/06/2025;6.932;0;0
D02;Éviter le gaspillage alimentaire : se servir moins, garder pour plus tard.;Déchets;VIOLET;Groupe_Violet;chat;22/06/2025;2.453511;0;1.390385
D10;Réutiliser des bouteilles vides.;Déchets;VIOLET;Groupe_Violet;chat;22/06/2025;0.54243;0;0.21
D04;Dans l'enceinte de l'école, je ramasse les déchets que je vois.;Déchets;VIOLET;Groupe_Violet;chat;22/06/2025;0.00947;0;0.1
D10;Utiliser moins de plastique pour faire les courses (ou les réutiliser).;Déchets;VIOLET;Groupe_Violet;chat;22/06/2025;0.54243;0;0.21
D03;Je ne jette pas de déchet par terre.;Déchets;VIOLET;Groupe_Violet;chat;22/06/2025;0.424875;0;4.486538
B02;"Je n""embête pas les petites bêtes.";Biodiversité;VIOLET;Groupe_Violet;chat;22/06/2025;0;0;0
B01;Je n'arrache pas les végétaux.;Biodiversité;VIOLET;Groupe_Violet;chat;22/06/2025;0;0;0
W03;"Je ferme l""eau quand je me savonne.";Eau;VIOLET;Groupe_Violet;chat;22/06/2025;0.004964;12.6;0
W05;"Je prends une douche plutôt qu""un bain.";Eau;VIOLET;Groupe_Violet;chat;22/06/2025;0.140658;357;0
W03;"Ne pas gaspiller l""eau que l’on boit.";Eau;VIOLET;Groupe_Violet;chat;22/06/2025;0.004964;12.6;0
T03;Remplacer la voiture lors de courts trajets : vélo, trottinette, à pied, transports en commun.;Transport;VIOLET;Groupe_Violet;chat;22/06/2025;0.506;0;0
E02;J’ouvre les volets/rideaux pour profiter de la lumière du jour.;Electricité;VIOLET;Groupe_Violet;chat;22/06/2025;0.027408;0;0
E01;J'éteins la lumière quand je quitte une pièce;Electricité;VIOLET;Groupe_Violet;chat;22/06/2025;0.027408;0;0
C03;Je consomme des fruits et légumes de saison;Courses;VIOLET;Groupe_Violet;paresseux;22/06/2025;6.932;0;0
D02;Éviter le gaspillage alimentaire : se servir moins, garder pour plus tard.;Déchets;VIOLET;Groupe_Violet;paresseux;22/06/2025;2.453511;0;1.390385
D10;Réutiliser des bouteilles vides.;Déchets;VIOLET;Groupe_Violet;paresseux;22/06/2025;0.54243;0;0.21
D04;Dans l'enceinte de l'école, je ramasse les déchets que je vois.;Déchets;VIOLET;Groupe_Violet;paresseux;22/06/2025;0.00947;0;0.1
D10;Utiliser moins de plastique pour faire les courses (ou les réutiliser).;Déchets;VIOLET;Groupe_Violet;paresseux;22/06/2025;0.54243;0;0.21
D03;Je ne jette pas de déchet par terre.;Déchets;VIOLET;Groupe_Violet;paresseux;22/06/2025;0.424875;0;4.486538
B02;"Je n""embête pas les petites bêtes.";Biodiversité;VIOLET;Groupe_Violet;paresseux;22/06/2025;0;0;0
B01;Je n'arrache pas les végétaux.;Biodiversité;VIOLET;Groupe_Violet;paresseux;22/06/2025;0;0;0
W03;"Je ferme l""eau quand je me savonne.";Eau;VIOLET;Groupe_Violet;paresseux;22/06/2025;0.004964;12.6;0
W05;"Je prends une douche plutôt qu""un bain.";Eau;VIOLET;Groupe_Violet;paresseux;22/06/2025;0.140658;357;0
W03;"Ne pas gaspiller l""eau que l’on boit.";Eau;VIOLET;Groupe_Violet;paresseux;22/06/2025;0.004964;12.6;0
T03;Remplacer la voiture lors de courts trajets : vélo, trottinette, à pied, transports en commun.;Transport;VIOLET;Groupe_Violet;paresseux;22/06/2025;0.506;0;0
E02;J’ouvre les volets/rideaux pour profiter de la lumière du jour.;Electricité;VIOLET;Groupe_Violet;paresseux;22/06/2025;0.027408;0;0
E01;J'éteins la lumière quand je quitte une pièce;Electricité;VIOLET;Groupe_Violet;paresseux;22/06/2025;0.027408;0;0
C03;Je consomme des fruits et légumes de saison;Courses;VIOLET;Groupe_Violet;poussin;22/06/2025;6.932;0;0
D02;Éviter le gaspillage alimentaire : se servir moins, garder pour plus tard.;Déchets;VIOLET;Groupe_Violet;poussin;22/06/2025;2.453511;0;1.390385
D10;Réutiliser des bouteilles vides.;Déchets;VIOLET;Groupe_Violet;poussin;22/06/2025;0.54243;0;0.21
D04;Dans l'enceinte de l'école, je ramasse les déchets que je vois.;Déchets;VIOLET;Groupe_Violet;poussin;22/06/2025;0.00947;0;0.1
D10;Utiliser moins de plastique pour faire les courses (ou les réutiliser).;Déchets;VIOLET;Groupe_Violet;poussin;22/06/2025;0.54243;0;0.21
D03;Je ne jette pas de déchet par terre.;Déchets;VIOLET;Groupe_Violet;poussin;22/06/2025;0.424875;0;4.486538
B02;"Je n""embête pas les petites bêtes.";Biodiversité;VIOLET;Groupe_Violet;poussin;22/06/2025;0;0;0
B01;Je n'arrache pas les végétaux.;Biodiversité;VIOLET;Groupe_Violet;poussin;22/06/2025;0;0;0
W03;"Je ferme l""eau quand je me savonne.";Eau;VIOLET;Groupe_Violet;poussin;22/06/2025;0.004964;12.6;0
W05;"Je prends une douche plutôt qu""un bain.";Eau;VIOLET;Groupe_Violet;poussin;22/06/2025;0.140658;357;0
W03;"Ne pas gaspiller l""eau que l’on boit.";Eau;VIOLET;Groupe_Violet;poussin;22/06/2025;0.004964;12.6;0
E02;J’ouvre les volets/rideaux pour profiter de la lumière du jour.;Electricité;VIOLET;Groupe_Violet;poussin;22/06/2025;0.027408;0;0
E01;J'éteins la lumière quand je quitte une pièce;Electricité;VIOLET;Groupe_Violet;poussin;22/06/2025;0.027408;0;0
C03;Je consomme des fruits et légumes de saison;Courses;VIOLET;Groupe_Violet;girafe;23/06/2025;6.932;0;0
D02;Éviter le gaspillage alimentaire : se servir moins, garder pour plus tard.;Déchets;VIOLET;Groupe_Violet;girafe;23/06/2025;2.453511;0;1.390385
D10;Réutiliser des bouteilles vides.;Déchets;VIOLET;Groupe_Violet;girafe;23/06/2025;0.54243;0;0.21
D04;Dans l'enceinte de l'école, je ramasse les déchets que je vois.;Déchets;VIOLET;Groupe_Violet;girafe;23/06/2025;0.00947;0;0.1
D10;Utiliser moins de plastique pour faire les courses (ou les réutiliser).;Déchets;VIOLET;Groupe_Violet;girafe;23/06/2025;0.54243;0;0.21
D03;Je ne jette pas de déchet par terre.;Déchets;VIOLET;Groupe_Violet;girafe;23/06/2025;0.424875;0;4.486538
B02;"Je n""embête pas les petites bêtes.";Biodiversité;VIOLET;Groupe_Violet;girafe;23/06/2025;0;0;0
B01;Je n'arrache pas les végétaux.;Biodiversité;VIOLET;Groupe_Violet;girafe;23/06/2025;0;0;0
W03;"Je ferme l""eau quand je me savonne.";Eau;VIOLET;Groupe_Violet;girafe;23/06/2025;0.004964;12.6;0
W05;"Je prends une douche plutôt qu""un bain.";Eau;VIOLET;Groupe_Violet;girafe;23/06/2025;0.140658;357;0
W03;"Ne pas gaspiller l""eau que l’on boit.";Eau;VIOLET;Groupe_Violet;girafe;23/06/2025;0.004964;12.6;0
E01;J'éteins la lumière quand je quitte une pièce;Electricité;VIOLET;Groupe_Violet;girafe;23/06/2025;0.027408;0;0
E02;J’ouvre les volets/rideaux pour profiter de la lumière du jour.;Electricité;VIOLET;Groupe_Violet;girafe;23/06/2025;0.027408;0;0
C03;Je consomme des fruits et légumes de saison;Courses;VIOLET;Groupe_Violet;dragon;23/06/2025;6.932;0;0
D10;Réutiliser des bouteilles vides.;Déchets;VIOLET;Groupe_Violet;dragon;23/06/2025;0.54243;0;0.21
D04;Dans l'enceinte de l'école, je ramasse les déchets que je vois.;Déchets;VIOLET;Groupe_Violet;dragon;23/06/2025;0.00947;0;0.1
D03;Je ne jette pas de déchet par terre.;Déchets;VIOLET;Groupe_Violet;dragon;23/06/2025;0.424875;0;4.486538
D10;Utiliser moins de plastique pour faire les courses (ou les réutiliser).;Déchets;VIOLET;Groupe_Violet;dragon;23/06/2025;0.54243;0;0.21
B01;Je n'arrache pas les végétaux.;Biodiversité;VIOLET;Groupe_Violet;dragon;23/06/2025;0;0;0
B02;"Je n""embête pas les petites bêtes.";Biodiversité;VIOLET;Groupe_Violet;dragon;23/06/2025;0;0;0
W03;"Je ferme l""eau quand je me savonne.";Eau;VIOLET;Groupe_Violet;dragon;23/06/2025;0.004964;12.6;0
W05;"Je prends une douche plutôt qu""un bain.";Eau;VIOLET;Groupe_Violet;dragon;23/06/2025;0.140658;357;0
W03;"Ne pas gaspiller l""eau que l’on boit.";Eau;VIOLET;Groupe_Violet;dragon;23/06/2025;0.004964;12.6;0
E02;J’ouvre les volets/rideaux pour profiter de la lumière du jour.;Electricité;VIOLET;Groupe_Violet;dragon;23/06/2025;0.027408;0;0
E01;J'éteins la lumière quand je quitte une pièce;Electricité;VIOLET;Groupe_Violet;dragon;23/06/2025;0.027408;0;0
T03;Remplacer la voiture lors de courts trajets : vélo, trottinette, à pied, transports en commun.;Transport;VIOLET;Groupe_Violet;dragon;23/06/2025;0.506;0;0
C03;Je consomme des fruits et légumes de saison;Courses;VIOLET;Groupe_Violet;pingouin;24/06/2025;6.932;0;0
D10;Réutiliser des bouteilles vides.;Déchets;VIOLET;Groupe_Violet;pingouin;24/06/2025;0.54243;0;0.21
D02;Éviter le gaspillage alimentaire : se servir moins, garder pour plus tard.;Déchets;VIOLET;Groupe_Violet;pingouin;24/06/2025;2.453511;0;1.390385
D03;Je ne jette pas de déchet par terre.;Déchets;VIOLET;Groupe_Violet;pingouin;24/06/2025;0.424875;0;4.486538
D04;Dans l'enceinte de l'école, je ramasse les déchets que je vois.;Déchets;VIOLET;Groupe_Violet;pingouin;24/06/2025;0.00947;0;0.1
B02;"Je n""embête pas les petites bêtes.";Biodiversité;VIOLET;Groupe_Violet;pingouin;24/06/2025;0;0;0
B01;Je n'arrache pas les végétaux.;Biodiversité;VIOLET;Groupe_Violet;pingouin;24/06/2025;0;0;0
W05;"Je prends une douche plutôt qu""un bain.";Eau;VIOLET;Groupe_Violet;pingouin;24/06/2025;0.140658;357;0
W03;"Je ferme l""eau quand je me savonne.";Eau;VIOLET;Groupe_Violet;pingouin;24/06/2025;0.004964;12.6;0
T03;Remplacer la voiture lors de courts trajets : vélo, trottinette, à pied, transports en commun.;Transport;VIOLET;Groupe_Violet;pingouin;24/06/2025;0.506;0;0
E02;J’ouvre les volets/rideaux pour profiter de la lumière du jour.;Electricité;VIOLET;Groupe_Violet;pingouin;24/06/2025;0.027408;0;0
E01;J'éteins la lumière quand je quitte une pièce;Electricité;VIOLET;Groupe_Violet;pingouin;24/06/2025;0.027408;0;0
B02;"Je n""embête pas les petites bêtes.";Biodiversité;VIOLET;Groupe_Violet;dragon;29/06/2025;0;0;0
W05;"Je prends une douche plutôt qu""un bain.";Eau;VIOLET;Groupe_Violet;dragon;29/06/2025;0.140658;357;0
T03;Remplacer la voiture lors de courts trajets : vélo, trottinette, à pied, transports en commun.;Transport;VIOLET;Groupe_Violet;dragon;29/06/2025;0.506;0;0
E01;J'éteins la lumière quand je quitte une pièce;Electricité;VIOLET;Groupe_Violet;dragon;29/06/2025;0.027408;0;0
D02;Éviter le gaspillage alimentaire : se servir moins, garder pour plus tard.;Déchets;VIOLET;Groupe_Violet;paresseux;29/06/2025;2.453511;0;1.390385
D04;Dans l'enceinte de l'école, je ramasse les déchets que je vois.;Déchets;VIOLET;Groupe_Violet;paresseux;29/06/2025;0.00947;0;0.1
D03;Je ne jette pas de déchet par terre.;Déchets;VIOLET;Groupe_Violet;paresseux;29/06/2025;0.424875;0;4.486538
B01;Je n'arrache pas les végétaux.;Biodiversité;VIOLET;Groupe_Violet;paresseux;29/06/2025;0;0;0
W05;"Je prends une douche plutôt qu""un bain.";Eau;VIOLET;Groupe_Violet;paresseux;29/06/2025;0.140658;357;0
T03;Remplacer la voiture lors de courts trajets : vélo, trottinette, à pied, transports en commun.;Transport;VIOLET;Groupe_Violet;paresseux;29/06/2025;0.506;0;0
E01;J'éteins la lumière quand je quitte une pièce;Electricité;VIOLET;Groupe_Violet;paresseux;29/06/2025;0.027408;0;0
D02;Éviter le gaspillage alimentaire : se servir moins, garder pour plus tard.;Déchets;VIOLET;Groupe_Violet;jaguar;30/06/2025;2.453511;0;1.390385
D04;Dans l'enceinte de l'école, je ramasse les déchets que je vois.;Déchets;VIOLET;Groupe_Violet;jaguar;30/06/2025;0.00947;0;0.1
D03;Je ne jette pas de déchet par terre.;Déchets;VIOLET;Groupe_Violet;jaguar;30/06/2025;0.424875;0;4.486538
W03;"Je ferme l""eau quand je me savonne.";Eau;VIOLET;Groupe_Violet;jaguar;30/06/2025;0.004964;12.6;0
W03;"Ne pas gaspiller l""eau que l’on boit.";Eau;VIOLET;Groupe_Violet;jaguar;30/06/2025;0.004964;12.6;0
C03;Je consomme des fruits et légumes de saison;Courses;VIOLET;Groupe_Violet;dragon;07/07/2025;6.932;0;0
D10;Réutiliser des bouteilles vides.;Déchets;VIOLET;Groupe_Violet;dragon;07/07/2025;0.54243;0;0.21
D10;Utiliser moins de plastique pour faire les courses (ou les réutiliser).;Déchets;VIOLET;Groupe_Violet;dragon;07/07/2025;0.54243;0;0.21
B02;"Je n""embête pas les petites bêtes.";Biodiversité;VIOLET;Groupe_Violet;dragon;07/07/2025;0;0;0
W03;"Je ferme l""eau quand je me savonne.";Eau;VIOLET;Groupe_Violet;dragon;07/07/2025;0.004964;12.6;0
W03;"Ne pas gaspiller l""eau que l’on boit.";Eau;VIOLET;Groupe_Violet;dragon;07/07/2025;0.004964;12.6;0
E02;J’ouvre les volets/rideaux pour profiter de la lumière du jour.;Electricité;VIOLET;Groupe_Violet;dragon;07/07/2025;0.027408;0;0
W05;"Je prends une douche plutôt qu""un bain.";Eau;VIOLET;Groupe_Violet;licorne;26/07/2025;0.140658;357;0
W03;"Ne pas gaspiller l""eau que l’on boit.";Eau;VIOLET;Groupe_Violet;licorne;26/07/2025;0.004964;12.6;0
E02;J’ouvre les volets/rideaux pour profiter de la lumière du jour.;Electricité;VIOLET;Groupe_Violet;licorne;26/07/2025;0.027408;0;0
C03;Je consomme des fruits et légumes de saison;Courses;VIOLET;Groupe_Violet;licorne;26/07/2025;6.932;0;0
D04;Dans l'enceinte de l'école, je ramasse les déchets que je vois.;Déchets;VIOLET;Groupe_Violet;licorne;26/07/2025;0.00947;0;0.1
D03;Je ne jette pas de déchet par terre.;Déchets;VIOLET;Groupe_Violet;licorne;26/07/2025;0.424875;0;4.486538
C03;Je consomme des fruits et légumes de saison;Courses;VIOLET;Groupe_Violet;chat;28/06/2025;6.932;0;0
D02;Éviter le gaspillage alimentaire : se servir moins, garder pour plus tard.;Déchets;VIOLET;Groupe_Violet;chat;28/06/2025;2.453511;0;1.390385
D10;Réutiliser des bouteilles vides.;Déchets;VIOLET;Groupe_Violet;chat;28/06/2025;0.54243;0;0.21
D04;Dans l'enceinte de l'école, je ramasse les déchets que je vois.;Déchets;VIOLET;Groupe_Violet;chat;28/06/2025;0.00947;0;0.1
D10;Utiliser moins de plastique pour faire les courses (ou les réutiliser).;Déchets;VIOLET;Groupe_Violet;chat;28/06/2025;0.54243;0;0.21
D03;Je ne jette pas de déchet par terre.;Déchets;VIOLET;Groupe_Violet;chat;28/06/2025;0.424875;0;4.486538
B02;"Je n""embête pas les petites bêtes.";Biodiversité;VIOLET;Groupe_Violet;chat;28/06/2025;0;0;0
B01;Je n'arrache pas les végétaux.;Biodiversité;VIOLET;Groupe_Violet;chat;28/06/2025;0;0;0
W03;"Je ferme l""eau quand je me savonne.";Eau;VIOLET;Groupe_Violet;chat;28/06/2025;0.004964;12.6;0
W05;"Je prends une douche plutôt qu""un bain.";Eau;VIOLET;Groupe_Violet;chat;28/06/2025;0.140658;357;0
W03;"Ne pas gaspiller l""eau que l’on boit.";Eau;VIOLET;Groupe_Violet;chat;28/06/2025;0.004964;12.6;0
T03;Remplacer la voiture lors de courts trajets : vélo, trottinette, à pied, transports en commun.;Transport;VIOLET;Groupe_Violet;chat;28/06/2025;0.506;0;0
E02;J’ouvre les volets/rideaux pour profiter de la lumière du jour.;Electricité;VIOLET;Groupe_Violet;chat;28/06/2025;0.027408;0;0
E01;J'éteins la lumière quand je quitte une pièce;Electricité;VIOLET;Groupe_Violet;chat;28/06/2025;0.027408;0;0
C03;Je consomme des fruits et légumes de saison;Courses;VIOLET;Groupe_Violet;suricate;29/06/2025;6.932;0;0
D04;Dans l'enceinte de l'école, je ramasse les déchets que je vois.;Déchets;VIOLET;Groupe_Violet;suricate;29/06/2025;0.00947;0;0.1
D10;Utiliser moins de plastique pour faire les courses (ou les réutiliser).;Déchets;VIOLET;Groupe_Violet;suricate;29/06/2025;0.54243;0;0.21
D03;Je ne jette pas de déchet par terre.;Déchets;VIOLET;Groupe_Violet;suricate;29/06/2025;0.424875;0;4.486538
C03;Je consomme des fruits et légumes de saison;Courses;VIOLET;Groupe_Violet;dragon;29/06/2025;6.932;0;0
D02;Éviter le gaspillage alimentaire : se servir moins, garder pour plus tard.;Déchets;VIOLET;Groupe_Violet;dragon;29/06/2025;2.453511;0;1.390385
D10;Réutiliser des bouteilles vides.;Déchets;VIOLET;Groupe_Violet;dragon;29/06/2025;0.54243;0;0.21
D04;Dans l'enceinte de l'école, je ramasse les déchets que je vois.;Déchets;VIOLET;Groupe_Violet;dragon;29/06/2025;0.00947;0;0.1
D10;Utiliser moins de plastique pour faire les courses (ou les réutiliser).;Déchets;VIOLET;Groupe_Violet;dragon;29/06/2025;0.54243;0;0.21
D03;Je ne jette pas de déchet par terre.;Déchets;VIOLET;Groupe_Violet;dragon;29/06/2025;0.424875;0;4.486538
B01;Je n'arrache pas les végétaux.;Biodiversité;VIOLET;Groupe_Violet;dragon;29/06/2025;0;0;0
W03;"Je ferme l""eau quand je me savonne.";Eau;VIOLET;Groupe_Violet;dragon;29/06/2025;0.004964;12.6;0
W03;"Ne pas gaspiller l""eau que l’on boit.";Eau;VIOLET;Groupe_Violet;dragon;29/06/2025;0.004964;12.6;0
E02;J’ouvre les volets/rideaux pour profiter de la lumière du jour.;Electricité;VIOLET;Groupe_Violet;dragon;29/06/2025;0.027408;0;0
C03;Je consomme des fruits et légumes de saison;Courses;VIOLET;Groupe_Violet;paresseux;29/06/2025;6.932;0;0
D10;Réutiliser des bouteilles vides.;Déchets;VIOLET;Groupe_Violet;paresseux;29/06/2025;0.54243;0;0.21
D10;Utiliser moins de plastique pour faire les courses (ou les réutiliser).;Déchets;VIOLET;Groupe_Violet;paresseux;29/06/2025;0.54243;0;0.21
B02;"Je n""embête pas les petites bêtes.";Biodiversité;VIOLET;Groupe_Violet;paresseux;29/06/2025;0;0;0
W03;"Je ferme l""eau quand je me savonne.";Eau;VIOLET;Groupe_Violet;paresseux;29/06/2025;0.004964;12.6;0
W03;"Ne pas gaspiller l""eau que l’on boit.";Eau;VIOLET;Groupe_Violet;paresseux;29/06/2025;0.004964;12.6;0
E02;J’ouvre les volets/rideaux pour profiter de la lumière du jour.;Electricité;VIOLET;Groupe_Violet;paresseux;29/06/2025;0.027408;0;0
C03;Je consomme des fruits et légumes de saison;Courses;VIOLET;Groupe_Violet;jaguar;30/06/2025;6.932;0;0
D10;Réutiliser des bouteilles vides.;Déchets;VIOLET;Groupe_Violet;jaguar;30/06/2025;0.54243;0;0.21
D10;Utiliser moins de plastique pour faire les courses (ou les réutiliser).;Déchets;VIOLET;Groupe_Violet;jaguar;30/06/2025;0.54243;0;0.21
B01;Je n'arrache pas les végétaux.;Biodiversité;VIOLET;Groupe_Violet;jaguar;30/06/2025;0;0;0
W05;"Je prends une douche plutôt qu""un bain.";Eau;VIOLET;Groupe_Violet;jaguar;30/06/2025;0.140658;357;0
E02;J’ouvre les volets/rideaux pour profiter de la lumière du jour.;Electricité;VIOLET;Groupe_Violet;jaguar;30/06/2025;0.027408;0;0
D02;Éviter le gaspillage alimentaire : se servir moins, garder pour plus tard.;Déchets;VIOLET;Groupe_Violet;dragon;07/07/2025;2.453511;0;1.390385
D04;Dans l'enceinte de l'école, je ramasse les déchets que je vois.;Déchets;VIOLET;Groupe_Violet;dragon;07/07/2025;0.00947;0;0.1
D03;Je ne jette pas de déchet par terre.;Déchets;VIOLET;Groupe_Violet;dragon;07/07/2025;0.424875;0;4.486538
B01;Je n'arrache pas les végétaux.;Biodiversité;VIOLET;Groupe_Violet;dragon;07/07/2025;0;0;0
W05;"Je prends une douche plutôt qu""un bain.";Eau;VIOLET;Groupe_Violet;dragon;07/07/2025;0.140658;357;0
T03;Remplacer la voiture lors de courts trajets : vélo, trottinette, à pied, transports en commun.;Transport;VIOLET;Groupe_Violet;dragon;07/07/2025;0.506;0;0
E01;J'éteins la lumière quand je quitte une pièce;Electricité;VIOLET;Groupe_Violet;dragon;07/07/2025;0.027408;0;0
W03;"Je ferme l""eau quand je me savonne.";Eau;VIOLET;Groupe_Violet;licorne;26/07/2025;0.004964;12.6;0
T03;Remplacer la voiture lors de courts trajets : vélo, trottinette, à pied, transports en commun.;Transport;VIOLET;Groupe_Violet;licorne;26/07/2025;0.506;0;0
E01;J'éteins la lumière quand je quitte une pièce;Electricité;VIOLET;Groupe_Violet;licorne;26/07/2025;0.027408;0;0
D10;Réutiliser des bouteilles vides.;Déchets;VIOLET;Groupe_Violet;licorne;26/07/2025;0.54243;0;0.21
D10;Utiliser moins de plastique pour faire les courses (ou les réutiliser).;Déchets;VIOLET;Groupe_Violet;licorne;26/07/2025;0.54243;0;0.21
